customer_id,first_name,last_name,email,phone,date_of_birth,gender,address,city,state,country,postal_code,signup_date,loyalty_tier,is_active
C000001,Akash,Menon,akash.menon1@example.com,+91-65360-81116,2008-11-18,M,"438, Lake Road",Kochi,Kerala,India,682001,2025-08-12,Silver,true
C000002,Akash,Joshi,akash.joshi2@example.com,+91-88110-97034,1978-09-05,Female,"457, Station Road",Toronto,Ontario,Canada,M5H2N2,2022-03-28,Gold,0
C000003,Diya,Kumar,diya.kumar3@example.com,+91-96883-27784,1988-11-20,female,"751, Lake Road",Delhi,Delhi,India,110001,2024-11-26,Gold,Yes
C000004,Priya,Menon,priya.menon4@example.com,+91-78170-36171,1994-01-30,F,"672, Lake Road",Bengaluru,Karnataka,India,560001,2022-10-29,Silver,false
C000005,Rohan,Bose,rohan.bose5@example.com,+91-64876-72448,1981-03-14,O,"618, MG Road",Kolkata,West Bengal,India,700001,2026-01-27,Bronze,true
C000006,Vikram,Gupta,vikram.gupta6@example.com,+91-81542-27360,1980-11-19,female,"396, Park Avenue",Chennai,Tamil Nadu,India,600001,2022-06-12,Platinum,false
C000007,Pooja,Menon,pooja.menon7@example.com,+91-70870-96895,1987-08-01,Male,"759, Hill View",Delhi,Delhi,India,110001,2022-04-05,Platinum,0
C000008,Rohan,Iyer,rohan.iyer8@example.com,+91-71585-15253,1991-09-13,Male,"314, Market Street",Toronto,Ontario,Canada,M5H2N2,2024-10-30,Platinum,Yes
C000009,Arjun,Patel,arjun.patel9@example.com,+91-99064-90154,2001-07-23,female,"938, Park Avenue",London,England,United Kingdom,SW1A1AA,2022-03-20,Bronze,0
C000010,Maya,Kapoor,maya.kapoor10@example.com,+91-64880-39340,1981-06-21,F,"395, Market Street",Kolkata,West Bengal,India,700001,2022-05-13,Bronze,N
C000011,Kiran,Kapoor,kiran.kapoor11@example.com,+91-72283-25331,1990-10-08,Male,"506, MG Road",Kochi,Kerala,India,682001,2025-11-10,Bronze,No
C000012,Sanjay,Kapoor,sanjay.kapoor12@example.com,+91-96819-13735,2010-07-24,Male,"562, Hill View",Delhi,Delhi,India,110001,2022-06-30,Gold,1
C000013,Tara,Verma,tara.verma13@example.com,+91-83720-42813,1984-05-15,Female,"162, Park Avenue",Austin,Texas,United States,78701,2022-11-26,Silver,Y
C000014,Rahul,Verma,rahul.verma14@example.com,+91-92683-82995,1991-03-31,O,"804, Market Street",Kolkata,West Bengal,India,700001,2025-12-03,Gold,false
C000015,Aditya,Verma,aditya.verma15@example.com,+91-93850-81741,1978-01-25,male,"903, Hill View",Toronto,Ontario,Canada,M5H2N2,2024-03-18,Silver,true
C000016,Neha,Menon,neha.menon16@example.com,+91-64935-43344,2010-09-18,female,"734, MG Road",Seattle,Washington,United States,98101,2026-02-21,Silver,1
C000017,Rohan,Verma,rohan.verma17@example.com,+91-62909-20065,1994-11-29,O,"96, Station Road",Kochi,Kerala,India,682001,2023-10-29,Bronze,N
C000018,Maya,Sharma,maya.sharma18@example.com,+91-98622-40663,2019-10-07,Other,"979, MG Road",Pune,Maharashtra,India,411001,2022-02-13,Bronze,N
C000019,Riya,Verma,riya.verma19@example.com,+91-79627-76208,1981-09-08,M,"910, Park Avenue",Seattle,Washington,United States,98101,2024-12-31,Bronze,Yes
C000020,Ishaan,Nair,ishaan.nair20@example.com,+91-83426-35620,1995-08-06,Female,"221, Station Road",Toronto,Ontario,Canada,M5H2N2,2026-02-14,Silver,1
C000021,Neha,Joshi,neha.joshi21@example.com,+91-63275-92280,2001-06-01,F,"444, Hill View",Hyderabad,Telangana,India,500001,2025-05-29,Bronze,No
C000022,Ira,Jain,ira.jain22@example.com,+91-62508-35613,2011-11-10,Male,"639, Hill View",Toronto,Ontario,Canada,M5H2N2,2024-09-15,Platinum,false
C000023,Akash,Patel,akash.patel23@example.com,+91-86435-14650,2015-03-25,M,"616, Hill View",Hyderabad,Telangana,India,500001,2022-06-23,Platinum,N
C000024,Maya,Kumar,maya.kumar24@example.com,+91-99851-14355,2007-07-22,M,"623, Station Road",Seattle,Washington,United States,98101,2024-09-27,Bronze,0
C000025,Dev,Das,dev.das25@example.com,+91-74358-96679,2004-04-24,M,"217, Park Avenue",London,England,United Kingdom,SW1A1AA,2025-06-16,Platinum,false
C000026,Rahul,Joshi,rahul.joshi26@example.com,+91-60122-57623,1985-12-21,Female,"436, MG Road",Delhi,Delhi,India,110001,2023-02-01,Silver,Y
C000027,Manoj,Rao,manoj.rao27@example.com,+91-78194-70706,2001-01-11,Other,"966, Park Avenue",Delhi,Delhi,India,110001,2025-08-13,Platinum,0
C000028,Rohan,Kapoor,rohan.kapoor28@example.com,+91-95854-45004,2017-06-02,male,"249, Market Street",Austin,Texas,United States,78701,2022-01-11,Bronze,Y
C000029,Vikram,Das,vikram.das29@example.com,+91-75444-48376,2014-03-01,O,"901, Hill View",London,England,United Kingdom,SW1A1AA,2023-08-07,Gold,0
C000030,Maya,Jain,maya.jain30@example.com,+91-81020-92603,2002-01-01,Male,"416, Lake Road",Delhi,Delhi,India,110001,2024-06-10,Gold,No
C000031,Neha,Menon,neha.menon31@example.com,+91-65892-78374,2007-11-06,Female,"887, MG Road",Austin,Texas,United States,78701,2022-02-12,Platinum,true
C000032,Tara,Verma,tara.verma32@example.com,+91-84734-22002,1985-08-02,F,"79, Lake Road",Pune,Maharashtra,India,411001,2024-06-26,Silver,false
C000033,Neha,Menon,neha.menon33@example.com,+91-96634-95733,1981-07-05,Other,"799, Hill View",Delhi,Delhi,India,110001,2025-02-03,Bronze,Y
C000034,Aanya,Gupta,aanya.gupta34@example.com,+91-66302-94034,2000-05-24,Other,"238, MG Road",Hyderabad,Telangana,India,500001,2025-01-02,Gold,Y
C000035,Lakshmi,Chopra,lakshmi.chopra35@example.com,+91-61552-16518,1999-10-02,male,"177, Hill View",Pune,Maharashtra,India,411001,2022-11-28,Bronze,N
C000036,Tara,Sharma,tara.sharma36@example.com,+91-73882-83487,2002-09-21,Other,"489, MG Road",Chennai,Tamil Nadu,India,600001,2022-11-17,Bronze,true
C000037,Ananya,Iyer,ananya.iyer37@example.com,+91-92168-94628,2009-12-09,Female,"115, Station Road",Toronto,Ontario,Canada,M5H2N2,2025-12-19,Gold,0
C000038,Nisha,Pillai,nisha.pillai38@example.com,+91-96555-87746,1994-05-01,F,"471, Park Avenue",Kochi,Kerala,India,682001,2022-08-27,Bronze,N
C000039,Priya,Menon,priya.menon39@example.com,+91-93728-73669,1994-07-10,Female,"774, Hill View",Mumbai,Maharashtra,India,400001,2025-08-15,Bronze,false
C000040,Diya,Rao,diya.rao40@example.com,+91-81802-42387,1985-06-25,female,"612, Market Street",Chennai,Tamil Nadu,India,600001,2025-12-07,Silver,Yes
C000041,Ishaan,Gupta,ishaan.gupta41@example.com,+91-83722-21970,2004-01-21,male,"65, Station Road",Chennai,Tamil Nadu,India,600001,2024-11-02,Bronze,No
C000042,Dev,Reddy,dev.reddy42@example.com,+91-65446-44551,2013-01-25,female,"836, Hill View",Pune,Maharashtra,India,411001,2022-12-22,Platinum,Y
C000043,Aanya,Nair,aanya.nair43@example.com,+91-61638-25159,2019-10-14,male,"809, Market Street",Bengaluru,Karnataka,India,560001,2022-09-15,Bronze,true
C000044,Aanya,Kumar,aanya.kumar44@example.com,+91-60964-47048,2013-04-11,Male,"187, MG Road",Kolkata,West Bengal,India,700001,2022-05-10,Bronze,Yes
C000045,Varun,Patel,varun.patel45@example.com,+91-65202-44364,2012-11-24,Female,"619, Lake Road",Mumbai,Maharashtra,India,400001,2022-07-10,Silver,No
C000046,Aanya,Sharma,aanya.sharma46@example.com,+91-70542-62456,2000-10-29,O,"353, Lake Road",Seattle,Washington,United States,98101,2022-11-06,Bronze,No
C000047,Zoya,Das,Zoya.Das.invalid,+91-98967-46447,1981-08-30,female,"889, Lake Road",Delhi,Delhi,India,110001,2023-01-25,Platinum,1
C000048,Neha,Das,neha.das48@example.com,+91-85968-89500,2010-03-27,M,"21, Station Road",Chennai,Tamil Nadu,India,600001,2023-08-15,Silver,false
C000049,Aditya,Nair,aditya.nair49@example.com,+91-88616-79220,1983-06-17,M,"913, Market Street",Delhi,Delhi,India,110001,2022-05-15,Platinum,N
C000050,Sanjay,Iyer,sanjay.iyer50@example.com,+91-69006-82589,2002-09-25,F,"456, Station Road",Hyderabad,Telangana,India,500001,2024-03-14,Gold,N
C000051,Nisha,Sharma,nisha.sharma51@example.com,+91-99324-96914,1987-03-27,F,"1, Station Road",Kochi,Kerala,India,682001,2023-08-10,Gold,No
C000052,Manoj,Nair,manoj.nair52@example.com,+91-69629-30937,2014-11-20,female,"717, Hill View",Mumbai,Maharashtra,India,400001,2023-08-23,Bronze,0
C000053,Rohan,Rao,rohan.rao53@example.com,+91-75720-66139,2008-02-23,O,"302, Lake Road",Mumbai,Maharashtra,India,400001,2026-06-11,Platinum,No
C000054,Pooja,Chopra,pooja.chopra54@example.com,+91-73569-90588,1988-11-16,male,"618, MG Road",Seattle,Washington,United States,98101,2024-09-08,Bronze,No
C000055,Kabir,Rao,kabir.rao55@example.com,+91-89106-79723,2014-12-04,female,"768, Station Road",Seattle,Washington,United States,98101,2023-01-10,Silver,No
C000056,Sneha,Iyer,sneha.iyer56@example.com,+91-82045-89044,2017-05-04,female,"466, Hill View",Chennai,Tamil Nadu,India,600001,2023-04-14,Silver,No
C000057,Nisha,Nair,nisha.nair57@example.com,+91-93096-61150,1987-04-28,F,"568, MG Road",Hyderabad,Telangana,India,500001,2024-10-31,Platinum,0
C000058,Ananya,Singh,ananya.singh58@example.com,+91-92722-28612,1983-06-20,male,"374, MG Road",Delhi,Delhi,India,110001,2023-10-09,Silver,Y
C000059,Arjun,Kapoor,arjun.kapoor59@example.com,+91-93343-45530,2015-07-29,O,"707, Lake Road",Toronto,Ontario,Canada,M5H2N2,2025-03-12,Bronze,true
C000060,Neha,Kapoor,neha.kapoor60@example.com,+91-91438-25153,2018-05-19,female,"670, Hill View",Hyderabad,Telangana,India,500001,2025-02-20,Gold,1
C000061,Pooja,Menon,pooja.menon61@example.com,ABC123,2019-04-25,O,"908, Hill View",Hyderabad,Telangana,India,500001,2025-08-09,Silver,0
C000062,Sanjay,Das,sanjay.das62@example.com,+91-79920-54663,1987-09-13,O,"462, Market Street",Mumbai,Maharashtra,India,400001,2024-09-17,Gold,0
C000063,Sneha,Das,sneha.das63@example.com,+91-61464-74973,2017-10-21,M,"170, MG Road",Kochi,Kerala,India,682001,2023-04-26,Gold,No
C000064,Zoya,Mehta,zoya.mehta64@example.com,+91-99052-38209,1994-05-30,Male,"553, MG Road",Seattle,Washington,United States,98101,2022-12-15,Bronze,Yes
C000065,Akash,Iyer,akash.iyer65@example.com,+91-60884-18775,2007-06-01,M,"735, Market Street",Austin,Texas,United States,78701,2024-04-29,Silver,0
C000066,Arjun,Gupta,arjun.gupta66@example.com,+91-96942-92873,2004-11-12,O,"990, Lake Road",Seattle,Washington,United States,98101,2024-01-27,Platinum,false
C000067,Ananya,Reddy,ananya.reddy67@example.com,+91-74217-92723,1982-07-31,F,"566, Lake Road",Pune,Maharashtra,India,411001,2025-08-31,Bronze,Yes
C000068,Lakshmi,Nair,lakshmi.nair68@example.com,+91-81225-58558,1989-01-05,female,"346, Park Avenue",Seattle,Washington,United States,98101,2022-09-10,Bronze,Y
C000069,Lakshmi,Kumar,lakshmi.kumar69@example.com,+91-72265-20978,2004-11-17,Male,"426, Station Road",Kochi,Kerala,India,682001,2023-06-18,Gold,Y
C000070,Manoj,Joshi,manoj.joshi70@example.com,+91-66287-15674,2015-08-02,Female,"860, Park Avenue",Chennai,Tamil Nadu,India,600001,2024-02-01,Silver,0
C000071,Kabir,Sharma,kabir.sharma71@example.com,+91-90860-23049,2016-09-17,Other,"781, Park Avenue",London,England,United Kingdom,SW1A1AA,2024-03-10,Bronze,No
C000072,Tara,Kumar,tara.kumar72@example.com,+91-75395-56731,2018-03-08,Other,"317, Hill View",Mumbai,Maharashtra,India,400001,2022-12-28,Gold,false
C000073,Kabir,Mehta,kabir.mehta73@example.com,+91-97659-73002,1983-08-22,F,"784, Market Street",Toronto,Ontario,Canada,M5H2N2,2024-08-19,Platinum,1
C000074,Riya,Rao,riya.rao74@example.com,+91-64496-51821,1994-04-30,F,"372, Market Street",Seattle,Washington,United States,98101,2023-08-29,Platinum,N
C000075,Aarav,Mehta,aarav.mehta75@example.com,+91-89935-90251,2015-10-30,F,"871, Park Avenue",Kolkata,West Bengal,India,700001,2023-08-06,Bronze,true
C000076,Meera,Chopra,meera.chopra76@example.com,+91-88794-45008,1993-02-02,Male,"320, Park Avenue",Delhi,Delhi,India,110001,2022-12-30,Bronze,Yes
C000077,Pooja,Iyer,pooja.iyer77@example.com,+91-73665-12192,2009-02-28,Other,"256, MG Road",Chennai,Tamil Nadu,India,600001,2023-08-16,Bronze,Y
C000078,Manoj,Chopra,manoj.chopra78@example.com,+91-84326-84593,1993-08-06,O,"250, MG Road",Seattle,Washington,United States,98101,2023-03-21,Bronze,false
C000079,Aarav,Rao,aarav.rao79@example.com,+91-76419-69349,2009-06-17,O,"570, Hill View",Seattle,Washington,United States,98101,31-02-2025,Bronze,Yes
C000080,Rohan,Chopra,rohan.chopra80@example.com,+91-94325-62913,1980-08-26,Female,"143, Market Street",Toronto,Ontario,Canada,M5H2N2,2024-09-16,Gold,0
C000081,Aanya,Nair,aanya.nair81@example.com,+91-89754-54602,1996-09-23,female,"326, Hill View",London,England,United Kingdom,SW1A1AA,2023-09-12,Platinum,0
C000082,Neha,Verma,neha.verma82@example.com,+91-68143-84922,1997-01-30,M,"14, MG Road",Mumbai,Maharashtra,India,400001,2025-09-28,Platinum,false
C000083,Aarav,Kapoor,aarav.kapoor83@example.com,+91-80697-28134,1980-01-06,male,"607, Park Avenue",Delhi,Delhi,India,110001,2024-04-17,Gold,0
C000084,Kabir,Pillai,kabir.pillai84@example.com,+91-66301-42495,1990-10-28,female,"242, Market Street",Hyderabad,Telangana,India,500001,2025-12-21,Silver,1
C000085,Neha,Patel,neha.patel85@example.com,+91-71360-73444,1999-07-28,Male,"554, Lake Road",Chennai,Tamil Nadu,India,600001,2023-09-06,Silver,false
C000086,Neha,Pillai,neha.pillai86@example.com,+91-61601-42657,2012-10-24,O,"74, Hill View",Kochi,Kerala,India,682001,2023-06-26,Bronze,true
C000087,Priya,Pillai,priya.pillai87@example.com,+91-84407-69724,1982-09-27,Female,"666, Station Road",Chennai,Tamil Nadu,India,600001,2022-12-22,Silver,No
C000088,Aditya,Joshi,aditya.joshi88@example.com,+91-97894-36638,1979-03-09,O,"119, Hill View",Hyderabad,Telangana,India,500001,2022-05-04,Bronze,true
C000089,Maya,Singh,maya.singh89@example.com,+91-74557-79313,1995-10-18,O,"801, Market Street", DELHI ,Delhi,India,110001,2026-02-06,Bronze,0
C000090,Maya,Bose,maya.bose90@example.com,+91-91459-78801,1996-10-04,Female,"331, Station Road",Pune,Maharashtra,India,411001,2025-12-20,Bronze,Y
C000091,Arjun,Sharma,arjun.sharma91@example.com,+91-65810-68126,2016-10-25,O,"10, Park Avenue",London,England,United Kingdom,SW1A1AA,2024-10-26,Gold,0
C000092,Tara,Gupta,tara.gupta92@example.com,+91-67800-25009,1999-03-31,Female,"787, MG Road",Hyderabad,Telangana,India,500001,2024-08-26,Gold,true
C000093,Neha,Pillai,neha.pillai93@example.com,+91-94131-90595,2014-08-08,M,"720, Station Road",Delhi,Delhi,India,110001,2022-11-18,Platinum,N
C000094,Varun,Iyer,Varun.Iyer.invalid,+91-71407-97680,2018-10-03,O,"933, Park Avenue",Bengaluru,Karnataka,India,560001,2024-10-07,Bronze,Yes
C000095,Neha,Iyer,neha.iyer95@example.com,+91-62031-76382,2006-09-05,female,"113, Park Avenue",Austin,Texas,United States,78701,2022-05-22,Platinum,Y
C000096,Aarav,Kumar,aarav.kumar96@example.com,+91-92570-68226,2002-08-07,F,"132, MG Road",Mumbai,Maharashtra,India,400001,2022-05-07,Silver,true
C000097,Nisha,Menon,nisha.menon97@example.com,+91-66974-97023,2006-05-02,Female,"530, MG Road",Kolkata,West Bengal,U.S.A.,700001,2024-04-21,Gold,false
C000098,Varun,Shah,varun.shah98@example.com,+91-63364-59605,1988-04-05,female,"871, Lake Road",Seattle,Washington,United States,98101,2022-08-14,Bronze,N
C000099,Rohan,Kapoor,rohan.kapoor99@example.com,+91-89287-84644,2019-02-12,female,"758, Station Road",Hyderabad,Telangana,India,500001,2022-08-08,Gold,Y
C000100,Tara,Das,tara.das100@example.com,+91-63036-43045,1996-12-23,Female,"485, Hill View",Kolkata,West Bengal,India,700001,2023-08-19,Silver,false
C000101,Kiran,Chopra,kiran.chopra101@example.com,+91-73382-31483,2008-04-15,Other,"208, Lake Road",Hyderabad,Telangana,India,500001,2025-06-23,Platinum,false
C000102,Diya,Jain,diya.jain102@example.com,+91-85800-69931,2018-09-19,female,"634, Hill View",Seattle,Washington,United States,98101,2025-09-11,Platinum,Y
C000103,Sneha,Singh,sneha.singh103@example.com,+91-97604-41104,1996-03-12,Male,"662, Market Street",Kolkata,West Bengal,India,700001,2024-02-20,Bronze,Yes
C000104,Rohan,Kumar,rohan.kumar104@example.com,+91-87880-81381,2009-09-16,Female,"634, Station Road",Hyderabad,Telangana,India,500001,2024-05-27,Gold,No
C000105,Ananya,Singh,ananya.singh105@example.com,+91-95779-82736,2019-05-08,Male,"920, Station Road",Kolkata,West Bengal,India,700001,2023-08-09,Platinum,1
C000106,Sanjay,Kapoor,sanjay.kapoor106@example.com,+91-95092-27137,2003-05-24,Male,"862, Lake Road",London,England,United Kingdom,SW1A1AA,2025-10-08,Gold,false
C000107,Ira,Gupta,ira.gupta107@example.com,+91-99395-42147,1989-04-01,Other,"219, Hill View",Chennai,Tamil Nadu,India,600001,2025-06-12,Silver,N
C000108,Sneha,Iyer,sneha.iyer108@example.com,+91-78984-86181,1988-08-20,male,"691, Market Street",Toronto,Ontario,Canada,M5H2N2,2022-08-12,Bronze,Y
C000109,Sanjay,Mehta,sanjay.mehta109@example.com,+91-68427-78067,1999-07-16,M,"463, Market Street",Mumbai,Maharashtra,India,400001,2026-03-10,Platinum,false
C000110,Rahul,Singh,rahul.singh110@example.com,+91-73602-45887,1984-11-08,O,"855, Lake Road",Pune,Maharashtra,India,411001,2025-12-22,Bronze,1
C000111,Sneha,Das,sneha.das111@example.com,+91-64482-47803,2001-12-18,F,"313, Station Road",Toronto,Ontario,Canada,M5H2N2,2023-01-23,Silver,Yes
C000112,Meera,Bose,meera.bose112@example.com,+91-96269-79452,2011-12-18,M,"130, MG Road",Seattle,Washington,United States,98101,2024-03-19,Gold,Y
C000113,,Joshi,lakshmi.joshi113@example.com,+91-87106-88673,1997-03-16,male,"91, Hill View",London,England,United Kingdom,SW1A1AA,2022-09-01,Gold,N
C000114,Arjun,Jain,arjun.jain114@example.com,+91-97187-66641,1980-05-11,male,"806, Hill View",Pune,Maharashtra,India,411001,2025-12-02,Bronze,No
C000115,Tara,Rao,tara.rao115@example.com,+91-63334-79978,1998-12-05,F,"467, Market Street",Delhi,Delhi,India,110001,2024-09-30,Silver,Yes
C000116,Dev,Rao,dev.rao116@example.com,+91-86455-90462,2003-07-15,Female,"475, Station Road",London,England,United Kingdom,SW1A1AA,2026-04-21,Platinum,false
C000117,Nisha,Mehta,nisha.mehta117@example.com,+91-88501-35701,1984-10-28,female,"167, Park Avenue",Hyderabad,Telangana,India,500001,2024-03-05,Bronze,Yes
C000118,Dev,Das,dev.das118@example.com,+91-76283-16760,2002-05-26,F,"280, Hill View",London,England,United Kingdom,SW1A1AA,2025-11-09,Silver,true
C000119,Kiran,Patel,kiran.patel119@example.com,+91-80679-88923,1980-11-26,female,"784, Hill View",London,England,United Kingdom,SW1A1AA,2026-02-18,Platinum,true
C000120,Riya,Menon,riya.menon120@example.com,+91-84257-79454,1994-09-06,F,"281, Market Street",Austin,Texas,United States,78701,2022-01-18,Gold,Yes
C000121,Tara,Singh,tara.singh121@example.com,+91-94295-39177,2007-12-26,O,"39, Hill View",Kochi,Kerala,India,682001,2025-04-14,Platinum,Yes
C000122,Ishaan,Reddy,ishaan.reddy122@example.com,ABC123,2001-04-14,female,"202, Lake Road",Pune,Maharashtra,India,411001,2025-08-04,Silver,Y
C000123,Zoya,Shah,zoya.shah123@example.com,+91-69103-31217,1988-01-21,female,"350, MG Road",Kochi,Kerala,India,682001,2024-09-24,Bronze,No
C000124,Varun,Mehta,varun.mehta124@example.com,+91-93673-94988,2003-06-02,F,"709, Hill View",Pune,Maharashtra,India,411001,2022-06-05,Bronze,N
C000125,Ishaan,Chopra,ishaan.chopra125@example.com,+91-78793-43817,1984-01-01,female,"938, Park Avenue",Delhi,Delhi,India,110001,2024-10-03,Bronze,false
C000126,Zoya,Menon,zoya.menon126@example.com,+91-72265-78149,2018-08-04,O,"505, Lake Road",Toronto,Ontario,Canada,M5H2N2,2022-10-22,Bronze,Y
C000127,Kavya,Patel,kavya.patel127@example.com,+91-95831-27519,2000-07-28,female,"28, Lake Road",Seattle,Washington,United States,98101,2025-08-21,Silver,N
C000128,Aarav,Nair,aarav.nair128@example.com,+91-80947-50521,2007-07-11,Female,"585, Station Road",Toronto,Ontario,Canada,M5H2N2,2024-08-13,Platinum,Y
C000129,Rahul,Das,rahul.das129@example.com,+91-80465-89732,1993-01-07,Male,"214, Market Street",Pune,Maharashtra,India,411001,2022-01-24,Silver,No
C000130,Arjun,Pillai,arjun.pillai130@example.com,+91-67892-29449,1999-03-01,Female,"525, Lake Road",London,England,United Kingdom,SW1A1AA,2022-02-19,Bronze,true
C000131,Kiran,Gupta,kiran.gupta131@example.com,+91-83084-48721,1986-08-25,Other,"77, Station Road",Delhi,Delhi,India,??,2025-11-08,Gold,true
C000132,Kavya,Das,kavya.das132@example.com,+91-74415-11208,2006-10-01,F,"126, MG Road",Mumbai,Maharashtra,India,400001,2023-04-28,Silver,1
C000133,Ishaan,Bose,ishaan.bose133@example.com,+91-61871-27180,2016-11-07,M,"223, Market Street",Mumbai,Maharashtra,India,400001,2026-03-02,Gold,true
C000134,Ishaan,Bose,ishaan.bose134@example.com,+91-65645-79999,2010-03-11,Male,"226, Lake Road",Chennai,Tamil Nadu,India,600001,2022-12-22,Bronze,Yes
C000135,Aarav,Chopra,aarav.chopra135@example.com,+91-84762-37316,2015-04-11,male,"96, Park Avenue",Delhi,Delhi,India,110001,2024-04-14,Platinum,0
C000136,Nisha,Gupta,nisha.gupta136@example.com,+91-67991-47747,1985-07-21,Other,"760, Park Avenue",London,England,United Kingdom,SW1A1AA,2025-07-02,Gold,0
C000137,Aditya,Joshi,aditya.joshi137@example.com,+91-83378-88592,1981-07-04,Female,"584, Hill View",Kochi,Kerala,India,682001,2022-04-20,Gold,0
C000138,Akash,Sharma,akash.sharma138@example.com,+91-97147-26039,1991-11-06,M,"406, Hill View",London,England,United Kingdom,SW1A1AA,2023-07-01,Silver,true
C000139,Meera,Iyer,meera.iyer139@example.com,+91-72417-96342,2019-12-16,M,"284, Market Street",Pune,Maharashtra,India,411001,2024-11-14,Silver,true
C000140,Ira,Verma,ira.verma140@example.com,+91-69742-30409,2003-07-26,O,"692, Lake Road",Kochi,Kerala,India,682001,2026-06-14,Gold,No
C000141,Priya,Joshi,Priya.Joshi.invalid,+91-65348-56118,2007-01-23,Female,"571, MG Road",Austin,Texas,United States,78701,2022-09-02,Gold,0
C000142,Ishaan,Gupta,ishaan.gupta142@example.com,+91-95451-31945,1993-06-06,Female,"124, Park Avenue",Bengaluru,Karnataka,India,560001,2026-04-03,Gold,0
C000143,Kiran,Pillai,kiran.pillai143@example.com,+91-62264-16145,2014-10-17,Female,"359, Market Street",London,England,United Kingdom,SW1A1AA,2024-03-18,Bronze,true
C000144,Kabir,Kapoor,kabir.kapoor144@example.com,+91-90408-20766,1991-02-10,Male,"867, Market Street",Toronto,Ontario,Canada,M5H2N2,2024-05-06,Bronze,Yes
C000145,Diya,Reddy,diya.reddy145@example.com,+91-92765-97784,1987-06-04,male,"943, Market Street",Chennai,Tamil Nadu,India,600001,2025-08-24,Platinum,No
C000146,Akash,Patel,akash.patel146@example.com,+91-77782-35562,1989-07-19,male,"837, Park Avenue",Bengaluru,Karnataka,India,560001,2023-12-13,Bronze,false
C000147,Lakshmi,Patel,lakshmi.patel147@example.com,+91-82039-22742,1990-09-08,male,"409, MG Road",Chennai,Tamil Nadu,India,600001,2024-12-29,Platinum,No
C000148,Vikram,Menon,vikram.menon148@example.com,+91-90859-37874,1992-04-22,O,"408, Hill View",Austin,Texas,United States,78701,2023-02-18,Bronze,true
C000149,Pooja,Rao,pooja.rao149@example.com,+91-76268-59576,2018-07-28,O,"514, Park Avenue",Hyderabad,Telangana,India,500001,2024-02-10,Bronze,N
C000150,Rohan,Reddy,rohan.reddy150@example.com,+91-75827-23047,1985-02-06,F,"771, Hill View",Seattle,Washington,United States,98101,2023-01-18,Platinum,false
C000151,Riya,Nair,riya.nair151@example.com,+91-61490-82942,1981-11-22,male,"639, Park Avenue",Pune,Maharashtra,India,411001,2026-05-21,Gold,0
C000152,Dev,Chopra,dev.chopra152@example.com,+91-92227-42341,2014-05-25,Other,"976, Hill View",Hyderabad,Telangana,India,500001,2024-02-03,Platinum,1
C000153,Kavya,Singh,kavya.singh153@example.com,+91-77708-28466,1986-07-30,Other,"721, Lake Road",Mumbai,Maharashtra,India,400001,2026-03-12,Silver,0
C000154,Diya,Shah,diya.shah154@example.com,+91-68122-68638,1996-04-05,O,"350, Lake Road",Chennai,Tamil Nadu,India,600001,2022-07-14,Gold,false
C000155,Kiran,Jain,kiran.jain155@example.com,+91-78555-57700,2013-11-01,Other,"393, Park Avenue",London,England,United Kingdom,SW1A1AA,2026-03-12,Gold,Y
C000156,Kabir,Sharma,kabir.sharma156@example.com,+91-84471-17302,2006-02-24,Female,"819, Station Road",Kolkata,West Bengal,India,700001,2026-04-28,Platinum,false
C000157,Diya,Reddy,diya.reddy157@example.com,+91-91495-93226,2014-05-06,female,"359, Hill View",Mumbai,Maharashtra,India,400001,2023-11-01,VIP,Y
C000158,Ishaan,Gupta,ishaan.gupta158@example.com,+91-78522-78267,1999-05-28,Female,"534, Lake Road",Chennai,Tamil Nadu,India,600001,31-02-2025,Silver,N
C000159,Zoya,Chopra,zoya.chopra159@example.com,+91-67325-60318,1995-04-18,O,"899, Lake Road",Austin,Texas,United States,78701,2024-02-15,Silver,true
C000160,Meera,Mehta,meera.mehta160@example.com,+91-92845-46995,2005-05-04,F,"146, MG Road",Seattle,Washington,United States,98101,2024-03-23,Silver,N
C000161,Sanjay,Shah,sanjay.shah161@example.com,+91-74809-48344,1984-12-13,Male,"619, Station Road",Seattle,Washington,United States,98101,2022-11-08,Silver,1
C000162,Maya,Verma,maya.verma162@example.com,+91-85335-19442,1991-02-02,female,"897, Hill View",Pune,Maharashtra,India,411001,2024-02-01,Silver,Yes
C000163,Pooja,Kumar,pooja.kumar163@example.com,+91-94906-55889,2019-02-14,M,"221, Market Street",Austin,Texas,United States,78701,2023-07-21,Bronze,true
C000164,Kabir,Gupta,kabir.gupta164@example.com,+91-60527-74490,1981-11-12,male,"127, Hill View",Hyderabad,Telangana,India,500001,2023-08-02,Bronze,false
C000165,Riya,Joshi,riya.joshi165@example.com,+91-64873-82763,2017-08-15,Male,"208, Hill View",Chennai,Tamil Nadu,India,600001,2023-10-30,Bronze,1
C000166,Meera,Nair,meera.nair166@example.com,+91-60688-17279,1994-10-24,F,"414, Lake Road",Mumbai,Maharashtra,India,400001,2025-06-24,Bronze,1
C000167,Aanya,Pillai,aanya.pillai167@example.com,+91-76078-91728,1986-11-22,female,"561, Market Street",Pune,Maharashtra,India,411001,2024-12-12,Bronze,No
C000168,Arjun,Jain,arjun.jain168@example.com,+91-69086-21216,1980-12-22,O,"737, Hill View",Kolkata,West Bengal,India,700001,2024-05-07,Silver,Yes
C000169,Priya,Patel,priya.patel169@example.com,+91-97358-21031,1982-02-13,male,"276, Lake Road",Toronto,Ontario,Canada,M5H2N2,2024-01-22,Platinum,1
C000170,Zoya,Joshi,zoya.joshi170@example.com,+91-79207-97959,1986-12-17,F,"484, Lake Road",Mumbai,Maharashtra,India,400001,2024-06-12,Bronze,Y
C000171,Sneha,Gupta,sneha.gupta171@example.com,+91-99068-35040,2011-07-16,O,"481, Station Road",Delhi,Delhi,India,110001,2024-09-06,Gold,1
C000172,Kavya,Shah,kavya.shah172@example.com,+91-99353-38998,1996-12-24,female,"781, MG Road",Kolkata,West Bengal,India,700001,2022-05-01,Platinum,Yes
BAD173,Ananya,Joshi,ananya.joshi173@example.com,+91-68226-26761,1991-04-05,Female,"678, Lake Road",Mumbai,Maharashtra,India,400001,2023-12-05,Silver,1
C000174,Sneha,Reddy,sneha.reddy174@example.com,+91-89618-29863,1999-03-17,O,"188, Market Street",Kolkata,West Bengal,India,700001,2023-12-19,Gold,0
C000175,Maya,Kumar,maya.kumar175@example.com,+91-82968-41189,1993-10-03,F,"129, Market Street",Kochi,Kerala,India,682001,2022-01-29,Platinum,No
C000176,Akash,Nair,akash.nair176@example.com,+91-89636-50448,2008-11-25,Male,"665, MG Road",Chennai,Tamil Nadu,India,600001,2025-12-16,Gold,false
C000177,Nisha,Pillai,nisha.pillai177@example.com,+91-87178-30940,2000-08-19,female,"923, Station Road",Kochi,Kerala,India,682001,2022-04-22,Gold,1
C000178,Meera,Pillai,meera.pillai178@example.com,+91-83547-44251,1992-07-03,male,"70, Hill View", KOCHI ,Kerala,India,682001,2026-04-09,Platinum,1
C000179,Rohan,Chopra,rohan.chopra179@example.com,+91-69214-92132,1981-05-08,F,"636, Hill View",Austin,Texas,United States,78701,2025-01-01,Gold,true
C000180,Meera,Chopra,meera.chopra180@example.com,+91-66822-59901,1994-11-06,F,"11, Hill View",Kochi,Kerala,India,682001,2022-09-23,Gold,Yes
C000181,Kabir,Mehta,kabir.mehta181@example.com,+91-97346-68499,1979-06-09,male,"832, Lake Road",Mumbai,Maharashtra,India,400001,2022-12-04,Bronze,1
C000182,Sanjay,Chopra,sanjay.chopra182@example.com,+91-79956-74394,1998-11-20,M,"146, MG Road",Austin,Texas,United States,78701,2025-11-17,Silver,No
C000183,Varun,Verma,varun.verma183@example.com,ABC123,1987-03-17,F,"531, Park Avenue",Chennai,Tamil Nadu,India,600001,2024-09-16,Platinum,0
C000184,Rahul,Kumar,rahul.kumar184@example.com,+91-99632-52960,2016-08-12,F,"436, Park Avenue",Chennai,Tamil Nadu,India,600001,2025-06-21,Gold,0
C000185,Lakshmi,Jain,lakshmi.jain185@example.com,+91-86332-57615,2009-04-25,male,"187, Market Street",Seattle,Washington,United States,98101,2025-08-27,Silver,false
C000186,Dev,Nair,dev.nair186@example.com,+91-94294-98856,1985-12-21,female,"4, Park Avenue",Pune,Maharashtra,India,411001,2024-08-05,Platinum,false
C000187,Ira,Chopra,ira.chopra187@example.com,+91-93175-86248,1994-04-15,male,"249, Station Road",Austin,Texas,United States,78701,2025-04-16,Bronze,false
C000188,Maya,Shah,Maya.Shah.invalid,+91-93934-73961,1982-12-27,male,"183, Hill View",London,England,United Kingdom,SW1A1AA,2025-01-19,Platinum,true
C000189,Kabir,Bose,kabir.bose189@example.com,+91-84458-84173,1979-05-29,O,"341, MG Road",Toronto,Ontario,Canada,M5H2N2,2022-11-23,Gold,1
C000190,Kabir,Pillai,kabir.pillai190@example.com,+91-86122-94038,1996-05-26,F,"848, Hill View",Hyderabad,Telangana,India,500001,2022-06-26,Silver,Yes
C000191,Kavya,Gupta,kavya.gupta191@example.com,+91-86950-38414,1999-12-30,M,"643, Station Road",Seattle,Washington,United States,98101,2024-06-05,Silver,true
C000192,Neha,Sharma,neha.sharma192@example.com,+91-97560-95030,2013-03-10,Male,"582, Station Road",Mumbai,Maharashtra,India,400001,2024-06-04,Bronze,0
C000193,Aditya,Shah,aditya.shah193@example.com,+91-69711-23567,2004-08-03,F,"392, Lake Road",Kolkata,West Bengal,India,700001,2025-01-26,Gold,N
C000194,Tara,Mehta,tara.mehta194@example.com,+91-72938-86249,1983-11-07,M,"115, Lake Road",London,England,U.S.A.,SW1A1AA,2025-07-05,Bronze,Yes
C000195,Ananya,Gupta,ananya.gupta195@example.com,+91-71621-48585,2013-08-27,male,"936, Hill View",Kochi,Kerala,India,682001,2022-10-22,Platinum,Y
C000196,Aanya,Gupta,aanya.gupta196@example.com,+91-82219-13041,2014-12-06,M,"386, Lake Road",Bengaluru,Karnataka,India,560001,2025-07-15,Platinum,0
C000197,Neha,Pillai,neha.pillai197@example.com,+91-90136-56345,2004-04-17,Female,"666, Lake Road",Mumbai,Maharashtra,India,400001,2024-08-01,Platinum,true
C000198,Pooja,Reddy,pooja.reddy198@example.com,+91-71922-99667,1980-08-17,Female,"172, Market Street",Seattle,Washington,United States,98101,2022-08-14,Silver,1
C000199,Kabir,Mehta,kabir.mehta199@example.com,+91-71358-10850,1982-11-12,male,"319, MG Road",Kochi,Kerala,India,682001,2025-12-17,Bronze,Yes
C000200,Aanya,Pillai,aanya.pillai200@example.com,+91-78539-53601,2000-12-21,O,"172, Market Street",Austin,Texas,United States,78701,2024-10-19,Platinum,Y
C000201,Manoj,Patel,manoj.patel201@example.com,+91-66713-76842,2003-01-05,F,"380, Market Street",Chennai,Tamil Nadu,India,600001,2022-09-14,Silver,true
C000202,Arjun,Nair,arjun.nair202@example.com,+91-76231-69447,1983-02-27,M,"655, Lake Road",Chennai,Tamil Nadu,India,600001,2022-08-22,Silver,Yes
C000203,Diya,Bose,diya.bose203@example.com,+91-82302-55012,1990-06-27,female,"934, Hill View",Mumbai,Maharashtra,India,400001,2025-02-26,Platinum,0
C000204,Lakshmi,Pillai,lakshmi.pillai204@example.com,+91-78794-49450,2010-11-20,Other,"81, MG Road",Seattle,Washington,United States,98101,2025-10-11,Gold,false
C000205,Ananya,Sharma,ananya.sharma205@example.com,+91-85177-58381,1998-02-18,F,"982, Hill View",London,England,United Kingdom,SW1A1AA,2025-11-03,Silver,N
C000206,Arjun,Nair,arjun.nair206@example.com,+91-96583-33034,2011-02-01,Other,"179, Park Avenue",Austin,Texas,United States,78701,2022-09-14,Platinum,1
C000207,Ananya,Patel,ananya.patel207@example.com,+91-60553-83727,1984-07-28,Male,"820, Lake Road",Kochi,Kerala,India,682001,2022-10-04,Silver,false
C000208,Meera,Iyer,meera.iyer208@example.com,+91-73846-21681,2010-10-22,Female,"650, Market Street",Austin,Texas,United States,78701,2024-12-28,Platinum,Y
C000209,Nisha,Kapoor,nisha.kapoor209@example.com,+91-72539-25741,1983-08-04,Other,"991, MG Road",Hyderabad,Telangana,India,500001,2025-09-10,Bronze,Yes
C000210,Vikram,Gupta,vikram.gupta210@example.com,+91-69908-81423,2015-02-15,M,"36, Market Street",London,England,United Kingdom,SW1A1AA,2025-11-24,Gold,Y
C000211,Ananya,Verma,ananya.verma211@example.com,+91-89006-74747,1980-03-29,O,"63, Station Road",Hyderabad,Telangana,India,500001,2025-11-07,Silver,No
C000212,Diya,Shah,diya.shah212@example.com,+91-73547-96136,2018-01-22,F,"142, Lake Road",Mumbai,Maharashtra,India,400001,2022-03-03,Platinum,Y
C000213,Rahul,Patel,rahul.patel213@example.com,+91-73321-32991,2010-01-04,female,"785, Station Road",Delhi,Delhi,India,110001,2025-01-02,Platinum,0
C000214,Meera,Kapoor,meera.kapoor214@example.com,+91-88281-45362,2016-06-08,male,"508, Park Avenue",Hyderabad,Telangana,India,500001,2024-02-05,Gold,Y
C000215,Aditya,Gupta,aditya.gupta215@example.com,+91-87246-58603,2012-10-31,Male,"4, Park Avenue",Hyderabad,Telangana,India,500001,2024-11-17,Platinum,N
C000216,Sneha,Bose,sneha.bose216@example.com,+91-71302-68078,2009-12-29,Male,"511, Lake Road",London,England,United Kingdom,SW1A1AA,2025-06-28,Gold,N
C000217,Diya,Kumar,diya.kumar217@example.com,+91-77257-43140,1996-01-01,O,"501, Station Road",Toronto,Ontario,Canada,M5H2N2,2022-11-06,Bronze,Y
C000218,Kiran,Mehta,kiran.mehta218@example.com,+91-71915-32318,1991-11-23,O,"97, MG Road",Delhi,Delhi,India,110001,2025-08-24,Gold,false
C000219,Pooja,Das,pooja.das219@example.com,+91-68705-45841,1992-09-20,female,"945, Market Street",Chennai,Tamil Nadu,India,600001,2022-04-12,Gold,0
C000220,Aanya,Rao,aanya.rao220@example.com,+91-88156-98087,1993-10-05,M,"615, MG Road",Pune,Maharashtra,India,411001,2026-01-28,Gold,true
C000221,Lakshmi,Bose,lakshmi.bose221@example.com,+91-60994-64146,1998-04-29,O,"394, MG Road",London,England,United Kingdom,SW1A1AA,2023-11-05,Bronze,1
C000222,Manoj,Verma,manoj.verma222@example.com,+91-76708-58639,1993-08-30,Female,"361, Hill View",Kolkata,West Bengal,India,700001,2023-01-09,Platinum,true
C000223,Varun,Reddy,varun.reddy223@example.com,+91-68220-72444,1991-08-06,female,"69, Lake Road",Chennai,Tamil Nadu,India,600001,2022-02-27,Bronze,false
C000224,Riya,Singh,riya.singh224@example.com,+91-76034-79004,2018-10-28,M,"276, Park Avenue",Kolkata,West Bengal,India,700001,2025-11-09,Bronze,0
C000225,Riya,Menon,riya.menon225@example.com,+91-84887-17371,2001-02-21,Other,"516, Hill View",Bengaluru,Karnataka,India,560001,2022-11-16,Bronze,false
C000226,,Joshi,dev.joshi226@example.com,+91-70015-83639,2009-08-29,O,"99, Hill View",Delhi,Delhi,India,110001,2022-11-24,Gold,Yes
C000227,Kiran,Mehta,kiran.mehta227@example.com,+91-83548-50181,1986-12-24,O,"464, Lake Road",Toronto,Ontario,Canada,M5H2N2,2025-10-01,Silver,No
C000228,Kabir,Chopra,kabir.chopra228@example.com,+91-87801-36356,2007-05-05,Other,"872, MG Road",Pune,Maharashtra,India,411001,2024-07-16,Platinum,Yes
C000229,Priya,Chopra,priya.chopra229@example.com,+91-99347-17529,1988-01-24,F,"153, MG Road",Bengaluru,Karnataka,India,560001,2024-02-03,Bronze,No
C000230,Dev,Kapoor,dev.kapoor230@example.com,+91-76031-14966,1996-03-11,Male,"230, Station Road",Toronto,Ontario,Canada,M5H2N2,2023-10-04,Gold,0
C000231,Ishaan,Gupta,ishaan.gupta231@example.com,+91-89798-30849,2006-10-05,male,"669, Park Avenue",Chennai,Tamil Nadu,India,600001,2022-07-10,Silver,N
C000232,Ira,Singh,ira.singh232@example.com,+91-63342-53433,2011-12-05,O,"230, Lake Road",Chennai,Tamil Nadu,India,600001,2022-07-18,Gold,No
C000233,Vikram,Kapoor,vikram.kapoor233@example.com,+91-61060-17325,2001-02-23,male,"220, Market Street",London,England,United Kingdom,SW1A1AA,2022-10-29,Gold,Yes
C000234,Riya,Bose,riya.bose234@example.com,+91-88247-14780,2005-02-01,Female,"93, Hill View",Kolkata,West Bengal,India,700001,2026-02-23,Gold,1
C000235,Rahul,Kumar,Rahul.Kumar.invalid,+91-86420-11524,2011-01-15,F,"891, Station Road",Bengaluru,Karnataka,India,560001,2025-03-11,Bronze,0
C000236,Pooja,Bose,pooja.bose236@example.com,+91-90545-10814,2003-09-10,male,"972, MG Road",Kochi,Kerala,India,682001,2025-11-22,Silver,false
C000237,Diya,Das,diya.das237@example.com,+91-89177-55885,1992-04-01,Male,"436, MG Road",Toronto,Ontario,Canada,M5H2N2,31-02-2025,Gold,Yes
C000238,Aarav,Kumar,aarav.kumar238@example.com,+91-60359-37841,2019-09-09,male,"337, Hill View",Kolkata,West Bengal,India,700001,2024-08-15,Silver,0
C000239,Aanya,Nair,aanya.nair239@example.com,+91-68136-88400,2003-09-22,Female,"53, Lake Road",Chennai,Tamil Nadu,India,600001,2022-02-15,Silver,1
C000240,Aanya,Chopra,aanya.chopra240@example.com,+91-64158-30602,2004-10-20,Other,"332, Station Road",Hyderabad,Telangana,India,500001,2023-09-18,Platinum,1
C000241,Dev,Chopra,dev.chopra241@example.com,+91-65798-20905,1982-05-06,male,"720, Market Street",Kochi,Kerala,India,682001,2024-01-28,Gold,No
C000242,Tara,Shah,tara.shah242@example.com,+91-82700-48636,2010-06-14,Female,"504, Lake Road",Pune,Maharashtra,India,411001,2022-09-05,Platinum,Y
C000243,Neha,Nair,neha.nair243@example.com,+91-99696-43185,1994-11-10,M,"963, Station Road",Bengaluru,Karnataka,India,560001,2023-05-05,Platinum,0
C000244,Zoya,Chopra,zoya.chopra244@example.com,ABC123,2001-10-16,O,"516, Station Road",Austin,Texas,United States,78701,2022-08-22,Bronze,true
C000245,Akash,Singh,akash.singh245@example.com,+91-65207-61410,2000-12-29,F,"635, Lake Road",Kolkata,West Bengal,India,700001,2023-10-31,Gold,Yes
C000246,Rohan,Mehta,rohan.mehta246@example.com,+91-60452-59268,2012-07-30,Female,"588, Station Road",Kolkata,West Bengal,India,700001,2024-09-11,Gold,0
C000247,Neha,Kapoor,neha.kapoor247@example.com,+91-86691-20348,2012-12-29,O,"82, Park Avenue",Chennai,Tamil Nadu,India,600001,2023-09-28,Silver,false
C000248,Lakshmi,Singh,lakshmi.singh248@example.com,+91-95416-18290,1979-10-16,female,"504, Park Avenue",Delhi,Delhi,India,110001,2023-10-14,Gold,No
C000249,Varun,Iyer,varun.iyer249@example.com,+91-95979-88480,2004-09-25,F,"774, Station Road",London,England,United Kingdom,SW1A1AA,2022-09-23,Platinum,true
C000250,Akash,Patel,akash.patel250@example.com,+91-99866-46063,1991-10-24,Female,"868, Market Street",Toronto,Ontario,Canada,M5H2N2,2022-05-27,Silver,true
C000251,Sanjay,Reddy,sanjay.reddy251@example.com,+91-75042-27951,1978-04-25,F,"748, Hill View",Chennai,Tamil Nadu,India,600001,2023-11-21,Silver,0
C000252,Ira,Iyer,ira.iyer252@example.com,+91-90501-18637,1981-09-10,M,"687, Park Avenue",Pune,Maharashtra,India,411001,2024-03-05,Bronze,Y
C000253,Sneha,Bose,sneha.bose253@example.com,+91-67162-14222,2016-03-04,O,"596, Park Avenue",Delhi,Delhi,India,110001,2022-08-19,Platinum,0
C000254,Riya,Das,riya.das254@example.com,+91-69210-30506,1979-05-06,female,"368, Market Street",London,England,United Kingdom,SW1A1AA,2025-04-14,Silver,N
C000255,Ira,Mehta,ira.mehta255@example.com,+91-81195-55831,1992-02-12,O,"398, Lake Road",London,England,United Kingdom,SW1A1AA,2024-01-31,Silver,N
C000256,Priya,Jain,priya.jain256@example.com,+91-83281-17287,2001-11-24,Female,"521, Park Avenue",Kochi,Kerala,India,682001,2025-03-18,Silver,Yes
C000257,Diya,Pillai,diya.pillai257@example.com,+91-74088-82282,1998-10-16,F,"231, Station Road",Kochi,Kerala,India,682001,2023-08-28,Silver,Y
C000258,Sanjay,Nair,sanjay.nair258@example.com,+91-90423-14325,2010-07-07,F,"468, Hill View",Delhi,Delhi,India,110001,2023-11-24,Silver,Yes
C000259,Rahul,Shah,rahul.shah259@example.com,+91-80848-59206,2018-12-19,female,"911, Station Road",Seattle,Washington,United States,98101,2023-10-23,Bronze,0
C000260,Diya,Mehta,diya.mehta260@example.com,+91-69188-16276,2019-01-27,female,"922, Park Avenue",Kochi,Kerala,India,682001,2025-02-02,Silver,Yes
C000261,Kavya,Jain,kavya.jain261@example.com,+91-73298-21367,1997-09-05,M,"627, Lake Road",Delhi,Delhi,India,110001,2024-06-15,Platinum,N
C000262,Pooja,Bose,pooja.bose262@example.com,+91-88253-43342,1982-07-19,Male,"810, Station Road",Toronto,Ontario,Canada,??,2022-11-07,Gold,false
C000263,Neha,Mehta,neha.mehta263@example.com,+91-83458-16218,2002-09-11,M,"660, Hill View",Chennai,Tamil Nadu,India,600001,2022-02-04,Gold,Y
C000264,Vikram,Mehta,vikram.mehta264@example.com,+91-83167-15972,2017-05-23,male,"411, Station Road",Mumbai,Maharashtra,India,400001,2022-01-09,Gold,1
C000265,Varun,Mehta,varun.mehta265@example.com,+91-89429-96116,2015-01-06,female,"968, Station Road",Delhi,Delhi,India,110001,2022-04-22,Platinum,N
C000266,Aditya,Jain,aditya.jain266@example.com,+91-87433-52864,2003-11-14,Other,"53, Market Street",Austin,Texas,United States,78701,2023-04-03,Gold,Yes
C000267,Kavya,Rao,kavya.rao267@example.com,+91-83253-35008,1981-12-13,F,"102, Market Street", SEATTLE ,Washington,United States,98101,2022-04-08,Bronze,No
C000268,Ishaan,Bose,ishaan.bose268@example.com,+91-84710-41876,1990-09-28,Male,"641, Lake Road",Seattle,Washington,United States,98101,2024-09-11,Gold,Yes
C000269,Ishaan,Menon,ishaan.menon269@example.com,+91-97132-10901,2003-08-24,F,"916, Market Street",Hyderabad,Telangana,India,500001,2024-12-27,Platinum,false
C000270,Nisha,Verma,nisha.verma270@example.com,+91-74024-46145,1983-04-11,O,"236, Station Road",Hyderabad,Telangana,India,500001,2023-04-03,Silver,No
C000271,Maya,Sharma,maya.sharma271@example.com,+91-69878-89029,1982-04-14,F,"200, Station Road",Seattle,Washington,United States,98101,2025-02-13,Bronze,1
C000272,Ananya,Gupta,ananya.gupta272@example.com,+91-91205-12184,2005-06-28,Female,"941, Hill View",Seattle,Washington,United States,98101,2022-02-12,Bronze,1
C000273,Ishaan,Kumar,ishaan.kumar273@example.com,+91-72622-57584,2019-02-08,Female,"807, Hill View",Hyderabad,Telangana,India,500001,2026-03-20,Bronze,0
C000274,Aarav,Kapoor,aarav.kapoor274@example.com,+91-76711-94222,1979-04-15,male,"299, Station Road",Kolkata,West Bengal,India,700001,2022-07-09,Gold,Y
C000275,Riya,Reddy,riya.reddy275@example.com,+91-91642-44994,1995-07-19,O,"399, Hill View",Pune,Maharashtra,India,411001,2025-08-18,Gold,false
C000276,Nisha,Bose,nisha.bose276@example.com,+91-92804-62797,1992-07-01,Male,"89, Station Road",Austin,Texas,United States,78701,2022-03-17,Gold,N
C000277,Ishaan,Gupta,ishaan.gupta277@example.com,+91-66289-47101,2010-01-01,female,"124, Station Road",Austin,Texas,United States,78701,2023-08-29,Silver,0
C000278,Sneha,Patel,sneha.patel278@example.com,+91-67132-93599,1998-07-29,F,"351, Park Avenue",Bengaluru,Karnataka,India,560001,2023-06-20,Bronze,Y
C000279,Meera,Chopra,meera.chopra279@example.com,+91-75113-42935,1994-06-20,Male,"73, Lake Road",Austin,Texas,United States,78701,2024-05-16,Bronze,0
C000280,Vikram,Sharma,vikram.sharma280@example.com,+91-60124-92422,1996-11-29,Other,"618, Hill View",Delhi,Delhi,India,110001,2025-05-04,Gold,No
C000281,Aditya,Bose,aditya.bose281@example.com,+91-85823-88990,1993-08-10,Other,"134, Hill View",Austin,Texas,United States,78701,2023-12-10,Bronze,0
C000282,Lakshmi,Patel,Lakshmi.Patel.invalid,+91-61863-61608,1999-05-20,F,"717, Station Road",Toronto,Ontario,Canada,M5H2N2,2022-06-17,Gold,1
C000283,Sanjay,Gupta,sanjay.gupta283@example.com,+91-79311-70710,1989-07-25,M,"280, Hill View",Austin,Texas,United States,78701,2022-08-06,Gold,Yes
C000284,Zoya,Joshi,zoya.joshi284@example.com,+91-88238-57405,2007-10-24,Male,"27, Lake Road",Seattle,Washington,United States,98101,2023-07-13,Silver,1
C000285,Manoj,Singh,manoj.singh285@example.com,+91-86882-53253,1992-05-06,Female,"11, Station Road",Kolkata,West Bengal,India,700001,2025-04-03,Platinum,Yes
C000286,Nisha,Kapoor,nisha.kapoor286@example.com,+91-91199-68756,1982-06-28,Female,"87, MG Road",Mumbai,Maharashtra,India,400001,2025-06-27,Silver,Y
C000287,Pooja,Rao,pooja.rao287@example.com,+91-63355-66615,2004-11-18,F,"993, Lake Road",Pune,Maharashtra,India,411001,2024-05-19,Platinum,false
C000288,Rahul,Rao,rahul.rao288@example.com,+91-71986-78242,1999-08-01,F,"826, Market Street",Seattle,Washington,United States,98101,2025-09-20,Bronze,false
C000289,Meera,Mehta,meera.mehta289@example.com,+91-74314-97461,1979-05-21,O,"176, Station Road",London,England,United Kingdom,SW1A1AA,2024-03-15,Gold,0
C000290,Kabir,Gupta,kabir.gupta290@example.com,+91-88352-12648,2012-06-15,female,"628, Lake Road",Chennai,Tamil Nadu,India,600001,2026-02-10,Silver,0
C000291,Dev,Sharma,dev.sharma291@example.com,+91-61003-21174,2018-07-25,Other,"870, MG Road",Chennai,Tamil Nadu,U.S.A.,600001,2025-08-30,Silver,No
C000292,Tara,Gupta,tara.gupta292@example.com,+91-84986-65459,1999-10-23,female,"160, MG Road",Austin,Texas,United States,78701,2022-10-13,Bronze,0
C000293,Nisha,Pillai,nisha.pillai293@example.com,+91-84622-39696,2012-04-10,F,"981, Hill View",London,England,United Kingdom,SW1A1AA,2025-09-06,Gold,false
C000294,Varun,Jain,varun.jain294@example.com,+91-91394-40652,1995-12-21,O,"703, Station Road",Seattle,Washington,United States,98101,2022-11-20,Silver,Yes
C000295,Diya,Chopra,diya.chopra295@example.com,+91-95827-43839,1999-11-11,Female,"173, Lake Road",Delhi,Delhi,India,110001,2024-02-29,Platinum,Yes
C000296,Diya,Reddy,diya.reddy296@example.com,+91-92287-63369,1998-03-19,M,"952, Market Street",Austin,Texas,United States,78701,2023-03-23,Bronze,false
C000297,Tara,Gupta,tara.gupta297@example.com,+91-97874-64414,1981-09-08,O,"901, MG Road",London,England,United Kingdom,SW1A1AA,2024-03-17,Silver,Y
C000298,Nisha,Iyer,nisha.iyer298@example.com,+91-74317-36582,1979-07-14,M,"133, Hill View",Kochi,Kerala,India,682001,2023-06-18,Silver,false
C000299,Kavya,Pillai,kavya.pillai299@example.com,+91-87653-25547,2019-01-13,O,"50, MG Road",Chennai,Tamil Nadu,India,600001,2023-06-07,Bronze,No
C000300,Manoj,Jain,manoj.jain300@example.com,+91-67837-58457,1991-11-10,O,"62, MG Road",Austin,Texas,United States,78701,2025-06-19,Silver,No
C000301,Priya,Iyer,priya.iyer301@example.com,+91-92375-93560,2011-02-23,Other,"782, Lake Road",Kochi,Kerala,India,682001,2026-03-13,Bronze,No
C000302,Sanjay,Joshi,sanjay.joshi302@example.com,+91-90803-66990,1991-09-02,female,"823, Lake Road",Seattle,Washington,United States,98101,2023-09-14,Bronze,true
C000303,Aanya,Rao,aanya.rao303@example.com,+91-65087-12105,1983-07-05,Other,"745, Hill View",Seattle,Washington,United States,98101,2022-09-25,Silver,Yes
C000304,Neha,Bose,neha.bose304@example.com,+91-98705-95881,1999-07-16,Male,"365, Station Road",Hyderabad,Telangana,India,500001,2022-05-05,Gold,No
C000305,Meera,Das,meera.das305@example.com,ABC123,1978-04-12,Female,"185, Lake Road",London,England,United Kingdom,SW1A1AA,2024-10-01,Platinum,false
C000306,Arjun,Mehta,arjun.mehta306@example.com,+91-66944-27072,1981-09-19,Male,"518, Station Road",Bengaluru,Karnataka,India,560001,2024-05-15,Bronze,true
C000307,Kavya,Shah,kavya.shah307@example.com,+91-62541-36507,2011-11-03,male,"133, MG Road",Seattle,Washington,United States,98101,2022-06-17,Bronze,No
C000308,Aanya,Jain,aanya.jain308@example.com,+91-79664-23738,1982-05-12,male,"572, Park Avenue",Toronto,Ontario,Canada,M5H2N2,2025-11-18,Gold,1
C000309,Tara,Jain,tara.jain309@example.com,+91-64085-92196,2006-06-15,F,"337, Hill View",Chennai,Tamil Nadu,India,600001,2024-11-15,Bronze,Y
C000310,Akash,Verma,akash.verma310@example.com,+91-86900-87959,2003-01-19,F,"65, MG Road",Toronto,Ontario,Canada,M5H2N2,2022-04-22,Bronze,false
C000311,Aditya,Nair,aditya.nair311@example.com,+91-76135-25220,1987-12-18,F,"432, Market Street",Austin,Texas,United States,78701,2022-12-07,Gold,0
C000312,Aanya,Singh,aanya.singh312@example.com,+91-86734-61914,1999-10-31,Female,"750, Lake Road",Mumbai,Maharashtra,India,400001,2023-10-10,Bronze,Y
C000313,Diya,Kapoor,diya.kapoor313@example.com,+91-64791-82092,1993-03-21,Female,"359, Lake Road",Austin,Texas,United States,78701,2023-03-16,Gold,1
C000314,Rahul,Shah,rahul.shah314@example.com,+91-78918-54996,1996-06-07,male,"346, Lake Road",Pune,Maharashtra,India,411001,2022-09-16,VIP,N
C000315,Akash,Menon,akash.menon315@example.com,+91-82731-70538,2018-09-10,Female,"755, Park Avenue",Kolkata,West Bengal,India,700001,2024-11-02,Silver,1
C000316,Maya,Patel,maya.patel316@example.com,+91-81656-57038,2011-10-22,male,"880, Hill View",Mumbai,Maharashtra,India,400001,31-02-2025,Gold,N
C000317,Arjun,Shah,arjun.shah317@example.com,+91-95026-79966,2016-02-18,male,"606, MG Road",Kolkata,West Bengal,India,700001,2025-11-03,Gold,Y
C000318,Neha,Singh,neha.singh318@example.com,+91-82124-67312,1995-05-20,female,"355, Hill View",Mumbai,Maharashtra,India,400001,2022-10-01,Bronze,false
C000319,Dev,Patel,dev.patel319@example.com,+91-61480-85160,2007-04-07,Other,"578, Park Avenue",Kochi,Kerala,India,682001,2025-04-08,Silver,1
C000320,Meera,Nair,meera.nair320@example.com,+91-76793-77891,1996-11-22,Male,"118, Lake Road",Toronto,Ontario,Canada,M5H2N2,2024-04-16,Bronze,No
C000321,Nisha,Patel,nisha.patel321@example.com,+91-77206-79707,1983-10-16,male,"954, Park Avenue",Pune,Maharashtra,India,411001,2024-08-18,Bronze,Y
C000322,Lakshmi,Kapoor,lakshmi.kapoor322@example.com,+91-60464-43898,1986-12-14,female,"490, Market Street",Mumbai,Maharashtra,India,400001,2025-01-31,Silver,No
C000323,Ananya,Iyer,ananya.iyer323@example.com,+91-97373-73341,2006-04-23,O,"427, Hill View",Kochi,Kerala,India,682001,2022-09-07,Bronze,Yes
C000324,Meera,Das,meera.das324@example.com,+91-98688-66394,1991-04-06,M,"289, Station Road",Kolkata,West Bengal,India,700001,2023-02-28,Platinum,0
C000325,Ira,Menon,ira.menon325@example.com,+91-82573-79355,2005-12-18,O,"863, Station Road",Chennai,Tamil Nadu,India,600001,2023-08-03,Gold,N
C000326,Sanjay,Menon,sanjay.menon326@example.com,+91-68142-61919,2018-01-19,Male,"495, Lake Road",Toronto,Ontario,Canada,M5H2N2,2025-06-13,Bronze,false
C000327,Meera,Singh,meera.singh327@example.com,+91-66180-90009,2004-10-17,Female,"256, Station Road",Kolkata,West Bengal,India,700001,2024-05-03,Bronze,true
C000328,Manoj,Menon,manoj.menon328@example.com,+91-92186-80911,1984-01-26,male,"962, Park Avenue",Mumbai,Maharashtra,India,400001,2024-10-06,Bronze,true
C000329,Lakshmi,Kumar,Lakshmi.Kumar.invalid,+91-80207-92170,2003-06-06,Female,"522, Market Street",Pune,Maharashtra,India,411001,2024-02-13,Gold,N
C000330,Dev,Chopra,dev.chopra330@example.com,+91-96288-25515,1984-07-21,Female,"386, Park Avenue",Kolkata,West Bengal,India,700001,2023-10-07,Platinum,0
C000331,Zoya,Das,zoya.das331@example.com,+91-86161-14766,1982-02-21,female,"585, Market Street",London,England,United Kingdom,SW1A1AA,2024-10-25,Platinum,false
C000332,Kiran,Kapoor,kiran.kapoor332@example.com,+91-60213-14325,2017-10-06,Other,"824, Hill View",Kolkata,West Bengal,India,700001,2022-10-18,Platinum,false
C000333,Lakshmi,Sharma,lakshmi.sharma333@example.com,+91-70068-36099,1995-04-21,Female,"487, Hill View",Kochi,Kerala,India,682001,2025-09-25,Bronze,true
C000334,Kavya,Verma,kavya.verma334@example.com,+91-79814-46560,1980-03-06,female,"13, Park Avenue",Toronto,Ontario,Canada,M5H2N2,2026-02-24,Gold,true
C000335,Aditya,Reddy,aditya.reddy335@example.com,+91-68310-67976,1988-01-14,M,"579, MG Road",London,England,United Kingdom,SW1A1AA,2023-02-26,Silver,true
C000336,Dev,Mehta,dev.mehta336@example.com,+91-97057-88265,1991-02-10,M,"857, MG Road",Delhi,Delhi,India,110001,2026-06-08,Platinum,Y
C000337,Pooja,Mehta,pooja.mehta337@example.com,+91-76662-86756,1991-04-15,male,"90, Market Street",Toronto,Ontario,Canada,M5H2N2,2024-08-23,Silver,No
C000338,Maya,Joshi,maya.joshi338@example.com,+91-84365-25846,2008-05-01,male,"688, Park Avenue",Kolkata,West Bengal,India,700001,2026-03-16,Gold,No
C000339,,Jain,sneha.jain339@example.com,+91-75748-95093,1981-07-08,Male,"415, Park Avenue",Delhi,Delhi,India,110001,2026-03-05,Gold,Y
C000340,Neha,Shah,neha.shah340@example.com,+91-64358-44070,1981-03-25,male,"75, Station Road",London,England,United Kingdom,SW1A1AA,2025-06-29,Platinum,N
C000341,Lakshmi,Sharma,lakshmi.sharma341@example.com,+91-76693-63698,1984-02-06,M,"86, Hill View",Chennai,Tamil Nadu,India,600001,2022-09-08,Bronze,1
C000342,Akash,Mehta,akash.mehta342@example.com,+91-85650-75878,1990-02-20,M,"507, Hill View",London,England,United Kingdom,SW1A1AA,2024-08-23,Silver,0
C000343,Kiran,Menon,kiran.menon343@example.com,+91-99987-62310,1987-09-22,M,"929, Station Road",Chennai,Tamil Nadu,India,600001,2026-03-06,Platinum,true
C000344,Aanya,Joshi,aanya.joshi344@example.com,+91-90231-41415,1999-10-09,female,"111, Park Avenue",Delhi,Delhi,India,110001,2022-10-23,Silver,1
C000345,Maya,Sharma,maya.sharma345@example.com,+91-65051-67327,2018-02-08,O,"793, Market Street",Kochi,Kerala,India,682001,2024-11-16,Platinum,Y
BAD346,Ananya,Shah,ananya.shah346@example.com,+91-92125-89884,2018-04-29,male,"49, Station Road",Toronto,Ontario,Canada,M5H2N2,2022-04-14,Gold,1
C000347,Ishaan,Kapoor,ishaan.kapoor347@example.com,+91-93920-41041,1986-03-22,F,"466, Market Street",Kolkata,West Bengal,India,700001,2022-04-26,Bronze,1
C000348,Sanjay,Nair,sanjay.nair348@example.com,+91-97857-22786,2004-02-19,O,"106, Hill View",Chennai,Tamil Nadu,India,600001,2025-08-26,Platinum,1
C000349,Aanya,Gupta,aanya.gupta349@example.com,+91-88626-56777,1992-07-15,Other,"764, Park Avenue",Delhi,Delhi,India,110001,2025-12-05,Gold,false
C000350,Tara,Gupta,tara.gupta350@example.com,+91-98138-31732,2012-04-11,M,"370, Station Road",Delhi,Delhi,India,110001,2024-09-19,Silver,false
C000351,Diya,Sharma,diya.sharma351@example.com,+91-84163-97566,2006-07-18,O,"814, Lake Road",Toronto,Ontario,Canada,M5H2N2,2025-11-21,Platinum,N
C000352,Ira,Iyer,ira.iyer352@example.com,+91-68447-25596,1979-09-09,F,"762, Hill View",Austin,Texas,United States,78701,2024-09-13,Platinum,false
C000353,Rohan,Shah,rohan.shah353@example.com,+91-82380-87267,2005-04-18,F,"621, Hill View",Austin,Texas,United States,78701,2024-01-17,Platinum,No
C000354,Pooja,Rao,pooja.rao354@example.com,+91-74756-61120,1990-05-22,O,"47, MG Road",Mumbai,Maharashtra,India,400001,2024-11-23,Platinum,0
C000355,Nisha,Singh,nisha.singh355@example.com,+91-97196-65982,2011-07-13,Male,"856, Station Road",Hyderabad,Telangana,India,500001,2024-08-26,Bronze,Y
C000356,Pooja,Kapoor,pooja.kapoor356@example.com,+91-67069-41146,1983-12-05,Male,"157, Lake Road", SEATTLE ,Washington,United States,98101,2023-06-05,Platinum,Yes
C000357,Maya,Kapoor,maya.kapoor357@example.com,+91-78456-85962,1985-01-30,male,"929, Station Road",Mumbai,Maharashtra,India,400001,2022-05-20,Gold,0
C000358,Zoya,Joshi,zoya.joshi358@example.com,+91-75057-43004,1998-12-18,female,"765, Station Road",Kochi,Kerala,India,682001,2025-05-02,Platinum,Yes
C000359,Sneha,Reddy,sneha.reddy359@example.com,+91-89827-31536,2018-10-16,O,"346, Market Street",Bengaluru,Karnataka,India,560001,2022-04-08,Gold,N
C000360,Varun,Rao,varun.rao360@example.com,+91-87865-55592,2002-02-14,Male,"390, Station Road",Toronto,Ontario,Canada,M5H2N2,2024-10-01,Platinum,1
C000361,Kabir,Rao,kabir.rao361@example.com,+91-64454-38345,2011-08-25,Other,"759, Market Street",Kochi,Kerala,India,682001,2023-05-30,Silver,true
C000362,Sneha,Kapoor,sneha.kapoor362@example.com,+91-77744-93451,1991-09-08,O,"702, Park Avenue",Delhi,Delhi,India,110001,2025-11-30,Silver,Yes
C000363,Sanjay,Sharma,sanjay.sharma363@example.com,+91-65396-89408,1988-12-12,male,"529, Park Avenue",Kolkata,West Bengal,India,700001,2022-11-05,Silver,No
C000364,Nisha,Sharma,nisha.sharma364@example.com,+91-70405-15167,1989-08-27,male,"508, Hill View",Delhi,Delhi,India,110001,2026-02-13,Silver,false
C000365,Priya,Jain,priya.jain365@example.com,+91-67732-13027,1979-05-02,Male,"562, Hill View",Seattle,Washington,United States,98101,2025-10-29,Platinum,false
C000366,Ira,Shah,ira.shah366@example.com,ABC123,2004-11-22,male,"981, Market Street",Seattle,Washington,United States,98101,2025-04-05,Platinum,false
C000367,Lakshmi,Bose,lakshmi.bose367@example.com,+91-99287-22908,2016-04-08,female,"493, Station Road",London,England,United Kingdom,SW1A1AA,2026-05-26,Silver,N
C000368,Aanya,Sharma,aanya.sharma368@example.com,+91-66146-36508,2018-11-16,female,"721, MG Road",Mumbai,Maharashtra,India,400001,2025-04-17,Bronze,Y
C000369,Rahul,Verma,rahul.verma369@example.com,+91-65240-75640,1978-03-13,female,"73, Park Avenue",Austin,Texas,United States,78701,2024-05-25,Silver,Yes
C000370,Aditya,Rao,aditya.rao370@example.com,+91-60793-71022,2005-09-21,Female,"727, Hill View",Chennai,Tamil Nadu,India,600001,2022-10-11,Silver,true
C000371,Aditya,Verma,aditya.verma371@example.com,+91-70775-10468,1984-02-04,female,"933, Hill View",Austin,Texas,United States,78701,2023-04-11,Platinum,0
C000372,Manoj,Mehta,manoj.mehta372@example.com,+91-81104-34300,1987-01-11,Female,"366, Park Avenue",Toronto,Ontario,Canada,M5H2N2,2024-03-10,Gold,No
C000373,Aditya,Menon,aditya.menon373@example.com,+91-60695-88430,2007-12-17,O,"294, Hill View",Mumbai,Maharashtra,India,400001,2024-06-24,Platinum,0
C000374,Rohan,Kumar,rohan.kumar374@example.com,+91-96103-55523,2019-09-28,Female,"67, MG Road",London,England,United Kingdom,SW1A1AA,2022-12-21,Silver,1
C000375,Akash,Patel,akash.patel375@example.com,+91-71297-37215,2007-06-07,F,"176, MG Road",Chennai,Tamil Nadu,India,600001,2025-04-10,Silver,Yes
C000376,Ira,Shah,Ira.Shah.invalid,+91-94643-22996,1980-07-28,female,"345, Park Avenue",Seattle,Washington,United States,98101,2025-11-28,Silver,1
C000377,Rahul,Bose,rahul.bose377@example.com,+91-92698-55509,1986-01-21,F,"129, MG Road",Bengaluru,Karnataka,India,560001,2023-11-13,Platinum,0
C000378,Vikram,Singh,vikram.singh378@example.com,+91-93002-44191,1981-01-19,M,"335, Market Street",Delhi,Delhi,India,110001,2024-08-23,Platinum,0
C000379,Aanya,Reddy,aanya.reddy379@example.com,+91-82699-59153,1992-08-04,Other,"322, Lake Road",Hyderabad,Telangana,India,500001,2024-10-03,Bronze,false
C000380,Aanya,Kumar,aanya.kumar380@example.com,+91-87500-25060,2012-12-03,Other,"860, Lake Road",Hyderabad,Telangana,India,500001,2022-05-24,Bronze,0
C000381,Kiran,Singh,kiran.singh381@example.com,+91-88778-31144,1987-08-13,Male,"487, Market Street",Toronto,Ontario,Canada,M5H2N2,2024-11-29,Bronze,No
C000382,Sanjay,Joshi,sanjay.joshi382@example.com,+91-76128-26604,1986-05-18,male,"285, Station Road",Hyderabad,Telangana,India,500001,2023-06-06,Silver,Y
C000383,Riya,Kumar,riya.kumar383@example.com,+91-81620-36034,1999-05-22,male,"386, MG Road",Toronto,Ontario,Canada,M5H2N2,2025-12-22,Bronze,N
C000384,Manoj,Shah,manoj.shah384@example.com,+91-93679-90612,1986-12-13,female,"74, Hill View",Chennai,Tamil Nadu,India,600001,2025-02-09,Silver,Yes
C000385,Riya,Menon,riya.menon385@example.com,+91-80545-72381,1980-11-16,O,"116, MG Road",Kolkata,West Bengal,India,700001,2023-07-24,Gold,true
C000386,Meera,Sharma,meera.sharma386@example.com,+91-72322-84743,1998-06-16,Male,"846, Park Avenue",Toronto,Ontario,Canada,M5H2N2,2022-08-31,Platinum,N
C000387,Arjun,Reddy,arjun.reddy387@example.com,+91-84143-52778,1996-05-27,Female,"876, Hill View",Hyderabad,Telangana,India,500001,2022-07-16,Bronze,false
C000388,Vikram,Bose,vikram.bose388@example.com,+91-87818-29850,1999-10-11,M,"261, Park Avenue",London,England,U.S.A.,SW1A1AA,2022-09-05,Platinum,1
C000389,Rohan,Jain,rohan.jain389@example.com,+91-93315-53410,2000-05-08,Male,"322, Market Street",Pune,Maharashtra,India,411001,2023-05-15,Bronze,N
C000390,Arjun,Joshi,arjun.joshi390@example.com,+91-65006-46616,1993-12-03,Male,"367, MG Road",Hyderabad,Telangana,India,500001,2025-11-12,Bronze,1
C000391,Arjun,Nair,arjun.nair391@example.com,+91-98252-38026,1995-12-05,male,"415, MG Road",Chennai,Tamil Nadu,India,600001,2026-04-02,Bronze,No
C000392,Akash,Kapoor,akash.kapoor392@example.com,+91-98384-53243,2018-03-23,O,"196, Lake Road",Delhi,Delhi,India,110001,2024-03-09,Platinum,false
C000393,Vikram,Mehta,vikram.mehta393@example.com,+91-73613-70875,1982-08-09,O,"915, Park Avenue",Bengaluru,Karnataka,India,??,2023-05-11,Silver,true
C000394,Vikram,Gupta,vikram.gupta394@example.com,+91-60450-22881,1986-06-23,M,"160, Market Street",Bengaluru,Karnataka,India,560001,2025-08-23,Gold,No
C000395,Dev,Chopra,dev.chopra395@example.com,+91-63728-24587,2008-04-02,Male,"750, MG Road",Delhi,Delhi,India,110001,31-02-2025,Bronze,0
C000396,Dev,Menon,dev.menon396@example.com,+91-91120-41254,1993-04-16,O,"44, Hill View",Kochi,Kerala,India,682001,2025-01-27,Silver,1
C000397,Manoj,Menon,manoj.menon397@example.com,+91-65698-90162,2014-07-26,male,"475, Lake Road",Bengaluru,Karnataka,India,560001,2023-02-26,Platinum,N
C000398,Kavya,Singh,kavya.singh398@example.com,+91-80034-86483,2014-12-27,M,"217, MG Road",Delhi,Delhi,India,110001,2022-10-23,Bronze,Yes
C000399,Zoya,Rao,zoya.rao399@example.com,+91-86917-53097,2019-03-18,M,"881, Hill View",Chennai,Tamil Nadu,India,600001,2026-01-05,Gold,0
C000400,Maya,Bose,maya.bose400@example.com,+91-60638-55937,2003-11-21,Male,"131, Lake Road",Pune,Maharashtra,India,411001,2025-04-07,Silver,1
C000401,Aanya,Joshi,aanya.joshi401@example.com,+91-92888-36147,2005-02-13,Female,"811, Station Road",Hyderabad,Telangana,India,500001,2023-09-16,Platinum,false
C000402,Diya,Bose,diya.bose402@example.com,+91-74238-85974,2012-11-09,female,"981, Park Avenue",Pune,Maharashtra,India,411001,2025-12-29,Gold,Yes
C000403,Sneha,Sharma,sneha.sharma403@example.com,+91-85098-84657,1992-07-17,F,"32, Lake Road",Toronto,Ontario,Canada,M5H2N2,2022-01-09,Gold,0
C000404,Rohan,Chopra,rohan.chopra404@example.com,+91-67411-21272,2006-03-25,Female,"291, Market Street",Delhi,Delhi,India,110001,2022-07-15,Silver,1
C000405,Varun,Reddy,varun.reddy405@example.com,+91-85700-19722,1983-03-06,M,"795, Hill View",London,England,United Kingdom,SW1A1AA,2026-05-28,Platinum,No
C000406,Neha,Chopra,neha.chopra406@example.com,+91-75287-14057,2010-12-31,Female,"420, MG Road",Kolkata,West Bengal,India,700001,2023-01-03,Platinum,No
C000407,Aanya,Mehta,aanya.mehta407@example.com,+91-80740-75941,2009-05-15,female,"419, MG Road",Kochi,Kerala,India,682001,2026-01-29,Gold,1
C000408,Maya,Rao,maya.rao408@example.com,+91-72292-21747,2003-11-16,Other,"328, Station Road",Delhi,Delhi,India,110001,2025-01-17,Gold,0
C000409,Diya,Kumar,diya.kumar409@example.com,+91-84440-25046,1991-10-11,female,"199, MG Road",Delhi,Delhi,India,110001,2025-11-08,Silver,0
C000410,Arjun,Joshi,arjun.joshi410@example.com,+91-90839-12758,1980-09-11,male,"158, Market Street",Delhi,Delhi,India,110001,2022-09-30,Bronze,Yes
C000411,Nisha,Mehta,nisha.mehta411@example.com,+91-86477-23488,1981-12-11,F,"672, Lake Road",Mumbai,Maharashtra,India,400001,2025-07-10,Gold,0
C000412,Maya,Reddy,maya.reddy412@example.com,+91-92022-78787,1988-05-26,M,"892, Hill View",Toronto,Ontario,Canada,M5H2N2,2023-10-06,Bronze,true
C000413,Meera,Das,meera.das413@example.com,+91-95960-47635,1993-08-01,M,"868, Station Road",Kochi,Kerala,India,682001,2025-12-11,Platinum,1
C000414,Varun,Gupta,varun.gupta414@example.com,+91-97477-50344,1983-08-31,female,"687, MG Road",Kolkata,West Bengal,India,700001,2025-08-23,Bronze,false
C000415,Rahul,Verma,rahul.verma415@example.com,+91-87487-23243,1998-06-16,Female,"127, Market Street",Mumbai,Maharashtra,India,400001,2024-11-06,Platinum,false
C000416,Ira,Mehta,ira.mehta416@example.com,+91-84898-55655,2000-02-03,Other,"240, Station Road",Chennai,Tamil Nadu,India,600001,2026-05-17,Gold,0
C000417,Dev,Jain,dev.jain417@example.com,+91-70592-86871,2008-01-21,female,"846, Station Road",Kochi,Kerala,India,682001,2024-07-29,Gold,0
C000418,Rohan,Kapoor,rohan.kapoor418@example.com,+91-75177-57329,1987-09-13,Female,"263, Hill View",Hyderabad,Telangana,India,500001,2024-03-28,Silver,N
C000419,Kabir,Sharma,kabir.sharma419@example.com,+91-87690-28979,2006-09-18,M,"546, Market Street",Chennai,Tamil Nadu,India,600001,2023-08-08,Gold,N
C000420,Manoj,Kumar,manoj.kumar420@example.com,+91-77946-94446,2000-08-01,male,"150, Station Road",Chennai,Tamil Nadu,India,600001,2026-02-02,Platinum,0
C000421,Sneha,Singh,sneha.singh421@example.com,+91-60213-48357,1990-03-18,Other,"687, MG Road",Bengaluru,Karnataka,India,560001,2024-12-06,Platinum,false
C000422,Nisha,Bose,nisha.bose422@example.com,+91-65251-22679,1994-06-20,Other,"425, Lake Road",Delhi,Delhi,India,110001,2022-03-14,Gold,No
C000423,Riya,Pillai,Riya.Pillai.invalid,+91-65447-30571,1998-09-27,M,"387, Lake Road",Mumbai,Maharashtra,India,400001,2022-02-06,Gold,Yes
C000424,Manoj,Jain,manoj.jain424@example.com,+91-90555-14360,1985-07-19,male,"952, Park Avenue",Toronto,Ontario,Canada,M5H2N2,2025-07-15,Platinum,Y
C000425,Kavya,Gupta,kavya.gupta425@example.com,+91-95782-95519,2006-08-12,O,"965, Lake Road",Kochi,Kerala,India,682001,2023-08-26,Gold,true
C000426,Varun,Bose,varun.bose426@example.com,+91-74664-12261,1994-01-20,F,"823, Market Street",Kolkata,West Bengal,India,700001,2025-05-21,Gold,N
C000427,Tara,Kapoor,tara.kapoor427@example.com,ABC123,2017-12-15,male,"51, Hill View",Mumbai,Maharashtra,India,400001,2025-10-26,Bronze,Y
C000428,Aarav,Shah,aarav.shah428@example.com,+91-65688-72708,2009-03-28,male,"594, Park Avenue",Austin,Texas,United States,78701,2023-03-12,Bronze,1
C000429,Vikram,Sharma,vikram.sharma429@example.com,+91-85505-76633,2001-11-20,O,"374, MG Road",Toronto,Ontario,Canada,M5H2N2,2023-07-29,Bronze,Y
C000430,Maya,Menon,maya.menon430@example.com,+91-71461-74518,2004-05-17,female,"99, Market Street",London,England,United Kingdom,SW1A1AA,2025-09-17,Platinum,Y
C000431,Kavya,Menon,kavya.menon431@example.com,+91-92397-79601,2001-11-28,male,"115, MG Road",London,England,United Kingdom,SW1A1AA,2024-07-16,Gold,N
C000432,Pooja,Verma,pooja.verma432@example.com,+91-71759-32755,1988-06-21,M,"262, Park Avenue",Seattle,Washington,United States,98101,2022-03-07,Silver,N
C000433,Akash,Iyer,akash.iyer433@example.com,+91-65313-88721,1985-12-05,Other,"683, Lake Road",Seattle,Washington,United States,98101,2023-09-06,Bronze,1
C000434,Zoya,Shah,zoya.shah434@example.com,+91-76924-19343,1987-07-09,Male,"365, Market Street",Bengaluru,Karnataka,India,560001,2025-06-19,Silver,0
C000435,Akash,Jain,akash.jain435@example.com,+91-67747-84278,2012-12-04,F,"34, Lake Road",Bengaluru,Karnataka,India,560001,2026-05-28,Platinum,No
C000436,Akash,Reddy,akash.reddy436@example.com,+91-70994-73710,2005-07-31,female,"143, Lake Road",Kochi,Kerala,India,682001,2025-03-04,Silver,N
C000437,Ira,Bose,ira.bose437@example.com,+91-76508-23519,2012-02-29,F,"300, Station Road",Toronto,Ontario,Canada,M5H2N2,2024-03-26,Bronze,1
C000438,Diya,Joshi,diya.joshi438@example.com,+91-64248-78994,1992-02-24,male,"897, Hill View",Pune,Maharashtra,India,411001,2024-10-24,Gold,0
C000439,Ira,Jain,ira.jain439@example.com,+91-84267-77741,1982-11-03,O,"648, MG Road",Chennai,Tamil Nadu,India,600001,2026-03-17,Bronze,Y
C000440,Ishaan,Das,ishaan.das440@example.com,+91-66264-21902,2010-12-31,F,"106, Lake Road",Hyderabad,Telangana,India,500001,2025-08-09,Bronze,false
C000441,Sanjay,Rao,sanjay.rao441@example.com,+91-85861-72097,2012-01-02,O,"785, Hill View",Bengaluru,Karnataka,India,560001,2022-04-25,Gold,N
C000442,Zoya,Pillai,zoya.pillai442@example.com,+91-70313-45675,2006-03-11,M,"281, Station Road",London,England,United Kingdom,SW1A1AA,2025-05-06,Platinum,Yes
C000443,Ananya,Joshi,ananya.joshi443@example.com,+91-97402-96692,2010-01-09,female,"691, MG Road",Kolkata,West Bengal,India,700001,2022-04-08,Gold,true
C000444,Sneha,Rao,sneha.rao444@example.com,+91-79955-86449,1997-03-18,Female,"69, MG Road",Kolkata,West Bengal,India,700001,2023-02-01,Gold,Y
C000445,Arjun,Chopra,arjun.chopra445@example.com,+91-81301-20180,1984-08-26,F,"389, Station Road", SEATTLE ,Washington,United States,98101,2023-10-08,Silver,0
C000446,Ira,Verma,ira.verma446@example.com,+91-79437-15068,2016-02-16,Other,"424, Hill View",Austin,Texas,United States,78701,2024-01-02,Platinum,No
C000447,Kavya,Kapoor,kavya.kapoor447@example.com,+91-67254-25421,2000-10-07,F,"45, Park Avenue",Mumbai,Maharashtra,India,400001,2023-08-01,Platinum,Yes
C000448,Kiran,Bose,kiran.bose448@example.com,+91-61918-43209,1986-08-11,Other,"674, Park Avenue",Toronto,Ontario,Canada,M5H2N2,2025-01-19,Silver,N
C000449,Maya,Das,maya.das449@example.com,+91-83420-80116,2002-10-29,O,"488, MG Road",Pune,Maharashtra,India,411001,2022-04-26,Gold,Y
C000450,Lakshmi,Iyer,lakshmi.iyer450@example.com,+91-98487-30782,1979-01-11,Female,"977, Station Road",Chennai,Tamil Nadu,India,600001,2024-05-31,Gold,1
C000451,Vikram,Patel,vikram.patel451@example.com,+91-79464-36374,2014-10-25,Other,"159, Lake Road",Chennai,Tamil Nadu,India,600001,2023-11-25,Gold,Yes
C000452,,Bose,aditya.bose452@example.com,+91-86925-74179,1991-11-15,F,"907, Station Road",Bengaluru,Karnataka,India,560001,2022-03-27,Silver,true
C000453,Dev,Reddy,dev.reddy453@example.com,+91-63253-64671,1985-11-07,Male,"857, MG Road",London,England,United Kingdom,SW1A1AA,2022-10-03,Gold,N
C000454,Vikram,Joshi,vikram.joshi454@example.com,+91-66280-18572,2014-08-02,Female,"233, MG Road",Kochi,Kerala,India,682001,2025-11-14,Silver,false
C000455,Ira,Verma,ira.verma455@example.com,+91-69192-74183,2013-09-17,M,"918, Lake Road",Toronto,Ontario,Canada,M5H2N2,2025-04-16,Silver,true
C000456,Ira,Singh,ira.singh456@example.com,+91-87498-74304,2004-07-13,Other,"675, Park Avenue",Chennai,Tamil Nadu,India,600001,2026-03-07,Platinum,N
C000457,Diya,Chopra,diya.chopra457@example.com,+91-96673-20232,2009-05-11,Other,"280, Lake Road",Pune,Maharashtra,India,411001,2025-02-14,Bronze,true
C000458,Sanjay,Patel,sanjay.patel458@example.com,+91-70688-70035,1999-03-19,Male,"967, Lake Road",Bengaluru,Karnataka,India,560001,2024-10-12,Bronze,Yes
C000459,Vikram,Reddy,vikram.reddy459@example.com,+91-76637-32879,1978-11-20,Other,"28, Market Street",Hyderabad,Telangana,India,500001,2024-05-02,Platinum,Yes
C000460,Priya,Menon,priya.menon460@example.com,+91-98468-65271,2008-03-21,M,"208, Market Street",Austin,Texas,United States,78701,2025-02-09,Platinum,N
C000461,Rahul,Das,rahul.das461@example.com,+91-64147-79780,1982-05-16,Other,"762, Park Avenue",Mumbai,Maharashtra,India,400001,2026-01-05,Silver,No
C000462,Zoya,Gupta,zoya.gupta462@example.com,+91-64022-13053,2001-04-25,M,"676, Park Avenue",Toronto,Ontario,Canada,M5H2N2,2022-04-11,Gold,Yes
C000463,Priya,Mehta,priya.mehta463@example.com,+91-87291-95187,2005-02-07,Female,"413, Lake Road",Toronto,Ontario,Canada,M5H2N2,2026-01-24,Platinum,No
C000464,Kabir,Rao,kabir.rao464@example.com,+91-96315-98329,2017-10-02,male,"267, Station Road",Toronto,Ontario,Canada,M5H2N2,2025-03-24,Gold,0
C000465,Lakshmi,Pillai,lakshmi.pillai465@example.com,+91-90580-96108,1987-05-03,Female,"751, Hill View",London,England,United Kingdom,SW1A1AA,2022-11-11,Silver,0
C000466,Tara,Bose,tara.bose466@example.com,+91-61519-44568,1993-04-05,Female,"569, MG Road",Chennai,Tamil Nadu,India,600001,2024-01-25,Platinum,Y
C000467,Tara,Chopra,tara.chopra467@example.com,+91-79773-92955,2005-05-16,M,"247, Station Road",Toronto,Ontario,Canada,M5H2N2,2024-12-20,Bronze,1
C000468,Maya,Joshi,maya.joshi468@example.com,+91-87876-36900,1996-04-30,Female,"562, Lake Road",Austin,Texas,United States,78701,2023-07-21,Bronze,0
C000469,Ira,Iyer,ira.iyer469@example.com,+91-60042-57668,2008-04-10,Female,"872, Hill View",Kochi,Kerala,India,682001,2025-07-09,Gold,N
C000470,Meera,Patel,Meera.Patel.invalid,+91-95857-32575,1982-12-12,male,"853, MG Road",Austin,Texas,United States,78701,2026-04-11,Bronze,Y
C000471,Diya,Iyer,diya.iyer471@example.com,+91-74578-97238,2018-06-17,male,"756, Station Road",Delhi,Delhi,India,110001,2025-10-31,VIP,Yes
C000472,Nisha,Chopra,nisha.chopra472@example.com,+91-87289-19823,1991-04-12,Female,"915, Hill View",Kolkata,West Bengal,India,700001,2025-05-28,Bronze,No
C000473,Aanya,Nair,aanya.nair473@example.com,+91-99544-59073,1987-11-06,M,"110, Hill View",Kochi,Kerala,India,682001,2023-05-16,Platinum,Y
C000474,Sneha,Joshi,sneha.joshi474@example.com,+91-75787-78237,1996-12-27,O,"862, Station Road",Austin,Texas,United States,78701,31-02-2025,Gold,N
C000475,Kiran,Gupta,kiran.gupta475@example.com,+91-97183-25675,1981-01-09,F,"382, Park Avenue",Chennai,Tamil Nadu,India,600001,2026-01-07,Gold,true
C000476,Meera,Pillai,meera.pillai476@example.com,+91-99711-45351,1982-10-01,O,"251, Park Avenue",Kochi,Kerala,India,682001,2023-05-31,Bronze,true
C000477,Kavya,Bose,kavya.bose477@example.com,+91-71563-93132,1981-01-10,M,"401, Hill View",Hyderabad,Telangana,India,500001,2025-10-10,Bronze,No
C000478,Maya,Patel,maya.patel478@example.com,+91-80745-34292,1989-07-19,O,"181, Hill View",Kochi,Kerala,India,682001,2025-08-24,Gold,false
C000479,Ishaan,Patel,ishaan.patel479@example.com,+91-95378-34698,1994-04-11,female,"735, Lake Road",Seattle,Washington,United States,98101,2026-01-11,Gold,No
C000480,Priya,Kapoor,priya.kapoor480@example.com,+91-77884-44766,2007-10-15,Other,"85, MG Road",Delhi,Delhi,India,110001,2022-05-26,Gold,Yes
C000481,Nisha,Menon,nisha.menon481@example.com,+91-62204-53964,1986-08-18,Male,"536, Lake Road",Pune,Maharashtra,India,411001,2024-08-31,Gold,No
C000482,Aarav,Mehta,aarav.mehta482@example.com,+91-91594-81779,1985-02-04,Female,"754, Park Avenue",Kochi,Kerala,India,682001,2025-01-01,Platinum,No
C000483,Arjun,Patel,arjun.patel483@example.com,+91-60500-32843,1984-06-28,female,"746, Station Road",Hyderabad,Telangana,India,500001,2023-08-12,Platinum,N
C000484,Vikram,Sharma,vikram.sharma484@example.com,+91-79409-21062,2017-04-04,female,"841, Hill View",Hyderabad,Telangana,India,500001,2023-10-29,Gold,Y
C000485,Zoya,Shah,zoya.shah485@example.com,+91-62229-35731,2002-09-22,Male,"424, Station Road",Chennai,Tamil Nadu,U.S.A.,600001,2023-10-12,Gold,Yes
C000486,Kabir,Jain,kabir.jain486@example.com,+91-92544-60356,2013-02-15,Male,"818, Hill View",Seattle,Washington,United States,98101,2024-02-23,Silver,0
C000487,Vikram,Joshi,vikram.joshi487@example.com,+91-63041-64124,2011-12-05,M,"201, Hill View",Pune,Maharashtra,India,411001,2022-08-19,Gold,1
C000488,Maya,Joshi,maya.joshi488@example.com,ABC123,1978-06-10,Other,"169, Hill View",Seattle,Washington,United States,98101,2024-11-01,Bronze,1
C000489,Pooja,Joshi,pooja.joshi489@example.com,+91-94111-56467,1992-01-31,Male,"205, MG Road",Toronto,Ontario,Canada,M5H2N2,2022-05-28,Bronze,Yes
C000490,Vikram,Sharma,vikram.sharma490@example.com,+91-69508-39140,1999-05-22,O,"145, Market Street",Bengaluru,Karnataka,India,560001,2023-01-22,Platinum,1
C000491,Aarav,Singh,aarav.singh491@example.com,+91-60157-37447,1989-07-12,female,"859, Park Avenue",Kochi,Kerala,India,682001,2023-12-10,Platinum,false
C000492,Sanjay,Mehta,sanjay.mehta492@example.com,+91-69506-30110,2014-11-23,Other,"262, Hill View",Chennai,Tamil Nadu,India,600001,2024-12-04,Silver,false
C000493,Aditya,Shah,aditya.shah493@example.com,+91-66145-10951,2011-03-12,Other,"848, Park Avenue",Kolkata,West Bengal,India,700001,2024-01-10,Gold,1
C000494,Maya,Pillai,maya.pillai494@example.com,+91-92778-17635,1998-10-22,O,"39, Park Avenue",Mumbai,Maharashtra,India,400001,2022-04-30,Bronze,1
C000495,Maya,Gupta,maya.gupta495@example.com,+91-73395-71406,1991-03-12,O,"348, Market Street",London,England,United Kingdom,SW1A1AA,2022-07-09,Gold,false
C000496,Ira,Jain,ira.jain496@example.com,+91-71850-70547,1982-10-31,female,"471, Station Road",Mumbai,Maharashtra,India,400001,2025-12-13,Silver,true
C000497,Arjun,Gupta,arjun.gupta497@example.com,+91-85994-80525,2018-08-13,female,"114, Park Avenue",London,England,United Kingdom,SW1A1AA,2022-01-11,Platinum,Y
C000498,Arjun,Singh,arjun.singh498@example.com,+91-79986-51653,2016-01-15,male,"760, Park Avenue",London,England,United Kingdom,SW1A1AA,2024-07-09,Silver,N
C000499,Arjun,Reddy,arjun.reddy499@example.com,+91-61666-12067,2012-05-30,Female,"397, Market Street",London,England,United Kingdom,SW1A1AA,2025-11-22,Gold,No
C000500,Pooja,Sharma,pooja.sharma500@example.com,+91-97502-78205,1991-05-13,Male,"600, Market Street",Hyderabad,Telangana,India,500001,2026-04-16,Gold,N
C000501,Vikram,Das,vikram.das501@example.com,+91-93489-34631,2007-10-25,O,"577, Hill View",London,England,United Kingdom,SW1A1AA,2024-02-27,Gold,Y
C000502,Kavya,Sharma,kavya.sharma502@example.com,+91-90420-38892,1997-12-04,F,"932, MG Road",Austin,Texas,United States,78701,2026-01-13,Gold,Y
C000503,Ira,Iyer,ira.iyer503@example.com,+91-74634-71665,2003-05-23,Male,"852, Station Road",Pune,Maharashtra,India,411001,2022-02-27,Gold,false
C000504,Aditya,Gupta,aditya.gupta504@example.com,+91-66148-42321,2004-07-18,F,"240, Market Street",Hyderabad,Telangana,India,500001,2025-09-02,Bronze,false
C000505,Ananya,Rao,ananya.rao505@example.com,+91-95875-85536,2002-05-26,M,"742, MG Road",Chennai,Tamil Nadu,India,600001,2022-07-31,Gold,1
C000506,Neha,Reddy,neha.reddy506@example.com,+91-92675-59208,1998-05-19,F,"159, Hill View",Toronto,Ontario,Canada,M5H2N2,2022-05-31,Bronze,0
C000507,Riya,Sharma,riya.sharma507@example.com,+91-75359-65824,2000-08-03,O,"166, Hill View",Chennai,Tamil Nadu,India,600001,2023-09-14,Silver,Yes
C000508,Neha,Sharma,neha.sharma508@example.com,+91-68910-64960,1987-04-01,Female,"562, MG Road",Kolkata,West Bengal,India,700001,2023-11-06,Gold,N
C000509,Lakshmi,Singh,lakshmi.singh509@example.com,+91-64357-53772,1993-07-15,Male,"638, MG Road",Pune,Maharashtra,India,411001,2022-06-26,Platinum,true
C000510,Sanjay,Verma,sanjay.verma510@example.com,+91-67149-48390,2012-12-24,Male,"340, Park Avenue",London,England,United Kingdom,SW1A1AA,2022-05-10,Silver,0
C000511,Ira,Mehta,ira.mehta511@example.com,+91-73187-10035,1987-02-08,Female,"365, Lake Road",Hyderabad,Telangana,India,500001,2022-11-29,Gold,0
C000512,Manoj,Chopra,manoj.chopra512@example.com,+91-97880-38931,2009-04-17,male,"113, MG Road",Chennai,Tamil Nadu,India,600001,2026-05-31,Bronze,0
C000513,Kabir,Menon,kabir.menon513@example.com,+91-94373-80802,2007-09-29,male,"412, Hill View",Pune,Maharashtra,India,411001,2022-12-17,Silver,N
C000514,Vikram,Jain,vikram.jain514@example.com,+91-74788-81070,1983-11-27,female,"798, Hill View",Delhi,Delhi,India,110001,2023-07-18,Bronze,Y
C000515,Pooja,Reddy,pooja.reddy515@example.com,+91-87905-64577,1990-01-06,M,"764, Lake Road",Austin,Texas,United States,78701,2026-01-20,Platinum,Yes
C000516,Lakshmi,Bose,lakshmi.bose516@example.com,+91-82644-41182,1983-05-29,Other,"9, Hill View",Kolkata,West Bengal,India,700001,2025-05-22,Silver,N
C000517,Sanjay,Nair,Sanjay.Nair.invalid,+91-80745-51333,2002-08-16,male,"555, Park Avenue",Kolkata,West Bengal,India,700001,2023-04-30,Gold,true
C000518,Neha,Iyer,neha.iyer518@example.com,+91-67452-80784,2002-09-05,M,"852, Park Avenue",Kolkata,West Bengal,India,700001,2023-08-02,Gold,Yes
BAD519,Aanya,Rao,aanya.rao519@example.com,+91-64601-62383,2018-08-13,O,"479, Market Street",Toronto,Ontario,Canada,M5H2N2,2022-03-28,Bronze,true
C000520,Diya,Gupta,diya.gupta520@example.com,+91-97461-40548,1996-08-09,Male,"184, Lake Road",Hyderabad,Telangana,India,500001,2024-09-27,Silver,0
C000521,Vikram,Menon,vikram.menon521@example.com,+91-78534-71009,2018-09-01,male,"66, Park Avenue",Mumbai,Maharashtra,India,400001,2024-04-25,Silver,Yes
C000522,Lakshmi,Jain,lakshmi.jain522@example.com,+91-88313-23490,2018-06-21,female,"670, Market Street",Chennai,Tamil Nadu,India,600001,2024-12-07,Bronze,Y
C000523,Kavya,Nair,kavya.nair523@example.com,+91-69644-74397,1984-12-15,Female,"299, Park Avenue",Hyderabad,Telangana,India,500001,2025-06-07,Gold,N
C000524,Kabir,Kapoor,kabir.kapoor524@example.com,+91-77565-72737,1979-04-30,male,"434, Park Avenue",Bengaluru,Karnataka,India,??,2023-08-22,Bronze,Yes
C000525,Nisha,Singh,nisha.singh525@example.com,+91-79590-57009,1990-08-13,male,"354, Lake Road",Bengaluru,Karnataka,India,560001,2024-05-26,Bronze,1
C000526,Sanjay,Sharma,sanjay.sharma526@example.com,+91-60526-90111,2017-06-19,Female,"218, Market Street",Hyderabad,Telangana,India,500001,2023-05-11,Bronze,N
C000527,Sneha,Nair,sneha.nair527@example.com,+91-80210-37539,1993-09-14,female,"725, Market Street",Kolkata,West Bengal,India,700001,2023-06-18,Bronze,true
C000528,Sneha,Mehta,sneha.mehta528@example.com,+91-74966-71203,1990-11-30,F,"27, Park Avenue",London,England,United Kingdom,SW1A1AA,2025-12-11,Bronze,No
C000529,Kavya,Rao,kavya.rao529@example.com,+91-80961-38820,1996-03-14,F,"909, Hill View",Hyderabad,Telangana,India,500001,2025-08-04,Silver,N
C000530,Sneha,Kumar,sneha.kumar530@example.com,+91-67669-64984,2019-01-29,male,"57, Lake Road",Austin,Texas,United States,78701,2022-07-18,Platinum,N
C000531,Riya,Bose,riya.bose531@example.com,+91-71174-63747,1997-08-04,female,"763, Lake Road",Seattle,Washington,United States,98101,2024-04-25,Silver,false
C000532,Riya,Iyer,riya.iyer532@example.com,+91-95645-10100,1983-08-04,M,"925, Park Avenue",Delhi,Delhi,India,110001,2023-10-18,Bronze,No
C000533,Aditya,Patel,aditya.patel533@example.com,+91-83050-20773,2008-10-04,Other,"22, Hill View",Bengaluru,Karnataka,India,560001,2023-05-30,Platinum,Yes
C000534,Ira,Sharma,ira.sharma534@example.com,+91-67238-28117,2018-06-28,F,"499, Lake Road", TORONTO ,Ontario,Canada,M5H2N2,2022-01-13,Bronze,0
C000535,Meera,Das,meera.das535@example.com,+91-81609-26079,1985-05-13,Female,"785, Station Road",Kochi,Kerala,India,682001,2024-11-21,Gold,Y
C000536,Pooja,Sharma,pooja.sharma536@example.com,+91-80489-77369,2012-03-01,Other,"90, Hill View",Seattle,Washington,United States,98101,2023-06-30,Platinum,1
C000537,Nisha,Jain,nisha.jain537@example.com,+91-85106-11879,1989-01-20,female,"252, MG Road",Toronto,Ontario,Canada,M5H2N2,2023-10-31,Platinum,true
C000538,Sanjay,Bose,sanjay.bose538@example.com,+91-97750-67883,2006-03-03,female,"404, Lake Road",Chennai,Tamil Nadu,India,600001,2024-05-09,Silver,0
C000539,Aditya,Sharma,aditya.sharma539@example.com,+91-78452-47706,1983-05-03,female,"744, Park Avenue",Toronto,Ontario,Canada,M5H2N2,2023-04-19,Silver,1
C000540,Ananya,Rao,ananya.rao540@example.com,+91-70867-80523,2004-06-15,M,"362, Lake Road",Delhi,Delhi,India,110001,2023-04-16,Platinum,Y
C000541,Arjun,Joshi,arjun.joshi541@example.com,+91-94938-89164,1996-11-15,Other,"715, MG Road",Hyderabad,Telangana,India,500001,2022-02-08,Bronze,Yes
C000542,Ishaan,Joshi,ishaan.joshi542@example.com,+91-79827-84478,1983-12-29,Male,"715, Lake Road",Chennai,Tamil Nadu,India,600001,2024-12-25,Silver,Y
C000543,Manoj,Nair,manoj.nair543@example.com,+91-81807-79619,1997-05-17,female,"22, Park Avenue",Mumbai,Maharashtra,India,400001,2023-12-17,Platinum,0
C000544,Tara,Verma,tara.verma544@example.com,+91-61574-77263,2010-11-15,Male,"510, Park Avenue",Kolkata,West Bengal,India,700001,2025-10-01,Bronze,Yes
C000545,Neha,Sharma,neha.sharma545@example.com,+91-66991-42343,2007-05-21,M,"731, Lake Road",Seattle,Washington,United States,98101,2024-09-30,Bronze,false
C000546,Vikram,Mehta,vikram.mehta546@example.com,+91-67802-41763,2019-07-03,female,"952, Station Road",Mumbai,Maharashtra,India,400001,2024-01-20,Platinum,Yes
C000547,Aarav,Patel,aarav.patel547@example.com,+91-94666-85221,2005-06-21,female,"711, MG Road",London,England,United Kingdom,SW1A1AA,2022-03-29,Silver,Y
C000548,Lakshmi,Nair,lakshmi.nair548@example.com,+91-81605-39421,2011-06-24,F,"819, Market Street",Hyderabad,Telangana,India,500001,2025-08-31,Bronze,false
C000549,Kiran,Mehta,kiran.mehta549@example.com,ABC123,1994-12-02,female,"967, Hill View",Kochi,Kerala,India,682001,2026-04-16,Gold,N
C000550,Diya,Iyer,diya.iyer550@example.com,+91-96868-66516,2015-07-22,F,"839, Park Avenue",Kolkata,West Bengal,India,700001,2024-01-26,Gold,N
C000551,Kiran,Jain,kiran.jain551@example.com,+91-68701-92213,2016-01-04,F,"121, Park Avenue",Toronto,Ontario,Canada,M5H2N2,2024-10-09,Gold,N
C000552,Aanya,Mehta,aanya.mehta552@example.com,+91-80601-16923,1999-11-01,Male,"850, Market Street",Kolkata,West Bengal,India,700001,2024-05-02,Gold,true
C000553,Manoj,Singh,manoj.singh553@example.com,+91-64041-72939,2006-09-06,Male,"75, Station Road",Delhi,Delhi,India,110001,31-02-2025,Platinum,Yes
C000554,Dev,Kumar,dev.kumar554@example.com,+91-69284-14840,2006-12-10,Male,"312, MG Road",Toronto,Ontario,Canada,M5H2N2,2025-06-28,Bronze,No
C000555,Rohan,Singh,rohan.singh555@example.com,+91-90175-12715,2008-09-09,F,"885, Market Street",Hyderabad,Telangana,India,500001,2024-07-06,Silver,0
C000556,Rohan,Mehta,rohan.mehta556@example.com,+91-87713-71261,2014-07-17,M,"414, Park Avenue",Bengaluru,Karnataka,India,560001,2026-04-30,Gold,N
C000557,Kiran,Rao,kiran.rao557@example.com,+91-99185-65764,2010-03-22,Male,"510, Station Road",Toronto,Ontario,Canada,M5H2N2,2023-09-03,Gold,Y
C000558,Lakshmi,Das,lakshmi.das558@example.com,+91-73767-53178,2016-09-19,F,"906, Park Avenue",Pune,Maharashtra,India,411001,2022-12-12,Silver,Y
C000559,Lakshmi,Jain,lakshmi.jain559@example.com,+91-90712-22540,1980-05-09,male,"915, Hill View",Austin,Texas,United States,78701,2026-01-30,Platinum,1
C000560,Nisha,Iyer,nisha.iyer560@example.com,+91-71398-43872,1985-11-21,male,"180, Lake Road",Delhi,Delhi,India,110001,2022-05-13,Platinum,No
C000561,Sanjay,Iyer,sanjay.iyer561@example.com,+91-70020-97530,2010-10-15,F,"251, MG Road",Mumbai,Maharashtra,India,400001,2024-11-05,Bronze,Yes
C000562,Kiran,Nair,kiran.nair562@example.com,+91-81451-48861,2001-12-10,Other,"866, Hill View",Kochi,Kerala,India,682001,2025-11-08,Bronze,false
C000563,Sneha,Menon,sneha.menon563@example.com,+91-97880-21458,2017-03-01,Male,"484, Hill View",Kolkata,West Bengal,India,700001,2024-05-10,Gold,No
C000564,Aditya,Chopra,Aditya.Chopra.invalid,+91-83686-36033,2001-04-18,male,"292, MG Road",London,England,United Kingdom,SW1A1AA,2024-03-26,Platinum,false
C000565,,Das,pooja.das565@example.com,+91-62392-41354,2015-09-24,Male,"661, Hill View",Pune,Maharashtra,India,411001,2022-05-23,Platinum,No
C000566,Kiran,Iyer,kiran.iyer566@example.com,+91-87604-65837,2004-12-07,male,"196, Hill View",Pune,Maharashtra,India,411001,2025-04-16,Gold,1
C000567,Arjun,Kapoor,arjun.kapoor567@example.com,+91-77920-38718,1990-02-24,Female,"592, Station Road",Mumbai,Maharashtra,India,400001,2023-10-12,Gold,0
C000568,Rohan,Iyer,rohan.iyer568@example.com,+91-97099-12582,1997-11-06,Female,"674, Park Avenue",Delhi,Delhi,India,110001,2023-07-01,Platinum,1
C000569,Kavya,Verma,kavya.verma569@example.com,+91-70591-35605,1984-10-17,female,"324, Park Avenue",Hyderabad,Telangana,India,500001,2025-11-22,Platinum,No
C000570,Sneha,Iyer,sneha.iyer570@example.com,+91-96855-41166,2012-05-17,female,"939, MG Road",Hyderabad,Telangana,India,500001,2025-10-01,Platinum,true
C000571,Sanjay,Kumar,sanjay.kumar571@example.com,+91-64119-48919,2008-01-17,female,"348, Lake Road",Chennai,Tamil Nadu,India,600001,2023-01-02,Gold,1
C000572,Diya,Joshi,diya.joshi572@example.com,+91-92966-93927,2010-06-06,Other,"484, Market Street",Toronto,Ontario,Canada,M5H2N2,2022-04-17,Bronze,1
C000573,Ishaan,Singh,ishaan.singh573@example.com,+91-80349-47546,2001-04-25,female,"89, MG Road",Toronto,Ontario,Canada,M5H2N2,2024-05-21,Silver,false
C000574,Akash,Joshi,akash.joshi574@example.com,+91-61408-76627,1979-09-29,F,"188, Station Road",Delhi,Delhi,India,110001,2025-10-29,Bronze,false
C000575,Dev,Kumar,dev.kumar575@example.com,+91-72632-88954,1996-09-21,Female,"411, Lake Road",Kolkata,West Bengal,India,700001,2026-06-08,Bronze,0
C000576,Ananya,Sharma,ananya.sharma576@example.com,+91-90073-69502,2013-03-27,O,"441, MG Road",Kochi,Kerala,India,682001,2022-12-21,Platinum,Y
C000577,Ira,Chopra,ira.chopra577@example.com,+91-86890-84572,1986-02-25,female,"905, Market Street",Mumbai,Maharashtra,India,400001,2022-02-21,Platinum,Yes
C000578,Aarav,Jain,aarav.jain578@example.com,+91-98663-73205,1999-06-20,Male,"143, Market Street",London,England,United Kingdom,SW1A1AA,2023-06-15,Silver,false
C000579,Rahul,Singh,rahul.singh579@example.com,+91-97374-14491,2005-08-09,M,"275, Lake Road",Delhi,Delhi,India,110001,2025-01-20,Silver,0
C000580,Rohan,Gupta,rohan.gupta580@example.com,+91-81225-31558,2019-05-08,M,"628, Lake Road",Hyderabad,Telangana,India,500001,2025-07-11,Silver,Yes
C000581,Nisha,Kapoor,nisha.kapoor581@example.com,+91-93165-32717,1978-09-23,Other,"608, Station Road",Chennai,Tamil Nadu,India,600001,2022-03-22,Gold,Yes
C000582,Diya,Mehta,diya.mehta582@example.com,+91-99558-68843,1994-04-15,F,"424, MG Road",Pune,Maharashtra,U.S.A.,411001,2026-01-14,Bronze,1
C000583,Varun,Das,varun.das583@example.com,+91-99450-56169,1978-03-20,male,"645, Park Avenue",Pune,Maharashtra,India,411001,2025-08-04,Gold,N
C000584,Rohan,Pillai,rohan.pillai584@example.com,+91-83494-67956,2004-10-07,Female,"469, Station Road",Hyderabad,Telangana,India,500001,2022-05-26,Platinum,0
C000585,Ira,Mehta,ira.mehta585@example.com,+91-66454-84939,1992-04-23,Other,"274, MG Road",Kochi,Kerala,India,682001,2025-05-01,Gold,No
C000586,Neha,Singh,neha.singh586@example.com,+91-76570-92104,2014-08-12,female,"857, Lake Road",Kochi,Kerala,India,682001,2024-08-09,Gold,Yes
C000587,Vikram,Sharma,vikram.sharma587@example.com,+91-73456-73248,2015-04-27,M,"301, Hill View",Chennai,Tamil Nadu,India,600001,2025-12-04,Platinum,0
C000588,Aanya,Chopra,aanya.chopra588@example.com,+91-75135-13761,1978-06-18,male,"747, Park Avenue",Hyderabad,Telangana,India,500001,2023-02-05,Platinum,true
C000589,Sneha,Nair,sneha.nair589@example.com,+91-94205-32645,1989-03-30,M,"422, MG Road",London,England,United Kingdom,SW1A1AA,2023-07-02,Gold,Yes
C000590,Varun,Das,varun.das590@example.com,+91-82353-33203,2017-05-25,O,"473, Market Street",Chennai,Tamil Nadu,India,600001,2022-08-16,Gold,false
C000591,Sanjay,Reddy,sanjay.reddy591@example.com,+91-90693-34270,1998-05-21,F,"798, Station Road",London,England,United Kingdom,SW1A1AA,2024-02-22,Gold,1
C000592,Meera,Iyer,meera.iyer592@example.com,+91-87549-45438,1992-12-11,F,"792, MG Road",Bengaluru,Karnataka,India,560001,2023-07-26,Silver,Yes
C000593,Meera,Reddy,meera.reddy593@example.com,+91-75537-25005,2003-05-25,Other,"652, MG Road",Kochi,Kerala,India,682001,2024-04-13,Gold,N
C000594,Dev,Menon,dev.menon594@example.com,+91-85756-17898,1980-09-17,Female,"870, Station Road",Seattle,Washington,United States,98101,2026-04-20,Platinum,false
C000595,Dev,Singh,dev.singh595@example.com,+91-87957-87215,2007-11-24,Female,"634, Station Road",Delhi,Delhi,India,110001,2023-08-30,Platinum,Y
C000596,Nisha,Das,nisha.das596@example.com,+91-74168-76323,2002-11-11,female,"753, Market Street",Seattle,Washington,United States,98101,2023-08-26,Gold,0
C000597,Tara,Nair,tara.nair597@example.com,+91-94584-57834,1986-04-28,Other,"548, Lake Road",Hyderabad,Telangana,India,500001,2023-06-12,Platinum,Y
C000598,Maya,Chopra,maya.chopra598@example.com,+91-62677-19455,2015-10-26,Female,"660, Lake Road",Austin,Texas,United States,78701,2025-06-12,Bronze,Y
C000599,Arjun,Bose,arjun.bose599@example.com,+91-64591-14847,1998-04-11,Female,"979, MG Road",Toronto,Ontario,Canada,M5H2N2,2024-10-19,Platinum,true
C000600,Arjun,Reddy,arjun.reddy600@example.com,+91-95143-93456,1982-02-16,F,"565, Market Street",Delhi,Delhi,India,110001,2024-03-01,Bronze,Yes
C000601,Kabir,Bose,kabir.bose601@example.com,+91-65463-76817,1996-11-13,F,"772, Hill View",London,England,United Kingdom,SW1A1AA,2023-01-19,Gold,false
C000602,Aarav,Rao,aarav.rao602@example.com,+91-89915-80687,2019-09-16,Male,"757, Park Avenue",Kochi,Kerala,India,682001,2025-03-03,Platinum,false
C000603,Aarav,Menon,aarav.menon603@example.com,+91-81492-62734,2017-07-07,M,"632, Park Avenue",Chennai,Tamil Nadu,India,600001,2025-12-03,Silver,0
C000604,Tara,Iyer,tara.iyer604@example.com,+91-70831-26177,2012-01-26,Male,"213, Park Avenue",Seattle,Washington,United States,98101,2025-11-29,Platinum,0
C000605,Ishaan,Verma,ishaan.verma605@example.com,+91-70437-16018,2000-01-30,Other,"89, MG Road",Chennai,Tamil Nadu,India,600001,2023-08-08,Platinum,Y
C000606,Rahul,Reddy,rahul.reddy606@example.com,+91-66163-92039,1985-02-27,M,"587, Lake Road",Austin,Texas,United States,78701,2022-08-24,Silver,true
C000607,Maya,Singh,maya.singh607@example.com,+91-65915-74957,1979-06-05,female,"663, Station Road",Bengaluru,Karnataka,India,560001,2025-12-04,Gold,Y
C000608,Ira,Kumar,ira.kumar608@example.com,+91-82394-94711,2017-04-24,Other,"626, Hill View",Bengaluru,Karnataka,India,560001,2024-07-06,Platinum,false
C000609,Rohan,Sharma,rohan.sharma609@example.com,+91-97069-62494,1999-11-23,Female,"44, MG Road",Austin,Texas,United States,78701,2024-03-12,Platinum,0
C000610,Vikram,Kumar,vikram.kumar610@example.com,ABC123,1984-08-09,M,"454, Hill View",Pune,Maharashtra,India,411001,2025-05-28,Bronze,0
C000611,Aanya,Sharma,Aanya.Sharma.invalid,+91-80409-98303,1980-02-01,female,"897, Market Street",Kolkata,West Bengal,India,700001,2024-09-25,Gold,No
C000612,Kabir,Nair,kabir.nair612@example.com,+91-92280-83382,2018-02-09,Other,"824, Market Street",Chennai,Tamil Nadu,India,600001,2025-08-29,Silver,false
C000613,Kavya,Chopra,kavya.chopra613@example.com,+91-84484-51570,2018-07-10,M,"618, MG Road",Kolkata,West Bengal,India,700001,2024-03-24,Bronze,Yes
C000614,Sanjay,Menon,sanjay.menon614@example.com,+91-74590-68711,1991-08-24,Female,"534, MG Road",London,England,United Kingdom,SW1A1AA,2024-05-15,Silver,0
C000615,Rohan,Mehta,rohan.mehta615@example.com,+91-60836-87266,2006-11-05,Female,"871, MG Road",Hyderabad,Telangana,India,500001,2026-01-06,Gold,true
C000616,Aarav,Das,aarav.das616@example.com,+91-91893-82919,1988-06-19,Female,"788, Hill View",Kolkata,West Bengal,India,700001,2024-11-26,Platinum,true
C000617,Lakshmi,Kapoor,lakshmi.kapoor617@example.com,+91-91245-62444,2000-11-03,male,"275, MG Road",Austin,Texas,United States,78701,2023-07-19,Gold,No
C000618,Neha,Chopra,neha.chopra618@example.com,+91-63145-13859,2004-03-16,female,"350, Market Street",Pune,Maharashtra,India,411001,2023-05-12,Platinum,Y
C000619,Sneha,Kumar,sneha.kumar619@example.com,+91-66757-74679,1986-09-05,F,"387, Lake Road",Kolkata,West Bengal,India,700001,2022-04-29,Silver,No
C000620,Akash,Joshi,akash.joshi620@example.com,+91-61404-50621,1992-03-02,female,"985, Market Street",Pune,Maharashtra,India,411001,2026-02-24,Platinum,Yes
C000621,Riya,Bose,riya.bose621@example.com,+91-95957-15979,2016-05-20,Other,"551, Hill View",Toronto,Ontario,Canada,M5H2N2,2022-10-20,Bronze,0
C000622,Rahul,Rao,rahul.rao622@example.com,+91-66671-42575,1987-03-09,male,"832, Market Street",Hyderabad,Telangana,India,500001,2023-12-13,Bronze,Y
C000623,Rohan,Bose,rohan.bose623@example.com,+91-90553-70649,2019-03-03,Male,"139, Lake Road", HYDERABAD ,Telangana,India,500001,2026-03-12,Gold,No
C000624,Nisha,Joshi,nisha.joshi624@example.com,+91-79835-61433,1986-11-19,Other,"924, Lake Road",London,England,United Kingdom,SW1A1AA,2025-01-22,Gold,1
C000625,Akash,Sharma,akash.sharma625@example.com,+91-86522-65294,2013-02-10,Female,"52, Station Road",Mumbai,Maharashtra,India,400001,2025-10-04,Gold,Y
C000626,Kavya,Verma,kavya.verma626@example.com,+91-83287-14771,2017-06-13,Other,"421, Park Avenue",Kochi,Kerala,India,682001,2023-03-13,Platinum,1
C000627,Aarav,Bose,aarav.bose627@example.com,+91-75103-77109,2011-11-24,female,"76, MG Road",Austin,Texas,United States,78701,2025-02-18,Bronze,1
C000628,Arjun,Menon,arjun.menon628@example.com,+91-64329-28662,2013-11-09,Female,"730, Hill View",Bengaluru,Karnataka,India,560001,2024-11-03,VIP,1
C000629,Nisha,Das,nisha.das629@example.com,+91-77429-42624,1991-10-02,Other,"951, Market Street",Kolkata,West Bengal,India,700001,2023-08-28,Gold,Yes
C000630,Riya,Sharma,riya.sharma630@example.com,+91-79874-86900,2002-10-31,O,"283, Station Road",Toronto,Ontario,Canada,M5H2N2,2025-08-13,Silver,Yes
C000631,Ishaan,Nair,ishaan.nair631@example.com,+91-94919-81477,1996-07-11,M,"159, MG Road",Kochi,Kerala,India,682001,2024-05-18,Silver,0
C000632,Priya,Gupta,priya.gupta632@example.com,+91-90916-21742,1983-04-06,Female,"501, Park Avenue",Mumbai,Maharashtra,India,400001,31-02-2025,Bronze,true
C000633,Aditya,Gupta,aditya.gupta633@example.com,+91-76616-95291,2003-03-11,Female,"143, Lake Road",Chennai,Tamil Nadu,India,600001,2026-03-08,Silver,Y
C000634,Riya,Das,riya.das634@example.com,+91-79800-48624,1993-03-11,M,"822, Lake Road",Bengaluru,Karnataka,India,560001,2023-12-27,Platinum,N
C000635,Varun,Menon,varun.menon635@example.com,+91-85625-78577,1994-03-20,Male,"259, MG Road",Mumbai,Maharashtra,India,400001,2022-05-23,Bronze,N
C000636,Kiran,Kapoor,kiran.kapoor636@example.com,+91-77200-64208,1980-11-11,Other,"497, Park Avenue",Toronto,Ontario,Canada,M5H2N2,2025-11-15,Silver,true
C000637,Aarav,Nair,aarav.nair637@example.com,+91-74950-24026,2014-05-04,male,"845, Market Street",Seattle,Washington,United States,98101,2024-02-15,Platinum,true
C000638,Rahul,Verma,rahul.verma638@example.com,+91-64196-71057,1999-07-06,female,"860, Market Street",Delhi,Delhi,India,110001,2024-03-31,Platinum,true
C000639,Sanjay,Jain,sanjay.jain639@example.com,+91-85620-52314,2016-10-28,F,"570, Park Avenue",Kochi,Kerala,India,682001,2025-05-25,Platinum,Yes
C000640,Ishaan,Patel,ishaan.patel640@example.com,+91-93451-27342,1989-02-05,Other,"406, Hill View",Toronto,Ontario,Canada,M5H2N2,2025-02-04,Silver,true
C000641,Sanjay,Iyer,sanjay.iyer641@example.com,+91-95535-58593,1993-06-11,F,"836, Hill View",Mumbai,Maharashtra,India,400001,2023-12-18,Gold,Y
C000642,Varun,Nair,varun.nair642@example.com,+91-76001-93260,1979-12-28,female,"68, Station Road",Seattle,Washington,United States,98101,2022-05-05,Silver,N
C000643,Rohan,Das,rohan.das643@example.com,+91-95372-34567,1983-06-06,F,"443, Station Road",Seattle,Washington,United States,98101,2023-04-10,Gold,Y
C000644,Sneha,Chopra,sneha.chopra644@example.com,+91-84843-11660,1987-09-28,O,"832, Park Avenue",London,England,United Kingdom,SW1A1AA,2023-12-29,Platinum,true
C000645,Dev,Kumar,dev.kumar645@example.com,+91-91842-34488,1988-06-10,Female,"835, Station Road",London,England,United Kingdom,SW1A1AA,2026-01-01,Platinum,true
C000646,Neha,Bose,neha.bose646@example.com,+91-95611-45022,1990-01-21,O,"663, Hill View",Mumbai,Maharashtra,India,400001,2024-09-22,Platinum,Y
C000647,Sanjay,Menon,sanjay.menon647@example.com,+91-69796-77567,2006-12-06,Female,"34, Market Street",Kolkata,West Bengal,India,700001,2022-09-12,Platinum,true
C000648,Manoj,Verma,manoj.verma648@example.com,+91-99139-84124,2003-01-11,Female,"38, Station Road",Bengaluru,Karnataka,India,560001,2022-08-04,Gold,0
C000649,Vikram,Bose,vikram.bose649@example.com,+91-76852-88130,1993-11-29,Other,"869, MG Road",Hyderabad,Telangana,India,500001,2023-08-30,Silver,Y
C000650,Pooja,Patel,pooja.patel650@example.com,+91-87331-19201,1988-07-07,Male,"791, Market Street",Seattle,Washington,United States,98101,2025-09-07,Platinum,true
C000651,Aarav,Patel,aarav.patel651@example.com,+91-68208-35404,2010-06-21,O,"742, MG Road",Austin,Texas,United States,78701,2023-02-08,Platinum,false
C000652,Akash,Singh,akash.singh652@example.com,+91-82136-27873,1978-08-07,Female,"906, Lake Road",Seattle,Washington,United States,98101,2022-01-04,Gold,No
C000653,Akash,Sharma,akash.sharma653@example.com,+91-93813-65360,2014-07-12,M,"153, Market Street",Kolkata,West Bengal,India,700001,2026-01-26,Gold,N
C000654,Varun,Iyer,varun.iyer654@example.com,+91-68390-25907,1987-12-06,male,"990, Park Avenue",Delhi,Delhi,India,110001,2022-11-27,Silver,Y
C000655,Rohan,Kapoor,rohan.kapoor655@example.com,+91-97924-54340,2006-03-14,F,"460, Lake Road",Toronto,Ontario,Canada,??,2024-07-14,Silver,Y
C000656,Manoj,Reddy,manoj.reddy656@example.com,+91-72838-62167,1997-12-20,F,"645, Hill View",Hyderabad,Telangana,India,500001,2022-06-14,Gold,N
C000657,Ira,Das,ira.das657@example.com,+91-68895-30108,2013-08-13,Female,"958, MG Road",Kolkata,West Bengal,India,700001,2025-08-17,Bronze,false
C000658,Akash,Nair,Akash.Nair.invalid,+91-69293-65272,2015-08-25,F,"900, MG Road",Toronto,Ontario,Canada,M5H2N2,2025-11-14,Bronze,1
C000659,Arjun,Gupta,arjun.gupta659@example.com,+91-66438-47708,2017-01-15,Other,"105, Station Road",Kolkata,West Bengal,India,700001,2022-05-02,Gold,N
C000660,Varun,Mehta,varun.mehta660@example.com,+91-75699-46951,1996-11-16,female,"839, Market Street",Bengaluru,Karnataka,India,560001,2023-01-18,Bronze,0
C000661,Vikram,Iyer,vikram.iyer661@example.com,+91-75343-68359,2018-11-09,Other,"286, Hill View",Mumbai,Maharashtra,India,400001,2024-11-04,Silver,0
C000662,Kavya,Verma,kavya.verma662@example.com,+91-69122-23214,1988-07-08,female,"855, Hill View",Seattle,Washington,United States,98101,2024-09-25,Platinum,0
C000663,Akash,Kapoor,akash.kapoor663@example.com,+91-74904-98680,1984-06-22,Other,"513, Park Avenue",Bengaluru,Karnataka,India,560001,2024-08-11,Bronze,N
C000664,Diya,Patel,diya.patel664@example.com,+91-97820-99855,2003-03-18,Other,"404, Market Street",Bengaluru,Karnataka,India,560001,2025-10-02,Silver,No
C000665,Maya,Das,maya.das665@example.com,+91-91242-65476,1990-09-12,M,"732, Station Road",Mumbai,Maharashtra,India,400001,2025-12-07,Silver,false
C000666,Kiran,Reddy,kiran.reddy666@example.com,+91-82876-77586,1991-07-27,Male,"822, Market Street",Pune,Maharashtra,India,411001,2022-03-27,Platinum,N
C000667,Kabir,Mehta,kabir.mehta667@example.com,+91-81078-68730,1981-06-26,Female,"414, MG Road",Kolkata,West Bengal,India,700001,2022-04-01,Gold,1
C000668,Ananya,Nair,ananya.nair668@example.com,+91-65296-14089,1998-06-15,Male,"621, Station Road",Pune,Maharashtra,India,411001,2024-07-11,Platinum,1
C000669,Neha,Pillai,neha.pillai669@example.com,+91-60461-80499,1979-10-30,O,"428, Market Street",London,England,United Kingdom,SW1A1AA,2024-12-14,Gold,0
C000670,Akash,Das,akash.das670@example.com,+91-65425-41966,2001-01-25,Male,"352, Station Road",Delhi,Delhi,India,110001,2024-05-28,Gold,N
C000671,Aditya,Rao,aditya.rao671@example.com,ABC123,1983-07-06,F,"778, MG Road",London,England,United Kingdom,SW1A1AA,2023-03-19,Platinum,Y
C000672,Aditya,Gupta,aditya.gupta672@example.com,+91-77825-97911,1985-05-06,male,"112, Market Street",Mumbai,Maharashtra,India,400001,2024-06-20,Silver,false
C000673,Dev,Jain,dev.jain673@example.com,+91-62140-54916,1999-09-09,F,"905, Market Street",Pune,Maharashtra,India,411001,2024-01-19,Platinum,Y
C000674,Vikram,Menon,vikram.menon674@example.com,+91-91528-86557,1999-01-01,Male,"946, Station Road",Chennai,Tamil Nadu,India,600001,2026-06-24,Silver,Y
C000675,Riya,Bose,riya.bose675@example.com,+91-89336-51541,2012-12-04,Other,"469, Park Avenue",Mumbai,Maharashtra,India,400001,2025-10-02,Silver,Yes
C000676,Ira,Das,ira.das676@example.com,+91-65864-74728,1986-01-03,M,"899, Lake Road",Toronto,Ontario,Canada,M5H2N2,2026-05-26,Platinum,N
C000677,Ananya,Singh,ananya.singh677@example.com,+91-66628-23641,1994-04-02,M,"614, Hill View",Chennai,Tamil Nadu,India,600001,2025-11-29,Platinum,Y
C000678,,Gupta,vikram.gupta678@example.com,+91-75246-50174,2001-02-16,Other,"244, Market Street",Hyderabad,Telangana,India,500001,2025-10-01,Gold,false
C000679,Dev,Iyer,dev.iyer679@example.com,+91-94690-33898,2013-08-22,Other,"454, MG Road",Delhi,Delhi,U.S.A.,110001,2025-04-20,Platinum,false
C000680,Priya,Menon,priya.menon680@example.com,+91-78435-64146,2017-01-21,Female,"434, Lake Road",Toronto,Ontario,Canada,M5H2N2,2022-08-04,Silver,N
C000681,Nisha,Sharma,nisha.sharma681@example.com,+91-65191-17720,2015-04-22,male,"811, Station Road",Kochi,Kerala,India,682001,2022-12-12,Bronze,true
C000682,Maya,Verma,maya.verma682@example.com,+91-80294-99131,1991-06-08,female,"917, Lake Road",Toronto,Ontario,Canada,M5H2N2,2023-07-02,Platinum,1
C000683,Maya,Patel,maya.patel683@example.com,+91-84233-89321,2004-10-26,female,"316, Park Avenue",Hyderabad,Telangana,India,500001,2024-06-28,Platinum,0
C000684,Dev,Nair,dev.nair684@example.com,+91-63416-94396,2015-08-04,F,"251, Park Avenue",Bengaluru,Karnataka,India,560001,2025-08-25,Silver,N
C000685,Tara,Bose,tara.bose685@example.com,+91-97912-91882,1985-12-15,Other,"923, Market Street",Kolkata,West Bengal,India,700001,2026-03-06,Bronze,false
C000686,Zoya,Reddy,zoya.reddy686@example.com,+91-84017-21177,2015-07-11,F,"767, Station Road",Chennai,Tamil Nadu,India,600001,2026-04-14,Bronze,Y
C000687,Rahul,Sharma,rahul.sharma687@example.com,+91-79578-44410,1991-01-29,Male,"668, MG Road",Kochi,Kerala,India,682001,2025-02-23,Silver,Y
C000688,Aanya,Bose,aanya.bose688@example.com,+91-98564-71913,2016-01-31,Female,"182, Hill View",Pune,Maharashtra,India,411001,2026-05-18,Bronze,0
C000689,Akash,Mehta,akash.mehta689@example.com,+91-85347-48385,2014-12-18,M,"577, Hill View",Austin,Texas,United States,78701,2025-10-23,Gold,N
C000690,Vikram,Pillai,vikram.pillai690@example.com,+91-82742-82890,2014-08-10,male,"370, Hill View",Austin,Texas,United States,78701,2024-07-23,Bronze,0
C000691,Diya,Kapoor,diya.kapoor691@example.com,+91-82356-73073,2011-12-02,O,"4, Lake Road",Pune,Maharashtra,India,411001,2025-06-03,Silver,N
BAD692,Kavya,Gupta,kavya.gupta692@example.com,+91-94088-83452,1989-03-24,male,"888, Lake Road",Kolkata,West Bengal,India,700001,2023-07-14,Silver,Y
C000693,Aanya,Reddy,aanya.reddy693@example.com,+91-97345-88056,1986-11-18,Female,"834, MG Road",Austin,Texas,United States,78701,2022-10-20,Silver,No
C000694,Meera,Reddy,meera.reddy694@example.com,+91-64885-88131,2006-07-23,O,"971, Station Road",Austin,Texas,United States,78701,2025-08-18,Bronze,1
C000695,Priya,Jain,priya.jain695@example.com,+91-89342-46248,1979-11-08,O,"859, Station Road",Pune,Maharashtra,India,411001,2023-07-18,Platinum,1
C000696,Aanya,Gupta,aanya.gupta696@example.com,+91-76550-15349,1988-05-30,Female,"343, Lake Road",Pune,Maharashtra,India,411001,2023-04-04,Bronze,No
C000697,Arjun,Kapoor,arjun.kapoor697@example.com,+91-65075-85025,2005-11-06,Male,"699, MG Road",Toronto,Ontario,Canada,M5H2N2,2024-03-21,Bronze,Y
C000698,Ira,Shah,ira.shah698@example.com,+91-64881-22368,1981-10-27,Male,"535, Park Avenue",Toronto,Ontario,Canada,M5H2N2,2026-02-25,Silver,No
C000699,Arjun,Kapoor,arjun.kapoor699@example.com,+91-90937-72367,2011-05-16,male,"956, Lake Road",Delhi,Delhi,India,110001,2023-03-15,Silver,No
C000700,Pooja,Bose,pooja.bose700@example.com,+91-73027-42752,1978-12-19,F,"465, Hill View",Kolkata,West Bengal,India,700001,2024-12-25,Bronze,false
C000701,Aarav,Sharma,aarav.sharma701@example.com,+91-83736-57454,2002-05-23,male,"904, Station Road",London,England,United Kingdom,SW1A1AA,2025-07-31,Platinum,0
C000702,Kavya,Reddy,kavya.reddy702@example.com,+91-79766-51786,2012-07-20,O,"772, Station Road",Toronto,Ontario,Canada,M5H2N2,2023-05-02,Silver,false
C000703,Tara,Pillai,tara.pillai703@example.com,+91-64844-49063,1997-05-31,M,"148, MG Road",Bengaluru,Karnataka,India,560001,2025-06-25,Gold,No
C000704,Rahul,Iyer,rahul.iyer704@example.com,+91-85303-49692,2001-07-28,Male,"592, Market Street",Kolkata,West Bengal,India,700001,2025-07-12,Gold,Yes
C000705,Ishaan,Mehta,Ishaan.Mehta.invalid,+91-94637-52178,1989-07-02,Other,"265, Market Street",Seattle,Washington,United States,98101,2024-01-28,Platinum,1
C000706,Aarav,Menon,aarav.menon706@example.com,+91-65387-75687,1992-01-15,M,"773, Station Road",Kochi,Kerala,India,682001,2024-03-05,Platinum,true
C000707,Akash,Shah,akash.shah707@example.com,+91-95688-94635,2000-04-23,Other,"940, Market Street",Toronto,Ontario,Canada,M5H2N2,2022-06-04,Silver,Yes
C000708,Vikram,Sharma,vikram.sharma708@example.com,+91-66866-70993,2003-01-24,F,"31, Lake Road",Austin,Texas,United States,78701,2025-11-14,Silver,0
C000709,Pooja,Shah,pooja.shah709@example.com,+91-88330-56680,1995-07-19,Male,"104, Station Road",Toronto,Ontario,Canada,M5H2N2,2025-12-06,Gold,0
C000710,Varun,Kapoor,varun.kapoor710@example.com,+91-64660-57660,1986-03-20,male,"135, Hill View",Delhi,Delhi,India,110001,2022-09-09,Bronze,N
C000711,Varun,Sharma,varun.sharma711@example.com,+91-99462-57056,2018-12-20,Male,"748, MG Road",Bengaluru,Karnataka,India,560001,31-02-2025,Silver,true
C000712,Maya,Reddy,maya.reddy712@example.com,+91-83374-61673,2017-02-23,female,"896, Park Avenue", HYDERABAD ,Telangana,India,500001,2026-05-18,Gold,Yes
C000713,Tara,Bose,tara.bose713@example.com,+91-60506-71028,2018-08-17,Other,"572, Hill View",Pune,Maharashtra,India,411001,2024-08-29,Silver,No
C000714,Rohan,Verma,rohan.verma714@example.com,+91-87114-35967,1992-07-04,O,"97, MG Road",Delhi,Delhi,India,110001,2022-04-17,Silver,No
C000715,Maya,Bose,maya.bose715@example.com,+91-88425-89997,1986-08-12,O,"756, Market Street",Kolkata,West Bengal,India,700001,2026-01-28,Silver,1
C000716,Kabir,Patel,kabir.patel716@example.com,+91-95914-65887,2014-10-20,F,"337, MG Road",Mumbai,Maharashtra,India,400001,2022-08-17,Silver,No
C000717,Varun,Verma,varun.verma717@example.com,+91-68927-21676,2000-11-29,M,"32, Lake Road",Kochi,Kerala,India,682001,2026-05-03,Bronze,1
C000718,Riya,Mehta,riya.mehta718@example.com,+91-76560-17598,2007-05-01,Male,"467, Park Avenue",Bengaluru,Karnataka,India,560001,2024-05-12,Gold,1
C000719,Pooja,Das,pooja.das719@example.com,+91-89136-44579,2007-03-27,F,"937, Station Road",Delhi,Delhi,India,110001,2022-08-14,Gold,false
C000720,Ishaan,Joshi,ishaan.joshi720@example.com,+91-97878-11333,2007-04-14,F,"930, Station Road",London,England,United Kingdom,SW1A1AA,2022-09-07,Platinum,No
C000721,Ananya,Singh,ananya.singh721@example.com,+91-95770-62123,1995-03-05,O,"665, Market Street",Chennai,Tamil Nadu,India,600001,2023-09-03,Bronze,false
C000722,Kiran,Kapoor,kiran.kapoor722@example.com,+91-97658-27348,2010-12-12,Male,"622, Station Road",Austin,Texas,United States,78701,2024-12-09,Bronze,N
C000723,Rohan,Rao,rohan.rao723@example.com,+91-68141-90713,1994-02-03,male,"805, Market Street",Seattle,Washington,United States,98101,2024-08-23,Bronze,true
C000724,Kavya,Pillai,kavya.pillai724@example.com,+91-69147-30897,1979-03-11,female,"716, Market Street",Hyderabad,Telangana,India,500001,2025-08-25,Platinum,true
C000725,Kabir,Chopra,kabir.chopra725@example.com,+91-62445-94638,1982-04-23,female,"242, Hill View",Hyderabad,Telangana,India,500001,2022-09-18,Platinum,true
C000726,Zoya,Kapoor,zoya.kapoor726@example.com,+91-63175-21989,2012-04-24,F,"935, MG Road",Kochi,Kerala,India,682001,2022-05-26,Gold,0
C000727,Akash,Singh,akash.singh727@example.com,+91-66542-24542,2009-02-04,Male,"287, Market Street",Mumbai,Maharashtra,India,400001,2023-09-18,Gold,N
C000728,Ishaan,Verma,ishaan.verma728@example.com,+91-84360-77390,1983-02-17,F,"788, MG Road",Pune,Maharashtra,India,411001,2025-03-17,Bronze,0
C000729,Riya,Singh,riya.singh729@example.com,+91-87467-44700,1987-08-02,male,"718, Lake Road",Hyderabad,Telangana,India,500001,2025-12-22,Bronze,Y
C000730,Arjun,Kapoor,arjun.kapoor730@example.com,+91-95853-12496,2013-04-09,male,"543, Market Street",Hyderabad,Telangana,India,500001,2024-06-06,Bronze,1
C000731,Kavya,Rao,kavya.rao731@example.com,+91-82720-66985,1980-04-07,O,"90, Market Street",Mumbai,Maharashtra,India,400001,2022-04-01,Gold,true
C000732,Sanjay,Shah,sanjay.shah732@example.com,ABC123,2019-12-14,Male,"629, MG Road",Kochi,Kerala,India,682001,2023-05-07,Gold,Yes
C000733,Nisha,Verma,nisha.verma733@example.com,+91-91665-99250,2016-03-08,female,"567, Station Road",Delhi,Delhi,India,110001,2025-07-02,Platinum,N
C000734,Maya,Pillai,maya.pillai734@example.com,+91-69869-78126,2017-01-18,female,"717, Lake Road",Hyderabad,Telangana,India,500001,2023-11-11,Bronze,true
C000735,Ananya,Reddy,ananya.reddy735@example.com,+91-96674-91002,1979-02-18,Other,"790, MG Road",Seattle,Washington,United States,98101,2022-07-09,Silver,Yes
C000736,Sneha,Chopra,sneha.chopra736@example.com,+91-81015-93802,1982-05-21,Other,"748, Park Avenue",Hyderabad,Telangana,India,500001,2023-07-14,Gold,1
C000737,Ananya,Rao,ananya.rao737@example.com,+91-77238-22293,2017-12-17,male,"555, Park Avenue",Chennai,Tamil Nadu,India,600001,2024-04-21,Platinum,N
C000738,Akash,Jain,akash.jain738@example.com,+91-61324-11835,1995-12-08,female,"614, Station Road",Toronto,Ontario,Canada,M5H2N2,2022-01-26,Platinum,Y
C000739,Rohan,Menon,rohan.menon739@example.com,+91-86611-24058,1982-12-14,Male,"541, Lake Road",Delhi,Delhi,India,110001,2024-12-16,Gold,0
C000740,Maya,Singh,maya.singh740@example.com,+91-68353-99761,2012-12-08,M,"120, MG Road",Hyderabad,Telangana,India,500001,2022-01-10,Bronze,N
C000741,Akash,Nair,akash.nair741@example.com,+91-69291-18499,1990-10-23,O,"804, MG Road",Kolkata,West Bengal,India,700001,2024-05-10,Bronze,false
C000742,Arjun,Shah,arjun.shah742@example.com,+91-82404-47251,1988-07-16,female,"753, MG Road",Seattle,Washington,United States,98101,2022-12-30,Platinum,Y
C000743,Priya,Verma,priya.verma743@example.com,+91-64878-87437,2002-09-10,Female,"469, Market Street",Hyderabad,Telangana,India,500001,2025-04-14,Silver,1
C000744,Meera,Iyer,meera.iyer744@example.com,+91-69853-90137,1982-02-27,female,"638, MG Road",Seattle,Washington,United States,98101,2022-11-06,Silver,false
C000745,Varun,Reddy,varun.reddy745@example.com,+91-81321-33159,1985-06-08,O,"11, Hill View",Bengaluru,Karnataka,India,560001,2023-05-08,Bronze,1
C000746,Aarav,Pillai,aarav.pillai746@example.com,+91-93112-49039,2018-01-25,male,"629, Hill View",Mumbai,Maharashtra,India,400001,2024-05-04,Gold,false
C000747,Akash,Verma,akash.verma747@example.com,+91-98029-76221,1989-08-13,O,"353, Park Avenue",Kochi,Kerala,India,682001,2024-01-04,Bronze,No
C000748,Neha,Shah,neha.shah748@example.com,+91-64179-86819,2002-09-17,male,"935, MG Road",Austin,Texas,United States,78701,2022-07-15,Gold,N
C000749,Tara,Kapoor,tara.kapoor749@example.com,+91-64566-41086,1979-11-03,female,"413, Station Road",Kochi,Kerala,India,682001,2025-04-26,Bronze,false
C000750,Kabir,Verma,kabir.verma750@example.com,+91-89516-95280,1997-06-19,Female,"241, Station Road",Seattle,Washington,United States,98101,2024-05-11,Silver,Yes
C000751,Rohan,Kumar,rohan.kumar751@example.com,+91-74732-47972,2019-05-20,Other,"622, Market Street",Mumbai,Maharashtra,India,400001,2023-10-12,Platinum,No
C000752,Vikram,Patel,Vikram.Patel.invalid,+91-62894-25920,2006-03-22,female,"276, Lake Road",Toronto,Ontario,Canada,M5H2N2,2025-11-29,Silver,No
C000753,Aarav,Mehta,aarav.mehta753@example.com,+91-63348-80930,1990-05-31,male,"542, MG Road",Mumbai,Maharashtra,India,400001,2022-02-01,Bronze,true
C000754,Nisha,Verma,nisha.verma754@example.com,+91-82254-18260,2005-06-24,Female,"534, Hill View",Mumbai,Maharashtra,India,400001,2022-07-03,Bronze,0
C000755,Tara,Das,tara.das755@example.com,+91-75833-21140,2013-05-22,male,"455, Park Avenue",Austin,Texas,United States,78701,2025-04-21,Gold,Y
C000756,Meera,Shah,meera.shah756@example.com,+91-77261-22957,2019-05-08,O,"377, Station Road",Toronto,Ontario,Canada,M5H2N2,2022-08-31,Bronze,No
C000757,Dev,Verma,dev.verma757@example.com,+91-62532-20620,2003-01-18,Female,"218, Market Street",Hyderabad,Telangana,India,500001,2026-02-10,Platinum,No
C000758,Arjun,Verma,arjun.verma758@example.com,+91-98951-96598,1981-12-12,F,"361, MG Road",Austin,Texas,United States,78701,2025-01-02,Bronze,N
C000759,Lakshmi,Chopra,lakshmi.chopra759@example.com,+91-79210-32869,1999-03-06,Other,"590, MG Road",Bengaluru,Karnataka,India,560001,2024-03-19,Gold,Y
C000760,Priya,Iyer,priya.iyer760@example.com,+91-98707-81268,1983-08-04,F,"449, Market Street",Mumbai,Maharashtra,India,400001,2026-04-01,Platinum,N
C000761,Akash,Bose,akash.bose761@example.com,+91-71907-87740,2012-03-20,Other,"454, Market Street",Delhi,Delhi,India,110001,2022-07-24,Bronze,0
C000762,Varun,Sharma,varun.sharma762@example.com,+91-61874-26013,2001-09-15,female,"22, MG Road",Mumbai,Maharashtra,India,400001,2025-10-18,Gold,Yes
C000763,Aarav,Reddy,aarav.reddy763@example.com,+91-80787-94387,1996-09-06,female,"18, MG Road",London,England,United Kingdom,SW1A1AA,2022-02-24,Silver,false
C000764,Sneha,Das,sneha.das764@example.com,+91-71249-21713,2019-05-29,female,"917, MG Road",Austin,Texas,United States,78701,2025-03-11,Bronze,0
C000765,Priya,Rao,priya.rao765@example.com,+91-67570-60236,1994-04-05,F,"763, Hill View",Toronto,Ontario,Canada,M5H2N2,2022-12-18,Gold,No
C000766,Ira,Reddy,ira.reddy766@example.com,+91-89600-34828,1994-07-02,female,"674, Lake Road",Kolkata,West Bengal,India,700001,2025-09-21,Silver,false
C000767,Diya,Chopra,diya.chopra767@example.com,+91-76610-21976,1989-06-25,F,"180, Station Road",Pune,Maharashtra,India,411001,2022-08-25,Silver,No
C000768,Varun,Kapoor,varun.kapoor768@example.com,+91-88252-15434,2006-05-15,F,"69, Park Avenue",Bengaluru,Karnataka,India,560001,2023-11-16,Silver,0
C000769,Ira,Patel,ira.patel769@example.com,+91-91184-68065,1987-12-28,F,"43, MG Road",Kolkata,West Bengal,India,700001,2022-10-04,Bronze,false
C000770,Neha,Bose,neha.bose770@example.com,+91-79399-90081,1989-05-12,Male,"480, Station Road",Pune,Maharashtra,India,411001,2025-07-22,Gold,No
C000771,Lakshmi,Sharma,lakshmi.sharma771@example.com,+91-76294-84041,1987-05-06,Female,"1, Lake Road",London,England,United Kingdom,SW1A1AA,2026-04-11,Silver,false
C000772,Meera,Nair,meera.nair772@example.com,+91-86861-46506,2011-10-08,M,"536, Market Street",Kochi,Kerala,India,682001,2024-08-12,Gold,1
C000773,Arjun,Kapoor,arjun.kapoor773@example.com,+91-67732-19891,1981-02-11,M,"8, Lake Road",Toronto,Ontario,Canada,M5H2N2,2022-07-22,Silver,1
C000774,Arjun,Jain,arjun.jain774@example.com,+91-83629-77489,2009-04-24,O,"777, Lake Road",Delhi,Delhi,India,110001,2025-08-08,Platinum,Yes
C000775,Aanya,Rao,aanya.rao775@example.com,+91-76343-10429,2004-07-31,O,"514, Park Avenue",Pune,Maharashtra,India,411001,2024-10-26,Bronze,true
C000776,Diya,Chopra,diya.chopra776@example.com,+91-81510-92749,1994-08-14,F,"263, Hill View",Pune,Maharashtra,U.S.A.,411001,2023-05-23,Gold,Y
C000777,Meera,Mehta,meera.mehta777@example.com,+91-73959-61898,1991-09-16,M,"722, Lake Road",Toronto,Ontario,Canada,M5H2N2,2023-04-20,Gold,Yes
C000778,Kavya,Rao,kavya.rao778@example.com,+91-99623-30862,2004-06-19,female,"302, MG Road",Pune,Maharashtra,India,411001,2024-04-13,Gold,true
C000779,Dev,Rao,dev.rao779@example.com,+91-66475-10685,1991-01-16,O,"631, Station Road",Delhi,Delhi,India,110001,2022-04-02,Bronze,N
C000780,Kiran,Jain,kiran.jain780@example.com,+91-81947-51319,2004-02-13,Other,"856, Station Road",London,England,United Kingdom,SW1A1AA,2025-01-11,Platinum,1
C000781,Arjun,Pillai,arjun.pillai781@example.com,+91-92308-68183,2004-08-09,M,"632, Market Street",Seattle,Washington,United States,98101,2025-08-29,Platinum,1
C000782,Ananya,Nair,ananya.nair782@example.com,+91-79898-81113,1996-09-04,Other,"178, Station Road",Seattle,Washington,United States,98101,2022-05-08,Platinum,N
C000783,Lakshmi,Joshi,lakshmi.joshi783@example.com,+91-95315-60849,2016-09-09,male,"737, MG Road",London,England,United Kingdom,SW1A1AA,2022-06-17,Bronze,Y
C000784,Zoya,Reddy,zoya.reddy784@example.com,+91-93084-57587,2009-09-05,male,"205, Park Avenue",Pune,Maharashtra,India,411001,2022-02-23,Bronze,No
C000785,Meera,Bose,meera.bose785@example.com,+91-89265-23029,1993-10-18,M,"788, Market Street",London,England,United Kingdom,SW1A1AA,2024-05-18,VIP,false
C000786,Meera,Chopra,meera.chopra786@example.com,+91-64745-80458,1983-05-02,male,"610, MG Road",Bengaluru,Karnataka,India,??,2026-01-15,Gold,No
C000787,Tara,Pillai,tara.pillai787@example.com,+91-75404-10985,2016-03-23,Male,"794, Lake Road",Delhi,Delhi,India,110001,2024-01-13,Silver,N
C000788,Akash,Gupta,akash.gupta788@example.com,+91-85263-73840,2014-09-25,M,"805, Market Street",Mumbai,Maharashtra,India,400001,2023-07-21,Gold,No
C000789,Riya,Gupta,riya.gupta789@example.com,+91-76974-75357,1982-03-02,Male,"883, Station Road",Seattle,Washington,United States,98101,2023-12-28,Platinum,0
C000790,Diya,Bose,diya.bose790@example.com,+91-87736-16487,1994-04-10,F,"798, Hill View",Bengaluru,Karnataka,India,560001,31-02-2025,Platinum,No
C000791,,Sharma,kavya.sharma791@example.com,+91-81906-25349,2017-02-25,Other,"154, Hill View",Seattle,Washington,United States,98101,2024-04-05,Silver,Y
C000792,Arjun,Singh,arjun.singh792@example.com,+91-90982-58073,1987-07-05,M,"338, Station Road",Seattle,Washington,United States,98101,2023-12-28,Bronze,Yes
C000793,Sneha,Nair,sneha.nair793@example.com,ABC123,1996-01-18,F,"782, Market Street",Delhi,Delhi,India,110001,2023-09-06,Bronze,Yes
C000794,Priya,Das,priya.das794@example.com,+91-88180-56736,2008-03-08,Other,"419, Station Road",Seattle,Washington,United States,98101,2025-09-01,Gold,0
C000795,Diya,Shah,diya.shah795@example.com,+91-82765-24381,1979-03-25,M,"605, Park Avenue",Mumbai,Maharashtra,India,400001,2024-11-23,Platinum,0
C000796,Riya,Joshi,riya.joshi796@example.com,+91-75944-42160,1980-08-02,Male,"239, Park Avenue",London,England,United Kingdom,SW1A1AA,2024-11-01,Silver,1
C000797,Kavya,Patel,kavya.patel797@example.com,+91-77961-16355,2006-02-07,Other,"68, Station Road",Bengaluru,Karnataka,India,560001,2022-10-25,Silver,false
C000798,Sneha,Menon,sneha.menon798@example.com,+91-76544-99851,1982-04-11,Male,"673, Lake Road",Seattle,Washington,United States,98101,2025-12-26,Platinum,0
C000799,Aarav,Sharma,Aarav.Sharma.invalid,+91-71861-38739,2006-06-06,Other,"650, Lake Road",Mumbai,Maharashtra,India,400001,2025-02-12,Silver,No
C000800,Sanjay,Gupta,sanjay.gupta800@example.com,+91-78721-46255,1990-11-29,M,"625, Park Avenue",Mumbai,Maharashtra,India,400001,2025-02-04,Gold,Y
C000801,Riya,Das,riya.das801@example.com,+91-73254-67862,2006-04-04,Female,"32, Park Avenue", KOCHI ,Kerala,India,682001,2023-05-01,Platinum,false
C000802,Sneha,Reddy,sneha.reddy802@example.com,+91-64248-84014,1978-09-28,male,"756, Hill View",Toronto,Ontario,Canada,M5H2N2,2025-12-30,Platinum,0
C000803,Dev,Patel,dev.patel803@example.com,+91-71306-85894,1992-06-07,O,"801, Park Avenue",Delhi,Delhi,India,110001,2022-01-19,Platinum,1
C000804,Sanjay,Kapoor,sanjay.kapoor804@example.com,+91-73370-24339,1986-09-28,O,"518, Station Road",Toronto,Ontario,Canada,M5H2N2,2023-12-07,Silver,1
C000805,Priya,Kapoor,priya.kapoor805@example.com,+91-77421-91828,1979-02-10,female,"459, Lake Road",Hyderabad,Telangana,India,500001,2026-01-05,Platinum,No
C000806,Aditya,Sharma,aditya.sharma806@example.com,+91-86199-75548,1984-06-27,Female,"854, Lake Road",Kochi,Kerala,India,682001,2024-05-08,Platinum,No
C000807,Dev,Gupta,dev.gupta807@example.com,+91-76132-46646,1989-11-26,male,"700, Park Avenue",London,England,United Kingdom,SW1A1AA,2022-08-01,Silver,0
C000808,Akash,Reddy,akash.reddy808@example.com,+91-87840-87525,1990-08-01,M,"924, Park Avenue",Seattle,Washington,United States,98101,2022-12-31,Bronze,No
C000809,Arjun,Kumar,arjun.kumar809@example.com,+91-72089-95658,1998-01-25,Other,"497, Station Road",London,England,United Kingdom,SW1A1AA,2024-03-16,Platinum,Yes
C000810,Sanjay,Kapoor,sanjay.kapoor810@example.com,+91-68827-76978,2012-11-11,M,"997, Hill View",Austin,Texas,United States,78701,2024-10-07,Gold,0
C000811,Nisha,Bose,nisha.bose811@example.com,+91-82240-31142,2019-04-18,Female,"163, MG Road",Seattle,Washington,United States,98101,2025-04-05,Gold,1
C000812,Vikram,Rao,vikram.rao812@example.com,+91-87901-93069,2002-02-05,O,"978, Market Street",Bengaluru,Karnataka,India,560001,2024-07-10,Gold,No
C000813,Manoj,Iyer,manoj.iyer813@example.com,+91-85863-50700,1981-10-22,female,"317, Hill View",Seattle,Washington,United States,98101,2025-01-10,Gold,1
C000814,Dev,Joshi,dev.joshi814@example.com,+91-71921-14661,2009-07-06,Male,"751, Hill View",Kolkata,West Bengal,India,700001,2022-05-15,Gold,No
C000815,Aarav,Iyer,aarav.iyer815@example.com,+91-78632-51926,1988-10-12,Female,"579, Hill View",Pune,Maharashtra,India,411001,2024-08-06,Bronze,false
C000816,Tara,Sharma,tara.sharma816@example.com,+91-64605-80533,2011-01-05,O,"395, Market Street",Austin,Texas,United States,78701,2024-02-05,Bronze,1
C000817,Ananya,Gupta,ananya.gupta817@example.com,+91-72342-95324,1994-06-22,male,"440, Station Road",Kolkata,West Bengal,India,700001,2022-08-05,Gold,1
C000818,Nisha,Kapoor,nisha.kapoor818@example.com,+91-98375-68358,1980-09-25,male,"25, Station Road",Mumbai,Maharashtra,India,400001,2025-01-31,Bronze,1
C000819,Akash,Chopra,akash.chopra819@example.com,+91-87163-71999,2006-03-14,Female,"615, Hill View",Kochi,Kerala,India,682001,2022-10-04,Gold,N
C000820,Kiran,Gupta,kiran.gupta820@example.com,+91-72962-57747,2019-04-08,female,"66, Lake Road",Hyderabad,Telangana,India,500001,2024-06-21,Silver,1
C000821,Aarav,Rao,aarav.rao821@example.com,+91-65412-44490,1998-02-05,Male,"520, MG Road",Toronto,Ontario,Canada,M5H2N2,2026-03-11,Platinum,0
C000822,Diya,Shah,diya.shah822@example.com,+91-68627-54688,2002-03-23,male,"667, Lake Road",Delhi,Delhi,India,110001,2022-08-29,Silver,0
C000823,Ananya,Kapoor,ananya.kapoor823@example.com,+91-79592-30104,1984-03-19,Other,"541, Hill View",Delhi,Delhi,India,110001,2026-01-13,Gold,No
C000824,Diya,Das,diya.das824@example.com,+91-90020-47004,1983-05-28,male,"186, MG Road",Pune,Maharashtra,India,411001,2023-01-25,Gold,true
C000825,Arjun,Bose,arjun.bose825@example.com,+91-89387-31376,1987-03-02,Female,"133, Lake Road",Kolkata,West Bengal,India,700001,2024-06-24,Gold,Yes
C000826,Aanya,Jain,aanya.jain826@example.com,+91-75885-16314,1995-12-02,Female,"254, Market Street",Delhi,Delhi,India,110001,2023-03-27,Bronze,false
C000827,Zoya,Reddy,zoya.reddy827@example.com,+91-62912-45371,2001-04-11,Other,"900, Market Street",Austin,Texas,United States,78701,2023-08-07,Bronze,Y
C000828,Ishaan,Nair,ishaan.nair828@example.com,+91-73520-30273,2006-11-18,Female,"809, Park Avenue",Kolkata,West Bengal,India,700001,2022-04-02,Gold,N
C000829,Rahul,Joshi,rahul.joshi829@example.com,+91-78695-45974,1993-11-03,Female,"799, Market Street",Pune,Maharashtra,India,411001,2026-02-18,Bronze,No
C000830,Rohan,Gupta,rohan.gupta830@example.com,+91-82479-69980,1988-10-19,male,"339, Hill View",Bengaluru,Karnataka,India,560001,2024-02-23,Bronze,true
C000831,Kabir,Kapoor,kabir.kapoor831@example.com,+91-84269-35837,2008-10-21,Male,"803, Hill View",Kochi,Kerala,India,682001,2023-05-05,Platinum,0
C000832,Nisha,Sharma,nisha.sharma832@example.com,+91-67102-14655,2011-11-24,female,"186, Lake Road",Austin,Texas,United States,78701,2026-05-06,Silver,N
C000833,Lakshmi,Bose,lakshmi.bose833@example.com,+91-62064-38674,2003-07-21,female,"456, Station Road",Mumbai,Maharashtra,India,400001,2026-03-05,Gold,Y
C000834,Kiran,Jain,kiran.jain834@example.com,+91-84879-28715,1979-09-10,Male,"191, Lake Road",Hyderabad,Telangana,India,500001,2024-09-10,Silver,1
C000835,Kavya,Menon,kavya.menon835@example.com,+91-76267-28428,1987-12-08,F,"133, Station Road",Seattle,Washington,United States,98101,2025-04-23,Gold,false
C000836,Kiran,Chopra,kiran.chopra836@example.com,+91-63148-46278,2011-10-22,O,"436, Lake Road",Mumbai,Maharashtra,India,400001,2025-02-07,Silver,Y
C000837,Aanya,Chopra,aanya.chopra837@example.com,+91-80046-85981,2006-02-28,Male,"276, Park Avenue",Chennai,Tamil Nadu,India,600001,2023-03-09,Gold,1
C000838,Meera,Menon,meera.menon838@example.com,+91-74274-89123,2014-11-25,female,"290, MG Road",Pune,Maharashtra,India,411001,2025-09-26,Gold,true
C000839,Sneha,Das,sneha.das839@example.com,+91-90944-39398,1978-04-18,O,"331, Hill View",Kochi,Kerala,India,682001,2022-04-17,Platinum,true
C000840,Akash,Jain,akash.jain840@example.com,+91-61174-73582,1986-06-03,M,"418, Hill View",Kochi,Kerala,India,682001,2023-06-25,Platinum,Y
C000841,Sneha,Bose,sneha.bose841@example.com,+91-94023-16224,1987-04-24,Other,"795, Station Road",Chennai,Tamil Nadu,India,600001,2022-04-02,Gold,No
C000842,Kabir,Pillai,kabir.pillai842@example.com,+91-87188-66709,1980-04-27,Male,"867, MG Road",Pune,Maharashtra,India,411001,2025-03-25,Gold,false
C000843,Sneha,Sharma,sneha.sharma843@example.com,+91-66127-61502,2018-08-16,Female,"698, Station Road",Pune,Maharashtra,India,411001,2025-10-29,Gold,N
C000844,Rohan,Patel,rohan.patel844@example.com,+91-99677-50878,2000-03-30,male,"474, MG Road",Toronto,Ontario,Canada,M5H2N2,2025-05-26,Gold,0
C000845,Varun,Kumar,varun.kumar845@example.com,+91-60988-90538,2019-03-30,Male,"480, Station Road",Toronto,Ontario,Canada,M5H2N2,2024-12-06,Silver,0
C000846,Neha,Reddy,Neha.Reddy.invalid,+91-74361-63546,1999-03-03,Female,"203, Lake Road",Delhi,Delhi,India,110001,2022-12-17,Silver,Y
C000847,Arjun,Iyer,arjun.iyer847@example.com,+91-69302-68251,1986-04-22,F,"65, Lake Road",Hyderabad,Telangana,India,500001,2023-04-09,Platinum,false
C000848,Zoya,Nair,zoya.nair848@example.com,+91-76107-21190,2004-02-14,Other,"592, Hill View",Kochi,Kerala,India,682001,2023-03-26,Gold,1
C000849,Maya,Chopra,maya.chopra849@example.com,+91-83996-23346,1999-08-13,Male,"378, Park Avenue",Bengaluru,Karnataka,India,560001,2023-03-11,Silver,false
C000850,Rohan,Mehta,rohan.mehta850@example.com,+91-92890-42591,2010-04-25,Female,"995, Hill View",Chennai,Tamil Nadu,India,600001,2022-04-08,Platinum,0
C000851,Kabir,Chopra,kabir.chopra851@example.com,+91-64745-21529,1978-04-05,F,"257, Hill View",Bengaluru,Karnataka,India,560001,2022-09-17,Platinum,No
C000852,Varun,Menon,varun.menon852@example.com,+91-94563-42690,2011-07-02,M,"993, MG Road",Chennai,Tamil Nadu,India,600001,2026-03-04,Bronze,true
C000853,Ira,Pillai,ira.pillai853@example.com,+91-93392-86785,1993-10-30,female,"893, Station Road",Delhi,Delhi,India,110001,2025-05-02,Bronze,Y
C000854,Riya,Menon,riya.menon854@example.com,ABC123,2017-01-08,O,"575, Park Avenue",Bengaluru,Karnataka,India,560001,2025-12-29,Bronze,Y
C000855,Dev,Shah,dev.shah855@example.com,+91-86763-55873,1979-08-28,Male,"944, Station Road",London,England,United Kingdom,SW1A1AA,2025-02-17,Gold,N
C000856,Priya,Bose,priya.bose856@example.com,+91-87824-97038,2017-12-25,O,"217, MG Road",Pune,Maharashtra,India,411001,2024-08-02,Silver,true
C000857,Akash,Kumar,akash.kumar857@example.com,+91-76022-83160,1989-12-29,female,"655, MG Road",Austin,Texas,United States,78701,2025-04-06,Platinum,true
C000858,Ishaan,Das,ishaan.das858@example.com,+91-81836-66037,1993-12-14,female,"908, Hill View",Pune,Maharashtra,India,411001,2025-04-27,Bronze,Y
C000859,Kabir,Joshi,kabir.joshi859@example.com,+91-70798-65338,2016-09-16,Male,"292, MG Road",Toronto,Ontario,Canada,M5H2N2,2023-01-13,Platinum,false
C000860,Sanjay,Shah,sanjay.shah860@example.com,+91-61654-80542,2009-07-22,M,"509, Hill View",Hyderabad,Telangana,India,500001,2024-06-10,Gold,1
C000861,Neha,Patel,neha.patel861@example.com,+91-87671-99674,2016-09-03,O,"549, MG Road",Hyderabad,Telangana,India,500001,2024-07-23,Gold,false
C000862,Dev,Rao,dev.rao862@example.com,+91-95646-71007,1989-07-22,male,"51, Park Avenue",Toronto,Ontario,Canada,M5H2N2,2023-03-03,Platinum,1
C000863,Dev,Menon,dev.menon863@example.com,+91-80700-35672,1989-12-24,F,"303, MG Road",Pune,Maharashtra,India,411001,2022-09-20,Silver,Y
C000864,Arjun,Chopra,arjun.chopra864@example.com,+91-93623-65290,1999-05-28,Female,"305, MG Road",Austin,Texas,United States,78701,2023-04-12,Platinum,true
BAD865,Rohan,Verma,rohan.verma865@example.com,+91-93520-82092,2001-03-31,Other,"186, Hill View",Austin,Texas,United States,78701,2024-10-14,Bronze,false
C000866,Varun,Nair,varun.nair866@example.com,+91-96478-91960,1982-12-15,female,"356, Park Avenue",Pune,Maharashtra,India,411001,2024-08-31,Platinum,Yes
C000867,Ishaan,Kapoor,ishaan.kapoor867@example.com,+91-61306-71278,1980-05-24,F,"281, Lake Road",Toronto,Ontario,Canada,M5H2N2,2022-06-17,Platinum,N
C000868,Zoya,Sharma,zoya.sharma868@example.com,+91-71802-97188,2002-12-19,M,"412, Market Street",Kolkata,West Bengal,India,700001,2023-08-25,Gold,false
C000869,Pooja,Shah,pooja.shah869@example.com,+91-86298-97939,1989-05-10,M,"674, Station Road",Kolkata,West Bengal,India,700001,31-02-2025,Platinum,N
C000870,Aditya,Bose,aditya.bose870@example.com,+91-90623-44555,2004-11-20,male,"959, Market Street",Toronto,Ontario,Canada,M5H2N2,2026-03-23,Silver,Y
C000871,Tara,Sharma,tara.sharma871@example.com,+91-98505-60102,1994-07-14,male,"42, Station Road",Kochi,Kerala,India,682001,2025-08-26,Platinum,true
C000872,Pooja,Kumar,pooja.kumar872@example.com,+91-97464-27769,1994-07-17,F,"616, MG Road",London,England,United Kingdom,SW1A1AA,2023-04-13,Gold,true
C000873,Vikram,Das,vikram.das873@example.com,+91-76849-54150,2014-12-04,Male,"394, Lake Road",Pune,Maharashtra,U.S.A.,411001,2025-02-26,Platinum,Yes
C000874,Lakshmi,Bose,lakshmi.bose874@example.com,+91-90700-30611,2009-11-15,Female,"756, Market Street",Toronto,Ontario,Canada,M5H2N2,2025-12-01,Bronze,false
C000875,Sanjay,Patel,sanjay.patel875@example.com,+91-76365-76487,2009-07-08,male,"861, Hill View",Hyderabad,Telangana,India,500001,2024-03-08,Platinum,Yes
C000876,Kiran,Singh,kiran.singh876@example.com,+91-78181-65871,2009-03-19,M,"483, Hill View",Bengaluru,Karnataka,India,560001,2023-05-23,Gold,1
C000877,Ira,Gupta,ira.gupta877@example.com,+91-99987-30235,1987-05-07,Female,"686, MG Road",Seattle,Washington,United States,98101,2023-03-20,Platinum,Y
C000878,Aanya,Bose,aanya.bose878@example.com,+91-80012-37072,1995-07-14,O,"485, Station Road",Delhi,Delhi,India,110001,2022-10-25,Silver,false
C000879,Ira,Iyer,ira.iyer879@example.com,+91-85211-54930,2012-07-19,female,"638, MG Road",Seattle,Washington,United States,98101,2024-06-19,Silver,true
C000880,Varun,Chopra,varun.chopra880@example.com,+91-76662-79763,2009-05-07,Male,"791, Lake Road",Bengaluru,Karnataka,India,560001,2024-10-25,Bronze,No
C000881,Pooja,Jain,pooja.jain881@example.com,+91-63725-50175,2019-08-04,M,"530, Market Street",Austin,Texas,United States,78701,2025-10-08,Gold,Yes
C000882,Diya,Rao,diya.rao882@example.com,+91-89482-67719,2001-10-19,M,"471, Station Road",Seattle,Washington,United States,98101,2022-03-16,Gold,1
C000883,Aarav,Bose,aarav.bose883@example.com,+91-77819-45462,2007-02-12,male,"967, Hill View",Toronto,Ontario,Canada,M5H2N2,2023-01-22,Bronze,false
C000884,Pooja,Joshi,pooja.joshi884@example.com,+91-82535-39807,2011-01-28,M,"525, Park Avenue",Hyderabad,Telangana,India,500001,2022-12-15,Gold,No
C000885,Lakshmi,Sharma,lakshmi.sharma885@example.com,+91-97455-77921,2016-02-06,male,"533, Lake Road",Kolkata,West Bengal,India,700001,2025-03-29,Platinum,0
C000886,Rahul,Das,rahul.das886@example.com,+91-87673-57959,1978-07-25,O,"477, Park Avenue",Pune,Maharashtra,India,411001,2022-10-24,Platinum,Yes
C000887,Kiran,Rao,kiran.rao887@example.com,+91-66717-82668,2016-04-16,F,"262, Lake Road",Mumbai,Maharashtra,India,400001,2023-08-01,Platinum,0
C000888,Aditya,Singh,aditya.singh888@example.com,+91-60107-56728,2010-04-05,Male,"736, Hill View",Seattle,Washington,United States,98101,2025-06-23,Gold,Yes
C000889,Sneha,Nair,sneha.nair889@example.com,+91-70064-78788,1997-07-16,F,"221, Hill View",Seattle,Washington,United States,98101,2026-05-26,Gold,N
C000890,Arjun,Kapoor,arjun.kapoor890@example.com,+91-72679-28598,2019-05-12,O,"91, Hill View", SEATTLE ,Washington,United States,98101,2022-11-22,Platinum,No
C000891,Maya,Bose,maya.bose891@example.com,+91-77911-31346,2002-02-10,female,"555, Hill View",Austin,Texas,United States,78701,2025-11-17,Gold,Y
C000892,Kiran,Rao,kiran.rao892@example.com,+91-93614-94551,1983-06-29,Male,"117, Market Street",Bengaluru,Karnataka,India,560001,2023-11-22,Bronze,N
C000893,Sanjay,Reddy,Sanjay.Reddy.invalid,+91-87616-11600,1987-11-02,Male,"561, Station Road",Chennai,Tamil Nadu,India,600001,2022-06-20,Platinum,No
C000894,Ira,Patel,ira.patel894@example.com,+91-89939-96607,1984-10-20,Male,"378, Market Street",London,England,United Kingdom,SW1A1AA,2023-06-17,Silver,false
C000895,Nisha,Das,nisha.das895@example.com,+91-65394-50055,1992-05-23,male,"746, Station Road",Delhi,Delhi,India,110001,2024-01-29,Silver,No
C000896,Rohan,Bose,rohan.bose896@example.com,+91-81977-80194,1981-11-01,Male,"518, Station Road",Kolkata,West Bengal,India,700001,2023-05-22,Platinum,0
C000897,Tara,Iyer,tara.iyer897@example.com,+91-70841-46910,1982-05-29,female,"119, Park Avenue",Chennai,Tamil Nadu,India,600001,2025-05-25,Silver,No
C000898,Vikram,Menon,vikram.menon898@example.com,+91-92868-58355,1987-08-12,Female,"241, Market Street",Seattle,Washington,United States,98101,2024-10-04,Platinum,true
C000899,Riya,Verma,riya.verma899@example.com,+91-88907-91533,1995-05-04,female,"1, Market Street",Seattle,Washington,United States,98101,2025-02-11,Bronze,No
C000900,Kavya,Kumar,kavya.kumar900@example.com,+91-86274-97520,2009-10-31,Male,"402, Park Avenue",Pune,Maharashtra,India,411001,2022-12-27,Bronze,Yes
C000901,Riya,Chopra,riya.chopra901@example.com,+91-79032-39716,2006-11-03,M,"739, MG Road",Kolkata,West Bengal,India,700001,2024-06-02,Bronze,0
C000902,Aanya,Sharma,aanya.sharma902@example.com,+91-83440-68235,2002-04-30,Other,"2, Hill View",Mumbai,Maharashtra,India,400001,2025-06-23,Gold,true
C000903,Priya,Rao,priya.rao903@example.com,+91-90977-67787,1993-02-17,M,"246, Station Road",Kolkata,West Bengal,India,700001,2023-05-13,Gold,true
C000904,,Pillai,neha.pillai904@example.com,+91-79019-64438,2010-10-05,female,"460, Station Road",Hyderabad,Telangana,India,500001,2025-01-15,Bronze,0
C000905,Manoj,Singh,manoj.singh905@example.com,+91-89986-92082,1996-09-12,M,"182, Station Road",London,England,United Kingdom,SW1A1AA,2024-07-31,Platinum,0
C000906,Aarav,Sharma,aarav.sharma906@example.com,+91-82536-15735,2007-06-30,Female,"71, Hill View",Seattle,Washington,United States,98101,2024-03-12,Bronze,N
C000907,Pooja,Rao,pooja.rao907@example.com,+91-62994-80422,1982-07-02,Male,"131, Market Street",Kolkata,West Bengal,India,700001,2022-06-21,Platinum,Yes
C000908,Varun,Nair,varun.nair908@example.com,+91-82668-57426,1993-10-23,Female,"488, Station Road",London,England,United Kingdom,SW1A1AA,2022-12-03,Silver,Y
C000909,Tara,Kumar,tara.kumar909@example.com,+91-72350-40006,1985-07-17,F,"983, MG Road",Austin,Texas,United States,78701,2022-11-08,Bronze,true
C000910,Pooja,Das,pooja.das910@example.com,+91-83597-41791,1997-04-30,Male,"757, Hill View",Kochi,Kerala,India,682001,2023-05-16,Gold,0
C000911,Neha,Mehta,neha.mehta911@example.com,+91-87950-11680,2009-09-22,Other,"763, Park Avenue",Toronto,Ontario,Canada,M5H2N2,2025-05-24,Bronze,false
C000912,Ananya,Sharma,ananya.sharma912@example.com,+91-68064-45212,1989-12-01,Female,"753, Station Road",Hyderabad,Telangana,India,500001,2024-11-06,Gold,true
C000913,Aanya,Jain,aanya.jain913@example.com,+91-84542-58086,1995-06-08,Other,"648, Lake Road",London,England,United Kingdom,SW1A1AA,2022-09-08,Silver,Yes
C000914,Ananya,Das,ananya.das914@example.com,+91-75865-50869,1987-11-09,male,"552, Market Street",London,England,United Kingdom,SW1A1AA,2025-05-06,Bronze,1
C000915,Kiran,Chopra,kiran.chopra915@example.com,ABC123,1990-04-22,O,"557, Station Road",Hyderabad,Telangana,India,500001,2022-02-28,Platinum,Y
C000916,Sneha,Shah,sneha.shah916@example.com,+91-81298-69141,2000-10-05,Female,"709, Lake Road",London,England,United Kingdom,SW1A1AA,2025-06-12,Silver,false
C000917,Zoya,Verma,zoya.verma917@example.com,+91-94358-15171,1999-05-04,female,"501, Hill View",Kolkata,West Bengal,India,??,2024-08-19,Silver,Y
C000918,Pooja,Rao,pooja.rao918@example.com,+91-97309-33390,1985-12-05,O,"613, Lake Road",Seattle,Washington,United States,98101,2023-02-13,Silver,true
C000919,Rahul,Menon,rahul.menon919@example.com,+91-70102-67508,1989-12-20,Other,"760, Park Avenue",Pune,Maharashtra,India,411001,2022-09-26,Silver,1
C000920,Rohan,Jain,rohan.jain920@example.com,+91-67721-64839,2000-05-07,male,"964, Market Street",Kolkata,West Bengal,India,700001,2023-01-02,Platinum,false
C000921,Sneha,Menon,sneha.menon921@example.com,+91-90735-74555,1990-03-09,Other,"666, MG Road",Seattle,Washington,United States,98101,2023-05-17,Gold,Yes
C000922,Dev,Shah,dev.shah922@example.com,+91-88222-89854,2000-10-21,Female,"683, MG Road",Delhi,Delhi,India,110001,2026-03-16,Bronze,1
C000923,Ishaan,Gupta,ishaan.gupta923@example.com,+91-96475-49897,1982-12-11,female,"578, MG Road",Kolkata,West Bengal,India,700001,2023-08-19,Platinum,0
C000924,Lakshmi,Chopra,lakshmi.chopra924@example.com,+91-88383-88357,2016-06-30,F,"272, Market Street",Seattle,Washington,United States,98101,2022-07-04,Platinum,Yes
C000925,Ananya,Nair,ananya.nair925@example.com,+91-60635-42729,1988-12-09,Male,"740, Station Road",Seattle,Washington,United States,98101,2025-01-23,Platinum,No
C000926,Zoya,Verma,zoya.verma926@example.com,+91-82013-10208,1994-04-13,O,"998, Hill View",Pune,Maharashtra,India,411001,2025-04-29,Gold,0
C000927,Arjun,Bose,arjun.bose927@example.com,+91-78454-93323,2006-03-17,male,"937, Park Avenue",Chennai,Tamil Nadu,India,600001,2025-10-01,Gold,false
C000928,Sneha,Jain,sneha.jain928@example.com,+91-67054-48670,1980-09-21,Other,"397, Hill View",Chennai,Tamil Nadu,India,600001,2024-11-01,Platinum,No
C000929,Ira,Shah,ira.shah929@example.com,+91-89933-41099,2012-07-25,F,"443, Station Road",London,England,United Kingdom,SW1A1AA,2025-02-26,Silver,Yes
C000930,Meera,Shah,meera.shah930@example.com,+91-80839-10450,1986-02-05,F,"291, Market Street",Toronto,Ontario,Canada,M5H2N2,2023-09-14,Platinum,1
C000931,Dev,Jain,dev.jain931@example.com,+91-87534-50892,1990-03-01,Other,"593, Lake Road",Delhi,Delhi,India,110001,2026-01-15,Silver,1
C000932,Priya,Singh,priya.singh932@example.com,+91-63303-39383,2014-03-27,O,"276, MG Road",Hyderabad,Telangana,India,500001,2024-10-18,Gold,true
C000933,Sanjay,Reddy,sanjay.reddy933@example.com,+91-94682-90727,1986-07-07,Male,"392, Hill View",Kochi,Kerala,India,682001,2026-05-30,Platinum,false
C000934,Vikram,Reddy,vikram.reddy934@example.com,+91-67689-88817,1999-09-02,Male,"445, Hill View",Pune,Maharashtra,India,411001,2026-01-01,Platinum,N
C000935,Aditya,Patel,aditya.patel935@example.com,+91-67326-28923,1984-12-14,male,"659, Lake Road",Austin,Texas,United States,78701,2024-03-31,Gold,No
C000936,Kavya,Mehta,kavya.mehta936@example.com,+91-80649-49257,2013-03-21,O,"461, Market Street",Toronto,Ontario,Canada,M5H2N2,2024-07-05,Platinum,1
C000937,Kiran,Sharma,kiran.sharma937@example.com,+91-83056-66259,2006-05-02,O,"232, Lake Road",Seattle,Washington,United States,98101,2022-10-13,Gold,Y
C000938,Sanjay,Joshi,sanjay.joshi938@example.com,+91-66357-37559,2012-12-05,O,"230, Lake Road",Delhi,Delhi,India,110001,2022-10-15,Bronze,No
C000939,Vikram,Sharma,vikram.sharma939@example.com,+91-98576-53671,1992-06-09,M,"15, Hill View",Delhi,Delhi,India,110001,2023-09-10,Silver,0
C000940,Maya,Joshi,Maya.Joshi.invalid,+91-83941-33882,2002-08-29,M,"509, Park Avenue",Mumbai,Maharashtra,India,400001,2025-12-09,Silver,Yes
C000941,Tara,Shah,tara.shah941@example.com,+91-79091-22082,2008-06-17,Male,"538, Station Road",Pune,Maharashtra,India,411001,2023-11-20,Silver,Yes
C000942,Kabir,Kapoor,kabir.kapoor942@example.com,+91-68361-92465,1983-02-12,Male,"666, Hill View",Toronto,Ontario,Canada,M5H2N2,2022-02-21,VIP,0
C000943,Aditya,Iyer,aditya.iyer943@example.com,+91-83165-96792,1981-10-31,F,"948, Park Avenue",Austin,Texas,United States,78701,2022-07-02,Silver,No
C000944,Nisha,Shah,nisha.shah944@example.com,+91-74637-33803,1992-07-24,M,"706, Lake Road",Austin,Texas,United States,78701,2026-06-19,Bronze,Yes
C000945,Rohan,Chopra,rohan.chopra945@example.com,+91-86160-78004,2008-06-04,male,"469, Lake Road",Bengaluru,Karnataka,India,560001,2025-11-10,Platinum,Yes
C000946,Meera,Pillai,meera.pillai946@example.com,+91-66805-54926,2006-05-08,female,"885, Market Street",London,England,United Kingdom,SW1A1AA,2023-10-02,Gold,No
C000947,Aarav,Joshi,aarav.joshi947@example.com,+91-85833-36418,1978-06-18,Other,"894, Lake Road",Pune,Maharashtra,India,411001,2026-01-05,Bronze,0
C000948,Nisha,Shah,nisha.shah948@example.com,+91-63820-26324,1996-12-14,O,"129, Hill View",Delhi,Delhi,India,110001,31-02-2025,Bronze,0
C000949,Sneha,Iyer,sneha.iyer949@example.com,+91-93057-60896,1981-12-07,Male,"324, Station Road",Chennai,Tamil Nadu,India,600001,2025-12-22,Bronze,Y
C000950,Kavya,Verma,kavya.verma950@example.com,+91-99387-45043,1998-09-17,Other,"434, MG Road",Mumbai,Maharashtra,India,400001,2025-04-12,Platinum,1
C000951,Kavya,Iyer,kavya.iyer951@example.com,+91-96067-77057,1978-05-08,female,"174, Market Street",Toronto,Ontario,Canada,M5H2N2,2022-03-23,Platinum,false
C000952,Nisha,Jain,nisha.jain952@example.com,+91-62693-25566,2009-05-14,M,"592, Park Avenue",Pune,Maharashtra,India,411001,2025-07-16,Gold,false
C000953,Tara,Bose,tara.bose953@example.com,+91-95926-19135,1987-04-27,F,"828, Hill View",Kolkata,West Bengal,India,700001,2022-05-30,Gold,true
C000954,Meera,Jain,meera.jain954@example.com,+91-95992-56106,1986-02-14,male,"406, MG Road",Toronto,Ontario,Canada,M5H2N2,2025-10-14,Platinum,0
C000955,Tara,Shah,tara.shah955@example.com,+91-98917-91626,1987-11-12,O,"929, Lake Road",Chennai,Tamil Nadu,India,600001,2022-08-15,Bronze,0
C000956,Sneha,Joshi,sneha.joshi956@example.com,+91-96531-75149,1996-11-08,male,"457, Hill View",Toronto,Ontario,Canada,M5H2N2,2022-04-18,Platinum,Yes
C000957,Tara,Sharma,tara.sharma957@example.com,+91-85383-71934,2002-12-14,Female,"100, Market Street",London,England,United Kingdom,SW1A1AA,2023-10-01,Bronze,Y
C000958,Kabir,Das,kabir.das958@example.com,+91-87154-27295,2006-08-31,O,"285, Station Road",Toronto,Ontario,Canada,M5H2N2,2025-12-22,Gold,N
C000959,Nisha,Kapoor,nisha.kapoor959@example.com,+91-71612-15443,2003-01-06,F,"689, Lake Road",Delhi,Delhi,India,110001,2022-08-25,Silver,false
C000960,Aditya,Mehta,aditya.mehta960@example.com,+91-66886-29809,2017-02-20,female,"104, Lake Road",Chennai,Tamil Nadu,India,600001,2024-12-04,Silver,No
C000961,Zoya,Chopra,zoya.chopra961@example.com,+91-68082-76169,1999-03-20,F,"825, Station Road",Pune,Maharashtra,India,411001,2022-12-05,Bronze,1
C000962,Dev,Jain,dev.jain962@example.com,+91-64016-75140,2001-05-03,O,"321, Market Street",Kolkata,West Bengal,India,700001,2023-01-19,Platinum,0
C000963,Aanya,Bose,aanya.bose963@example.com,+91-64645-28368,1998-11-08,male,"485, MG Road",Mumbai,Maharashtra,India,400001,2023-10-17,Platinum,false
C000964,Sneha,Das,sneha.das964@example.com,+91-61750-86458,1998-11-26,female,"902, Market Street",Toronto,Ontario,Canada,M5H2N2,2024-06-12,Bronze,N
C000965,Priya,Mehta,priya.mehta965@example.com,+91-92950-43782,2008-07-18,F,"243, Hill View",Pune,Maharashtra,India,411001,2024-02-13,Bronze,false
C000966,Ishaan,Sharma,ishaan.sharma966@example.com,+91-95705-50242,1982-11-10,F,"166, Market Street",Pune,Maharashtra,India,411001,2022-02-07,Platinum,false
C000967,Nisha,Rao,nisha.rao967@example.com,+91-61979-80751,2019-05-24,Other,"279, Park Avenue",Bengaluru,Karnataka,India,560001,2022-08-05,Gold,N
C000968,Varun,Jain,varun.jain968@example.com,+91-69572-80919,1986-06-27,Female,"520, Park Avenue",Chennai,Tamil Nadu,India,600001,2023-10-28,Bronze,1
C000969,Arjun,Patel,arjun.patel969@example.com,+91-71413-97258,1978-10-25,Other,"657, Hill View",Mumbai,Maharashtra,India,400001,2022-06-09,Gold,No
C000970,Sanjay,Das,sanjay.das970@example.com,+91-95187-37156,2003-07-01,F,"618, Market Street",Seattle,Washington,U.S.A.,98101,2023-10-07,Silver,1
C000971,Aanya,Patel,aanya.patel971@example.com,+91-74716-95171,2010-03-10,M,"93, Station Road",Seattle,Washington,United States,98101,2025-11-10,Gold,1
C000972,Aditya,Verma,aditya.verma972@example.com,+91-95731-98787,2009-12-30,F,"546, Hill View",Pune,Maharashtra,India,411001,2024-05-15,Gold,Yes
C000973,Neha,Kapoor,neha.kapoor973@example.com,+91-97531-63482,1982-09-27,male,"465, Park Avenue",Mumbai,Maharashtra,India,400001,2022-10-01,Platinum,Y
C000974,Lakshmi,Patel,lakshmi.patel974@example.com,+91-90073-29117,2007-03-18,Female,"609, Station Road",Toronto,Ontario,Canada,M5H2N2,2022-07-29,Bronze,Yes
C000975,Kiran,Verma,kiran.verma975@example.com,+91-68180-19809,1985-08-28,F,"860, Lake Road",Delhi,Delhi,India,110001,2024-08-07,Platinum,N
C000976,Kiran,Patel,kiran.patel976@example.com,ABC123,2005-07-24,male,"865, Park Avenue",Delhi,Delhi,India,110001,2026-04-17,Platinum,true
C000977,Sanjay,Kumar,sanjay.kumar977@example.com,+91-84473-93476,2005-12-22,male,"58, Lake Road",Hyderabad,Telangana,India,500001,2023-04-10,Silver,N
C000978,Maya,Jain,maya.jain978@example.com,+91-72766-67564,2015-09-15,Other,"367, MG Road",Hyderabad,Telangana,India,500001,2024-01-15,Bronze,0
C000979,Ira,Verma,ira.verma979@example.com,+91-87559-98889,1992-09-19,Other,"516, Lake Road", DELHI ,Delhi,India,110001,2025-02-24,Gold,1
C000980,Ishaan,Chopra,ishaan.chopra980@example.com,+91-91183-61989,1980-01-20,F,"235, Hill View",Pune,Maharashtra,India,411001,2022-12-07,Silver,Y
C000981,Lakshmi,Reddy,lakshmi.reddy981@example.com,+91-69524-60983,1984-07-15,Female,"857, Hill View",Pune,Maharashtra,India,411001,2025-02-14,Silver,Yes
C000982,Kavya,Nair,kavya.nair982@example.com,+91-90995-42314,2001-11-24,Female,"675, Hill View",Hyderabad,Telangana,India,500001,2023-10-11,Bronze,Y
C000983,Akash,Gupta,akash.gupta983@example.com,+91-60418-46496,1993-01-28,M,"103, Market Street",Austin,Texas,United States,78701,2024-02-22,Bronze,N
C000984,Aanya,Bose,aanya.bose984@example.com,+91-85467-72349,1984-11-17,M,"221, Lake Road",Bengaluru,Karnataka,India,560001,2025-04-06,Platinum,true
C000985,Rohan,Mehta,rohan.mehta985@example.com,+91-86494-54296,1989-09-05,male,"733, Market Street",Hyderabad,Telangana,India,500001,2022-09-16,Platinum,Y
C000986,Lakshmi,Das,lakshmi.das986@example.com,+91-69128-18117,1981-11-28,O,"801, Park Avenue",Seattle,Washington,United States,98101,2022-10-10,Bronze,No
C000987,Ananya,Sharma,Ananya.Sharma.invalid,+91-75213-47319,2004-01-03,Other,"428, Park Avenue",Kolkata,West Bengal,India,700001,2025-02-21,Bronze,Yes
C000988,Riya,Gupta,riya.gupta988@example.com,+91-76191-40552,2016-05-03,female,"946, Hill View",Kochi,Kerala,India,682001,2026-02-07,Gold,N
C000989,Zoya,Patel,zoya.patel989@example.com,+91-88271-57044,1979-11-27,female,"994, Hill View",Austin,Texas,United States,78701,2023-04-02,Silver,1
C000990,Sneha,Rao,sneha.rao990@example.com,+91-72747-25262,1994-07-29,F,"91, Park Avenue",Austin,Texas,United States,78701,2024-06-14,Gold,Y
C000991,Kavya,Patel,kavya.patel991@example.com,+91-60475-23319,1985-08-22,female,"799, Market Street",Toronto,Ontario,Canada,M5H2N2,2025-10-02,Platinum,1
C000992,Riya,Das,riya.das992@example.com,+91-93063-77752,1996-04-20,M,"91, Park Avenue",Austin,Texas,United States,78701,2025-06-14,Platinum,1
C000993,Ananya,Joshi,ananya.joshi993@example.com,+91-88507-89670,1986-02-26,male,"924, MG Road",Kochi,Kerala,India,682001,2023-08-20,Platinum,false
C000994,Kavya,Chopra,kavya.chopra994@example.com,+91-92499-94730,1999-04-29,female,"587, Market Street",Seattle,Washington,United States,98101,2023-09-22,Bronze,No
C000995,Zoya,Reddy,zoya.reddy995@example.com,+91-61905-57046,1983-07-04,Female,"876, Park Avenue",Austin,Texas,United States,78701,2025-04-16,Platinum,Yes
C000996,Pooja,Chopra,pooja.chopra996@example.com,+91-61349-10931,1980-01-29,female,"194, MG Road",Hyderabad,Telangana,India,500001,2026-01-05,Silver,false
C000997,Varun,Iyer,varun.iyer997@example.com,+91-95652-75514,2019-09-07,Female,"636, MG Road",Kochi,Kerala,India,682001,2025-11-02,Gold,Y
C000998,Nisha,Pillai,nisha.pillai998@example.com,+91-66161-21896,2008-11-14,F,"59, Park Avenue",London,England,United Kingdom,SW1A1AA,2022-05-10,Gold,N
C000999,Kiran,Reddy,kiran.reddy999@example.com,+91-71259-88774,2011-03-20,F,"754, MG Road",London,England,United Kingdom,SW1A1AA,2022-07-22,Bronze,Yes
C001000,Akash,Iyer,akash.iyer1000@example.com,+91-62334-68565,2008-06-28,female,"750, Station Road",Delhi,Delhi,India,110001,2025-08-28,Gold,Y
C001001,Rohan,Singh,rohan.singh1001@example.com,+91-95504-62579,1997-01-30,Female,"643, Park Avenue",Bengaluru,Karnataka,India,560001,2025-10-21,Silver,0
C001002,Vikram,Reddy,vikram.reddy1002@example.com,+91-60183-76660,1987-01-02,M,"69, Lake Road",Seattle,Washington,United States,98101,2024-10-01,Gold,Y
C001003,Meera,Jain,meera.jain1003@example.com,+91-66285-64284,2018-02-15,M,"114, Market Street",Bengaluru,Karnataka,India,560001,2023-07-28,Silver,0
C001004,Kiran,Sharma,kiran.sharma1004@example.com,+91-93694-17001,2006-08-09,Male,"928, Station Road",Kolkata,West Bengal,India,700001,2023-05-26,Gold,false
C001005,Neha,Reddy,neha.reddy1005@example.com,+91-69093-12918,2010-09-02,Male,"291, Park Avenue",Kochi,Kerala,India,682001,2024-12-14,Platinum,true
C001006,Nisha,Verma,nisha.verma1006@example.com,+91-96076-38123,1985-09-29,O,"631, Market Street",Hyderabad,Telangana,India,500001,2025-05-15,Silver,No
C001007,Kabir,Menon,kabir.menon1007@example.com,+91-78384-28412,2001-04-09,F,"803, Hill View",Austin,Texas,United States,78701,2025-10-23,Silver,N
C001008,Ishaan,Das,ishaan.das1008@example.com,+91-63193-39791,2001-06-02,female,"424, MG Road",Toronto,Ontario,Canada,M5H2N2,2022-01-05,Silver,0
C001009,Maya,Bose,maya.bose1009@example.com,+91-97193-59858,2002-04-30,Female,"198, Park Avenue",Toronto,Ontario,Canada,M5H2N2,2026-03-26,Gold,N
C001010,Aarav,Pillai,aarav.pillai1010@example.com,+91-69322-84873,2017-04-02,Female,"961, Market Street",Pune,Maharashtra,India,411001,2026-01-25,Bronze,N
C001011,Ira,Rao,ira.rao1011@example.com,+91-78717-96049,1995-08-15,O,"662, Lake Road",Hyderabad,Telangana,India,500001,2025-04-02,Silver,Y
C001012,Arjun,Joshi,arjun.joshi1012@example.com,+91-72606-31668,2017-09-09,F,"578, MG Road",Chennai,Tamil Nadu,India,600001,2022-07-21,Silver,Y
C001013,Ishaan,Patel,ishaan.patel1013@example.com,+91-76626-57796,1980-05-30,F,"694, MG Road",Kolkata,West Bengal,India,700001,2024-05-11,Bronze,N
C001014,Rohan,Sharma,rohan.sharma1014@example.com,+91-67561-62962,1985-09-22,Male,"29, Station Road",Pune,Maharashtra,India,411001,2025-04-20,Bronze,Y
C001015,Zoya,Patel,zoya.patel1015@example.com,+91-99359-57752,1997-12-03,Female,"526, Station Road",London,England,United Kingdom,SW1A1AA,2022-02-05,Silver,true
C001016,Ananya,Bose,ananya.bose1016@example.com,+91-66940-49460,1998-05-31,female,"656, Hill View",Delhi,Delhi,India,110001,2025-08-17,Platinum,0
C001017,,Mehta,riya.mehta1017@example.com,+91-62180-95892,2009-03-01,M,"815, Hill View",Austin,Texas,United States,78701,2022-08-11,Platinum,0
C001018,Tara,Kapoor,tara.kapoor1018@example.com,+91-79517-89020,1979-06-26,Male,"40, Market Street",Austin,Texas,United States,78701,2026-01-28,Gold,Yes
C001019,Manoj,Das,manoj.das1019@example.com,+91-78298-99796,1993-08-09,female,"783, Station Road",Austin,Texas,United States,78701,2025-08-20,Silver,true
C001020,Nisha,Menon,nisha.menon1020@example.com,+91-69133-97444,1994-02-20,O,"281, Park Avenue",Kolkata,West Bengal,India,700001,2024-09-28,Gold,0
C001021,Kavya,Pillai,kavya.pillai1021@example.com,+91-86283-16116,2011-12-11,female,"756, Hill View",Seattle,Washington,United States,98101,2022-11-06,Bronze,Y
C001022,Aarav,Nair,aarav.nair1022@example.com,+91-90099-60877,2002-11-07,Male,"431, Market Street",Delhi,Delhi,India,110001,2026-04-05,Platinum,N
C001023,Rohan,Jain,rohan.jain1023@example.com,+91-70464-12614,2008-02-06,M,"785, Market Street",Mumbai,Maharashtra,India,400001,2022-01-15,Gold,1
C001024,Vikram,Gupta,vikram.gupta1024@example.com,+91-61587-54436,1979-05-16,Male,"675, Hill View",Bengaluru,Karnataka,India,560001,2024-07-06,Bronze,true
C001025,Sanjay,Jain,sanjay.jain1025@example.com,+91-96256-24558,2014-09-21,M,"333, MG Road",Pune,Maharashtra,India,411001,2024-04-16,Silver,true
C001026,Kavya,Bose,kavya.bose1026@example.com,+91-96726-76600,2019-01-20,male,"936, Hill View",Mumbai,Maharashtra,India,400001,2025-10-22,Gold,N
C001027,Lakshmi,Reddy,lakshmi.reddy1027@example.com,+91-94750-48688,1986-10-03,M,"53, Park Avenue",Delhi,Delhi,India,110001,31-02-2025,Silver,N
C001028,Kabir,Joshi,kabir.joshi1028@example.com,+91-77270-92177,2010-04-24,Male,"943, Market Street",Pune,Maharashtra,India,411001,2024-09-17,Gold,true
C001029,Kabir,Mehta,kabir.mehta1029@example.com,+91-95418-23854,2009-11-22,female,"645, Market Street",Pune,Maharashtra,India,411001,2024-09-07,Gold,false
C001030,Akash,Reddy,akash.reddy1030@example.com,+91-96982-50481,2001-10-09,male,"548, Hill View",Chennai,Tamil Nadu,India,600001,2022-06-20,Silver,1
C001031,Kabir,Nair,kabir.nair1031@example.com,+91-83604-81322,1988-07-30,O,"365, Station Road",Toronto,Ontario,Canada,M5H2N2,2026-03-14,Platinum,0
C001032,Kavya,Reddy,kavya.reddy1032@example.com,+91-75748-64854,1999-09-29,male,"829, Lake Road",Austin,Texas,United States,78701,2022-02-16,Gold,true
C001033,Vikram,Nair,vikram.nair1033@example.com,+91-77418-83761,1990-06-12,Other,"784, Hill View",Mumbai,Maharashtra,India,400001,2026-01-10,Gold,Y
C001034,Varun,Jain,Varun.Jain.invalid,+91-79430-94795,2016-12-30,male,"580, Market Street",Mumbai,Maharashtra,India,400001,2023-11-17,Silver,false
C001035,Meera,Menon,meera.menon1035@example.com,+91-78661-31979,1997-04-28,M,"435, Park Avenue",Bengaluru,Karnataka,India,560001,2023-04-03,Gold,0
C001036,Priya,Singh,priya.singh1036@example.com,+91-70020-68622,1992-05-31,O,"512, Station Road",Hyderabad,Telangana,India,500001,2024-04-11,Silver,No
C001037,Sanjay,Verma,sanjay.verma1037@example.com,ABC123,1997-05-06,Female,"902, MG Road",Kolkata,West Bengal,India,700001,2024-07-08,Platinum,true
BAD1038,Manoj,Menon,manoj.menon1038@example.com,+91-94355-99813,2013-05-06,O,"428, Park Avenue",Kolkata,West Bengal,India,700001,2026-05-28,Bronze,false
C001039,Ishaan,Patel,ishaan.patel1039@example.com,+91-64155-65621,1984-03-17,M,"903, Hill View",Chennai,Tamil Nadu,India,600001,2024-12-29,Bronze,false
C001040,Meera,Kapoor,meera.kapoor1040@example.com,+91-71786-59107,2001-01-22,O,"417, Hill View",Hyderabad,Telangana,India,500001,2023-01-28,Bronze,true
C001041,Akash,Chopra,akash.chopra1041@example.com,+91-68894-20225,2001-07-29,Other,"923, Station Road",Kochi,Kerala,India,682001,2023-02-12,Gold,N
C001042,Tara,Iyer,tara.iyer1042@example.com,+91-96571-81878,2010-10-10,O,"412, Lake Road",London,England,United Kingdom,SW1A1AA,2025-04-10,Silver,true
C001043,Riya,Gupta,riya.gupta1043@example.com,+91-89918-26572,2016-04-04,Other,"887, Station Road",Delhi,Delhi,India,110001,2024-11-29,Platinum,1
C001044,Sanjay,Singh,sanjay.singh1044@example.com,+91-81914-30341,2014-01-01,male,"892, Lake Road",Seattle,Washington,United States,98101,2024-07-24,Silver,No
C001045,Riya,Shah,riya.shah1045@example.com,+91-98027-53295,2007-10-14,female,"770, Park Avenue",Seattle,Washington,United States,98101,2025-01-12,Platinum,1
C001046,Maya,Menon,maya.menon1046@example.com,+91-61554-79769,1988-09-01,O,"797, MG Road",Mumbai,Maharashtra,India,400001,2025-11-21,Bronze,true
C001047,Nisha,Gupta,nisha.gupta1047@example.com,+91-83557-71228,1993-09-02,O,"123, MG Road",London,England,United Kingdom,SW1A1AA,2022-06-11,Gold,N
C001048,Pooja,Reddy,pooja.reddy1048@example.com,+91-89319-73435,1999-08-27,O,"143, Lake Road",London,England,United Kingdom,??,2022-09-15,Platinum,N
C001049,Zoya,Jain,zoya.jain1049@example.com,+91-98451-17828,1986-08-18,Other,"276, Station Road",Pune,Maharashtra,India,411001,2024-09-04,Bronze,1
C001050,Aanya,Kumar,aanya.kumar1050@example.com,+91-77531-29283,2000-04-26,male,"1, Lake Road",Kolkata,West Bengal,India,700001,2025-02-06,Platinum,true
C001051,Ishaan,Joshi,ishaan.joshi1051@example.com,+91-85641-94889,1978-11-10,O,"115, MG Road",Austin,Texas,United States,78701,2023-09-05,Silver,No
C001052,Akash,Nair,akash.nair1052@example.com,+91-65371-35187,1993-06-01,female,"122, MG Road",London,England,United Kingdom,SW1A1AA,2024-03-22,Silver,1
C001053,Varun,Singh,varun.singh1053@example.com,+91-97911-85763,2011-03-10,F,"630, Station Road",Chennai,Tamil Nadu,India,600001,2024-11-14,Silver,true
C001054,Varun,Chopra,varun.chopra1054@example.com,+91-79309-54714,1979-01-06,female,"820, MG Road",London,England,United Kingdom,SW1A1AA,2022-05-07,Silver,0
C001055,Rohan,Singh,rohan.singh1055@example.com,+91-65653-48664,1985-09-12,female,"499, Lake Road",Seattle,Washington,United States,98101,2022-05-18,Silver,0
C001056,Arjun,Nair,arjun.nair1056@example.com,+91-94310-29670,1987-11-18,Male,"737, Lake Road",Hyderabad,Telangana,India,500001,2026-04-17,Platinum,0
C001057,Ananya,Reddy,ananya.reddy1057@example.com,+91-65457-55760,2001-08-07,Male,"239, Station Road",Kolkata,West Bengal,India,700001,2024-03-11,Gold,No
C001058,Arjun,Kumar,arjun.kumar1058@example.com,+91-99599-74782,2000-08-20,Male,"505, Market Street",Delhi,Delhi,India,110001,2023-02-07,Gold,Yes
C001059,Arjun,Joshi,arjun.joshi1059@example.com,+91-60400-77960,2018-02-24,Other,"371, Lake Road",Delhi,Delhi,India,110001,2022-05-17,Bronze,Y
C001060,Ira,Sharma,ira.sharma1060@example.com,+91-88023-57185,2019-11-12,Female,"250, Station Road",Seattle,Washington,United States,98101,2024-11-15,Bronze,No
C001061,Dev,Joshi,dev.joshi1061@example.com,+91-61537-48360,1980-08-01,O,"494, MG Road",Kochi,Kerala,India,682001,2022-04-25,Bronze,N
C001062,Meera,Mehta,meera.mehta1062@example.com,+91-82907-43080,2010-10-07,Male,"406, Hill View",Kochi,Kerala,India,682001,2022-09-22,Silver,Y
C001063,Varun,Iyer,varun.iyer1063@example.com,+91-75922-14626,1996-07-10,F,"549, MG Road",London,England,United Kingdom,SW1A1AA,2022-03-17,Silver,0
C001064,Vikram,Jain,vikram.jain1064@example.com,+91-82557-21189,2011-05-22,Other,"648, MG Road",Chennai,Tamil Nadu,India,600001,2025-12-05,Silver,N
C001065,Sanjay,Verma,sanjay.verma1065@example.com,+91-97738-78294,1978-03-28,Other,"922, Market Street",London,England,United Kingdom,SW1A1AA,2023-06-26,Platinum,false
C001066,Kabir,Iyer,kabir.iyer1066@example.com,+91-93028-30697,1984-06-02,M,"88, MG Road",Kochi,Kerala,India,682001,2024-08-26,Silver,true
C001067,Akash,Sharma,akash.sharma1067@example.com,+91-64674-94050,2010-11-01,male,"244, Market Street",Bengaluru,Karnataka,U.S.A.,560001,2022-03-03,Silver,Y
C001068,Ira,Nair,ira.nair1068@example.com,+91-83003-76662,1994-02-14,male,"605, Lake Road", CHENNAI ,Tamil Nadu,India,600001,2026-05-03,Silver,false
C001069,Ira,Jain,ira.jain1069@example.com,+91-88337-88802,2003-02-11,Male,"141, Park Avenue",Bengaluru,Karnataka,India,560001,2026-05-19,Silver,Y
C001070,Vikram,Pillai,vikram.pillai1070@example.com,+91-69546-49115,1979-10-15,Male,"981, MG Road",Hyderabad,Telangana,India,500001,2024-10-06,Gold,1
C001071,Maya,Rao,maya.rao1071@example.com,+91-88672-52244,1989-05-24,Male,"158, Station Road",Chennai,Tamil Nadu,India,600001,2022-03-31,Silver,false
C001072,Tara,Nair,tara.nair1072@example.com,+91-91828-31949,1985-10-05,female,"104, Lake Road",Kochi,Kerala,India,682001,2024-11-19,Gold,0
C001073,Manoj,Patel,manoj.patel1073@example.com,+91-74688-64649,2019-02-22,M,"284, MG Road",Austin,Texas,United States,78701,2022-08-22,Silver,0
C001074,Lakshmi,Joshi,lakshmi.joshi1074@example.com,+91-99020-17378,1980-02-12,male,"254, MG Road",Delhi,Delhi,India,110001,2025-06-19,Platinum,0
C001075,Dev,Menon,dev.menon1075@example.com,+91-83183-40990,2016-06-29,male,"568, MG Road",Toronto,Ontario,Canada,M5H2N2,2024-07-31,Platinum,Y
C001076,Rahul,Patel,rahul.patel1076@example.com,+91-73483-88038,1980-02-14,female,"787, Hill View",Austin,Texas,United States,78701,2024-07-14,Silver,false
C001077,Arjun,Jain,arjun.jain1077@example.com,+91-67666-36661,1989-12-03,male,"93, MG Road",Mumbai,Maharashtra,India,400001,2024-07-31,Bronze,Y
C001078,Aditya,Kumar,aditya.kumar1078@example.com,+91-91018-86597,1987-04-09,female,"688, Station Road",Chennai,Tamil Nadu,India,600001,2023-09-11,Silver,false
C001079,Rohan,Reddy,rohan.reddy1079@example.com,+91-67452-88796,2009-01-03,Female,"672, Station Road",Hyderabad,Telangana,India,500001,2024-09-22,Platinum,Y
C001080,Vikram,Shah,vikram.shah1080@example.com,+91-76492-52732,2010-08-22,O,"772, Park Avenue",Delhi,Delhi,India,110001,2022-01-28,Platinum,N
C001081,Ananya,Jain,Ananya.Jain.invalid,+91-77705-97477,2014-10-09,Other,"282, Hill View",Chennai,Tamil Nadu,India,600001,2023-06-10,Gold,false
C001082,Ishaan,Jain,ishaan.jain1082@example.com,+91-99247-44268,2004-03-05,Male,"836, Park Avenue",Austin,Texas,United States,78701,2023-01-07,Platinum,Y
C001083,Nisha,Reddy,nisha.reddy1083@example.com,+91-63951-77431,1990-05-23,Male,"151, Park Avenue",Seattle,Washington,United States,98101,2023-05-15,Silver,0
C001084,Lakshmi,Patel,lakshmi.patel1084@example.com,+91-87834-20354,1979-05-04,M,"618, Park Avenue",London,England,United Kingdom,SW1A1AA,2025-06-21,Silver,true
C001085,Meera,Kumar,meera.kumar1085@example.com,+91-92627-74737,2011-12-27,Female,"392, Lake Road",Seattle,Washington,United States,98101,2023-04-07,Platinum,Yes
C001086,Aarav,Kapoor,aarav.kapoor1086@example.com,+91-90039-26542,1994-07-24,F,"915, MG Road",Bengaluru,Karnataka,India,560001,2023-11-09,Silver,Y
C001087,Varun,Verma,varun.verma1087@example.com,+91-78769-90148,1989-04-17,M,"664, Park Avenue",Austin,Texas,United States,78701,2022-07-20,Silver,true
C001088,Ira,Bose,ira.bose1088@example.com,+91-63166-87087,1983-09-13,O,"823, Lake Road",Kochi,Kerala,India,682001,2023-08-31,Bronze,N
C001089,Varun,Singh,varun.singh1089@example.com,+91-66967-73598,1982-09-25,Other,"358, MG Road",Seattle,Washington,United States,98101,2024-11-20,Silver,false
C001090,Meera,Mehta,meera.mehta1090@example.com,+91-66784-19722,2002-01-24,M,"45, Park Avenue",Mumbai,Maharashtra,India,400001,2023-09-18,Silver,false
C001091,Maya,Patel,maya.patel1091@example.com,+91-61244-86574,1986-01-19,female,"744, Lake Road",Austin,Texas,United States,78701,2024-12-01,Platinum,true
C001092,Sneha,Joshi,sneha.joshi1092@example.com,+91-69252-88277,1994-04-28,Other,"951, Park Avenue",Delhi,Delhi,India,110001,2025-06-29,Silver,Y
C001093,Lakshmi,Gupta,lakshmi.gupta1093@example.com,+91-86901-47374,1990-11-06,F,"662, Lake Road",Delhi,Delhi,India,110001,2026-06-10,Bronze,No
C001094,Rahul,Patel,rahul.patel1094@example.com,+91-82806-44593,1978-11-19,Other,"548, MG Road",Bengaluru,Karnataka,India,560001,2023-01-24,Platinum,false
C001095,Rahul,Reddy,rahul.reddy1095@example.com,+91-88045-27625,2013-05-13,Female,"491, Lake Road",Delhi,Delhi,India,110001,2024-08-14,Gold,false
C001096,Sneha,Menon,sneha.menon1096@example.com,+91-66180-77131,2018-05-24,female,"260, Hill View",Pune,Maharashtra,India,411001,2025-07-26,Bronze,Y
C001097,Aanya,Sharma,aanya.sharma1097@example.com,+91-63290-84920,2012-10-08,female,"647, MG Road",Pune,Maharashtra,India,411001,2026-03-18,Silver,Y
C001098,Sneha,Joshi,sneha.joshi1098@example.com,ABC123,1985-04-09,male,"896, Market Street",Kolkata,West Bengal,India,700001,2024-07-10,Bronze,true
C001099,Ira,Rao,ira.rao1099@example.com,+91-73365-50298,1998-01-01,Male,"152, Lake Road",Kochi,Kerala,India,682001,2026-05-27,VIP,Y
C001100,Ira,Gupta,ira.gupta1100@example.com,+91-63811-52879,2017-07-23,F,"758, Station Road",Kochi,Kerala,India,682001,2026-05-10,Bronze,Y
C001101,Pooja,Reddy,pooja.reddy1101@example.com,+91-76854-40231,1981-01-09,Male,"528, Park Avenue",Austin,Texas,United States,78701,2022-11-27,Bronze,0
C001102,Tara,Das,tara.das1102@example.com,+91-65178-83685,2014-03-09,Other,"71, Lake Road",Kolkata,West Bengal,India,700001,2023-12-08,Silver,No
C001103,Ishaan,Menon,ishaan.menon1103@example.com,+91-66657-25247,2014-10-18,F,"691, Station Road",Bengaluru,Karnataka,India,560001,2023-01-21,Platinum,Yes
C001104,Nisha,Kumar,nisha.kumar1104@example.com,+91-90554-64134,2001-04-02,O,"995, MG Road",Austin,Texas,United States,78701,2025-03-28,Silver,Y
C001105,Aditya,Kapoor,aditya.kapoor1105@example.com,+91-69249-86024,2004-01-02,female,"785, Park Avenue",Mumbai,Maharashtra,India,400001,2022-01-06,Gold,true
C001106,Rohan,Chopra,rohan.chopra1106@example.com,+91-73354-28449,1985-01-02,Female,"315, Hill View",Bengaluru,Karnataka,India,560001,31-02-2025,Platinum,false
C001107,Aditya,Joshi,aditya.joshi1107@example.com,+91-99048-63221,1994-04-25,male,"677, Park Avenue",Seattle,Washington,United States,98101,2023-10-13,Platinum,Y
C001108,Akash,Patel,akash.patel1108@example.com,+91-84091-18420,2008-05-21,female,"181, Park Avenue",London,England,United Kingdom,SW1A1AA,2025-05-08,Bronze,No
C001109,Lakshmi,Bose,lakshmi.bose1109@example.com,+91-84955-95418,2012-06-25,male,"906, Lake Road",Kochi,Kerala,India,682001,2022-08-08,Platinum,N
C001110,Vikram,Patel,vikram.patel1110@example.com,+91-90188-16397,2000-09-17,F,"723, Lake Road",Kochi,Kerala,India,682001,2023-07-27,Platinum,N
C001111,Tara,Reddy,tara.reddy1111@example.com,+91-66100-97238,2007-09-04,Female,"275, Station Road",Kochi,Kerala,India,682001,2024-06-20,Silver,0
C001112,Aditya,Patel,aditya.patel1112@example.com,+91-71792-19970,2016-08-14,Other,"443, Lake Road",Delhi,Delhi,India,110001,2022-09-22,Gold,N
C001113,Akash,Nair,akash.nair1113@example.com,+91-88377-95666,2017-03-12,Other,"559, MG Road",Pune,Maharashtra,India,411001,2024-02-05,Bronze,0
C001114,Ira,Patel,ira.patel1114@example.com,+91-99593-43913,2008-09-17,F,"198, Station Road",Kolkata,West Bengal,India,700001,2025-11-24,Gold,false
C001115,Nisha,Kumar,nisha.kumar1115@example.com,+91-80696-66276,2013-09-01,Male,"784, Hill View",Toronto,Ontario,Canada,M5H2N2,2024-12-12,Platinum,false
C001116,Sanjay,Sharma,sanjay.sharma1116@example.com,+91-96872-74784,2004-05-24,female,"596, Lake Road",Pune,Maharashtra,India,411001,2023-02-24,Bronze,Yes
C001117,Akash,Rao,akash.rao1117@example.com,+91-77170-14469,1996-05-21,Other,"139, Hill View",Pune,Maharashtra,India,411001,2025-04-26,Platinum,Y
C001118,Aarav,Das,aarav.das1118@example.com,+91-86389-90127,2007-04-12,Female,"446, Hill View",London,England,United Kingdom,SW1A1AA,2024-01-27,Gold,0
C001119,Priya,Reddy,priya.reddy1119@example.com,+91-85024-34787,1985-07-07,Male,"659, Market Street",Chennai,Tamil Nadu,India,600001,2023-09-24,Gold,1
C001120,Akash,Patel,akash.patel1120@example.com,+91-87339-66805,2019-11-17,Female,"377, Park Avenue",Kolkata,West Bengal,India,700001,2026-04-11,Bronze,Y
C001121,Nisha,Pillai,nisha.pillai1121@example.com,+91-84078-68801,2016-05-17,Other,"215, Park Avenue",London,England,United Kingdom,SW1A1AA,2024-11-17,Gold,N
C001122,Priya,Joshi,priya.joshi1122@example.com,+91-77967-80415,1981-08-11,M,"865, Park Avenue",Hyderabad,Telangana,India,500001,2025-09-09,Bronze,No
C001123,Meera,Das,meera.das1123@example.com,+91-99856-80138,1998-07-08,F,"641, Station Road",Pune,Maharashtra,India,411001,2026-02-02,Gold,true
C001124,Maya,Menon,maya.menon1124@example.com,+91-98605-39076,2000-06-26,Other,"582, Market Street",Chennai,Tamil Nadu,India,600001,2023-08-05,Bronze,false
C001125,Arjun,Reddy,arjun.reddy1125@example.com,+91-72574-95197,1993-06-29,male,"299, Hill View",Chennai,Tamil Nadu,India,600001,2024-04-01,Platinum,Yes
C001126,Aarav,Kapoor,aarav.kapoor1126@example.com,+91-90531-88741,2009-10-09,Other,"218, MG Road",London,England,United Kingdom,SW1A1AA,2022-08-01,Bronze,true
C001127,Sanjay,Pillai,sanjay.pillai1127@example.com,+91-70187-25262,2017-01-16,F,"845, Station Road",Delhi,Delhi,India,110001,2023-03-18,Platinum,Yes
C001128,Kabir,Singh,Kabir.Singh.invalid,+91-76563-34462,1993-11-08,Other,"620, Station Road",Austin,Texas,United States,78701,2024-08-01,Gold,N
C001129,Ira,Shah,ira.shah1129@example.com,+91-66253-14130,1980-12-29,Male,"671, Market Street",Pune,Maharashtra,India,411001,2025-03-07,Bronze,1
C001130,,Menon,diya.menon1130@example.com,+91-67912-92365,1997-03-11,Female,"650, MG Road",Austin,Texas,United States,78701,2023-01-01,Silver,1
C001131,Akash,Nair,akash.nair1131@example.com,+91-95669-11030,2019-10-29,female,"352, Park Avenue",Mumbai,Maharashtra,India,400001,2026-04-29,Bronze,N
C001132,Rohan,Gupta,rohan.gupta1132@example.com,+91-74767-32074,1986-03-14,F,"577, Lake Road",Hyderabad,Telangana,India,500001,2023-08-24,Gold,No
C001133,Diya,Pillai,diya.pillai1133@example.com,+91-89726-93731,2019-06-06,female,"954, Park Avenue",Pune,Maharashtra,India,411001,2022-05-03,Silver,Yes
C001134,Arjun,Joshi,arjun.joshi1134@example.com,+91-75697-95383,2019-10-23,female,"750, Station Road",Pune,Maharashtra,India,411001,2023-01-11,Silver,true
C001135,Diya,Patel,diya.patel1135@example.com,+91-71174-91920,2010-03-27,M,"896, Market Street",Pune,Maharashtra,India,411001,2026-04-26,Silver,0
C001136,Ira,Verma,ira.verma1136@example.com,+91-84846-75655,1989-05-31,Other,"655, Market Street",Austin,Texas,United States,78701,2026-03-28,Silver,true
C001137,Zoya,Menon,zoya.menon1137@example.com,+91-86715-70499,1985-12-20,female,"719, Park Avenue",Delhi,Delhi,India,110001,2023-04-30,Gold,Y
C001138,Pooja,Menon,pooja.menon1138@example.com,+91-73810-67660,1985-09-01,O,"482, Lake Road",Toronto,Ontario,Canada,M5H2N2,2022-01-14,Bronze,1
C001139,Riya,Iyer,riya.iyer1139@example.com,+91-81006-79186,2005-06-05,Other,"281, Station Road",Delhi,Delhi,India,110001,2026-02-11,Gold,Y
C001140,Neha,Verma,neha.verma1140@example.com,+91-99660-68526,2000-01-21,M,"892, Station Road",Kolkata,West Bengal,India,700001,2025-01-22,Gold,0
C001141,Nisha,Gupta,nisha.gupta1141@example.com,+91-73266-52337,2013-01-24,Male,"98, Lake Road",Kolkata,West Bengal,India,700001,2024-02-05,Gold,false
C001142,Rahul,Pillai,rahul.pillai1142@example.com,+91-96294-49079,1981-05-21,M,"250, Station Road",Bengaluru,Karnataka,India,560001,2023-12-14,Platinum,Y
C001143,Aanya,Reddy,aanya.reddy1143@example.com,+91-76972-18455,1994-11-21,O,"450, Hill View",Pune,Maharashtra,India,411001,2023-01-18,Platinum,true
C001144,Ira,Kumar,ira.kumar1144@example.com,+91-96996-24960,1989-03-11,female,"641, Station Road",Kolkata,West Bengal,India,700001,2025-06-30,Bronze,N
C001145,Maya,Chopra,maya.chopra1145@example.com,+91-91024-80568,1986-10-11,Female,"886, MG Road",Mumbai,Maharashtra,India,400001,2022-03-19,Silver,Yes
C001146,Dev,Kapoor,dev.kapoor1146@example.com,+91-92268-47197,1993-06-07,female,"261, Hill View",Hyderabad,Telangana,India,500001,2024-08-30,Gold,true
C001147,Meera,Das,meera.das1147@example.com,+91-93793-82491,2009-09-22,male,"905, Market Street",Kochi,Kerala,India,682001,2023-07-23,Bronze,0
C001148,Nisha,Nair,nisha.nair1148@example.com,+91-60227-26302,2006-10-02,female,"164, Market Street",Pune,Maharashtra,India,411001,2022-12-30,Platinum,1
C001149,Priya,Nair,priya.nair1149@example.com,+91-63379-62805,1990-05-17,O,"289, Market Street",London,England,United Kingdom,SW1A1AA,2022-07-31,Bronze,N
C001150,Aarav,Nair,aarav.nair1150@example.com,+91-98442-35900,2014-06-19,Female,"853, Lake Road",London,England,United Kingdom,SW1A1AA,2024-10-23,Gold,true
C001151,Ananya,Pillai,ananya.pillai1151@example.com,+91-63745-13378,2013-12-03,O,"869, Park Avenue",Kolkata,West Bengal,India,700001,2024-10-23,Bronze,Y
C001152,Rahul,Mehta,rahul.mehta1152@example.com,+91-78320-84427,2001-04-27,M,"153, Hill View",Pune,Maharashtra,India,411001,2022-06-28,Bronze,false
C001153,Ishaan,Joshi,ishaan.joshi1153@example.com,+91-70899-71209,1983-04-27,Other,"659, Park Avenue",Seattle,Washington,United States,98101,2023-08-15,Platinum,Y
C001154,Pooja,Iyer,pooja.iyer1154@example.com,+91-70537-32768,2011-01-14,male,"442, Market Street",Kochi,Kerala,India,682001,2024-01-12,Bronze,Yes
C001155,Rohan,Jain,rohan.jain1155@example.com,+91-70152-23800,2010-04-07,Female,"439, Park Avenue",Pune,Maharashtra,India,411001,2022-01-20,Silver,No
C001156,Aarav,Singh,aarav.singh1156@example.com,+91-83616-88744,1991-09-30,male,"706, Market Street",Austin,Texas,United States,78701,2023-02-13,Platinum,No
C001157,Ananya,Menon,ananya.menon1157@example.com,+91-94956-49942,2004-11-11,F,"770, Lake Road", KOCHI ,Kerala,India,682001,2026-03-26,Silver,false
C001158,Meera,Shah,meera.shah1158@example.com,+91-81997-85116,1989-07-10,O,"708, Park Avenue",Kochi,Kerala,India,682001,2025-07-19,Platinum,No
C001159,Maya,Patel,maya.patel1159@example.com,ABC123,2007-02-23,Female,"644, Park Avenue",Toronto,Ontario,Canada,M5H2N2,2025-04-16,Bronze,true
C001160,Ananya,Sharma,ananya.sharma1160@example.com,+91-86627-51504,1983-02-19,Female,"23, MG Road",Bengaluru,Karnataka,India,560001,2024-01-25,Gold,1
C001161,Manoj,Reddy,manoj.reddy1161@example.com,+91-79848-60855,1981-04-09,F,"157, Lake Road",Bengaluru,Karnataka,India,560001,2025-12-04,Gold,Y
C001162,Ishaan,Bose,ishaan.bose1162@example.com,+91-65499-99774,2008-12-28,O,"943, Park Avenue",Chennai,Tamil Nadu,India,600001,2023-11-22,Gold,Yes
C001163,Manoj,Rao,manoj.rao1163@example.com,+91-87979-35550,2010-10-14,F,"494, Lake Road",Bengaluru,Karnataka,India,560001,2025-04-23,Silver,false
C001164,Pooja,Joshi,pooja.joshi1164@example.com,+91-65588-48638,2010-08-13,male,"551, Station Road",Seattle,Washington,U.S.A.,98101,2022-07-28,Platinum,No
C001165,Sanjay,Iyer,sanjay.iyer1165@example.com,+91-76768-40145,2006-02-15,female,"214, Hill View",Pune,Maharashtra,India,411001,2025-04-29,Gold,0
C001166,Pooja,Chopra,pooja.chopra1166@example.com,+91-81875-41514,1981-03-16,Other,"773, Lake Road",Pune,Maharashtra,India,411001,2025-04-06,Platinum,Yes
C001167,Aditya,Jain,aditya.jain1167@example.com,+91-83053-60433,1991-12-17,O,"639, Park Avenue",Pune,Maharashtra,India,411001,2024-03-28,Platinum,Y
C001168,Sanjay,Sharma,sanjay.sharma1168@example.com,+91-80946-35540,2015-03-28,Male,"946, MG Road",Delhi,Delhi,India,110001,2024-05-25,Gold,No
C001169,Sneha,Nair,sneha.nair1169@example.com,+91-97162-12351,2015-06-13,O,"699, Hill View",London,England,United Kingdom,SW1A1AA,2026-04-21,Silver,No
C001170,Aditya,Joshi,aditya.joshi1170@example.com,+91-63095-85209,2011-02-04,Other,"641, Lake Road",Hyderabad,Telangana,India,500001,2023-01-16,Gold,true
C001171,Vikram,Singh,vikram.singh1171@example.com,+91-74904-42563,2004-10-17,M,"64, Market Street",Kolkata,West Bengal,India,700001,2024-12-10,Gold,N
C001172,Ira,Bose,ira.bose1172@example.com,+91-79620-88884,1992-08-01,Male,"768, Lake Road",Kolkata,West Bengal,India,700001,2024-07-15,Bronze,1
C001173,Ananya,Kumar,ananya.kumar1173@example.com,+91-75179-59965,1980-02-06,Other,"704, Park Avenue",Chennai,Tamil Nadu,India,600001,2023-09-08,Bronze,Yes
C001174,Akash,Patel,akash.patel1174@example.com,+91-89586-35328,1987-10-16,F,"503, Park Avenue",Pune,Maharashtra,India,411001,2025-07-30,Platinum,0
C001175,Kavya,Das,Kavya.Das.invalid,+91-74556-36861,1986-07-05,O,"998, Lake Road",Bengaluru,Karnataka,India,560001,2026-04-03,Silver,1
C001176,Priya,Reddy,priya.reddy1176@example.com,+91-91326-18580,2010-08-08,M,"548, Market Street",Toronto,Ontario,Canada,M5H2N2,2026-02-13,Bronze,0
C001177,Aditya,Mehta,aditya.mehta1177@example.com,+91-75837-64744,1998-08-14,male,"671, Park Avenue",Chennai,Tamil Nadu,India,600001,2026-04-17,Bronze,false
C001178,Zoya,Joshi,zoya.joshi1178@example.com,+91-83406-83091,1987-10-06,M,"509, MG Road",Toronto,Ontario,Canada,M5H2N2,2022-03-15,Bronze,Y
C001179,Arjun,Patel,arjun.patel1179@example.com,+91-66915-80906,1999-05-07,female,"897, Station Road",Toronto,Ontario,Canada,??,2025-06-11,Gold,false
C001180,Ishaan,Patel,ishaan.patel1180@example.com,+91-61760-13321,1992-07-10,female,"643, Market Street",Toronto,Ontario,Canada,M5H2N2,2025-08-17,Platinum,true
C001181,Arjun,Nair,arjun.nair1181@example.com,+91-99478-39043,1991-06-25,Male,"165, Park Avenue",London,England,United Kingdom,SW1A1AA,2022-10-28,Gold,false
C001182,Lakshmi,Verma,lakshmi.verma1182@example.com,+91-67888-17908,2017-06-19,Other,"836, Station Road",Kolkata,West Bengal,India,700001,2023-07-14,Silver,1
C001183,Ishaan,Rao,ishaan.rao1183@example.com,+91-66823-57002,2019-01-15,Other,"476, Market Street",Hyderabad,Telangana,India,500001,2026-04-03,Platinum,N
C001184,Riya,Bose,riya.bose1184@example.com,+91-72077-21529,1996-08-14,Female,"756, MG Road",Pune,Maharashtra,India,411001,2024-04-10,Gold,false
C001185,Aarav,Iyer,aarav.iyer1185@example.com,+91-73107-86794,1984-11-23,M,"940, MG Road",Mumbai,Maharashtra,India,400001,31-02-2025,Silver,0
C001186,Kavya,Verma,kavya.verma1186@example.com,+91-94369-70428,1988-09-18,Male,"409, Lake Road",Delhi,Delhi,India,110001,2022-11-13,Gold,false
C001187,Kiran,Kapoor,kiran.kapoor1187@example.com,+91-73624-49346,2000-01-05,male,"848, Park Avenue",Austin,Texas,United States,78701,2025-11-29,Platinum,false
C001188,Sanjay,Sharma,sanjay.sharma1188@example.com,+91-81155-31139,2007-06-17,male,"794, Market Street",Bengaluru,Karnataka,India,560001,2024-06-10,Bronze,true
C001189,Ishaan,Verma,ishaan.verma1189@example.com,+91-94066-76364,2008-02-15,female,"245, Lake Road",Hyderabad,Telangana,India,500001,2023-03-15,Bronze,1
C001190,Arjun,Jain,arjun.jain1190@example.com,+91-98245-27030,1979-03-12,F,"377, MG Road",Bengaluru,Karnataka,India,560001,2024-10-16,Platinum,true
C001191,Akash,Bose,akash.bose1191@example.com,+91-91271-36305,2015-12-02,M,"48, MG Road",Bengaluru,Karnataka,India,560001,2024-03-08,Platinum,No
C001192,Sanjay,Joshi,sanjay.joshi1192@example.com,+91-70550-30044,2014-11-10,F,"462, MG Road",Kolkata,West Bengal,India,700001,2024-08-17,Gold,true
C001193,Riya,Pillai,riya.pillai1193@example.com,+91-84786-18089,2002-04-22,Other,"388, Market Street",Kochi,Kerala,India,682001,2025-01-16,Gold,1
C001194,Zoya,Chopra,zoya.chopra1194@example.com,+91-72216-89918,1992-01-12,male,"326, Station Road",Kolkata,West Bengal,India,700001,2022-04-26,Bronze,N
C001195,Rohan,Pillai,rohan.pillai1195@example.com,+91-85871-93387,2014-01-28,male,"963, Station Road",Kolkata,West Bengal,India,700001,2022-02-15,Gold,Y
C001196,Pooja,Iyer,pooja.iyer1196@example.com,+91-62101-41154,1982-04-04,F,"55, Lake Road",Seattle,Washington,United States,98101,2022-04-10,Silver,false
C001197,Zoya,Gupta,zoya.gupta1197@example.com,+91-93400-39040,2003-05-05,Female,"271, Park Avenue",Delhi,Delhi,India,110001,2026-03-21,Bronze,true
C001198,Kiran,Menon,kiran.menon1198@example.com,+91-65601-46168,1988-10-21,Female,"810, Park Avenue",Pune,Maharashtra,India,411001,2025-07-14,Silver,Yes
C001199,Zoya,Verma,zoya.verma1199@example.com,+91-93813-71082,1978-08-29,F,"954, MG Road",London,England,United Kingdom,SW1A1AA,2024-12-12,Gold,1
C001200,Pooja,Patel,pooja.patel1200@example.com,+91-97198-70222,2009-04-09,O,"205, Hill View",Kochi,Kerala,India,682001,2024-04-30,Silver,N
C001201,Aarav,Nair,aarav.nair1201@example.com,+91-86445-32610,1986-08-07,F,"143, Station Road",Chennai,Tamil Nadu,India,600001,2024-05-28,Platinum,No
C001202,Kiran,Shah,kiran.shah1202@example.com,+91-62214-90475,1987-01-25,male,"352, Hill View",Austin,Texas,United States,78701,2024-01-09,Bronze,false
C001203,Tara,Jain,tara.jain1203@example.com,+91-69052-85241,1989-01-24,Female,"459, Lake Road",Kochi,Kerala,India,682001,2022-05-23,Silver,false
C001204,Vikram,Kapoor,vikram.kapoor1204@example.com,+91-64654-98209,1981-07-07,Other,"909, Lake Road",Hyderabad,Telangana,India,500001,2024-10-27,Gold,Y
C001205,Riya,Verma,riya.verma1205@example.com,+91-72964-16521,2001-07-29,M,"707, Station Road",Bengaluru,Karnataka,India,560001,2023-04-28,Bronze,1
C001206,Kiran,Kapoor,kiran.kapoor1206@example.com,+91-95617-24754,2018-09-19,F,"818, Market Street",Seattle,Washington,United States,98101,2022-02-12,Platinum,true
C001207,Sneha,Nair,sneha.nair1207@example.com,+91-83224-14400,2009-04-01,Female,"179, Lake Road",Hyderabad,Telangana,India,500001,2022-02-03,Silver,Yes
C001208,Pooja,Shah,pooja.shah1208@example.com,+91-86412-84824,2008-10-02,Female,"11, Station Road",Bengaluru,Karnataka,India,560001,2023-10-29,Gold,1
C001209,Aarav,Nair,aarav.nair1209@example.com,+91-69637-85517,1985-12-31,male,"444, MG Road",Austin,Texas,United States,78701,2022-12-30,Platinum,No
C001210,Dev,Pillai,dev.pillai1210@example.com,+91-76116-56382,1989-08-29,Female,"407, Hill View",Toronto,Ontario,Canada,M5H2N2,2026-06-18,Gold,Yes
BAD1211,Aditya,Menon,aditya.menon1211@example.com,+91-61731-97772,1996-02-27,F,"133, Station Road",Hyderabad,Telangana,India,500001,2024-12-11,Silver,0
C001212,Zoya,Pillai,zoya.pillai1212@example.com,+91-97652-57629,1980-02-29,M,"611, Lake Road",Hyderabad,Telangana,India,500001,2022-08-11,Bronze,false
C001213,Zoya,Joshi,zoya.joshi1213@example.com,+91-65756-20280,2005-01-20,female,"633, Hill View",Chennai,Tamil Nadu,India,600001,2026-01-04,Gold,1
C001214,Rohan,Verma,rohan.verma1214@example.com,+91-87531-40034,1996-08-23,F,"96, Hill View",Bengaluru,Karnataka,India,560001,2022-01-27,Gold,false
C001215,Vikram,Kapoor,vikram.kapoor1215@example.com,+91-75507-72249,2001-10-29,Other,"76, Station Road",Delhi,Delhi,India,110001,2025-04-26,Bronze,Yes
C001216,Kavya,Rao,kavya.rao1216@example.com,+91-94836-57555,1985-09-08,F,"465, Hill View",Seattle,Washington,United States,98101,2023-11-09,Gold,0
C001217,Riya,Iyer,riya.iyer1217@example.com,+91-71464-92165,1978-07-09,F,"787, Hill View",Hyderabad,Telangana,India,500001,2025-11-19,Platinum,1
C001218,Dev,Kapoor,dev.kapoor1218@example.com,+91-93831-49864,1980-02-17,M,"543, Station Road",Mumbai,Maharashtra,India,400001,2023-10-16,Bronze,N
C001219,Kavya,Iyer,kavya.iyer1219@example.com,+91-92098-21405,1981-08-26,female,"561, MG Road",Toronto,Ontario,Canada,M5H2N2,2025-08-26,Bronze,0
C001220,Dev,Rao,dev.rao1220@example.com,ABC123,2012-07-19,F,"349, Market Street",Kochi,Kerala,India,682001,2023-04-16,Platinum,true
C001221,Neha,Jain,neha.jain1221@example.com,+91-67426-46196,2002-11-18,Other,"181, Station Road",Kochi,Kerala,India,682001,2026-03-19,Gold,0
C001222,Riya,Jain,Riya.Jain.invalid,+91-78146-41376,1996-03-14,F,"567, Market Street",Austin,Texas,United States,78701,2025-04-12,Platinum,1
C001223,Neha,Mehta,neha.mehta1223@example.com,+91-96542-13673,1983-07-10,Male,"698, MG Road",Chennai,Tamil Nadu,India,600001,2024-06-25,Bronze,0
C001224,Diya,Nair,diya.nair1224@example.com,+91-98119-83285,2001-08-30,O,"316, Market Street",Pune,Maharashtra,India,411001,2022-03-18,Gold,0
C001225,Kiran,Patel,kiran.patel1225@example.com,+91-99128-31610,2003-03-25,O,"271, Station Road",Chennai,Tamil Nadu,India,600001,2023-03-07,Silver,Y
C001226,Nisha,Kumar,nisha.kumar1226@example.com,+91-67908-21538,2001-03-04,female,"102, MG Road",Kolkata,West Bengal,India,700001,2022-09-19,Platinum,1
C001227,Aditya,Shah,aditya.shah1227@example.com,+91-90067-52970,1985-09-30,Female,"621, Station Road",Pune,Maharashtra,India,411001,2025-12-31,Bronze,false
C001228,Maya,Singh,maya.singh1228@example.com,+91-74220-82291,1995-04-11,Other,"486, Hill View",Toronto,Ontario,Canada,M5H2N2,2025-08-19,Gold,0
C001229,Sneha,Rao,sneha.rao1229@example.com,+91-73588-80275,1998-06-18,Other,"754, Park Avenue",Austin,Texas,United States,78701,2022-09-16,Bronze,N
C001230,Aarav,Nair,aarav.nair1230@example.com,+91-76081-49522,2019-08-19,Male,"623, Lake Road",Bengaluru,Karnataka,India,560001,2024-09-08,Bronze,true
C001231,Sneha,Rao,sneha.rao1231@example.com,+91-81572-28156,2014-11-05,Male,"625, MG Road",London,England,United Kingdom,SW1A1AA,2025-03-03,Bronze,Y
C001232,Sneha,Nair,sneha.nair1232@example.com,+91-96704-69074,1979-08-25,F,"10, Park Avenue",Bengaluru,Karnataka,India,560001,2023-04-18,Silver,Y
C001233,Rahul,Iyer,rahul.iyer1233@example.com,+91-98530-47450,1981-04-08,O,"257, Park Avenue",Hyderabad,Telangana,India,500001,2026-01-13,Platinum,1
C001234,Ishaan,Chopra,ishaan.chopra1234@example.com,+91-67081-36797,2010-10-24,Male,"588, MG Road",Seattle,Washington,United States,98101,2025-03-31,Silver,false
C001235,Sanjay,Iyer,sanjay.iyer1235@example.com,+91-71524-14269,2017-04-11,Male,"624, MG Road",Austin,Texas,United States,78701,2023-10-03,Silver,true
C001236,Ira,Menon,ira.menon1236@example.com,+91-70060-82463,2009-09-25,female,"559, Lake Road",Hyderabad,Telangana,India,500001,2023-06-24,Platinum,1
C001237,Akash,Mehta,akash.mehta1237@example.com,+91-92219-43226,1987-09-04,Male,"213, Station Road",Pune,Maharashtra,India,411001,2024-09-29,Silver,No
C001238,Akash,Nair,akash.nair1238@example.com,+91-77696-52434,1993-12-26,F,"65, Hill View",Toronto,Ontario,Canada,M5H2N2,2024-11-29,Platinum,No
C001239,Diya,Pillai,diya.pillai1239@example.com,+91-61906-12454,1989-01-31,O,"417, Market Street",Seattle,Washington,United States,98101,2023-11-26,Silver,Y
C001240,Dev,Bose,dev.bose1240@example.com,+91-97313-58900,2013-09-06,male,"835, Lake Road",Pune,Maharashtra,India,411001,2024-05-02,Gold,No
C001241,Aanya,Chopra,aanya.chopra1241@example.com,+91-75426-38800,1979-05-02,Female,"55, MG Road",Kochi,Kerala,India,682001,2022-11-27,Platinum,N
C001242,Dev,Gupta,dev.gupta1242@example.com,+91-95467-99796,1998-11-19,M,"925, Lake Road",Kolkata,West Bengal,India,700001,2025-04-10,Gold,false
C001243,,Kumar,aarav.kumar1243@example.com,+91-69404-77907,2019-09-13,male,"728, MG Road",Chennai,Tamil Nadu,India,600001,2022-10-27,Platinum,1
C001244,Neha,Bose,neha.bose1244@example.com,+91-65002-93007,1997-10-05,male,"493, Hill View",Mumbai,Maharashtra,India,400001,2025-02-13,Bronze,false
C001245,Dev,Nair,dev.nair1245@example.com,+91-81633-98047,1984-07-07,Other,"93, Hill View",London,England,United Kingdom,SW1A1AA,2025-03-23,Silver,Y
C001246,Varun,Rao,varun.rao1246@example.com,+91-89864-15450,1984-02-08,Other,"696, Station Road", PUNE ,Maharashtra,India,411001,2025-01-13,Bronze,0
C001247,Aditya,Sharma,aditya.sharma1247@example.com,+91-81904-60700,2000-07-17,Other,"639, MG Road",London,England,United Kingdom,SW1A1AA,2023-03-19,Bronze,N
C001248,Riya,Pillai,riya.pillai1248@example.com,+91-83346-42648,1983-10-29,O,"787, MG Road",London,England,United Kingdom,SW1A1AA,2024-09-14,Bronze,false
C001249,Kavya,Kapoor,kavya.kapoor1249@example.com,+91-87582-51512,2019-11-08,male,"330, Park Avenue",Austin,Texas,United States,78701,2024-10-31,Gold,1
C001250,Vikram,Chopra,vikram.chopra1250@example.com,+91-81588-71297,1988-08-31,Other,"831, Station Road",Bengaluru,Karnataka,India,560001,2024-01-07,Bronze,false
C001251,Ira,Bose,ira.bose1251@example.com,+91-65862-85990,1999-03-11,female,"157, Station Road",Seattle,Washington,United States,98101,2024-09-14,Bronze,N
C001252,Kiran,Jain,kiran.jain1252@example.com,+91-88661-70409,1978-09-11,Other,"533, Park Avenue",Chennai,Tamil Nadu,India,600001,2025-01-17,Silver,N
C001253,Ananya,Kumar,ananya.kumar1253@example.com,+91-74837-62117,1994-04-25,Other,"85, Hill View",Kolkata,West Bengal,India,700001,2024-09-10,Gold,Y
C001254,Nisha,Patel,nisha.patel1254@example.com,+91-76425-83033,1983-02-09,male,"906, Hill View",Hyderabad,Telangana,India,500001,2025-10-28,Bronze,1
C001255,Dev,Kumar,dev.kumar1255@example.com,+91-76640-17320,1998-08-24,F,"998, Hill View",Austin,Texas,United States,78701,2025-08-18,Gold,N
C001256,Arjun,Shah,arjun.shah1256@example.com,+91-68764-50854,1978-12-25,Female,"2, Lake Road",Pune,Maharashtra,India,411001,2023-12-20,VIP,No
C001257,Zoya,Das,zoya.das1257@example.com,+91-71679-57206,2005-09-27,M,"211, MG Road",London,England,United Kingdom,SW1A1AA,2025-11-14,Platinum,N
C001258,Vikram,Chopra,vikram.chopra1258@example.com,+91-98007-56766,1998-07-02,F,"805, MG Road",Toronto,Ontario,Canada,M5H2N2,2024-12-24,Platinum,No
C001259,Lakshmi,Das,lakshmi.das1259@example.com,+91-82192-38643,2014-04-04,Other,"748, Station Road",Chennai,Tamil Nadu,India,600001,2022-07-24,Gold,0
C001260,Riya,Mehta,riya.mehta1260@example.com,+91-72052-19700,1983-03-20,M,"563, Station Road",Bengaluru,Karnataka,India,560001,2024-11-19,Gold,1
C001261,Priya,Chopra,priya.chopra1261@example.com,+91-92971-96392,2002-06-06,Male,"997, Lake Road",Pune,Maharashtra,U.S.A.,411001,2025-06-16,Platinum,1
C001262,Riya,Shah,riya.shah1262@example.com,+91-93705-93055,1978-04-09,male,"826, Station Road",Pune,Maharashtra,India,411001,2025-03-03,Bronze,true
C001263,Ira,Chopra,ira.chopra1263@example.com,+91-86050-21764,1997-03-22,Female,"866, Market Street",Toronto,Ontario,Canada,M5H2N2,2022-08-02,Bronze,No
C001264,Arjun,Singh,arjun.singh1264@example.com,+91-99363-93418,2019-08-05,F,"730, Market Street",Delhi,Delhi,India,110001,31-02-2025,Bronze,Y
C001265,Maya,Iyer,maya.iyer1265@example.com,+91-88315-14994,2019-06-20,O,"727, Hill View",Mumbai,Maharashtra,India,400001,2025-02-03,Platinum,true
C001266,Rohan,Iyer,rohan.iyer1266@example.com,+91-97915-63451,1988-08-03,female,"907, MG Road",Austin,Texas,United States,78701,2025-05-30,Bronze,Y
C001267,Dev,Bose,dev.bose1267@example.com,+91-93813-29292,2019-06-17,Female,"458, Hill View",Chennai,Tamil Nadu,India,600001,2023-06-20,Gold,1
C001268,Ananya,Singh,ananya.singh1268@example.com,+91-79211-14536,1996-06-07,Male,"60, Park Avenue",Austin,Texas,United States,78701,2022-03-09,Bronze,1
C001269,Zoya,Iyer,Zoya.Iyer.invalid,+91-96606-15337,2004-09-27,female,"275, Hill View",Chennai,Tamil Nadu,India,600001,2022-06-26,Silver,1
C001270,Ira,Chopra,ira.chopra1270@example.com,+91-99807-26360,1998-05-17,F,"603, MG Road",Pune,Maharashtra,India,411001,2024-06-22,Bronze,1
C001271,Kavya,Verma,kavya.verma1271@example.com,+91-89637-11928,2016-10-08,male,"653, Hill View",Kochi,Kerala,India,682001,2025-07-21,Gold,1
C001272,Zoya,Patel,zoya.patel1272@example.com,+91-88243-93308,1979-11-26,M,"707, Lake Road",Delhi,Delhi,India,110001,2022-04-15,Platinum,false
C001273,Manoj,Mehta,manoj.mehta1273@example.com,+91-69738-31213,2002-04-06,female,"903, Hill View",London,England,United Kingdom,SW1A1AA,2025-09-26,Gold,Y
C001274,Manoj,Rao,manoj.rao1274@example.com,+91-94293-76658,2006-10-25,M,"824, Hill View",Pune,Maharashtra,India,411001,2023-07-28,Gold,Yes
C001275,Kavya,Kapoor,kavya.kapoor1275@example.com,+91-69583-44213,1980-04-03,M,"104, Lake Road",Delhi,Delhi,India,110001,2024-02-12,Silver,true
C001276,Ishaan,Mehta,ishaan.mehta1276@example.com,+91-60668-77391,2002-04-13,female,"596, Hill View",Seattle,Washington,United States,98101,2023-01-16,Silver,No
C001277,Nisha,Pillai,nisha.pillai1277@example.com,+91-86351-34262,1996-03-16,Other,"705, Park Avenue",Austin,Texas,United States,78701,2022-07-19,Gold,Y
C001278,Ananya,Kumar,ananya.kumar1278@example.com,+91-62694-58337,1990-07-16,Other,"591, Station Road",Austin,Texas,United States,78701,2023-01-30,Silver,0
C001279,Riya,Jain,riya.jain1279@example.com,+91-91188-11403,1985-12-26,Male,"414, Park Avenue",Kochi,Kerala,India,682001,2022-06-04,Gold,Yes
C001280,Sanjay,Joshi,sanjay.joshi1280@example.com,+91-81548-92845,1995-01-10,female,"593, Hill View",Kochi,Kerala,India,682001,2025-07-14,Platinum,N
C001281,Kiran,Das,kiran.das1281@example.com,ABC123,2004-08-02,F,"494, MG Road",Bengaluru,Karnataka,India,560001,2024-07-25,Bronze,0
C001282,Kavya,Gupta,kavya.gupta1282@example.com,+91-68343-73488,2016-05-13,male,"205, Market Street",Mumbai,Maharashtra,India,400001,2022-11-27,Platinum,N
C001283,Sneha,Rao,sneha.rao1283@example.com,+91-79128-66411,1983-01-04,Male,"772, Hill View",Seattle,Washington,United States,98101,2024-07-18,Platinum,Y
C001284,Ira,Shah,ira.shah1284@example.com,+91-84460-93160,1994-07-19,F,"792, Park Avenue",Seattle,Washington,United States,98101,2026-05-29,Platinum,true
C001285,Rohan,Singh,rohan.singh1285@example.com,+91-72135-67054,1987-02-23,O,"491, Station Road",Pune,Maharashtra,India,411001,2022-03-30,Platinum,true
C001286,Pooja,Das,pooja.das1286@example.com,+91-60387-49206,1998-11-21,M,"926, Lake Road",London,England,United Kingdom,SW1A1AA,2025-04-11,Silver,0
C001287,Aarav,Das,aarav.das1287@example.com,+91-80732-39045,2016-10-16,male,"520, Market Street",Chennai,Tamil Nadu,India,600001,2025-08-21,Gold,Yes
C001288,Varun,Gupta,varun.gupta1288@example.com,+91-61376-47238,1999-09-22,male,"56, Park Avenue",Kochi,Kerala,India,682001,2024-12-19,Gold,false
C001289,Ishaan,Chopra,ishaan.chopra1289@example.com,+91-84031-52558,1990-08-24,male,"998, Market Street",Pune,Maharashtra,India,411001,2025-06-10,Platinum,N
C001290,Vikram,Menon,vikram.menon1290@example.com,+91-77736-63023,2013-05-19,Male,"509, Station Road",Kochi,Kerala,India,682001,2023-06-04,Silver,1
C001291,Kabir,Patel,kabir.patel1291@example.com,+91-93625-82790,2004-12-23,O,"394, Hill View",Austin,Texas,United States,78701,2025-07-22,Silver,Yes
C001292,Neha,Chopra,neha.chopra1292@example.com,+91-83303-84715,2009-09-24,Female,"436, Station Road",Kochi,Kerala,India,682001,2026-04-08,Gold,Y
C001293,Akash,Shah,akash.shah1293@example.com,+91-79772-65420,1988-10-04,F,"778, Hill View",Mumbai,Maharashtra,India,400001,2024-12-22,Bronze,0
C001294,Ishaan,Kapoor,ishaan.kapoor1294@example.com,+91-72395-68883,1985-03-30,Other,"621, Market Street",Seattle,Washington,United States,98101,2026-04-21,Platinum,0
C001295,Maya,Kapoor,maya.kapoor1295@example.com,+91-63360-63254,2008-09-30,Female,"385, Lake Road",Hyderabad,Telangana,India,500001,2025-04-18,Silver,N
C001296,Manoj,Nair,manoj.nair1296@example.com,+91-91204-98568,1987-03-06,Female,"311, MG Road",Delhi,Delhi,India,110001,2025-08-06,Platinum,N
C001297,Arjun,Kapoor,arjun.kapoor1297@example.com,+91-75409-83210,2001-02-24,O,"950, Market Street",Hyderabad,Telangana,India,500001,2022-03-20,Silver,true
C001298,Ishaan,Rao,ishaan.rao1298@example.com,+91-87966-57129,1991-05-07,Male,"993, Market Street",Austin,Texas,United States,78701,2023-03-18,Bronze,0
C001299,Sneha,Das,sneha.das1299@example.com,+91-79766-44177,2004-03-23,Other,"82, Station Road",Kolkata,West Bengal,India,700001,2025-01-06,Gold,true
C001300,Aanya,Das,aanya.das1300@example.com,+91-69003-22592,1992-05-26,Male,"220, Hill View",London,England,United Kingdom,SW1A1AA,2024-02-10,Silver,Yes
C001301,Nisha,Kumar,nisha.kumar1301@example.com,+91-73204-63102,2007-03-20,O,"804, Lake Road",Pune,Maharashtra,India,411001,2024-03-12,Bronze,0
C001302,Manoj,Pillai,manoj.pillai1302@example.com,+91-96824-52778,1979-03-01,male,"463, Park Avenue",Chennai,Tamil Nadu,India,600001,2024-10-10,Gold,Y
C001303,Diya,Patel,diya.patel1303@example.com,+91-62381-90009,1987-08-29,Other,"940, MG Road",Hyderabad,Telangana,India,500001,2023-07-02,Silver,Y
C001304,Sneha,Shah,sneha.shah1304@example.com,+91-92356-18694,2012-04-08,Other,"313, Lake Road",Bengaluru,Karnataka,India,560001,2023-09-20,Silver,0
C001305,Ishaan,Joshi,ishaan.joshi1305@example.com,+91-92236-76265,2010-08-28,female,"369, Lake Road",Chennai,Tamil Nadu,India,600001,2024-04-12,Platinum,Y
C001306,Ananya,Reddy,ananya.reddy1306@example.com,+91-79010-49428,2008-10-19,M,"572, Station Road",Mumbai,Maharashtra,India,400001,2026-02-01,Platinum,Yes
C001307,Aanya,Nair,aanya.nair1307@example.com,+91-71013-79124,2010-02-17,M,"652, MG Road",Seattle,Washington,United States,98101,2025-04-27,Silver,No
C001308,Diya,Patel,diya.patel1308@example.com,+91-65003-66523,1994-04-06,male,"749, Market Street",Bengaluru,Karnataka,India,560001,2024-10-07,Bronze,Yes
C001309,Ishaan,Verma,ishaan.verma1309@example.com,+91-70012-50861,2018-05-06,female,"336, Station Road",Kochi,Kerala,India,682001,2023-05-26,Bronze,Y
C001310,Arjun,Iyer,arjun.iyer1310@example.com,+91-80635-94604,1992-02-23,F,"938, Hill View",Hyderabad,Telangana,India,??,2023-05-14,Platinum,Y
C001311,Ishaan,Sharma,ishaan.sharma1311@example.com,+91-89707-88964,1991-04-09,Other,"435, Market Street",Kochi,Kerala,India,682001,2023-06-15,Platinum,1
C001312,Sanjay,Shah,sanjay.shah1312@example.com,+91-94713-37310,1979-04-02,male,"842, Park Avenue",Kochi,Kerala,India,682001,2026-04-04,Platinum,1
C001313,Ira,Joshi,ira.joshi1313@example.com,+91-88929-29907,1995-03-06,O,"486, MG Road",Mumbai,Maharashtra,India,400001,2023-10-03,Silver,Y
C001314,Priya,Chopra,priya.chopra1314@example.com,+91-78100-34006,2016-04-09,F,"952, Lake Road",Hyderabad,Telangana,India,500001,2023-10-14,Platinum,Y
C001315,Nisha,Das,nisha.das1315@example.com,+91-61547-19544,1978-12-31,M,"998, Market Street",Toronto,Ontario,Canada,M5H2N2,2024-09-27,Platinum,Y
C001316,Aanya,Jain,Aanya.Jain.invalid,+91-86538-79214,1992-04-25,Female,"496, MG Road",Delhi,Delhi,India,110001,2023-12-22,Gold,1
C001317,Ishaan,Rao,ishaan.rao1317@example.com,+91-85348-92898,2004-11-18,Female,"12, Market Street",Bengaluru,Karnataka,India,560001,2024-01-21,Gold,false
C001318,Aanya,Verma,aanya.verma1318@example.com,+91-77492-90844,2007-02-24,F,"751, Station Road",Kochi,Kerala,India,682001,2023-03-09,Bronze,true
C001319,Vikram,Joshi,vikram.joshi1319@example.com,+91-87310-48868,2004-08-06,female,"250, MG Road",Delhi,Delhi,India,110001,2024-11-07,Gold,true
C001320,Ananya,Sharma,ananya.sharma1320@example.com,+91-67857-61688,2000-05-06,O,"87, Park Avenue",Hyderabad,Telangana,India,500001,2024-09-08,Platinum,false
C001321,Priya,Kapoor,priya.kapoor1321@example.com,+91-79828-69302,1987-05-04,Male,"278, Station Road",Seattle,Washington,United States,98101,2023-03-08,Silver,N
C001322,Manoj,Jain,manoj.jain1322@example.com,+91-61248-30795,1987-10-18,Female,"896, Station Road",Seattle,Washington,United States,98101,2024-10-10,Bronze,Y
C001323,Vikram,Verma,vikram.verma1323@example.com,+91-69425-62845,1984-05-24,Male,"864, Lake Road",Austin,Texas,United States,78701,2024-10-11,Silver,false
C001324,Manoj,Rao,manoj.rao1324@example.com,+91-66701-61612,2000-03-07,Female,"828, Station Road",Kolkata,West Bengal,India,700001,2024-03-19,Platinum,true
C001325,Sneha,Kumar,sneha.kumar1325@example.com,+91-67337-29467,1985-11-30,Female,"649, Lake Road",Chennai,Tamil Nadu,India,600001,2024-09-25,Platinum,false
C001326,Meera,Verma,meera.verma1326@example.com,+91-98028-34840,2014-09-29,female,"753, MG Road",Kochi,Kerala,India,682001,2023-10-18,Gold,1
C001327,Zoya,Verma,zoya.verma1327@example.com,+91-91113-84643,1990-04-03,O,"262, Market Street",Kochi,Kerala,India,682001,2023-11-30,Silver,N
C001328,Pooja,Nair,pooja.nair1328@example.com,+91-60668-14533,2016-12-01,Other,"30, Market Street",Delhi,Delhi,India,110001,2025-01-19,Gold,1
C001329,Kavya,Patel,kavya.patel1329@example.com,+91-86515-56024,1978-01-02,M,"377, Market Street",Toronto,Ontario,Canada,M5H2N2,2025-05-22,Bronze,false
C001330,Nisha,Sharma,nisha.sharma1330@example.com,+91-86185-36476,1984-01-31,male,"110, MG Road",Kochi,Kerala,India,682001,2025-01-27,Gold,false
C001331,Sneha,Pillai,sneha.pillai1331@example.com,+91-62741-64598,1993-08-15,O,"425, Hill View",Mumbai,Maharashtra,India,400001,2022-09-06,Platinum,false
C001332,Riya,Bose,riya.bose1332@example.com,+91-71480-53836,1990-12-03,Other,"381, Hill View",Bengaluru,Karnataka,India,560001,2024-01-24,Gold,Y
C001333,Manoj,Chopra,manoj.chopra1333@example.com,+91-81267-30452,1985-01-05,Female,"908, Station Road",London,England,United Kingdom,SW1A1AA,2024-09-05,Silver,No
C001334,Aanya,Rao,aanya.rao1334@example.com,+91-62072-79741,2014-03-27,Male,"199, Station Road",London,England,United Kingdom,SW1A1AA,2025-12-31,Bronze,N
C001335,Akash,Reddy,akash.reddy1335@example.com,+91-67726-38514,1993-08-18,male,"896, Station Road", KOLKATA ,West Bengal,India,700001,2023-11-01,Platinum,true
C001336,Aditya,Nair,aditya.nair1336@example.com,+91-79703-56185,2003-06-16,male,"55, Lake Road",Chennai,Tamil Nadu,India,600001,2023-04-19,Silver,N
C001337,Ira,Verma,ira.verma1337@example.com,+91-64467-40722,1980-01-27,F,"259, MG Road",Seattle,Washington,United States,98101,2025-06-02,Gold,true
C001338,Pooja,Pillai,pooja.pillai1338@example.com,+91-90141-76888,1978-03-02,F,"298, Hill View",Mumbai,Maharashtra,India,400001,2022-04-22,Platinum,Y
C001339,Nisha,Das,nisha.das1339@example.com,+91-89345-63253,2018-10-13,Female,"329, Station Road",Toronto,Ontario,Canada,M5H2N2,2024-08-20,Bronze,1
C001340,Diya,Kumar,diya.kumar1340@example.com,+91-68228-57010,1988-03-30,Other,"124, Market Street",London,England,United Kingdom,SW1A1AA,2022-03-29,Gold,Y
C001341,Aarav,Gupta,aarav.gupta1341@example.com,+91-77058-43748,1990-10-10,Female,"37, Hill View",Toronto,Ontario,Canada,M5H2N2,2026-03-07,Bronze,true
C001342,Ananya,Kumar,ananya.kumar1342@example.com,ABC123,2014-02-11,M,"765, Station Road",Pune,Maharashtra,India,411001,2023-06-23,Platinum,N
C001343,Rohan,Mehta,rohan.mehta1343@example.com,+91-63646-31167,2007-07-17,male,"381, Lake Road",Kolkata,West Bengal,India,700001,31-02-2025,Gold,Y
C001344,Sneha,Gupta,sneha.gupta1344@example.com,+91-63372-84496,2006-05-06,F,"102, Market Street",Kochi,Kerala,India,682001,2025-05-05,Gold,false
C001345,Aanya,Joshi,aanya.joshi1345@example.com,+91-94368-37559,1984-12-27,Female,"859, MG Road",Austin,Texas,United States,78701,2022-02-27,Silver,false
C001346,Sanjay,Reddy,sanjay.reddy1346@example.com,+91-70570-73671,2016-12-23,Other,"193, Station Road",Delhi,Delhi,India,110001,2025-11-04,Bronze,1
C001347,Priya,Bose,priya.bose1347@example.com,+91-89385-53797,2010-07-20,male,"382, Lake Road",London,England,United Kingdom,SW1A1AA,2023-11-10,Gold,1
C001348,Arjun,Jain,arjun.jain1348@example.com,+91-70300-97620,2003-05-26,female,"4, Lake Road",Chennai,Tamil Nadu,India,600001,2023-07-19,Platinum,Y
C001349,Ishaan,Kumar,ishaan.kumar1349@example.com,+91-83882-75602,1998-04-30,O,"905, Park Avenue",Delhi,Delhi,India,110001,2023-10-14,Gold,Y
C001350,Maya,Pillai,maya.pillai1350@example.com,+91-95247-63472,2004-01-28,O,"743, Park Avenue",Bengaluru,Karnataka,India,560001,2025-06-24,Bronze,false
C001351,Maya,Das,maya.das1351@example.com,+91-67536-81607,2016-09-20,female,"329, MG Road",Austin,Texas,United States,78701,2023-05-14,Bronze,Y
C001352,Tara,Mehta,tara.mehta1352@example.com,+91-88340-19003,1989-03-28,female,"168, Park Avenue",Mumbai,Maharashtra,India,400001,2024-05-17,Bronze,Y
C001353,Varun,Patel,varun.patel1353@example.com,+91-83991-18860,1982-04-09,O,"498, MG Road",Pune,Maharashtra,India,411001,2025-05-02,Gold,false
C001354,Lakshmi,Mehta,lakshmi.mehta1354@example.com,+91-61873-40640,1989-05-31,M,"167, Station Road",London,England,United Kingdom,SW1A1AA,2025-01-16,Gold,true
C001355,Kabir,Bose,kabir.bose1355@example.com,+91-62540-13060,2016-06-27,Female,"31, Lake Road",Chennai,Tamil Nadu,India,600001,2023-04-18,Gold,N
C001356,,Iyer,ananya.iyer1356@example.com,+91-75895-36875,2011-01-24,male,"618, Market Street",Bengaluru,Karnataka,India,560001,2023-06-03,Bronze,false
C001357,Manoj,Singh,manoj.singh1357@example.com,+91-86411-48321,2014-07-05,F,"852, Station Road",Bengaluru,Karnataka,India,560001,2025-12-04,Gold,1
C001358,Kavya,Bose,kavya.bose1358@example.com,+91-69932-65793,1997-08-04,Male,"608, Station Road",Hyderabad,Telangana,U.S.A.,500001,2023-12-14,Bronze,No
C001359,Arjun,Menon,arjun.menon1359@example.com,+91-80427-73616,1981-02-05,Male,"68, Station Road",Mumbai,Maharashtra,India,400001,2023-03-12,Platinum,true
C001360,Ira,Das,ira.das1360@example.com,+91-81705-24828,1982-09-12,Other,"1, Hill View",Mumbai,Maharashtra,India,400001,2025-08-09,Gold,Y
C001361,Aarav,Sharma,aarav.sharma1361@example.com,+91-88197-25733,2004-10-06,Other,"437, Market Street",Pune,Maharashtra,India,411001,2024-05-13,Bronze,true
C001362,Rahul,Menon,rahul.menon1362@example.com,+91-68095-42019,2007-08-14,O,"374, MG Road",Kolkata,West Bengal,India,700001,2025-02-10,Bronze,false
C001363,Aarav,Shah,Aarav.Shah.invalid,+91-61135-71025,2001-09-16,F,"92, Park Avenue",Kolkata,West Bengal,India,700001,2022-10-01,Platinum,Y
C001364,Priya,Das,priya.das1364@example.com,+91-60183-88042,2005-03-24,Female,"804, Station Road",Kolkata,West Bengal,India,700001,2023-02-22,Bronze,Y
C001365,Aditya,Patel,aditya.patel1365@example.com,+91-82012-90429,2003-09-27,Other,"376, Hill View",London,England,United Kingdom,SW1A1AA,2025-01-04,Silver,false
C001366,Arjun,Joshi,arjun.joshi1366@example.com,+91-95924-10554,1991-12-19,Male,"945, MG Road",Seattle,Washington,United States,98101,2022-01-30,Bronze,Yes
C001367,Sanjay,Patel,sanjay.patel1367@example.com,+91-62783-51622,1993-08-09,Female,"545, MG Road",Delhi,Delhi,India,110001,2022-10-18,Silver,false
C001368,Riya,Chopra,riya.chopra1368@example.com,+91-68025-10108,1986-07-19,Male,"324, Park Avenue",Hyderabad,Telangana,India,500001,2024-05-26,Gold,N
C001369,Ananya,Mehta,ananya.mehta1369@example.com,+91-89370-81307,2011-04-27,Other,"273, Hill View",Austin,Texas,United States,78701,2024-04-03,Gold,N
C001370,Manoj,Jain,manoj.jain1370@example.com,+91-96271-92953,2015-11-19,M,"348, Station Road",Hyderabad,Telangana,India,500001,2022-08-06,Platinum,No
C001371,Rohan,Iyer,rohan.iyer1371@example.com,+91-91040-11082,1999-06-14,F,"195, MG Road",Mumbai,Maharashtra,India,400001,2022-06-24,Silver,0
C001372,Manoj,Pillai,manoj.pillai1372@example.com,+91-77733-40356,1979-11-06,Female,"245, MG Road",Hyderabad,Telangana,India,500001,2024-08-12,Bronze,No
C001373,Manoj,Patel,manoj.patel1373@example.com,+91-75387-26993,2007-02-18,female,"81, MG Road",Bengaluru,Karnataka,India,560001,2024-09-05,Gold,0
C001374,Priya,Bose,priya.bose1374@example.com,+91-72059-41108,2000-08-22,O,"122, Station Road",London,England,United Kingdom,SW1A1AA,2022-09-22,Gold,false
C001375,Kavya,Sharma,kavya.sharma1375@example.com,+91-80080-61992,2019-11-23,O,"873, Station Road",London,England,United Kingdom,SW1A1AA,2025-04-10,Silver,Yes
C001376,Kabir,Bose,kabir.bose1376@example.com,+91-91916-36623,1981-06-05,F,"364, MG Road",Delhi,Delhi,India,110001,2022-07-21,Silver,true
C001377,Zoya,Kapoor,zoya.kapoor1377@example.com,+91-60861-24857,2019-10-13,F,"397, Lake Road",Austin,Texas,United States,78701,2023-09-16,Gold,N
C001378,Ishaan,Singh,ishaan.singh1378@example.com,+91-61607-68129,2011-04-16,O,"687, Lake Road",Toronto,Ontario,Canada,M5H2N2,2023-12-12,Silver,true
C001379,Nisha,Das,nisha.das1379@example.com,+91-60900-93770,1985-07-24,female,"763, MG Road",Bengaluru,Karnataka,India,560001,2023-09-05,Bronze,1
C001380,Diya,Bose,diya.bose1380@example.com,+91-94108-83220,2005-03-07,O,"311, MG Road",Bengaluru,Karnataka,India,560001,2022-12-13,Bronze,0
C001381,Kavya,Rao,kavya.rao1381@example.com,+91-81118-21612,2002-01-01,Other,"117, Park Avenue",Mumbai,Maharashtra,India,400001,2024-11-23,Platinum,1
C001382,Rohan,Sharma,rohan.sharma1382@example.com,+91-75809-67422,2000-04-27,M,"387, Market Street",Mumbai,Maharashtra,India,400001,2025-02-20,Silver,1
C001383,Rahul,Chopra,rahul.chopra1383@example.com,+91-95631-38899,2015-04-04,Male,"497, Hill View",Pune,Maharashtra,India,411001,2023-11-16,Bronze,Yes
BAD1384,Dev,Mehta,dev.mehta1384@example.com,+91-85477-53219,1990-04-12,Female,"948, Park Avenue",Delhi,Delhi,India,110001,2024-09-23,Platinum,N
C001385,Aanya,Verma,aanya.verma1385@example.com,+91-63850-56715,2019-08-21,F,"409, Hill View",Kochi,Kerala,India,682001,2026-05-04,Gold,Y
C001386,Rahul,Mehta,rahul.mehta1386@example.com,+91-98002-28007,1994-08-11,M,"659, Park Avenue",Toronto,Ontario,Canada,M5H2N2,2026-01-08,Platinum,true
C001387,Sanjay,Das,sanjay.das1387@example.com,+91-89322-32561,1982-09-05,male,"765, Park Avenue",Austin,Texas,United States,78701,2023-12-29,Platinum,N
C001388,Arjun,Bose,arjun.bose1388@example.com,+91-73404-58208,1991-05-13,M,"75, MG Road",Delhi,Delhi,India,110001,2023-12-25,Platinum,false
C001389,Maya,Nair,maya.nair1389@example.com,+91-93776-46450,1998-05-16,O,"365, Park Avenue",Seattle,Washington,United States,98101,2023-01-09,Gold,N
C001390,Aditya,Iyer,aditya.iyer1390@example.com,+91-62173-98467,1990-02-03,Other,"344, Lake Road",Kolkata,West Bengal,India,700001,2025-11-11,Bronze,0
C001391,Dev,Iyer,dev.iyer1391@example.com,+91-87815-43342,2001-06-22,Female,"497, MG Road",Bengaluru,Karnataka,India,560001,2023-07-14,Gold,N
C001392,Rohan,Iyer,rohan.iyer1392@example.com,+91-61039-24455,2002-10-28,Other,"804, Market Street",Austin,Texas,United States,78701,2023-03-28,Bronze,true
C001393,Ishaan,Shah,ishaan.shah1393@example.com,+91-97330-51712,1992-09-22,female,"996, Hill View",Seattle,Washington,United States,98101,2022-09-22,Silver,Yes
C001394,Maya,Kumar,maya.kumar1394@example.com,+91-73160-59272,2015-09-21,female,"667, MG Road",Toronto,Ontario,Canada,M5H2N2,2025-02-02,Bronze,0
C001395,Ira,Das,ira.das1395@example.com,+91-97206-84783,1984-12-27,Other,"383, Lake Road",Delhi,Delhi,India,110001,2025-02-05,Silver,true
C001396,Neha,Kapoor,neha.kapoor1396@example.com,+91-80892-15655,1978-02-15,F,"886, Park Avenue",Pune,Maharashtra,India,411001,2024-11-24,Gold,No
C001397,Ira,Mehta,ira.mehta1397@example.com,+91-63484-78102,1987-02-08,female,"472, Lake Road",Delhi,Delhi,India,110001,2023-07-07,Silver,Yes
C001398,Dev,Iyer,dev.iyer1398@example.com,+91-96669-40218,1984-11-02,male,"542, Lake Road",Delhi,Delhi,India,110001,2025-02-01,Silver,0
C001399,Aditya,Verma,aditya.verma1399@example.com,+91-62656-65168,1986-01-29,Female,"592, Market Street",Chennai,Tamil Nadu,India,600001,2022-12-28,Bronze,Yes
C001400,Pooja,Jain,pooja.jain1400@example.com,+91-93854-28112,1988-08-18,Male,"50, Lake Road",Kolkata,West Bengal,India,700001,2022-02-16,Bronze,No
C001401,Dev,Jain,dev.jain1401@example.com,+91-87263-31763,1999-08-05,Other,"889, Lake Road",Kochi,Kerala,India,682001,2023-04-23,Silver,Yes
C001402,Aditya,Iyer,aditya.iyer1402@example.com,+91-87700-76644,1987-11-21,female,"420, Hill View",Seattle,Washington,United States,98101,2023-03-01,Platinum,0
C001403,Vikram,Bose,vikram.bose1403@example.com,ABC123,2008-10-19,F,"837, Park Avenue",Austin,Texas,United States,78701,2026-05-13,Platinum,Y
C001404,Diya,Shah,diya.shah1404@example.com,+91-66743-12045,2018-02-06,Male,"317, Lake Road",Kochi,Kerala,India,682001,2022-01-08,Gold,true
C001405,Kavya,Patel,kavya.patel1405@example.com,+91-82489-53930,1980-09-06,male,"141, Market Street",Kolkata,West Bengal,India,700001,2022-03-16,Platinum,0
C001406,Meera,Verma,meera.verma1406@example.com,+91-88523-53231,2014-01-29,Other,"575, MG Road",Kolkata,West Bengal,India,700001,2022-04-09,Platinum,1
C001407,Varun,Nair,varun.nair1407@example.com,+91-93789-14159,1993-07-06,female,"296, Market Street",Kochi,Kerala,India,682001,2025-07-08,Gold,false
C001408,Aarav,Sharma,aarav.sharma1408@example.com,+91-89961-94515,2011-06-07,Female,"800, MG Road",Kolkata,West Bengal,India,700001,2025-02-10,Silver,Y
C001409,Ishaan,Mehta,ishaan.mehta1409@example.com,+91-76273-52973,1980-08-05,O,"752, MG Road",Kochi,Kerala,India,682001,2026-04-03,Silver,0
C001410,Nisha,Chopra,Nisha.Chopra.invalid,+91-98471-39465,2002-08-01,male,"33, Hill View",Kochi,Kerala,India,682001,2024-10-04,Platinum,Yes
C001411,Meera,Pillai,meera.pillai1411@example.com,+91-66842-15882,2007-10-23,female,"252, Park Avenue",Bengaluru,Karnataka,India,560001,2026-06-18,Bronze,No
C001412,Aarav,Pillai,aarav.pillai1412@example.com,+91-94112-21533,1986-12-11,F,"745, MG Road",Mumbai,Maharashtra,India,400001,2023-04-02,Bronze,No
C001413,Lakshmi,Shah,lakshmi.shah1413@example.com,+91-94462-82927,2013-12-02,F,"377, Market Street",London,England,United Kingdom,SW1A1AA,2022-08-15,VIP,N
C001414,Dev,Jain,dev.jain1414@example.com,+91-98382-19782,1982-05-17,Other,"920, Lake Road",Kochi,Kerala,India,682001,2022-08-06,Bronze,No
C001415,Riya,Singh,riya.singh1415@example.com,+91-69350-43208,2004-04-18,M,"712, Market Street",Pune,Maharashtra,India,411001,2022-10-23,Bronze,Yes
C001416,Ananya,Chopra,ananya.chopra1416@example.com,+91-92162-90198,2005-03-08,M,"911, Park Avenue",Bengaluru,Karnataka,India,560001,2022-06-15,Silver,true
C001417,Ishaan,Menon,ishaan.menon1417@example.com,+91-74808-73774,1978-07-21,female,"536, Station Road",Kochi,Kerala,India,682001,2022-09-10,Gold,false
C001418,Aditya,Singh,aditya.singh1418@example.com,+91-62249-13922,2000-08-20,Male,"596, Station Road",Toronto,Ontario,Canada,M5H2N2,2024-03-15,Bronze,1
C001419,Dev,Kumar,dev.kumar1419@example.com,+91-90734-75186,1996-10-15,M,"993, MG Road",Seattle,Washington,United States,98101,2023-07-28,Silver,0
C001420,Neha,Nair,neha.nair1420@example.com,+91-68680-91279,1987-04-08,F,"180, Hill View",Austin,Texas,United States,78701,2023-10-16,Platinum,No
C001421,Rahul,Reddy,rahul.reddy1421@example.com,+91-87628-44795,1985-02-07,female,"60, Lake Road",Bengaluru,Karnataka,India,560001,2023-04-08,Silver,false
C001422,Ira,Jain,ira.jain1422@example.com,+91-97940-11505,2015-10-30,male,"536, Lake Road",Toronto,Ontario,Canada,M5H2N2,31-02-2025,Gold,Yes
C001423,Maya,Joshi,maya.joshi1423@example.com,+91-73923-98704,1984-11-21,male,"75, Market Street",Hyderabad,Telangana,India,500001,2025-04-25,Silver,0
C001424,Ira,Patel,ira.patel1424@example.com,+91-70656-40664,1991-04-06,M,"171, Park Avenue", DELHI ,Delhi,India,110001,2022-04-30,Bronze,true
C001425,Arjun,Shah,arjun.shah1425@example.com,+91-69277-99502,1986-09-27,female,"701, Station Road",Toronto,Ontario,Canada,M5H2N2,2022-08-02,Bronze,false
C001426,Sanjay,Singh,sanjay.singh1426@example.com,+91-95106-53516,1985-12-01,O,"857, MG Road",Kochi,Kerala,India,682001,2024-10-25,Platinum,Yes
C001427,Vikram,Nair,vikram.nair1427@example.com,+91-86146-35536,1984-04-25,female,"312, Park Avenue",Seattle,Washington,United States,98101,2022-07-03,Silver,0
C001428,Pooja,Menon,pooja.menon1428@example.com,+91-94335-70015,1995-12-17,F,"465, Hill View",Kolkata,West Bengal,India,700001,2025-10-31,Platinum,Yes
C001429,Sneha,Sharma,sneha.sharma1429@example.com,+91-85725-38744,1980-08-07,O,"867, Market Street",Delhi,Delhi,India,110001,2025-09-14,Silver,1
C001430,Meera,Kapoor,meera.kapoor1430@example.com,+91-81304-60052,2008-04-07,male,"365, Lake Road",Delhi,Delhi,India,110001,2024-05-22,Platinum,false
C001431,Ishaan,Pillai,ishaan.pillai1431@example.com,+91-67435-27815,1978-08-21,male,"889, MG Road",Bengaluru,Karnataka,India,560001,2026-05-01,Bronze,false
C001432,Ira,Verma,ira.verma1432@example.com,+91-65760-81415,1985-06-04,M,"926, Hill View",Bengaluru,Karnataka,India,560001,2024-05-05,Gold,No
C001433,Sanjay,Jain,sanjay.jain1433@example.com,+91-86936-67624,2011-03-12,O,"919, Lake Road",Bengaluru,Karnataka,India,560001,2025-04-28,Bronze,0
C001434,Tara,Iyer,tara.iyer1434@example.com,+91-72298-17246,1978-08-08,male,"362, Market Street",Kochi,Kerala,India,682001,2023-11-03,Platinum,No
C001435,Zoya,Gupta,zoya.gupta1435@example.com,+91-75397-82842,2000-10-12,F,"218, Station Road",Chennai,Tamil Nadu,India,600001,2023-09-19,Platinum,Y
C001436,Vikram,Rao,vikram.rao1436@example.com,+91-92663-10140,1997-10-08,Male,"236, Lake Road",Chennai,Tamil Nadu,India,600001,2025-04-13,Platinum,1
C001437,Diya,Chopra,diya.chopra1437@example.com,+91-63342-64468,2011-11-16,O,"370, Station Road",Bengaluru,Karnataka,India,560001,2025-06-30,Bronze,No
C001438,Vikram,Gupta,vikram.gupta1438@example.com,+91-74503-28725,2015-12-19,female,"126, MG Road",Bengaluru,Karnataka,India,560001,2025-07-25,Platinum,1
C001439,Zoya,Pillai,zoya.pillai1439@example.com,+91-98450-55956,2002-07-07,Female,"796, Station Road",Seattle,Washington,United States,98101,2022-06-02,Gold,Y
C001440,Lakshmi,Das,lakshmi.das1440@example.com,+91-88871-87929,1986-03-03,Male,"16, Park Avenue",Seattle,Washington,United States,98101,2023-03-21,Silver,false
C001441,Rahul,Sharma,rahul.sharma1441@example.com,+91-92585-39022,1994-06-04,O,"407, Market Street",London,England,United Kingdom,??,2023-09-17,Bronze,No
C001442,Dev,Pillai,dev.pillai1442@example.com,+91-74474-12435,2003-06-21,female,"969, MG Road",London,England,United Kingdom,SW1A1AA,2024-11-21,Platinum,false
C001443,Riya,Das,riya.das1443@example.com,+91-87572-44781,1998-11-10,Other,"186, Station Road",Delhi,Delhi,India,110001,2026-03-28,Platinum,No
C001444,Manoj,Singh,manoj.singh1444@example.com,+91-76108-64199,1983-04-13,female,"393, MG Road",Seattle,Washington,United States,98101,2024-12-19,Bronze,Yes
C001445,Sneha,Pillai,sneha.pillai1445@example.com,+91-71169-27591,1980-06-06,M,"426, Park Avenue",London,England,United Kingdom,SW1A1AA,2023-08-23,Platinum,false
C001446,Sneha,Gupta,sneha.gupta1446@example.com,+91-87893-40895,1989-06-27,Other,"264, Park Avenue",Seattle,Washington,United States,98101,2024-07-22,Bronze,true
C001447,Sanjay,Verma,sanjay.verma1447@example.com,+91-62592-72421,2017-03-02,male,"861, Park Avenue",London,England,United Kingdom,SW1A1AA,2026-04-08,Gold,1
C001448,Riya,Shah,riya.shah1448@example.com,+91-73317-90735,2019-05-11,Male,"855, Market Street",Pune,Maharashtra,India,411001,2026-03-30,Platinum,0
C001449,Neha,Joshi,neha.joshi1449@example.com,+91-88631-66278,2015-09-26,F,"828, Station Road",Seattle,Washington,United States,98101,2024-09-14,Silver,N
C001450,Vikram,Nair,vikram.nair1450@example.com,+91-92524-26115,2016-10-11,Other,"285, Station Road",Mumbai,Maharashtra,India,400001,2026-05-12,Bronze,N
C001451,Priya,Gupta,priya.gupta1451@example.com,+91-77362-50517,1980-01-15,Female,"474, Hill View",London,England,United Kingdom,SW1A1AA,2024-07-15,Silver,false
C001452,Riya,Singh,riya.singh1452@example.com,+91-77108-80725,2002-08-08,F,"761, Hill View",Mumbai,Maharashtra,India,400001,2023-01-23,Silver,Y
C001453,Sneha,Jain,sneha.jain1453@example.com,+91-63867-31509,2019-12-15,Female,"197, Station Road",Bengaluru,Karnataka,India,560001,2022-06-28,Silver,0
C001454,Ira,Das,ira.das1454@example.com,+91-60258-58412,2012-02-21,Female,"758, Lake Road",Kochi,Kerala,India,682001,2022-10-27,Platinum,false
C001455,Diya,Gupta,diya.gupta1455@example.com,+91-64467-10125,2007-05-05,M,"531, MG Road",Pune,Maharashtra,U.S.A.,411001,2026-03-17,Silver,1
C001456,Akash,Mehta,akash.mehta1456@example.com,+91-72717-90070,2001-07-09,M,"912, Market Street",Kochi,Kerala,India,682001,2025-11-08,Silver,0
C001457,Nisha,Verma,Nisha.Verma.invalid,+91-70166-24009,2006-12-09,male,"52, Station Road",Delhi,Delhi,India,110001,2025-02-15,Bronze,1
C001458,Aanya,Jain,aanya.jain1458@example.com,+91-67685-80343,2001-05-27,O,"846, MG Road",London,England,United Kingdom,SW1A1AA,2022-05-31,Platinum,Y
C001459,Vikram,Shah,vikram.shah1459@example.com,+91-74115-75577,2016-01-19,female,"788, MG Road",Seattle,Washington,United States,98101,2025-12-19,Platinum,1
C001460,Kiran,Das,kiran.das1460@example.com,+91-81899-83722,2013-06-02,male,"346, Lake Road",Kolkata,West Bengal,India,700001,2026-04-07,Bronze,No
C001461,Dev,Shah,dev.shah1461@example.com,+91-83606-48466,1990-06-26,male,"581, Lake Road",Seattle,Washington,United States,98101,2024-04-13,Platinum,true
C001462,Priya,Sharma,priya.sharma1462@example.com,+91-97948-59579,2003-04-30,Male,"32, Station Road",London,England,United Kingdom,SW1A1AA,2022-12-06,Gold,Y
C001463,Ananya,Mehta,ananya.mehta1463@example.com,+91-60841-93762,1979-10-24,M,"492, Hill View",London,England,United Kingdom,SW1A1AA,2025-07-22,Gold,No
C001464,Ira,Mehta,ira.mehta1464@example.com,ABC123,1997-01-16,Other,"947, Lake Road",London,England,United Kingdom,SW1A1AA,2024-05-09,Platinum,No
C001465,Kabir,Rao,kabir.rao1465@example.com,+91-73442-30026,2010-07-22,male,"190, Park Avenue",Toronto,Ontario,Canada,M5H2N2,2023-01-01,Silver,N
C001466,Nisha,Jain,nisha.jain1466@example.com,+91-86494-89890,2016-06-02,male,"910, Lake Road",Delhi,Delhi,India,110001,2024-04-08,Gold,No
C001467,Vikram,Reddy,vikram.reddy1467@example.com,+91-69188-49435,2009-01-23,Male,"540, Station Road",Kochi,Kerala,India,682001,2023-09-30,Gold,N
C001468,Dev,Pillai,dev.pillai1468@example.com,+91-67770-53406,2019-05-30,M,"638, Hill View",Chennai,Tamil Nadu,India,600001,2022-07-13,Bronze,false
C001469,,Kumar,rahul.kumar1469@example.com,+91-69925-51724,2012-03-23,M,"846, Park Avenue",Mumbai,Maharashtra,India,400001,2022-08-15,Gold,No
C001470,Rahul,Iyer,rahul.iyer1470@example.com,+91-85223-36884,1985-11-02,male,"419, Hill View",Chennai,Tamil Nadu,India,600001,2024-09-23,Platinum,Yes
C001471,Rohan,Shah,rohan.shah1471@example.com,+91-88959-29630,1981-08-04,F,"232, Market Street",Pune,Maharashtra,India,411001,2025-08-23,Silver,Y
C001472,Diya,Menon,diya.menon1472@example.com,+91-68892-38666,1987-03-07,female,"168, Hill View",Kochi,Kerala,India,682001,2024-04-17,Gold,Yes
C001473,Kabir,Sharma,kabir.sharma1473@example.com,+91-99801-79998,2014-02-17,M,"207, Market Street",Pune,Maharashtra,India,411001,2024-01-16,Bronze,1
C001474,Aditya,Nair,aditya.nair1474@example.com,+91-62776-84683,1984-01-23,Male,"410, Lake Road",Toronto,Ontario,Canada,M5H2N2,2026-01-04,Silver,Yes
C001475,Neha,Singh,neha.singh1475@example.com,+91-84372-28768,2007-06-12,M,"301, Hill View",Bengaluru,Karnataka,India,560001,2025-05-26,Bronze,N
C001476,Ishaan,Pillai,ishaan.pillai1476@example.com,+91-72143-62030,2012-03-10,male,"123, MG Road",Toronto,Ontario,Canada,M5H2N2,2025-04-26,Gold,0
C001477,Manoj,Das,manoj.das1477@example.com,+91-94532-23629,1988-10-18,Other,"829, Market Street",Bengaluru,Karnataka,India,560001,2024-12-23,Bronze,Yes
C001478,Akash,Rao,akash.rao1478@example.com,+91-68514-74716,1978-02-06,Female,"604, Hill View",Pune,Maharashtra,India,411001,2023-02-02,Silver,No
C001479,Vikram,Das,vikram.das1479@example.com,+91-70088-95413,1978-06-19,Male,"966, Market Street",Seattle,Washington,United States,98101,2025-10-06,Bronze,0
C001480,Aarav,Jain,aarav.jain1480@example.com,+91-93642-75353,2014-03-06,Female,"57, Lake Road",Austin,Texas,United States,78701,2025-11-04,Gold,N
C001481,Diya,Kumar,diya.kumar1481@example.com,+91-86933-54760,2013-06-10,Other,"844, Market Street",Bengaluru,Karnataka,India,560001,2026-06-25,Gold,N
C001482,Riya,Pillai,riya.pillai1482@example.com,+91-68812-61547,2005-05-16,female,"724, MG Road",Seattle,Washington,United States,98101,2026-02-25,Gold,true
C001483,Zoya,Nair,zoya.nair1483@example.com,+91-89113-18924,2014-12-30,male,"694, MG Road",Kochi,Kerala,India,682001,2026-04-21,Silver,No
C001484,Ishaan,Kumar,ishaan.kumar1484@example.com,+91-66480-71052,2005-11-13,Female,"290, Hill View",Bengaluru,Karnataka,India,560001,2024-11-17,Gold,false
C001485,Tara,Jain,tara.jain1485@example.com,+91-82241-38137,2013-06-02,F,"271, Station Road",Hyderabad,Telangana,India,500001,2023-09-05,Gold,Yes
C001486,Manoj,Pillai,manoj.pillai1486@example.com,+91-96443-91503,2009-12-19,Male,"981, Park Avenue",Bengaluru,Karnataka,India,560001,2026-06-27,Gold,true
C001487,Aarav,Kapoor,aarav.kapoor1487@example.com,+91-77241-49798,2004-04-18,Other,"402, Market Street",Toronto,Ontario,Canada,M5H2N2,2024-05-19,Bronze,Y
C001488,Varun,Rao,varun.rao1488@example.com,+91-74685-48772,2000-04-29,Male,"35, Station Road",Seattle,Washington,United States,98101,2023-10-28,Gold,Y
C001489,Pooja,Bose,pooja.bose1489@example.com,+91-60735-46223,1991-01-18,M,"552, MG Road",Delhi,Delhi,India,110001,2023-05-14,Gold,N
C001490,Varun,Singh,varun.singh1490@example.com,+91-81281-45165,2010-01-02,Female,"870, Station Road",Toronto,Ontario,Canada,M5H2N2,2022-06-02,Bronze,N
C001491,Tara,Chopra,tara.chopra1491@example.com,+91-71677-93584,2019-08-08,male,"74, MG Road",Mumbai,Maharashtra,India,400001,2022-06-13,Bronze,false
C001492,Varun,Iyer,varun.iyer1492@example.com,+91-99641-66715,1988-05-30,Other,"797, Market Street",Kolkata,West Bengal,India,700001,2023-03-27,Platinum,1
C001493,Riya,Chopra,riya.chopra1493@example.com,+91-92615-90462,2000-07-10,male,"834, Park Avenue",London,England,United Kingdom,SW1A1AA,2023-01-06,Silver,Yes
C001494,Kabir,Kapoor,kabir.kapoor1494@example.com,+91-93715-60831,1995-11-22,male,"954, Station Road",Hyderabad,Telangana,India,500001,2022-11-29,Platinum,1
C001495,Aditya,Reddy,aditya.reddy1495@example.com,+91-88803-81606,1998-06-12,F,"627, Lake Road",Austin,Texas,United States,78701,2023-06-29,Platinum,No
C001496,Sanjay,Gupta,sanjay.gupta1496@example.com,+91-78556-25260,1986-02-09,F,"461, Station Road",Seattle,Washington,United States,98101,2026-01-21,Platinum,true
C001497,Riya,Jain,riya.jain1497@example.com,+91-82152-87351,2017-07-26,O,"228, MG Road",Pune,Maharashtra,India,411001,2023-11-03,Bronze,No
C001498,Ishaan,Singh,ishaan.singh1498@example.com,+91-66514-47758,1995-05-03,Other,"992, Hill View",Delhi,Delhi,India,110001,2026-03-12,Silver,true
C001499,Riya,Pillai,riya.pillai1499@example.com,+91-99050-82175,2006-12-12,F,"234, MG Road",Austin,Texas,United States,78701,2024-03-15,Bronze,1
C001500,Vikram,Singh,vikram.singh1500@example.com,+91-88102-81336,2003-01-23,Male,"726, MG Road",Austin,Texas,United States,78701,2022-03-27,Platinum,1
C001501,Dev,Kapoor,dev.kapoor1501@example.com,+91-61608-63926,1978-10-08,male,"664, Market Street",Kochi,Kerala,India,682001,31-02-2025,Bronze,N
C001502,Ananya,Pillai,ananya.pillai1502@example.com,+91-89589-36045,2019-06-16,M,"370, Park Avenue",Chennai,Tamil Nadu,India,600001,2025-12-10,Bronze,true
C001503,Maya,Kumar,maya.kumar1503@example.com,+91-96392-62398,2003-03-27,O,"631, MG Road",Delhi,Delhi,India,110001,2024-08-14,Bronze,1
C001504,Nisha,Rao,Nisha.Rao.invalid,+91-87631-64670,1990-01-03,male,"238, Station Road",Bengaluru,Karnataka,India,560001,2026-03-16,Platinum,No
C001505,Riya,Jain,riya.jain1505@example.com,+91-68915-61724,2000-12-24,male,"605, Park Avenue",Kochi,Kerala,India,682001,2022-02-08,Gold,true
C001506,Tara,Kapoor,tara.kapoor1506@example.com,+91-86434-91603,2016-09-29,Other,"713, Lake Road",Pune,Maharashtra,India,411001,2022-03-09,Bronze,0
C001507,Kabir,Joshi,kabir.joshi1507@example.com,+91-87031-81413,1992-07-09,O,"506, Station Road",London,England,United Kingdom,SW1A1AA,2026-05-15,Bronze,1
C001508,Zoya,Rao,zoya.rao1508@example.com,+91-68593-27753,2006-02-11,female,"55, Lake Road",Delhi,Delhi,India,110001,2023-07-13,Platinum,No
C001509,Ishaan,Reddy,ishaan.reddy1509@example.com,+91-83708-84699,2007-08-19,Female,"842, Lake Road",Mumbai,Maharashtra,India,400001,2022-05-03,Gold,0
C001510,Aarav,Patel,aarav.patel1510@example.com,+91-60488-46955,2017-03-03,Female,"741, Hill View",Mumbai,Maharashtra,India,400001,2025-11-22,Platinum,N
C001511,Akash,Sharma,akash.sharma1511@example.com,+91-70871-39701,2019-06-23,Other,"223, Hill View",Kochi,Kerala,India,682001,2024-07-04,Platinum,Y
C001512,Ananya,Pillai,ananya.pillai1512@example.com,+91-75931-59960,1995-03-01,M,"3, Station Road",Hyderabad,Telangana,India,500001,2025-11-05,Silver,1
C001513,Zoya,Mehta,zoya.mehta1513@example.com,+91-67431-18079,2001-04-15,Female,"578, MG Road", TORONTO ,Ontario,Canada,M5H2N2,2022-04-07,Bronze,1
C001514,Zoya,Mehta,zoya.mehta1514@example.com,+91-69362-26545,1998-06-06,Female,"541, Market Street",Mumbai,Maharashtra,India,400001,2025-01-29,Gold,0
C001515,Aditya,Shah,aditya.shah1515@example.com,+91-69558-81929,1986-07-30,Female,"374, MG Road",Hyderabad,Telangana,India,500001,2023-07-11,Silver,No
C001516,Rahul,Gupta,rahul.gupta1516@example.com,+91-87042-18576,1981-09-12,Female,"456, Station Road",Seattle,Washington,United States,98101,2023-11-24,Bronze,N
C001517,Pooja,Pillai,pooja.pillai1517@example.com,+91-81486-58497,2018-07-26,Male,"115, Lake Road",Toronto,Ontario,Canada,M5H2N2,2023-03-27,Gold,Yes
C001518,Neha,Kapoor,neha.kapoor1518@example.com,+91-71304-74327,2018-09-29,Female,"808, Park Avenue",Bengaluru,Karnataka,India,560001,2025-01-21,Silver,1
C001519,Aarav,Nair,aarav.nair1519@example.com,+91-95670-72057,1997-05-03,F,"169, Station Road",Toronto,Ontario,Canada,M5H2N2,2026-01-07,Bronze,N
C001520,Priya,Nair,priya.nair1520@example.com,+91-83788-23626,2013-01-07,F,"189, Station Road",Hyderabad,Telangana,India,500001,2023-08-05,Silver,true
C001521,Nisha,Jain,nisha.jain1521@example.com,+91-60305-91249,1995-07-20,female,"858, Park Avenue",Austin,Texas,United States,78701,2025-12-25,Bronze,1
C001522,Aditya,Sharma,aditya.sharma1522@example.com,+91-86160-62512,2001-06-24,O,"114, MG Road",Austin,Texas,United States,78701,2025-05-05,Platinum,false
C001523,Kabir,Verma,kabir.verma1523@example.com,+91-80226-16283,1994-10-19,Male,"278, MG Road",Toronto,Ontario,Canada,M5H2N2,2026-03-12,Silver,false
C001524,Nisha,Rao,nisha.rao1524@example.com,+91-93475-46849,2019-10-30,female,"143, Market Street",Mumbai,Maharashtra,India,400001,2024-06-01,Gold,Yes
C001525,Diya,Sharma,diya.sharma1525@example.com,ABC123,1996-12-04,Other,"943, Station Road",Mumbai,Maharashtra,India,400001,2023-03-02,Platinum,No
C001526,Zoya,Joshi,zoya.joshi1526@example.com,+91-76096-27171,1990-04-22,F,"240, Station Road",London,England,United Kingdom,SW1A1AA,2022-01-30,Gold,1
C001527,Riya,Shah,riya.shah1527@example.com,+91-76902-37071,2001-09-06,Female,"357, Market Street",Toronto,Ontario,Canada,M5H2N2,2025-02-02,Bronze,0
C001528,Lakshmi,Jain,lakshmi.jain1528@example.com,+91-99291-68772,2014-05-14,female,"953, Lake Road",Bengaluru,Karnataka,India,560001,2025-08-25,Bronze,Yes
C001529,Priya,Nair,priya.nair1529@example.com,+91-84536-77641,1979-09-19,F,"390, MG Road",Seattle,Washington,United States,98101,2023-11-15,Silver,true
C001530,Meera,Singh,meera.singh1530@example.com,+91-95116-17735,1986-07-05,female,"734, Hill View",Mumbai,Maharashtra,India,400001,2026-03-27,Silver,false
C001531,Dev,Rao,dev.rao1531@example.com,+91-96965-50036,1987-09-16,Female,"88, Station Road",Pune,Maharashtra,India,411001,2022-09-17,Bronze,0
C001532,Neha,Verma,neha.verma1532@example.com,+91-62029-96751,2014-09-06,Male,"640, Station Road",Bengaluru,Karnataka,India,560001,2023-05-25,Silver,Y
C001533,Ira,Kumar,ira.kumar1533@example.com,+91-80282-17724,1991-01-08,Male,"131, Hill View",Hyderabad,Telangana,India,500001,2026-05-11,Silver,N
C001534,Aditya,Gupta,aditya.gupta1534@example.com,+91-64841-15325,2018-03-14,female,"206, Hill View",Kochi,Kerala,India,682001,2025-11-29,Bronze,0
C001535,Arjun,Das,arjun.das1535@example.com,+91-76267-97652,2012-10-08,F,"59, Station Road",Mumbai,Maharashtra,India,400001,2022-10-26,Platinum,No
C001536,Vikram,Reddy,vikram.reddy1536@example.com,+91-87733-47252,2011-07-07,Female,"401, Park Avenue",Toronto,Ontario,Canada,M5H2N2,2026-06-25,Gold,false
C001537,Diya,Joshi,diya.joshi1537@example.com,+91-78176-75222,2017-08-31,O,"215, Lake Road",Austin,Texas,United States,78701,2024-02-26,Silver,false
C001538,Ananya,Pillai,ananya.pillai1538@example.com,+91-67279-27414,2000-09-02,female,"782, Market Street",Delhi,Delhi,India,110001,2024-02-05,Bronze,Yes
C001539,Meera,Singh,meera.singh1539@example.com,+91-87882-85567,2006-08-02,female,"776, Park Avenue",Hyderabad,Telangana,India,500001,2022-01-25,Platinum,1
C001540,Rahul,Shah,rahul.shah1540@example.com,+91-66729-22162,2011-02-10,M,"246, MG Road",Bengaluru,Karnataka,India,560001,2024-06-20,Bronze,Y
C001541,Ananya,Iyer,ananya.iyer1541@example.com,+91-91834-11580,2001-10-09,Male,"290, Market Street",Toronto,Ontario,Canada,M5H2N2,2025-01-07,Silver,1
C001542,Priya,Iyer,priya.iyer1542@example.com,+91-76112-28523,2010-11-25,O,"54, Station Road",Kochi,Kerala,India,682001,2022-08-07,Platinum,true
C001543,Rohan,Sharma,rohan.sharma1543@example.com,+91-78033-71180,2009-08-16,O,"716, Lake Road",Austin,Texas,United States,78701,2026-01-01,Silver,false
C001544,Ananya,Rao,ananya.rao1544@example.com,+91-94285-98152,1983-02-02,female,"178, Station Road",Kolkata,West Bengal,India,700001,2025-10-24,Platinum,true
C001545,Zoya,Shah,zoya.shah1545@example.com,+91-80054-43005,1996-05-13,Other,"726, MG Road",Pune,Maharashtra,India,411001,2022-04-12,Platinum,No
C001546,Rahul,Mehta,rahul.mehta1546@example.com,+91-65656-70358,2013-03-27,Male,"709, Market Street",Austin,Texas,United States,78701,2024-11-23,Silver,N
C001547,Meera,Joshi,meera.joshi1547@example.com,+91-96989-78333,1991-04-03,Other,"935, Hill View",Chennai,Tamil Nadu,India,600001,2025-08-24,Gold,Yes
C001548,Rahul,Iyer,rahul.iyer1548@example.com,+91-93924-91893,2010-04-24,Female,"578, MG Road",Hyderabad,Telangana,India,500001,2022-02-21,Silver,1
C001549,Aanya,Verma,aanya.verma1549@example.com,+91-72229-15719,1985-02-28,Male,"122, Station Road",Mumbai,Maharashtra,India,400001,2023-03-20,Platinum,No
C001550,Ananya,Chopra,ananya.chopra1550@example.com,+91-83168-75190,1987-10-26,O,"185, Hill View",Kochi,Kerala,India,682001,2025-10-10,Bronze,false
C001551,Ananya,Patel,Ananya.Patel.invalid,+91-68584-18179,2014-08-27,Female,"341, Park Avenue",London,England,United Kingdom,SW1A1AA,2022-09-06,Platinum,true
C001552,Kavya,Kumar,kavya.kumar1552@example.com,+91-93880-49321,2002-03-22,O,"261, Station Road",London,England,U.S.A.,SW1A1AA,2025-04-12,Silver,1
C001553,Priya,Kumar,priya.kumar1553@example.com,+91-79901-94779,2002-07-04,male,"822, Park Avenue",Toronto,Ontario,Canada,M5H2N2,2024-10-01,Platinum,N
C001554,Aarav,Mehta,aarav.mehta1554@example.com,+91-87002-38738,1980-11-05,Other,"832, Hill View",Pune,Maharashtra,India,411001,2023-12-26,Silver,1
C001555,Arjun,Singh,arjun.singh1555@example.com,+91-90367-60630,2019-10-05,Male,"689, Station Road",Delhi,Delhi,India,110001,2024-02-06,Bronze,Y
C001556,Ananya,Menon,ananya.menon1556@example.com,+91-93099-71321,1986-02-12,F,"435, Park Avenue",Toronto,Ontario,Canada,M5H2N2,2026-05-29,Silver,No
BAD1557,Aditya,Kumar,aditya.kumar1557@example.com,+91-75496-48691,2013-12-01,O,"382, Hill View",Kochi,Kerala,India,682001,2025-11-16,Silver,true
C001558,Sanjay,Iyer,sanjay.iyer1558@example.com,+91-75499-29635,1984-03-20,M,"657, Hill View",Delhi,Delhi,India,110001,2023-09-25,Platinum,1
C001559,Vikram,Shah,vikram.shah1559@example.com,+91-80014-13521,1992-11-26,Female,"492, Station Road",Toronto,Ontario,Canada,M5H2N2,2024-11-20,Silver,1
C001560,Aditya,Reddy,aditya.reddy1560@example.com,+91-69448-33343,2017-11-09,M,"55, MG Road",Kolkata,West Bengal,India,700001,2026-04-21,Platinum,false
C001561,Vikram,Pillai,vikram.pillai1561@example.com,+91-62800-97141,1991-02-27,M,"265, Market Street",London,England,United Kingdom,SW1A1AA,2025-09-19,Platinum,No
C001562,Tara,Gupta,tara.gupta1562@example.com,+91-83601-45973,1983-11-11,M,"51, MG Road",Seattle,Washington,United States,98101,2025-10-27,Platinum,Y
C001563,Priya,Sharma,priya.sharma1563@example.com,+91-94388-94001,2012-10-23,Female,"434, Hill View",Kolkata,West Bengal,India,700001,2024-01-31,Platinum,Y
C001564,Kabir,Nair,kabir.nair1564@example.com,+91-94559-94006,2012-01-27,O,"656, MG Road",Kolkata,West Bengal,India,700001,2024-09-21,Gold,true
C001565,Maya,Das,maya.das1565@example.com,+91-76074-85478,2004-12-16,female,"446, MG Road",Chennai,Tamil Nadu,India,600001,2023-07-09,Silver,1
C001566,Vikram,Das,vikram.das1566@example.com,+91-79070-26425,1988-01-20,O,"603, Market Street",Kolkata,West Bengal,India,700001,2025-03-08,Gold,false
C001567,Kiran,Joshi,kiran.joshi1567@example.com,+91-62454-65067,2016-12-21,Female,"324, Hill View",Bengaluru,Karnataka,India,560001,2022-09-07,Platinum,0
C001568,Ira,Chopra,ira.chopra1568@example.com,+91-95690-34846,1995-02-16,Male,"5, Station Road",Chennai,Tamil Nadu,India,600001,2023-01-31,Platinum,false
C001569,Tara,Singh,tara.singh1569@example.com,+91-60805-83715,1999-01-04,M,"638, MG Road",Mumbai,Maharashtra,India,400001,2025-07-25,Platinum,true
C001570,Arjun,Reddy,arjun.reddy1570@example.com,+91-87816-59311,1999-08-11,male,"470, MG Road",Seattle,Washington,United States,98101,2023-11-05,VIP,1
C001571,Varun,Verma,varun.verma1571@example.com,+91-62761-10336,2019-01-28,F,"11, Market Street",Hyderabad,Telangana,India,500001,2026-04-10,Bronze,true
C001572,Sanjay,Rao,sanjay.rao1572@example.com,+91-74921-25910,1998-08-24,male,"592, Lake Road",Seattle,Washington,United States,??,2023-11-13,Bronze,Yes
C001573,Priya,Verma,priya.verma1573@example.com,+91-75642-23201,1986-08-10,female,"235, Hill View",Seattle,Washington,United States,98101,2025-08-03,Bronze,No
C001574,Ananya,Iyer,ananya.iyer1574@example.com,+91-84226-17012,2006-08-06,M,"193, Market Street",Seattle,Washington,United States,98101,2025-03-07,Platinum,Y
C001575,Akash,Reddy,akash.reddy1575@example.com,+91-76700-65614,2012-07-07,F,"129, Hill View",Bengaluru,Karnataka,India,560001,2025-06-11,Platinum,false
C001576,Varun,Mehta,varun.mehta1576@example.com,+91-73131-64950,2002-12-07,O,"879, Park Avenue",Austin,Texas,United States,78701,2024-06-14,Gold,No
C001577,Vikram,Reddy,vikram.reddy1577@example.com,+91-63352-94784,2008-04-15,female,"251, MG Road",Bengaluru,Karnataka,India,560001,2024-05-22,Bronze,Yes
C001578,Kiran,Gupta,kiran.gupta1578@example.com,+91-72171-83163,2002-06-28,Female,"305, MG Road",Mumbai,Maharashtra,India,400001,2023-09-25,Platinum,No
C001579,Diya,Kumar,diya.kumar1579@example.com,+91-62401-90650,2014-05-14,O,"504, Market Street",Delhi,Delhi,India,110001,2024-12-13,Silver,1
C001580,Aanya,Iyer,aanya.iyer1580@example.com,+91-80462-97415,1996-11-09,O,"908, Market Street",Bengaluru,Karnataka,India,560001,31-02-2025,Silver,0
C001581,Sanjay,Pillai,sanjay.pillai1581@example.com,+91-64005-18309,1982-07-09,female,"171, Hill View",Seattle,Washington,United States,98101,2024-11-15,Platinum,0
C001582,,Bose,sneha.bose1582@example.com,+91-95283-73640,1978-08-16,Other,"334, Market Street",London,England,United Kingdom,SW1A1AA,2026-02-12,Gold,N
C001583,Diya,Pillai,diya.pillai1583@example.com,+91-74275-51279,1993-10-08,M,"664, Hill View",Mumbai,Maharashtra,India,400001,2025-02-21,Bronze,Y
C001584,Ananya,Patel,ananya.patel1584@example.com,+91-61053-19367,1988-10-26,male,"183, Station Road",Chennai,Tamil Nadu,India,600001,2025-06-20,Gold,N
C001585,Manoj,Kapoor,manoj.kapoor1585@example.com,+91-64824-61274,1996-04-05,M,"528, MG Road",Mumbai,Maharashtra,India,400001,2023-11-17,Bronze,true
C001586,Kiran,Das,kiran.das1586@example.com,ABC123,1990-10-05,male,"245, Hill View",Seattle,Washington,United States,98101,2022-03-04,Platinum,Y
C001587,Rahul,Verma,rahul.verma1587@example.com,+91-89156-80424,1994-08-29,female,"334, MG Road",Bengaluru,Karnataka,India,560001,2025-12-03,Platinum,Yes
C001588,Aditya,Kumar,aditya.kumar1588@example.com,+91-78986-57813,2005-12-31,M,"202, MG Road",Mumbai,Maharashtra,India,400001,2024-08-18,Silver,No
C001589,Kiran,Das,kiran.das1589@example.com,+91-73927-36862,2016-07-23,M,"691, Market Street",Kochi,Kerala,India,682001,2025-10-25,Gold,Y
C001590,Maya,Gupta,maya.gupta1590@example.com,+91-67753-94029,2009-11-01,O,"867, MG Road",Bengaluru,Karnataka,India,560001,2026-04-27,Silver,No
C001591,Arjun,Das,arjun.das1591@example.com,+91-97866-77185,2017-08-13,Female,"245, Station Road",London,England,United Kingdom,SW1A1AA,2024-07-12,Platinum,Y
C001592,Sanjay,Patel,sanjay.patel1592@example.com,+91-62562-22403,1993-06-15,male,"106, Park Avenue",Hyderabad,Telangana,India,500001,2022-12-26,Platinum,N
C001593,Priya,Jain,priya.jain1593@example.com,+91-69267-46399,2014-07-16,Female,"75, MG Road",Bengaluru,Karnataka,India,560001,2023-08-24,Gold,true
C001594,Aarav,Verma,aarav.verma1594@example.com,+91-68217-35110,2009-01-09,female,"575, Station Road",Toronto,Ontario,Canada,M5H2N2,2022-03-02,Platinum,true
C001595,Varun,Jain,varun.jain1595@example.com,+91-80118-62010,2000-11-30,O,"513, Station Road",Hyderabad,Telangana,India,500001,2022-05-06,Gold,false
C001596,Rohan,Reddy,rohan.reddy1596@example.com,+91-71283-50139,2014-08-24,male,"36, Park Avenue",Kochi,Kerala,India,682001,2022-06-08,Platinum,No
C001597,Sanjay,Das,sanjay.das1597@example.com,+91-66026-61013,1979-12-30,M,"242, Station Road",Mumbai,Maharashtra,India,400001,2023-08-03,Gold,false
C001598,Kiran,Chopra,Kiran.Chopra.invalid,+91-71819-96421,1991-05-09,Other,"903, Hill View",Seattle,Washington,United States,98101,2026-06-11,Bronze,true
C001599,Kabir,Das,kabir.das1599@example.com,+91-83879-86037,1996-09-17,female,"629, Hill View",Pune,Maharashtra,India,411001,2026-05-10,Platinum,true
C001600,Nisha,Kapoor,nisha.kapoor1600@example.com,+91-83712-49457,1990-12-11,Other,"639, Hill View",Delhi,Delhi,India,110001,2022-12-26,Bronze,Yes
C001601,Akash,Nair,akash.nair1601@example.com,+91-75720-76253,1997-10-12,M,"707, Lake Road",Kolkata,West Bengal,India,700001,2024-05-18,Bronze,Yes
C001602,Riya,Jain,riya.jain1602@example.com,+91-78593-90603,1978-04-25,male,"30, Hill View", SEATTLE ,Washington,United States,98101,2022-09-29,Gold,0
C001603,Tara,Iyer,tara.iyer1603@example.com,+91-95730-42656,1979-02-11,M,"982, Park Avenue",Kolkata,West Bengal,India,700001,2023-01-12,Gold,true
C001604,Aanya,Verma,aanya.verma1604@example.com,+91-85707-19332,1983-09-08,Male,"615, Station Road",Kochi,Kerala,India,682001,2023-11-02,Silver,Y
C001605,Kavya,Jain,kavya.jain1605@example.com,+91-63685-89415,1998-10-01,O,"170, MG Road",Bengaluru,Karnataka,India,560001,2025-12-07,Platinum,Y
C001606,Kavya,Rao,kavya.rao1606@example.com,+91-67445-67229,2008-06-26,Female,"658, MG Road",London,England,United Kingdom,SW1A1AA,2025-04-26,Silver,false
C001607,Maya,Jain,maya.jain1607@example.com,+91-81420-38004,1996-11-08,female,"916, Hill View",Delhi,Delhi,India,110001,2024-04-30,Platinum,N
C001608,Tara,Kumar,tara.kumar1608@example.com,+91-96438-61680,2016-11-02,male,"297, Lake Road",Mumbai,Maharashtra,India,400001,2022-02-24,Bronze,1
C001609,Riya,Jain,riya.jain1609@example.com,+91-77591-88098,1996-08-09,M,"671, Station Road",Mumbai,Maharashtra,India,400001,2022-08-11,Gold,Y
C001610,Lakshmi,Das,lakshmi.das1610@example.com,+91-70597-71313,1995-09-26,F,"354, Market Street",Delhi,Delhi,India,110001,2025-06-04,Silver,Y
C001611,Kiran,Verma,kiran.verma1611@example.com,+91-89852-90550,1992-09-12,Other,"141, Market Street",Pune,Maharashtra,India,411001,2026-02-20,Bronze,false
C001612,Priya,Verma,priya.verma1612@example.com,+91-93137-95833,2000-09-25,F,"496, Lake Road",Pune,Maharashtra,India,411001,2022-01-26,Platinum,Yes
C001613,Nisha,Verma,nisha.verma1613@example.com,+91-73927-77076,2008-06-11,male,"286, MG Road",Austin,Texas,United States,78701,2022-03-31,Gold,Y
C001614,Aarav,Gupta,aarav.gupta1614@example.com,+91-71365-36835,1982-12-17,female,"873, Park Avenue",Delhi,Delhi,India,110001,2026-04-02,Bronze,No
C001615,Kabir,Gupta,kabir.gupta1615@example.com,+91-87509-51165,2001-08-12,male,"18, Hill View",Pune,Maharashtra,India,411001,2024-03-04,Silver,Yes
C001616,Sneha,Patel,sneha.patel1616@example.com,+91-92645-24135,2012-04-20,M,"610, Lake Road",Austin,Texas,United States,78701,2024-10-03,Bronze,0
C001617,Aarav,Chopra,aarav.chopra1617@example.com,+91-72840-26307,1999-06-03,M,"837, Hill View",Chennai,Tamil Nadu,India,600001,2022-01-11,Bronze,No
C001618,Meera,Verma,meera.verma1618@example.com,+91-66198-35620,1984-01-09,female,"204, Station Road",Toronto,Ontario,Canada,M5H2N2,2023-01-29,Platinum,true
C001619,Zoya,Pillai,zoya.pillai1619@example.com,+91-81415-87956,2018-12-21,O,"130, Station Road",Kolkata,West Bengal,India,700001,2024-12-08,Gold,0
C001620,Sneha,Sharma,sneha.sharma1620@example.com,+91-97010-70374,1981-07-10,male,"236, MG Road",Kochi,Kerala,India,682001,2025-04-09,Silver,0
C001621,Varun,Bose,varun.bose1621@example.com,+91-78874-82493,2011-01-14,male,"998, Hill View",Pune,Maharashtra,India,411001,2026-06-11,Bronze,No
C001622,Pooja,Verma,pooja.verma1622@example.com,+91-71961-15280,1981-04-17,O,"613, Park Avenue",Pune,Maharashtra,India,411001,2022-08-12,Bronze,Y
C001623,Manoj,Verma,manoj.verma1623@example.com,+91-89145-49464,1985-03-29,female,"857, MG Road",Kolkata,West Bengal,India,700001,2023-03-25,Silver,N
C001624,Kiran,Sharma,kiran.sharma1624@example.com,+91-73197-54056,1988-08-29,O,"835, Station Road",Seattle,Washington,United States,98101,2022-03-12,Silver,N
C001625,Kabir,Jain,kabir.jain1625@example.com,+91-85770-15162,2002-11-01,Other,"188, Station Road",London,England,United Kingdom,SW1A1AA,2023-10-28,Silver,1
C001626,Rohan,Patel,rohan.patel1626@example.com,+91-75355-75769,2008-12-12,Male,"980, Market Street",Bengaluru,Karnataka,India,560001,2025-02-25,Gold,No
C001627,Pooja,Singh,pooja.singh1627@example.com,+91-85953-52885,1983-01-16,M,"730, Station Road",Kolkata,West Bengal,India,700001,2024-03-10,Gold,No
C001628,Maya,Jain,maya.jain1628@example.com,+91-89808-24062,1994-10-27,F,"826, Lake Road",Kochi,Kerala,India,682001,2023-07-21,Bronze,0
C001629,Diya,Shah,diya.shah1629@example.com,+91-61383-47045,1986-02-01,M,"473, MG Road",Chennai,Tamil Nadu,India,600001,2022-11-25,Bronze,N
C001630,Ananya,Rao,ananya.rao1630@example.com,+91-71752-12632,1982-06-26,Female,"347, Lake Road",Kolkata,West Bengal,India,700001,2024-08-26,Gold,Y
C001631,Arjun,Shah,arjun.shah1631@example.com,+91-80390-35465,1986-05-18,M,"282, Lake Road",Chennai,Tamil Nadu,India,600001,2024-05-13,Platinum,Y
C001632,Aanya,Reddy,aanya.reddy1632@example.com,+91-82562-65845,2017-02-12,O,"724, Lake Road",Kochi,Kerala,India,682001,2022-11-26,Bronze,N
C001633,Aditya,Joshi,aditya.joshi1633@example.com,+91-65832-45281,2011-08-23,male,"785, Hill View",Austin,Texas,United States,78701,2026-02-03,Bronze,Yes
C001634,Maya,Nair,maya.nair1634@example.com,+91-68778-57857,1988-12-15,F,"25, Market Street",Delhi,Delhi,India,110001,2026-01-27,Gold,Yes
C001635,Kabir,Jain,kabir.jain1635@example.com,+91-87510-63700,1996-07-18,O,"742, Park Avenue",Pune,Maharashtra,India,411001,2022-03-08,Platinum,Yes
C001636,Aarav,Jain,aarav.jain1636@example.com,+91-78705-46982,2000-09-13,F,"80, Station Road",Hyderabad,Telangana,India,500001,2026-01-12,Platinum,true
C001637,Diya,Kumar,diya.kumar1637@example.com,+91-66443-10138,1991-08-11,Female,"588, Market Street",Pune,Maharashtra,India,411001,2024-01-07,Silver,Yes
C001638,Ananya,Menon,ananya.menon1638@example.com,+91-98348-38989,1984-03-21,Male,"206, MG Road",Mumbai,Maharashtra,India,400001,2022-01-02,Bronze,Y
C001639,Nisha,Kumar,nisha.kumar1639@example.com,+91-83633-82137,1994-11-01,F,"30, Lake Road",Hyderabad,Telangana,India,500001,2022-01-10,Gold,true
C001640,Tara,Joshi,tara.joshi1640@example.com,+91-84202-18927,2010-03-24,F,"464, Market Street",Hyderabad,Telangana,India,500001,2024-05-25,Silver,Yes
C001641,Neha,Chopra,neha.chopra1641@example.com,+91-78094-78965,2004-04-01,female,"756, Market Street",Mumbai,Maharashtra,India,400001,2025-07-16,Platinum,true
C001642,Rohan,Pillai,rohan.pillai1642@example.com,+91-78249-72951,2010-02-10,M,"507, Market Street",Kolkata,West Bengal,India,700001,2022-08-25,Platinum,false
C001643,Rahul,Sharma,rahul.sharma1643@example.com,+91-83921-92882,2011-01-09,Female,"372, Station Road",London,England,United Kingdom,SW1A1AA,2023-09-05,Silver,0
C001644,Neha,Verma,neha.verma1644@example.com,+91-73325-32479,2016-01-16,Other,"426, Market Street",London,England,United Kingdom,SW1A1AA,2025-07-12,Gold,1
C001645,Sneha,Kumar,Sneha.Kumar.invalid,+91-72895-34562,2014-05-23,O,"564, Market Street",London,England,United Kingdom,SW1A1AA,2026-05-20,Platinum,true
C001646,Zoya,Menon,zoya.menon1646@example.com,+91-92748-96261,2016-09-22,F,"180, MG Road",Kolkata,West Bengal,India,700001,2025-12-13,Gold,Yes
C001647,Akash,Pillai,akash.pillai1647@example.com,ABC123,1982-10-09,Female,"665, Hill View",Hyderabad,Telangana,India,500001,2023-09-22,Gold,1
C001648,Sneha,Das,sneha.das1648@example.com,+91-92217-73941,1988-12-21,Female,"926, MG Road",Delhi,Delhi,India,110001,2023-06-10,Bronze,Yes
C001649,Tara,Gupta,tara.gupta1649@example.com,+91-96836-85335,1999-12-03,M,"625, Hill View",Toronto,Ontario,U.S.A.,M5H2N2,2022-01-08,Gold,No
C001650,Ananya,Reddy,ananya.reddy1650@example.com,+91-69935-28290,1987-01-25,M,"770, Lake Road",Toronto,Ontario,Canada,M5H2N2,2025-12-16,Silver,N
C001651,Arjun,Singh,arjun.singh1651@example.com,+91-94654-20868,2013-06-09,Female,"183, Park Avenue",Delhi,Delhi,India,110001,2022-10-05,Platinum,1
C001652,Sneha,Das,sneha.das1652@example.com,+91-96034-43715,1982-09-14,O,"564, Park Avenue",Chennai,Tamil Nadu,India,600001,2023-09-26,Silver,true
C001653,Dev,Das,dev.das1653@example.com,+91-92147-20558,2008-10-30,male,"378, Park Avenue",Chennai,Tamil Nadu,India,600001,2022-11-27,Gold,Yes
C001654,Ishaan,Das,ishaan.das1654@example.com,+91-93731-51693,1980-11-29,Male,"794, Station Road",Kolkata,West Bengal,India,700001,2025-07-31,Platinum,1
C001655,Priya,Reddy,priya.reddy1655@example.com,+91-92912-30479,1985-08-21,female,"315, Park Avenue",Seattle,Washington,United States,98101,2022-04-19,Silver,Y
C001656,Ira,Iyer,ira.iyer1656@example.com,+91-94474-26971,2012-06-02,F,"841, Hill View",Mumbai,Maharashtra,India,400001,2023-08-11,Bronze,0
C001657,Rohan,Menon,rohan.menon1657@example.com,+91-63647-20990,1992-09-30,Male,"378, Station Road",Bengaluru,Karnataka,India,560001,2025-08-28,Gold,0
C001658,Akash,Menon,akash.menon1658@example.com,+91-95415-59270,1997-10-17,F,"595, Lake Road",Kochi,Kerala,India,682001,2025-08-24,Gold,Yes
C001659,Ishaan,Kapoor,ishaan.kapoor1659@example.com,+91-79519-23913,2004-05-19,O,"726, Lake Road",Pune,Maharashtra,India,411001,31-02-2025,Bronze,false
C001660,Akash,Mehta,akash.mehta1660@example.com,+91-67217-63160,1986-03-03,O,"107, Station Road",Chennai,Tamil Nadu,India,600001,2022-12-11,Platinum,true
C001661,Kiran,Joshi,kiran.joshi1661@example.com,+91-86154-43537,2008-03-31,female,"923, Station Road",Delhi,Delhi,India,110001,2023-07-23,Silver,0
C001662,Vikram,Joshi,vikram.joshi1662@example.com,+91-86545-69879,2011-10-13,M,"123, MG Road",Toronto,Ontario,Canada,M5H2N2,2022-03-02,Gold,No
C001663,Rohan,Shah,rohan.shah1663@example.com,+91-68052-30280,1980-08-03,Female,"173, Lake Road",Toronto,Ontario,Canada,M5H2N2,2022-11-14,Platinum,Y
C001664,Akash,Das,akash.das1664@example.com,+91-64409-45420,2006-07-28,F,"125, Park Avenue",Toronto,Ontario,Canada,M5H2N2,2024-10-21,Gold,true
C001665,Kiran,Jain,kiran.jain1665@example.com,+91-70331-59225,2009-01-14,Female,"240, Hill View",Chennai,Tamil Nadu,India,600001,2026-03-25,Bronze,Y
C001666,Meera,Chopra,meera.chopra1666@example.com,+91-74479-68912,2003-08-02,M,"419, Market Street",Hyderabad,Telangana,India,500001,2023-02-11,Silver,Yes
C001667,Varun,Joshi,varun.joshi1667@example.com,+91-66177-56493,2008-05-13,Female,"869, Market Street",Hyderabad,Telangana,India,500001,2026-05-20,Gold,N
C001668,Rahul,Chopra,rahul.chopra1668@example.com,+91-63915-39088,2001-04-02,M,"641, Market Street",Austin,Texas,United States,78701,2024-12-23,Bronze,Y
C001669,Sneha,Kumar,sneha.kumar1669@example.com,+91-90811-49494,2001-11-14,M,"253, Station Road",Austin,Texas,United States,78701,2024-07-18,Gold,true
C001670,Diya,Verma,diya.verma1670@example.com,+91-87511-75394,2016-04-12,Male,"290, MG Road",Toronto,Ontario,Canada,M5H2N2,2022-01-05,Bronze,true
C001671,Kavya,Joshi,kavya.joshi1671@example.com,+91-99567-38843,1990-01-28,Female,"403, Park Avenue",Kochi,Kerala,India,682001,2023-05-05,Bronze,0
C001672,Riya,Rao,riya.rao1672@example.com,+91-92600-57739,1980-01-08,male,"907, Station Road",Toronto,Ontario,Canada,M5H2N2,2022-10-29,Bronze,true
C001673,Kiran,Rao,kiran.rao1673@example.com,+91-71996-50087,2005-07-22,Female,"577, Hill View",Mumbai,Maharashtra,India,400001,2026-06-27,Platinum,1
C001674,Diya,Iyer,diya.iyer1674@example.com,+91-95008-96762,2009-12-01,F,"686, MG Road",London,England,United Kingdom,SW1A1AA,2026-06-19,Bronze,N
C001675,Ishaan,Iyer,ishaan.iyer1675@example.com,+91-87746-66916,1995-08-08,Other,"400, Station Road",Austin,Texas,United States,78701,2022-05-22,Silver,true
C001676,Tara,Menon,tara.menon1676@example.com,+91-99488-90469,1992-07-14,M,"40, Market Street",Delhi,Delhi,India,110001,2023-09-01,Platinum,N
C001677,Aanya,Jain,aanya.jain1677@example.com,+91-65917-19458,2008-09-17,female,"442, Market Street",Bengaluru,Karnataka,India,560001,2025-04-14,Platinum,true
C001678,Aarav,Verma,aarav.verma1678@example.com,+91-67796-38296,2011-02-25,Other,"694, Lake Road",Hyderabad,Telangana,India,500001,2022-11-07,Gold,No
C001679,Nisha,Reddy,nisha.reddy1679@example.com,+91-67895-21154,2017-01-14,M,"259, Market Street",Hyderabad,Telangana,India,500001,2023-04-15,Bronze,Yes
C001680,Zoya,Gupta,zoya.gupta1680@example.com,+91-89481-27649,1991-05-19,Female,"566, Park Avenue",Seattle,Washington,United States,98101,2024-12-24,Gold,false
C001681,Aarav,Bose,aarav.bose1681@example.com,+91-67044-95536,1991-12-05,Other,"142, Station Road",Kochi,Kerala,India,682001,2022-01-07,Silver,N
C001682,Neha,Das,neha.das1682@example.com,+91-87175-59062,2002-07-07,M,"26, Park Avenue",Delhi,Delhi,India,110001,2024-09-05,Silver,1
C001683,Diya,Iyer,diya.iyer1683@example.com,+91-60264-83349,1993-09-06,M,"163, Station Road",Austin,Texas,United States,78701,2024-09-16,Bronze,Y
C001684,Rohan,Singh,rohan.singh1684@example.com,+91-72816-33215,1988-03-21,M,"663, Lake Road",Bengaluru,Karnataka,India,560001,2026-04-06,Platinum,0
C001685,Aanya,Pillai,aanya.pillai1685@example.com,+91-87552-78917,1978-10-21,F,"493, Market Street",Delhi,Delhi,India,110001,2023-08-30,Gold,N
C001686,Ananya,Sharma,ananya.sharma1686@example.com,+91-75162-97055,2016-02-11,M,"108, Park Avenue",Hyderabad,Telangana,India,500001,2025-05-28,Silver,true
C001687,Sneha,Mehta,sneha.mehta1687@example.com,+91-71756-80873,2008-12-08,Female,"495, MG Road",Austin,Texas,United States,78701,2025-08-24,Gold,false
C001688,Akash,Pillai,akash.pillai1688@example.com,+91-64082-39261,2011-04-24,Male,"577, MG Road",Austin,Texas,United States,78701,2025-12-20,Silver,Y
C001689,Maya,Gupta,maya.gupta1689@example.com,+91-73575-79225,2019-08-18,F,"127, MG Road",Hyderabad,Telangana,India,500001,2025-09-21,Platinum,false
C001690,Sanjay,Sharma,sanjay.sharma1690@example.com,+91-61632-75959,1984-03-09,male,"440, Station Road",Kolkata,West Bengal,India,700001,2026-02-02,Gold,No
C001691,Kavya,Sharma,kavya.sharma1691@example.com,+91-94426-81341,1986-08-29,M,"190, Park Avenue", DELHI ,Delhi,India,110001,2023-01-08,Gold,Y
C001692,Riya,Das,Riya.Das.invalid,+91-71836-96644,1992-10-07,O,"188, Lake Road",Toronto,Ontario,Canada,M5H2N2,2023-01-20,Silver,true
C001693,Ishaan,Nair,ishaan.nair1693@example.com,+91-91965-77531,2005-08-29,Male,"975, MG Road",Chennai,Tamil Nadu,India,600001,2024-12-25,Bronze,Y
C001694,Kabir,Pillai,kabir.pillai1694@example.com,+91-81316-16029,1989-12-22,F,"99, Lake Road",Delhi,Delhi,India,110001,2026-04-12,Platinum,1
C001695,,Bose,zoya.bose1695@example.com,+91-79446-62917,1993-12-30,Female,"914, MG Road",Pune,Maharashtra,India,411001,2024-10-22,Bronze,0
C001696,Vikram,Verma,vikram.verma1696@example.com,+91-78602-20178,2007-05-31,female,"985, Park Avenue",Pune,Maharashtra,India,411001,2024-10-01,Silver,Y
C001697,Dev,Kapoor,dev.kapoor1697@example.com,+91-63932-78310,2012-06-10,O,"100, Hill View",Hyderabad,Telangana,India,500001,2022-12-03,Silver,0
C001698,Sanjay,Rao,sanjay.rao1698@example.com,+91-76470-19326,1984-06-13,O,"684, Hill View",Kolkata,West Bengal,India,700001,2022-03-06,Silver,Y
C001699,Maya,Pillai,maya.pillai1699@example.com,+91-87792-43846,2003-04-08,F,"853, Park Avenue",Austin,Texas,United States,78701,2025-07-25,Silver,true
C001700,Sneha,Gupta,sneha.gupta1700@example.com,+91-83567-98679,2011-12-16,Female,"834, Station Road",Seattle,Washington,United States,98101,2022-04-10,Bronze,Y
C001701,Lakshmi,Menon,lakshmi.menon1701@example.com,+91-74766-44760,2002-01-08,Female,"945, MG Road",Pune,Maharashtra,India,411001,2022-01-02,Silver,1
C001702,Diya,Shah,diya.shah1702@example.com,+91-92989-36705,2019-10-22,Male,"304, Park Avenue",Hyderabad,Telangana,India,500001,2025-08-09,Silver,Yes
C001703,Ananya,Reddy,ananya.reddy1703@example.com,+91-63984-44069,1986-01-10,female,"229, Station Road",Pune,Maharashtra,India,??,2026-04-21,Platinum,1
C001704,Aarav,Singh,aarav.singh1704@example.com,+91-70025-11854,1991-04-14,M,"410, Station Road",Kochi,Kerala,India,682001,2023-12-09,Platinum,0
C001705,Diya,Joshi,diya.joshi1705@example.com,+91-90148-67066,2014-08-04,male,"478, Lake Road",Bengaluru,Karnataka,India,560001,2026-06-05,Bronze,false
C001706,Meera,Patel,meera.patel1706@example.com,+91-81314-72472,1999-07-09,female,"44, Market Street",Delhi,Delhi,India,110001,2026-02-19,Bronze,Y
C001707,Diya,Sharma,diya.sharma1707@example.com,+91-61115-86482,2000-11-18,O,"260, Lake Road",Pune,Maharashtra,India,411001,2022-03-16,Platinum,1
C001708,Neha,Rao,neha.rao1708@example.com,ABC123,2019-06-25,Male,"284, Hill View",Kolkata,West Bengal,India,700001,2024-01-29,Platinum,N
C001709,Ishaan,Sharma,ishaan.sharma1709@example.com,+91-83911-65482,1996-01-18,O,"907, Market Street",Bengaluru,Karnataka,India,560001,2022-12-31,Silver,Yes
C001710,Arjun,Bose,arjun.bose1710@example.com,+91-92480-83623,2006-02-28,O,"52, Station Road",Kolkata,West Bengal,India,700001,2026-03-21,Gold,No
C001711,Aarav,Sharma,aarav.sharma1711@example.com,+91-78191-68983,1988-08-02,Male,"638, Park Avenue",Austin,Texas,United States,78701,2023-05-10,Bronze,0
C001712,Rohan,Iyer,rohan.iyer1712@example.com,+91-69748-87727,1981-04-21,O,"782, Station Road",Pune,Maharashtra,India,411001,2024-10-05,Bronze,0
C001713,Aanya,Bose,aanya.bose1713@example.com,+91-62954-55547,1991-09-16,Other,"9, Market Street",Bengaluru,Karnataka,India,560001,2024-01-20,Platinum,Yes
C001714,Kavya,Das,kavya.das1714@example.com,+91-74518-81442,2015-05-24,M,"833, Hill View",Toronto,Ontario,Canada,M5H2N2,2024-10-09,Bronze,0
C001715,Nisha,Shah,nisha.shah1715@example.com,+91-72379-44024,1992-09-17,male,"571, Market Street",Bengaluru,Karnataka,India,560001,2025-03-16,Silver,Yes
C001716,Aanya,Das,aanya.das1716@example.com,+91-80350-44863,2015-05-07,M,"470, Market Street",Kolkata,West Bengal,India,700001,2022-01-24,Gold,false
C001717,Vikram,Iyer,vikram.iyer1717@example.com,+91-94097-80930,1980-05-07,Female,"923, MG Road",Chennai,Tamil Nadu,India,600001,2024-11-20,Platinum,false
C001718,Maya,Shah,maya.shah1718@example.com,+91-88384-35188,2017-12-01,Female,"515, Hill View",Mumbai,Maharashtra,India,400001,2025-09-21,Silver,true
C001719,Lakshmi,Chopra,lakshmi.chopra1719@example.com,+91-84675-37034,2010-01-15,male,"627, Park Avenue",Pune,Maharashtra,India,411001,2025-11-06,Silver,1
C001720,Arjun,Jain,arjun.jain1720@example.com,+91-68752-17025,2014-08-21,female,"428, Hill View",Mumbai,Maharashtra,India,400001,2025-04-17,Silver,N
C001721,Rahul,Jain,rahul.jain1721@example.com,+91-63185-42980,2002-02-09,Female,"710, Park Avenue",Seattle,Washington,United States,98101,2023-03-18,Silver,Yes
C001722,Meera,Gupta,meera.gupta1722@example.com,+91-92817-38443,1984-11-19,Other,"75, Lake Road",Toronto,Ontario,Canada,M5H2N2,2022-05-02,Bronze,Yes
C001723,Maya,Chopra,maya.chopra1723@example.com,+91-69539-71517,1981-04-07,O,"434, Station Road",Delhi,Delhi,India,110001,2024-05-24,Silver,1
C001724,Dev,Das,dev.das1724@example.com,+91-96341-15247,1982-08-26,male,"420, Park Avenue",Chennai,Tamil Nadu,India,600001,2023-12-07,Silver,0
C001725,Akash,Iyer,akash.iyer1725@example.com,+91-94330-52974,1979-01-06,Male,"134, Market Street",Toronto,Ontario,Canada,M5H2N2,2024-04-21,Bronze,Y
C001726,Ira,Singh,ira.singh1726@example.com,+91-72631-95388,2013-03-06,O,"298, Station Road",Hyderabad,Telangana,India,500001,2026-03-12,Gold,Yes
C001727,Arjun,Patel,arjun.patel1727@example.com,+91-74911-99913,1998-04-23,F,"887, Park Avenue",Seattle,Washington,United States,98101,2025-03-23,VIP,Y
C001728,Ira,Mehta,ira.mehta1728@example.com,+91-79396-64308,1989-08-04,O,"94, Hill View",Kolkata,West Bengal,India,700001,2024-09-30,Silver,0
C001729,Manoj,Pillai,manoj.pillai1729@example.com,+91-79557-75063,1996-04-09,female,"464, MG Road",Delhi,Delhi,India,110001,2025-08-07,Platinum,No
BAD1730,Rohan,Kumar,rohan.kumar1730@example.com,+91-72282-74431,1987-05-07,Female,"260, Lake Road",Bengaluru,Karnataka,India,560001,2026-01-14,Bronze,Yes
C001731,Lakshmi,Shah,lakshmi.shah1731@example.com,+91-83879-89829,1985-06-05,Male,"553, Market Street",Kochi,Kerala,India,682001,2023-04-07,Bronze,No
C001732,Diya,Patel,diya.patel1732@example.com,+91-81339-48823,2005-10-15,M,"496, Market Street",Chennai,Tamil Nadu,India,600001,2024-11-23,Gold,1
C001733,Aditya,Mehta,aditya.mehta1733@example.com,+91-94996-54497,1983-11-02,male,"481, Park Avenue",Toronto,Ontario,Canada,M5H2N2,2023-04-07,Platinum,Y
C001734,Sneha,Shah,sneha.shah1734@example.com,+91-95502-61312,2012-05-25,F,"872, Park Avenue",London,England,United Kingdom,SW1A1AA,2025-08-19,Gold,true
C001735,Lakshmi,Patel,lakshmi.patel1735@example.com,+91-65379-89895,1978-08-03,Female,"469, Market Street",London,England,United Kingdom,SW1A1AA,2022-11-10,Platinum,0
C001736,Aanya,Sharma,aanya.sharma1736@example.com,+91-78567-38118,2012-09-10,Female,"464, Park Avenue",Mumbai,Maharashtra,India,400001,2025-04-25,Platinum,Yes
C001737,Aanya,Kumar,aanya.kumar1737@example.com,+91-81366-72185,2010-06-08,O,"413, Lake Road",Bengaluru,Karnataka,India,560001,2024-02-22,Gold,false
C001738,Aditya,Menon,aditya.menon1738@example.com,+91-68180-84617,1981-07-28,Male,"933, Market Street",Chennai,Tamil Nadu,India,600001,31-02-2025,Gold,N
C001739,Aditya,Patel,Aditya.Patel.invalid,+91-99083-31243,2009-01-11,male,"640, Station Road",Toronto,Ontario,Canada,M5H2N2,2022-04-01,Silver,Y
C001740,Riya,Chopra,riya.chopra1740@example.com,+91-83995-59758,1993-10-22,male,"398, Station Road",Austin,Texas,United States,78701,2024-05-06,Platinum,false
C001741,Arjun,Pillai,arjun.pillai1741@example.com,+91-96356-27010,2009-04-17,O,"475, Park Avenue",Delhi,Delhi,India,110001,2024-05-31,Platinum,0
C001742,Rahul,Patel,rahul.patel1742@example.com,+91-92610-99227,2013-12-02,Other,"588, Park Avenue",Pune,Maharashtra,India,411001,2022-05-24,Silver,Yes
C001743,Aditya,Rao,aditya.rao1743@example.com,+91-79100-83662,2008-11-23,M,"542, Park Avenue",Austin,Texas,United States,78701,2025-04-02,Silver,No
C001744,Aditya,Mehta,aditya.mehta1744@example.com,+91-83372-41155,1995-05-07,Other,"562, Hill View",Delhi,Delhi,India,110001,2023-11-27,Platinum,N
C001745,Ira,Mehta,ira.mehta1745@example.com,+91-92626-29522,2007-11-21,male,"133, Hill View",Pune,Maharashtra,India,411001,2023-04-30,Bronze,Y
C001746,Aditya,Chopra,aditya.chopra1746@example.com,+91-86315-75701,2016-08-25,Female,"200, Market Street",Kochi,Kerala,U.S.A.,682001,2024-10-17,Platinum,1
C001747,Aanya,Rao,aanya.rao1747@example.com,+91-63234-50669,1992-07-21,M,"978, Market Street",Bengaluru,Karnataka,India,560001,2022-03-09,Silver,Y
C001748,Sneha,Jain,sneha.jain1748@example.com,+91-82703-29823,1999-04-09,Male,"187, Lake Road",Kolkata,West Bengal,India,700001,2023-01-23,Silver,1
C001749,Aditya,Reddy,aditya.reddy1749@example.com,+91-60493-47232,2019-11-15,male,"928, MG Road",Mumbai,Maharashtra,India,400001,2022-11-02,Bronze,Y
C001750,Ishaan,Bose,ishaan.bose1750@example.com,+91-72096-39975,1981-08-27,O,"611, Market Street",Austin,Texas,United States,78701,2024-07-27,Gold,1
C001751,Ishaan,Reddy,ishaan.reddy1751@example.com,+91-86927-98955,1985-02-20,Male,"547, MG Road",Hyderabad,Telangana,India,500001,2025-03-06,Silver,false
C001752,Vikram,Joshi,vikram.joshi1752@example.com,+91-82388-84506,1992-05-10,male,"410, Hill View",Hyderabad,Telangana,India,500001,2022-05-09,Gold,1
C001753,Zoya,Patel,zoya.patel1753@example.com,+91-79148-65906,2005-11-06,female,"427, Station Road",Bengaluru,Karnataka,India,560001,2022-05-07,Gold,Y
C001754,Aditya,Verma,aditya.verma1754@example.com,+91-64318-47991,2019-06-18,female,"154, Lake Road",Hyderabad,Telangana,India,500001,2026-03-14,Silver,Yes
C001755,Varun,Sharma,varun.sharma1755@example.com,+91-62175-47960,2010-06-09,O,"448, Station Road",Seattle,Washington,United States,98101,2024-05-27,Bronze,1
C001756,Kiran,Pillai,kiran.pillai1756@example.com,+91-91781-34942,2007-04-12,male,"533, MG Road",Delhi,Delhi,India,110001,2025-12-05,Silver,true
C001757,Aarav,Bose,aarav.bose1757@example.com,+91-77348-98888,1985-06-01,male,"667, Market Street",Bengaluru,Karnataka,India,560001,2026-04-15,Silver,1
C001758,Zoya,Menon,zoya.menon1758@example.com,+91-89638-23821,2015-01-06,Other,"216, Hill View",Hyderabad,Telangana,India,500001,2025-10-14,Gold,false
C001759,Kavya,Das,kavya.das1759@example.com,+91-61859-18690,1998-10-29,Female,"813, Station Road",London,England,United Kingdom,SW1A1AA,2024-08-04,Bronze,No
C001760,Lakshmi,Mehta,lakshmi.mehta1760@example.com,+91-62861-40863,1990-11-02,M,"295, Park Avenue",Seattle,Washington,United States,98101,2022-05-04,Platinum,false
C001761,Dev,Patel,dev.patel1761@example.com,+91-93400-15297,1980-03-13,Male,"33, Park Avenue",Chennai,Tamil Nadu,India,600001,2022-10-17,Silver,No
C001762,Kavya,Bose,kavya.bose1762@example.com,+91-69159-83506,2006-03-31,Male,"563, MG Road",Kochi,Kerala,India,682001,2022-06-17,Silver,N
C001763,Maya,Rao,maya.rao1763@example.com,+91-83846-28158,2002-09-12,M,"161, Hill View",Chennai,Tamil Nadu,India,600001,2023-03-17,Gold,Y
C001764,Riya,Reddy,riya.reddy1764@example.com,+91-67367-74362,2006-05-30,Other,"901, Hill View",Toronto,Ontario,Canada,M5H2N2,2023-07-14,Bronze,true
C001765,Sanjay,Singh,sanjay.singh1765@example.com,+91-89206-10345,1990-04-08,M,"197, Lake Road",Seattle,Washington,United States,98101,2024-09-29,Gold,No
C001766,Neha,Chopra,neha.chopra1766@example.com,+91-90726-44741,1982-07-16,O,"220, MG Road",Bengaluru,Karnataka,India,560001,2024-09-17,Bronze,N
C001767,Kabir,Sharma,kabir.sharma1767@example.com,+91-92055-72371,2009-08-18,male,"973, MG Road",Austin,Texas,United States,78701,2023-07-04,Platinum,No
C001768,Rohan,Das,rohan.das1768@example.com,+91-91477-62441,2005-12-29,female,"198, Lake Road",Bengaluru,Karnataka,India,560001,2025-08-11,Platinum,No
C001769,Priya,Mehta,priya.mehta1769@example.com,ABC123,1978-06-03,M,"985, Hill View",Austin,Texas,United States,78701,2022-03-09,Bronze,0
C001770,Ira,Bose,ira.bose1770@example.com,+91-98589-30561,1999-06-13,F,"652, MG Road",London,England,United Kingdom,SW1A1AA,2023-05-17,Silver,N
C001771,Ishaan,Sharma,ishaan.sharma1771@example.com,+91-93333-79263,1989-08-24,O,"21, Station Road",Kolkata,West Bengal,India,700001,2023-05-15,Bronze,N
C001772,Sanjay,Shah,sanjay.shah1772@example.com,+91-60842-59385,2010-02-09,female,"749, Lake Road",Seattle,Washington,United States,98101,2025-01-31,Bronze,N
C001773,Aanya,Jain,aanya.jain1773@example.com,+91-96730-51336,2006-12-05,O,"152, Lake Road",Mumbai,Maharashtra,India,400001,2024-11-08,Silver,1
C001774,Priya,Kumar,priya.kumar1774@example.com,+91-84504-17933,2009-01-24,female,"915, Lake Road",Austin,Texas,United States,78701,2024-01-31,Silver,Yes
C001775,Sanjay,Kumar,sanjay.kumar1775@example.com,+91-98160-94380,1986-10-16,Female,"804, Hill View",Delhi,Delhi,India,110001,2024-06-04,Gold,1
C001776,Sneha,Patel,sneha.patel1776@example.com,+91-66637-93870,2002-11-23,F,"619, Park Avenue",Mumbai,Maharashtra,India,400001,2023-12-04,Platinum,1
C001777,Maya,Iyer,maya.iyer1777@example.com,+91-62465-42993,1978-08-07,Other,"630, Station Road",Bengaluru,Karnataka,India,560001,2026-04-01,Bronze,No
C001778,Kiran,Bose,kiran.bose1778@example.com,+91-99586-30387,1985-05-15,Other,"635, MG Road",Austin,Texas,United States,78701,2024-06-08,Gold,false
C001779,Diya,Kumar,diya.kumar1779@example.com,+91-84765-89003,1990-08-18,M,"800, Market Street",Hyderabad,Telangana,India,500001,2022-05-21,Platinum,Y
C001780,Nisha,Reddy,nisha.reddy1780@example.com,+91-90784-78021,1986-11-17,O,"584, Market Street", DELHI ,Delhi,India,110001,2024-06-01,Bronze,Y
C001781,Diya,Joshi,diya.joshi1781@example.com,+91-84163-13122,1989-12-10,male,"667, Lake Road",Chennai,Tamil Nadu,India,600001,2026-04-18,Gold,1
C001782,Zoya,Sharma,zoya.sharma1782@example.com,+91-75946-86556,1993-01-29,Other,"628, Hill View",Kochi,Kerala,India,682001,2025-06-18,Bronze,Y
C001783,Rahul,Mehta,rahul.mehta1783@example.com,+91-67270-29934,2017-05-02,O,"646, Market Street",Seattle,Washington,United States,98101,2022-01-15,Bronze,0
C001784,Sanjay,Patel,sanjay.patel1784@example.com,+91-88289-85264,2009-11-07,F,"495, Station Road",Kochi,Kerala,India,682001,2023-01-13,Gold,N
C001785,Zoya,Kapoor,zoya.kapoor1785@example.com,+91-87600-46493,1987-02-06,female,"16, Hill View",Hyderabad,Telangana,India,500001,2024-07-03,Bronze,0
C001786,Arjun,Bose,Arjun.Bose.invalid,+91-85924-82242,1991-10-13,Other,"718, Market Street",Chennai,Tamil Nadu,India,600001,2022-12-28,Platinum,1
C001787,Kiran,Kumar,kiran.kumar1787@example.com,+91-83066-51205,2019-04-02,Other,"171, MG Road",Austin,Texas,United States,78701,2026-06-02,Gold,true
C001788,Rohan,Nair,rohan.nair1788@example.com,+91-79356-65865,1998-04-26,M,"89, Market Street",Pune,Maharashtra,India,411001,2023-05-16,Gold,N
C001789,Rohan,Mehta,rohan.mehta1789@example.com,+91-90531-79689,2006-01-08,male,"554, Lake Road",Mumbai,Maharashtra,India,400001,2024-06-17,Platinum,Y
C001790,Tara,Singh,tara.singh1790@example.com,+91-73835-67142,1994-09-11,Female,"958, MG Road",Pune,Maharashtra,India,411001,2026-06-11,Bronze,N
C001791,Ira,Chopra,ira.chopra1791@example.com,+91-90313-65535,1986-10-01,Other,"489, Station Road",Kolkata,West Bengal,India,700001,2022-05-10,Gold,No
C001792,Lakshmi,Shah,lakshmi.shah1792@example.com,+91-77378-81900,1996-03-06,Other,"901, Park Avenue",Toronto,Ontario,Canada,M5H2N2,2022-12-09,Silver,false
C001793,Dev,Sharma,dev.sharma1793@example.com,+91-60398-54114,2012-06-20,F,"208, MG Road",Toronto,Ontario,Canada,M5H2N2,2023-12-08,Platinum,true
C001794,Manoj,Joshi,manoj.joshi1794@example.com,+91-61457-33310,2010-02-16,O,"908, MG Road",Pune,Maharashtra,India,411001,2025-05-18,Platinum,0
C001795,Diya,Reddy,diya.reddy1795@example.com,+91-80229-29645,2015-02-25,O,"489, Park Avenue",Mumbai,Maharashtra,India,400001,2025-04-08,Platinum,Yes
C001796,Maya,Iyer,maya.iyer1796@example.com,+91-93451-73249,2013-07-05,Female,"950, Park Avenue",Pune,Maharashtra,India,411001,2023-10-08,Bronze,No
C001797,Maya,Nair,maya.nair1797@example.com,+91-67953-91194,2008-09-01,O,"611, Station Road",Kochi,Kerala,India,682001,2024-04-04,Gold,true
C001798,Sneha,Rao,sneha.rao1798@example.com,+91-97419-10426,1994-02-28,Female,"329, Market Street",Chennai,Tamil Nadu,India,600001,2026-04-25,Bronze,true
C001799,Kabir,Kumar,kabir.kumar1799@example.com,+91-69409-82097,1991-11-02,F,"667, MG Road",Kolkata,West Bengal,India,700001,2022-09-14,Gold,Y
C001800,Akash,Jain,akash.jain1800@example.com,+91-78965-71068,1998-01-22,M,"713, Market Street",London,England,United Kingdom,SW1A1AA,2025-05-26,Platinum,No
C001801,Kavya,Iyer,kavya.iyer1801@example.com,+91-82486-50961,1988-03-04,F,"672, Hill View",London,England,United Kingdom,SW1A1AA,2023-12-21,Platinum,No
C001802,Diya,Bose,diya.bose1802@example.com,+91-67080-52946,1996-06-17,O,"593, Hill View",Toronto,Ontario,Canada,M5H2N2,2023-01-21,Gold,Yes
C001803,Pooja,Nair,pooja.nair1803@example.com,+91-61999-15818,2013-11-17,female,"913, Lake Road",Mumbai,Maharashtra,India,400001,2025-09-14,Platinum,true
C001804,Sneha,Gupta,sneha.gupta1804@example.com,+91-85938-76374,2009-07-08,M,"870, Hill View",Seattle,Washington,United States,98101,2022-06-10,Platinum,false
C001805,Kavya,Chopra,kavya.chopra1805@example.com,+91-63854-84016,1996-03-14,O,"418, Hill View",Mumbai,Maharashtra,India,400001,2023-05-06,Platinum,false
C001806,Sneha,Das,sneha.das1806@example.com,+91-91912-28855,1988-01-05,Male,"797, Market Street",Kochi,Kerala,India,682001,2025-08-29,Platinum,N
C001807,Aditya,Sharma,aditya.sharma1807@example.com,+91-90146-75832,2011-01-09,Other,"102, Park Avenue",Kolkata,West Bengal,India,700001,2025-10-22,Bronze,N
C001808,,Chopra,neha.chopra1808@example.com,+91-81750-10182,2016-04-18,M,"687, Market Street",Hyderabad,Telangana,India,500001,2024-11-03,Gold,true
C001809,Manoj,Sharma,manoj.sharma1809@example.com,+91-62929-70941,2016-10-14,F,"903, Hill View",Bengaluru,Karnataka,India,560001,2022-10-24,Silver,Y
C001810,Lakshmi,Jain,lakshmi.jain1810@example.com,+91-98307-25043,2002-03-13,male,"580, Hill View",Pune,Maharashtra,India,411001,2024-04-10,Silver,0
C001811,Aanya,Kumar,aanya.kumar1811@example.com,+91-91438-72542,2011-08-31,male,"588, Station Road",Hyderabad,Telangana,India,500001,2022-02-02,Platinum,false
C001812,Priya,Bose,priya.bose1812@example.com,+91-81191-19282,2015-02-06,O,"762, Hill View",Chennai,Tamil Nadu,India,600001,2025-07-11,Bronze,N
C001813,Zoya,Bose,zoya.bose1813@example.com,+91-69690-19372,1981-06-17,M,"431, Market Street",Toronto,Ontario,Canada,M5H2N2,2023-10-21,Bronze,false
C001814,Ananya,Patel,ananya.patel1814@example.com,+91-86947-68376,1985-10-31,Male,"825, Hill View",Seattle,Washington,United States,98101,2026-06-28,Platinum,true
C001815,Sneha,Gupta,sneha.gupta1815@example.com,+91-84538-98349,1991-09-13,Female,"223, Market Street",Hyderabad,Telangana,India,500001,2023-12-07,Silver,0
C001816,Tara,Pillai,tara.pillai1816@example.com,+91-80215-16676,1987-11-22,F,"403, MG Road",Hyderabad,Telangana,India,500001,2025-10-26,Bronze,N
C001817,Rahul,Shah,rahul.shah1817@example.com,+91-80808-15844,1996-11-05,male,"143, Lake Road",Bengaluru,Karnataka,India,560001,31-02-2025,Bronze,0
C001818,Meera,Sharma,meera.sharma1818@example.com,+91-85472-20517,2011-09-06,O,"584, Hill View",London,England,United Kingdom,SW1A1AA,2022-08-13,Platinum,0
C001819,Aanya,Mehta,aanya.mehta1819@example.com,+91-69512-33484,2012-04-30,Other,"858, Market Street",Austin,Texas,United States,78701,2023-03-30,Platinum,true
C001820,Varun,Chopra,varun.chopra1820@example.com,+91-67485-66076,2006-07-01,O,"725, Market Street",London,England,United Kingdom,SW1A1AA,2023-08-06,Bronze,Yes
C001821,Sneha,Kapoor,sneha.kapoor1821@example.com,+91-60737-85220,1980-09-18,Male,"82, MG Road",Kolkata,West Bengal,India,700001,2022-07-13,Gold,false
C001822,Aarav,Jain,aarav.jain1822@example.com,+91-62307-70966,2001-08-20,male,"420, Station Road",Austin,Texas,United States,78701,2026-02-04,Bronze,0
C001823,Maya,Kumar,maya.kumar1823@example.com,+91-81528-76967,2005-07-06,F,"752, MG Road",London,England,United Kingdom,SW1A1AA,2022-02-16,Silver,0
C001824,Diya,Singh,diya.singh1824@example.com,+91-76532-28633,1994-12-06,O,"40, Park Avenue",Kochi,Kerala,India,682001,2026-02-18,Silver,true
C001825,Meera,Chopra,meera.chopra1825@example.com,+91-95421-28200,1996-03-28,F,"525, Park Avenue",Chennai,Tamil Nadu,India,600001,2023-06-12,Bronze,1
C001826,Kiran,Gupta,kiran.gupta1826@example.com,+91-75150-99066,2002-12-16,F,"625, Park Avenue",Toronto,Ontario,Canada,M5H2N2,2023-03-28,Silver,false
C001827,Akash,Mehta,akash.mehta1827@example.com,+91-60898-95444,2005-03-16,O,"141, Station Road",London,England,United Kingdom,SW1A1AA,2024-12-19,Bronze,true
C001828,Kabir,Pillai,kabir.pillai1828@example.com,+91-89647-48883,2007-05-01,male,"415, MG Road",Austin,Texas,United States,78701,2022-02-06,Bronze,Y
C001829,Tara,Verma,tara.verma1829@example.com,+91-85767-47638,1989-04-15,Female,"147, Station Road",Austin,Texas,United States,78701,2022-08-17,Gold,Y
C001830,Aditya,Kumar,aditya.kumar1830@example.com,ABC123,2016-10-30,Male,"462, Lake Road",Chennai,Tamil Nadu,India,600001,2024-08-26,Gold,false
C001831,Aarav,Rao,aarav.rao1831@example.com,+91-99350-37786,2016-02-23,Male,"374, MG Road",Austin,Texas,United States,78701,2022-06-29,Silver,true
C001832,Lakshmi,Shah,lakshmi.shah1832@example.com,+91-76083-23704,2000-04-03,male,"367, Hill View",Mumbai,Maharashtra,India,400001,2024-07-11,Platinum,Y
C001833,Lakshmi,Shah,Lakshmi.Shah.invalid,+91-69933-64080,2008-11-08,F,"922, Market Street",Kolkata,West Bengal,India,700001,2022-02-20,Bronze,1
C001834,Priya,Mehta,priya.mehta1834@example.com,+91-74741-48064,1979-06-09,M,"122, Park Avenue",Hyderabad,Telangana,India,??,2025-10-31,Platinum,Yes
C001835,Aarav,Rao,aarav.rao1835@example.com,+91-96678-24238,2014-12-19,Male,"109, Station Road",Austin,Texas,United States,78701,2023-01-24,Silver,1
C001836,Vikram,Bose,vikram.bose1836@example.com,+91-74225-18489,1985-05-28,Female,"924, Market Street",Bengaluru,Karnataka,India,560001,2023-05-11,Gold,Yes
C001837,Aditya,Patel,aditya.patel1837@example.com,+91-75759-51378,2010-08-19,Male,"910, Market Street",Chennai,Tamil Nadu,India,600001,2025-08-22,Gold,0
C001838,Lakshmi,Jain,lakshmi.jain1838@example.com,+91-90809-65961,2002-09-12,Other,"931, Station Road",Kochi,Kerala,India,682001,2024-07-07,Silver,false
C001839,Varun,Mehta,varun.mehta1839@example.com,+91-82948-49602,2005-03-23,Other,"656, Lake Road",Seattle,Washington,United States,98101,2024-09-01,Gold,1
C001840,Sneha,Chopra,sneha.chopra1840@example.com,+91-97064-63505,1980-04-06,M,"289, Hill View",Mumbai,Maharashtra,India,400001,2025-01-08,Gold,No
C001841,Riya,Kumar,riya.kumar1841@example.com,+91-82299-23564,1999-11-24,M,"851, Park Avenue",Chennai,Tamil Nadu,India,600001,2022-01-24,Gold,1
C001842,Kavya,Reddy,kavya.reddy1842@example.com,+91-75768-52991,2017-03-20,F,"480, Lake Road",Kolkata,West Bengal,India,700001,2023-10-08,Platinum,false
C001843,Neha,Gupta,neha.gupta1843@example.com,+91-85658-68311,2011-03-07,O,"710, Park Avenue",Kolkata,West Bengal,U.S.A.,700001,2025-03-02,Bronze,0
C001844,Ananya,Bose,ananya.bose1844@example.com,+91-75953-44005,1999-02-23,Other,"967, Park Avenue",Delhi,Delhi,India,110001,2023-05-17,Silver,1
C001845,Tara,Singh,tara.singh1845@example.com,+91-65274-77599,2005-11-23,M,"992, MG Road",Kolkata,West Bengal,India,700001,2022-03-10,Bronze,0
C001846,Sneha,Das,sneha.das1846@example.com,+91-88759-53598,2003-04-15,female,"736, Lake Road",Toronto,Ontario,Canada,M5H2N2,2023-08-06,Gold,1
C001847,Lakshmi,Iyer,lakshmi.iyer1847@example.com,+91-93177-45362,1992-06-18,Other,"483, Hill View",Toronto,Ontario,Canada,M5H2N2,2026-02-14,Gold,1
C001848,Tara,Shah,tara.shah1848@example.com,+91-67910-78662,1990-02-17,M,"635, Station Road",Toronto,Ontario,Canada,M5H2N2,2024-09-06,Silver,1
C001849,Ishaan,Das,ishaan.das1849@example.com,+91-76258-19682,2015-05-09,male,"476, Park Avenue",Hyderabad,Telangana,India,500001,2024-02-14,Silver,Y
C001850,Tara,Menon,tara.menon1850@example.com,+91-63245-18935,2019-05-29,O,"938, Hill View",Hyderabad,Telangana,India,500001,2025-10-16,Platinum,Yes
C001851,Rohan,Das,rohan.das1851@example.com,+91-89671-81407,1983-10-23,M,"268, Lake Road",Seattle,Washington,United States,98101,2024-04-06,Silver,0
C001852,Rahul,Shah,rahul.shah1852@example.com,+91-79852-62375,1998-11-22,O,"777, Lake Road",Bengaluru,Karnataka,India,560001,2025-06-29,Gold,N
C001853,Meera,Menon,meera.menon1853@example.com,+91-63548-18615,2009-02-27,Female,"646, MG Road",Hyderabad,Telangana,India,500001,2024-03-02,Gold,Y
C001854,Kavya,Reddy,kavya.reddy1854@example.com,+91-82524-50256,2017-08-15,M,"725, Market Street",Toronto,Ontario,Canada,M5H2N2,2024-07-04,Bronze,Y
C001855,Ananya,Verma,ananya.verma1855@example.com,+91-82774-32020,2004-04-09,O,"323, Station Road",London,England,United Kingdom,SW1A1AA,2025-07-20,Gold,0
C001856,Nisha,Das,nisha.das1856@example.com,+91-60581-20241,1999-04-09,Other,"603, Lake Road",Kolkata,West Bengal,India,700001,2024-08-12,Platinum,N
C001857,Kiran,Iyer,kiran.iyer1857@example.com,+91-89057-24077,2009-11-17,female,"148, Hill View",Austin,Texas,United States,78701,2024-03-11,Gold,No
C001858,Riya,Gupta,riya.gupta1858@example.com,+91-75332-42682,1991-10-02,female,"168, Market Street",Toronto,Ontario,Canada,M5H2N2,2026-03-04,Gold,0
C001859,Nisha,Bose,nisha.bose1859@example.com,+91-83490-43023,1998-06-08,M,"952, Lake Road",Seattle,Washington,United States,98101,2024-03-30,Platinum,1
C001860,Riya,Iyer,riya.iyer1860@example.com,+91-76222-33136,1996-08-31,Female,"25, Station Road",Kochi,Kerala,India,682001,2025-12-09,Bronze,Yes
C001861,Dev,Chopra,dev.chopra1861@example.com,+91-69380-91583,2005-08-21,Female,"904, Hill View",Chennai,Tamil Nadu,India,600001,2023-02-04,Platinum,1
C001862,Vikram,Pillai,vikram.pillai1862@example.com,+91-71803-69265,1999-04-20,M,"448, Lake Road",Hyderabad,Telangana,India,500001,2022-09-10,Bronze,0
C001863,Rahul,Patel,rahul.patel1863@example.com,+91-71317-94668,2007-02-09,M,"509, Market Street",Mumbai,Maharashtra,India,400001,2024-03-03,Silver,false
C001864,Akash,Rao,akash.rao1864@example.com,+91-72008-23982,2010-09-28,male,"205, Park Avenue",Bengaluru,Karnataka,India,560001,2023-01-27,Gold,Yes
C001865,Akash,Bose,akash.bose1865@example.com,+91-76699-86148,1983-07-24,F,"826, Hill View",Hyderabad,Telangana,India,500001,2024-01-10,Gold,false
C001866,Ishaan,Sharma,ishaan.sharma1866@example.com,+91-73767-23320,1987-05-01,Female,"557, MG Road",Kochi,Kerala,India,682001,2022-07-13,Platinum,0
C001867,Varun,Kumar,varun.kumar1867@example.com,+91-98322-92384,1990-12-04,Female,"334, Station Road",Pune,Maharashtra,India,411001,2022-06-27,Platinum,false
C001868,Riya,Gupta,riya.gupta1868@example.com,+91-62507-51998,1996-02-25,M,"595, Station Road",Hyderabad,Telangana,India,500001,2024-03-22,Platinum,1
C001869,Aanya,Sharma,aanya.sharma1869@example.com,+91-67917-71864,2018-09-20,Other,"347, Station Road", KOCHI ,Kerala,India,682001,2024-03-18,Gold,No
C001870,Arjun,Nair,arjun.nair1870@example.com,+91-62175-60012,2003-11-21,Other,"122, Hill View",Seattle,Washington,United States,98101,2022-11-26,Gold,true
C001871,Aarav,Rao,aarav.rao1871@example.com,+91-85182-88785,1995-04-18,M,"281, Market Street",Toronto,Ontario,Canada,M5H2N2,2024-05-13,Gold,false
C001872,Ira,Mehta,ira.mehta1872@example.com,+91-66995-52297,2016-09-21,Female,"104, Station Road",Seattle,Washington,United States,98101,2023-03-10,Bronze,false
C001873,Manoj,Menon,manoj.menon1873@example.com,+91-68781-59302,2019-07-24,M,"348, Park Avenue",Toronto,Ontario,Canada,M5H2N2,2025-01-26,Silver,No
C001874,Maya,Singh,maya.singh1874@example.com,+91-98841-98214,2006-04-14,F,"701, Park Avenue",Kochi,Kerala,India,682001,2022-07-03,Gold,true
C001875,Vikram,Verma,vikram.verma1875@example.com,+91-89815-19748,2018-06-21,O,"409, Market Street",Kochi,Kerala,India,682001,2025-01-12,Platinum,false
C001876,Manoj,Chopra,manoj.chopra1876@example.com,+91-80857-63856,2011-05-27,F,"908, MG Road",Hyderabad,Telangana,India,500001,2022-07-16,Silver,Yes
C001877,Akash,Mehta,akash.mehta1877@example.com,+91-67386-45512,1978-07-18,Other,"249, Hill View",Pune,Maharashtra,India,411001,2023-10-29,Bronze,0
C001878,Aarav,Kapoor,aarav.kapoor1878@example.com,+91-86184-52487,1979-01-07,M,"639, Lake Road",London,England,United Kingdom,SW1A1AA,2025-11-08,Gold,Y
C001879,Ananya,Shah,ananya.shah1879@example.com,+91-62024-82458,2002-09-28,Female,"529, Park Avenue",Bengaluru,Karnataka,India,560001,2023-03-15,Gold,true
C001880,Riya,Patel,Riya.Patel.invalid,+91-68571-63089,1984-04-20,Female,"176, Park Avenue",Toronto,Ontario,Canada,M5H2N2,2024-03-04,Bronze,false
C001881,Priya,Kumar,priya.kumar1881@example.com,+91-92117-26041,2016-03-30,Other,"404, Market Street",Pune,Maharashtra,India,411001,2022-09-05,Silver,0
C001882,Aditya,Iyer,aditya.iyer1882@example.com,+91-84046-11104,2019-07-26,Other,"770, Park Avenue",Chennai,Tamil Nadu,India,600001,2023-02-23,Platinum,0
C001883,Dev,Bose,dev.bose1883@example.com,+91-70527-84939,1983-04-06,F,"965, Market Street",Toronto,Ontario,Canada,M5H2N2,2022-09-10,Gold,N
C001884,Akash,Sharma,akash.sharma1884@example.com,+91-85320-90630,1990-07-30,male,"53, Hill View",London,England,United Kingdom,SW1A1AA,2022-02-05,VIP,No
C001885,Aditya,Pillai,aditya.pillai1885@example.com,+91-69547-70049,2001-09-21,O,"184, Lake Road",Mumbai,Maharashtra,India,400001,2024-11-18,Gold,Yes
C001886,Arjun,Iyer,arjun.iyer1886@example.com,+91-93482-34238,2017-09-14,Male,"245, Hill View",Bengaluru,Karnataka,India,560001,2022-06-04,Platinum,1
C001887,Akash,Rao,akash.rao1887@example.com,+91-81373-85188,2005-10-17,female,"328, Lake Road",Chennai,Tamil Nadu,India,600001,2024-07-06,Silver,No
C001888,Arjun,Sharma,arjun.sharma1888@example.com,+91-93619-22292,2011-04-10,Female,"661, MG Road",Delhi,Delhi,India,110001,2025-08-14,Gold,N
C001889,Lakshmi,Rao,lakshmi.rao1889@example.com,+91-86752-49934,1999-10-12,F,"202, Lake Road",Chennai,Tamil Nadu,India,600001,2023-12-06,Gold,Y
C001890,Rohan,Verma,rohan.verma1890@example.com,+91-89103-18157,2001-04-04,female,"843, Market Street",Toronto,Ontario,Canada,M5H2N2,2022-02-19,Bronze,true
C001891,Kavya,Patel,kavya.patel1891@example.com,ABC123,2008-09-16,Female,"102, Hill View",Austin,Texas,United States,78701,2026-04-26,Bronze,false
C001892,Tara,Joshi,tara.joshi1892@example.com,+91-71256-62031,1995-09-09,male,"12, MG Road",Toronto,Ontario,Canada,M5H2N2,2022-01-23,Gold,0
C001893,Kabir,Sharma,kabir.sharma1893@example.com,+91-91900-96597,2005-01-07,Female,"36, Market Street",Hyderabad,Telangana,India,500001,2024-12-27,Bronze,N
C001894,Manoj,Chopra,manoj.chopra1894@example.com,+91-74244-40546,2010-05-05,F,"964, Lake Road",Kochi,Kerala,India,682001,2026-05-05,Bronze,Y
C001895,Aarav,Menon,aarav.menon1895@example.com,+91-68255-31079,2014-05-24,F,"848, Park Avenue",Kochi,Kerala,India,682001,2025-02-26,Bronze,N
C001896,Pooja,Nair,pooja.nair1896@example.com,+91-78597-31256,2003-07-17,Other,"932, Station Road",London,England,United Kingdom,SW1A1AA,31-02-2025,Silver,No
C001897,Lakshmi,Jain,lakshmi.jain1897@example.com,+91-81910-98066,1994-05-26,O,"692, Station Road",Bengaluru,Karnataka,India,560001,2022-04-17,Silver,true
C001898,Kiran,Rao,kiran.rao1898@example.com,+91-90989-79598,1995-09-29,male,"548, Lake Road",Chennai,Tamil Nadu,India,600001,2023-06-29,Platinum,N
C001899,Manoj,Jain,manoj.jain1899@example.com,+91-77462-33593,2010-10-18,Female,"850, Hill View",Pune,Maharashtra,India,411001,2025-08-15,Gold,1
C001900,Rohan,Joshi,rohan.joshi1900@example.com,+91-70287-95948,2007-07-18,female,"727, MG Road",Kochi,Kerala,India,682001,2025-05-31,Bronze,1
C001901,Meera,Pillai,meera.pillai1901@example.com,+91-65909-47863,2007-01-02,female,"19, Lake Road",Toronto,Ontario,Canada,M5H2N2,2022-01-09,Silver,Yes
C001902,Ananya,Jain,ananya.jain1902@example.com,+91-61708-19561,1985-02-22,male,"685, MG Road",Seattle,Washington,United States,98101,2024-06-21,Platinum,false
BAD1903,Dev,Reddy,dev.reddy1903@example.com,+91-63526-88947,2005-02-26,M,"62, Hill View",Toronto,Ontario,Canada,M5H2N2,2026-02-28,Silver,1
C001904,Sanjay,Joshi,sanjay.joshi1904@example.com,+91-92881-77139,1978-12-25,M,"537, Market Street",Bengaluru,Karnataka,India,560001,2023-10-13,Platinum,0
C001905,Tara,Menon,tara.menon1905@example.com,+91-61651-54014,1985-07-26,M,"467, Park Avenue",Chennai,Tamil Nadu,India,600001,2025-08-14,Bronze,true
C001906,Aditya,Das,aditya.das1906@example.com,+91-95537-91323,1995-01-31,M,"656, MG Road",Pune,Maharashtra,India,411001,2024-12-27,Silver,No
C001907,Arjun,Reddy,arjun.reddy1907@example.com,+91-85388-40015,2002-10-03,Female,"642, Market Street",Hyderabad,Telangana,India,500001,2022-06-30,Platinum,No
C001908,Dev,Rao,dev.rao1908@example.com,+91-94046-38766,2008-01-05,O,"886, Hill View",London,England,United Kingdom,SW1A1AA,2022-10-30,Platinum,true
C001909,Zoya,Singh,zoya.singh1909@example.com,+91-84220-83818,1983-09-29,Male,"796, Market Street",London,England,United Kingdom,SW1A1AA,2025-07-16,Silver,Y
C001910,Manoj,Gupta,manoj.gupta1910@example.com,+91-90333-75105,2003-05-24,Male,"276, Lake Road",Seattle,Washington,United States,98101,2025-03-03,Platinum,Y
C001911,Maya,Mehta,maya.mehta1911@example.com,+91-87143-57091,1998-10-29,male,"357, Station Road",London,England,United Kingdom,SW1A1AA,2023-05-21,Gold,false
C001912,Akash,Jain,akash.jain1912@example.com,+91-99761-32477,2010-05-06,Male,"298, Market Street",Mumbai,Maharashtra,India,400001,2024-10-13,Silver,No
C001913,Kabir,Joshi,kabir.joshi1913@example.com,+91-69271-44633,1979-12-12,M,"127, Park Avenue",Hyderabad,Telangana,India,500001,2023-06-07,Gold,0
C001914,Akash,Chopra,akash.chopra1914@example.com,+91-68432-80826,1996-04-19,Other,"772, Lake Road",Hyderabad,Telangana,India,500001,2025-01-09,Silver,0
C001915,Akash,Singh,akash.singh1915@example.com,+91-77379-76699,1999-12-24,O,"974, MG Road",Chennai,Tamil Nadu,India,600001,2024-07-18,Gold,No
C001916,Aarav,Reddy,aarav.reddy1916@example.com,+91-98861-81614,2016-11-27,female,"557, Market Street",Hyderabad,Telangana,India,500001,2023-01-18,Platinum,No
C001917,Priya,Bose,priya.bose1917@example.com,+91-97954-81174,1980-05-08,Male,"898, MG Road",Toronto,Ontario,Canada,M5H2N2,2025-07-19,Silver,No
C001918,Manoj,Patel,manoj.patel1918@example.com,+91-62015-53059,2007-04-19,Female,"149, Hill View",Toronto,Ontario,Canada,M5H2N2,2024-03-20,Bronze,true
C001919,Vikram,Chopra,vikram.chopra1919@example.com,+91-86384-76807,1990-12-24,female,"651, MG Road",Pune,Maharashtra,India,411001,2024-09-09,Platinum,1
C001920,Neha,Kapoor,neha.kapoor1920@example.com,+91-92320-38633,1993-01-19,F,"826, Market Street",Bengaluru,Karnataka,India,560001,2023-10-12,Gold,0
C001921,,Mehta,ananya.mehta1921@example.com,+91-91800-63414,1982-07-13,Male,"169, Station Road",Mumbai,Maharashtra,India,400001,2022-04-02,Silver,1
C001922,Kavya,Sharma,kavya.sharma1922@example.com,+91-92924-70813,1991-06-18,Other,"436, Market Street",Mumbai,Maharashtra,India,400001,2026-06-07,Silver,N
C001923,Ishaan,Menon,ishaan.menon1923@example.com,+91-73026-78363,1981-09-21,male,"391, Market Street",Kochi,Kerala,India,682001,2024-03-19,Gold,false
C001924,Sneha,Bose,sneha.bose1924@example.com,+91-79818-64821,1984-05-21,M,"879, MG Road",Pune,Maharashtra,India,411001,2024-03-07,Platinum,Yes
C001925,Aditya,Reddy,aditya.reddy1925@example.com,+91-70638-18867,1981-05-12,male,"93, Hill View",Kochi,Kerala,India,682001,2024-07-18,Silver,true
C001926,Nisha,Kumar,nisha.kumar1926@example.com,+91-95759-80784,1995-05-07,male,"917, MG Road",Kochi,Kerala,India,682001,2026-05-11,Platinum,1
C001927,Rahul,Nair,Rahul.Nair.invalid,+91-60163-46927,2001-02-02,F,"958, Market Street",Kochi,Kerala,India,682001,2024-06-09,Bronze,0
C001928,Akash,Pillai,akash.pillai1928@example.com,+91-69419-42259,2013-07-27,female,"855, Market Street",Mumbai,Maharashtra,India,400001,2023-12-07,Bronze,1
C001929,Rohan,Kumar,rohan.kumar1929@example.com,+91-63237-71140,1990-03-05,Male,"731, MG Road",Seattle,Washington,United States,98101,2022-02-19,Silver,1
C001930,Priya,Chopra,priya.chopra1930@example.com,+91-74197-79962,2007-08-11,O,"436, Lake Road",London,England,United Kingdom,SW1A1AA,2024-03-16,Gold,N
C001931,Aditya,Pillai,aditya.pillai1931@example.com,+91-91305-45767,1999-12-12,female,"98, Market Street",Kochi,Kerala,India,682001,2023-07-06,Silver,true
C001932,Nisha,Nair,nisha.nair1932@example.com,+91-76453-77386,2016-02-25,O,"897, Market Street",Kochi,Kerala,India,682001,2024-01-31,Gold,Yes
C001933,Zoya,Verma,zoya.verma1933@example.com,+91-84130-92821,2005-04-10,female,"71, Market Street",Austin,Texas,United States,78701,2023-10-22,Gold,true
C001934,Arjun,Joshi,arjun.joshi1934@example.com,+91-66094-83046,1992-11-30,female,"363, Market Street",London,England,United Kingdom,SW1A1AA,2024-01-19,Silver,1
C001935,Maya,Chopra,maya.chopra1935@example.com,+91-77367-90907,1998-06-25,Female,"710, Market Street",Delhi,Delhi,India,110001,2026-05-12,Bronze,Y
C001936,Zoya,Chopra,zoya.chopra1936@example.com,+91-70029-14712,2013-03-05,Female,"8, Park Avenue",Kochi,Kerala,India,682001,2022-04-24,Platinum,N
C001937,Sanjay,Das,sanjay.das1937@example.com,+91-78855-78415,1986-06-11,M,"762, Station Road",Delhi,Delhi,India,110001,2024-04-09,Gold,No
C001938,Aarav,Nair,aarav.nair1938@example.com,+91-78114-60608,2019-09-02,female,"313, Hill View",Chennai,Tamil Nadu,India,600001,2022-05-29,Bronze,true
C001939,Priya,Pillai,priya.pillai1939@example.com,+91-62147-24414,1999-06-25,O,"468, Station Road",Hyderabad,Telangana,India,500001,2022-03-15,Silver,Y
C001940,Ishaan,Sharma,ishaan.sharma1940@example.com,+91-94335-68742,2012-11-21,Other,"628, Station Road",Chennai,Tamil Nadu,U.S.A.,600001,2024-07-19,Platinum,No
C001941,Priya,Pillai,priya.pillai1941@example.com,+91-98247-21599,2002-10-05,O,"72, Lake Road",Bengaluru,Karnataka,India,560001,2024-02-04,Platinum,Yes
C001942,Kiran,Chopra,kiran.chopra1942@example.com,+91-62190-71220,1987-04-13,F,"99, Station Road",Mumbai,Maharashtra,India,400001,2024-04-14,Platinum,No
C001943,Ishaan,Mehta,ishaan.mehta1943@example.com,+91-94894-59976,2013-04-21,M,"681, Lake Road",Bengaluru,Karnataka,India,560001,2024-09-25,Silver,N
C001944,Riya,Joshi,riya.joshi1944@example.com,+91-67340-21093,1980-09-03,O,"711, Lake Road",Pune,Maharashtra,India,411001,2025-12-08,Platinum,true
C001945,Aarav,Menon,aarav.menon1945@example.com,+91-63245-20993,1981-09-01,female,"208, Park Avenue",Mumbai,Maharashtra,India,400001,2024-07-01,Silver,1
C001946,Sanjay,Das,sanjay.das1946@example.com,+91-86427-10405,1993-06-13,O,"504, Lake Road",Toronto,Ontario,Canada,M5H2N2,2022-03-07,Silver,false
C001947,Diya,Menon,diya.menon1947@example.com,+91-82077-47020,2018-05-19,female,"209, MG Road",Hyderabad,Telangana,India,500001,2025-11-02,Silver,Yes
C001948,Vikram,Kapoor,vikram.kapoor1948@example.com,+91-72993-82300,2013-09-06,O,"930, Lake Road",Bengaluru,Karnataka,India,560001,2022-04-19,Bronze,1
C001949,Kabir,Rao,kabir.rao1949@example.com,+91-78811-88098,1980-08-12,male,"429, Lake Road",Toronto,Ontario,Canada,M5H2N2,2023-07-31,Silver,false
C001950,Nisha,Kumar,nisha.kumar1950@example.com,+91-69681-25150,1983-07-31,Male,"52, MG Road",Hyderabad,Telangana,India,500001,2025-10-22,Bronze,N
C001951,Kavya,Bose,kavya.bose1951@example.com,+91-74568-78525,1982-06-17,female,"285, Station Road",Toronto,Ontario,Canada,M5H2N2,2022-04-29,Gold,N
C001952,Vikram,Iyer,vikram.iyer1952@example.com,ABC123,1981-01-20,Female,"820, MG Road",London,England,United Kingdom,SW1A1AA,2026-04-18,Platinum,false
C001953,Aditya,Kapoor,aditya.kapoor1953@example.com,+91-66120-12104,2016-05-17,female,"350, Station Road",Chennai,Tamil Nadu,India,600001,2022-04-08,Platinum,false
C001954,Pooja,Kumar,pooja.kumar1954@example.com,+91-94648-56420,2009-07-12,Other,"34, Park Avenue",Bengaluru,Karnataka,India,560001,2025-09-30,Gold,Yes
C001955,Zoya,Sharma,zoya.sharma1955@example.com,+91-83906-43854,2000-01-31,Other,"32, Park Avenue",Kochi,Kerala,India,682001,2024-01-21,Gold,0
C001956,Riya,Pillai,riya.pillai1956@example.com,+91-76744-24712,2010-04-08,female,"784, Hill View",Kochi,Kerala,India,682001,2025-12-07,Silver,false
C001957,Sneha,Kumar,sneha.kumar1957@example.com,+91-71584-62319,2007-11-30,M,"77, Hill View",Pune,Maharashtra,India,411001,2023-03-11,Platinum,No
C001958,Rohan,Shah,rohan.shah1958@example.com,+91-84004-51384,2003-12-10,Male,"470, Station Road", AUSTIN ,Texas,United States,78701,2026-06-11,Gold,true
C001959,Varun,Patel,varun.patel1959@example.com,+91-69544-54294,1987-08-31,female,"32, Station Road",Pune,Maharashtra,India,411001,2024-04-14,Gold,1
C001960,Manoj,Sharma,manoj.sharma1960@example.com,+91-69747-51620,2000-12-24,M,"294, Lake Road",Mumbai,Maharashtra,India,400001,2024-03-28,Silver,1
C001961,Aarav,Reddy,aarav.reddy1961@example.com,+91-99854-13437,2016-11-13,Female,"550, Hill View",London,England,United Kingdom,SW1A1AA,2025-07-29,Bronze,0
C001962,Kiran,Patel,kiran.patel1962@example.com,+91-68434-35600,2006-08-10,M,"850, Lake Road",Delhi,Delhi,India,110001,2025-06-28,Gold,0
C001963,Aanya,Joshi,aanya.joshi1963@example.com,+91-89719-25954,1997-11-10,Other,"513, Market Street",Seattle,Washington,United States,98101,2025-11-02,Bronze,true
C001964,Rahul,Das,rahul.das1964@example.com,+91-84279-98390,2001-03-27,O,"205, Market Street",Delhi,Delhi,India,110001,2022-07-12,Silver,Y
C001965,Varun,Sharma,varun.sharma1965@example.com,+91-93452-40178,2013-06-07,male,"753, Park Avenue",London,England,United Kingdom,??,2023-04-02,Bronze,1
C001966,Ira,Patel,ira.patel1966@example.com,+91-74259-44218,2003-02-23,F,"266, Hill View",Chennai,Tamil Nadu,India,600001,2024-11-30,Gold,true
C001967,Sanjay,Joshi,sanjay.joshi1967@example.com,+91-84235-38519,2017-09-22,F,"544, Market Street",Mumbai,Maharashtra,India,400001,2023-04-01,Platinum,N
C001968,Rohan,Chopra,rohan.chopra1968@example.com,+91-83078-91185,1988-02-17,Female,"41, Hill View",Bengaluru,Karnataka,India,560001,2024-02-25,Platinum,Y
C001969,Aditya,Iyer,aditya.iyer1969@example.com,+91-91032-11135,1998-09-14,O,"923, MG Road",Hyderabad,Telangana,India,500001,2026-05-31,Bronze,0
C001970,Rahul,Gupta,rahul.gupta1970@example.com,+91-70576-57108,1981-08-24,Other,"905, Market Street",Pune,Maharashtra,India,411001,2024-09-29,Silver,Yes
C001971,Rohan,Chopra,rohan.chopra1971@example.com,+91-66210-17305,2015-07-11,Male,"574, MG Road",Kochi,Kerala,India,682001,2023-06-16,Gold,0
C001972,Meera,Sharma,meera.sharma1972@example.com,+91-93747-73916,2007-11-01,Other,"24, Market Street",London,England,United Kingdom,SW1A1AA,2024-12-08,Bronze,true
C001973,Ananya,Iyer,ananya.iyer1973@example.com,+91-89625-90957,1998-10-29,F,"180, Lake Road",Hyderabad,Telangana,India,500001,2024-02-24,Platinum,No
C001974,Ira,Singh,Ira.Singh.invalid,+91-85618-95685,2008-09-23,Male,"619, Station Road",Hyderabad,Telangana,India,500001,2025-04-04,Silver,0
C001975,Ananya,Shah,ananya.shah1975@example.com,+91-98589-93904,1987-12-24,male,"971, Station Road",London,England,United Kingdom,SW1A1AA,31-02-2025,Gold,No
C001976,Varun,Rao,varun.rao1976@example.com,+91-98439-52794,2018-06-17,F,"491, Station Road",Toronto,Ontario,Canada,M5H2N2,2026-05-27,Platinum,true
C001977,Zoya,Chopra,zoya.chopra1977@example.com,+91-82590-41042,1987-11-28,male,"505, MG Road",London,England,United Kingdom,SW1A1AA,2023-08-13,Gold,true
C001978,Akash,Singh,akash.singh1978@example.com,+91-71895-39960,1981-05-07,female,"722, MG Road",Mumbai,Maharashtra,India,400001,2023-11-02,Bronze,Y
C001979,Kavya,Kumar,kavya.kumar1979@example.com,+91-83287-41649,1990-09-08,female,"34, MG Road",Chennai,Tamil Nadu,India,600001,2022-08-14,Platinum,1
C001980,Nisha,Chopra,nisha.chopra1980@example.com,+91-98951-17581,2008-11-27,Male,"451, MG Road",Mumbai,Maharashtra,India,400001,2026-06-13,Silver,0
C001981,Tara,Singh,tara.singh1981@example.com,+91-77978-35091,2009-01-25,F,"632, MG Road",Kochi,Kerala,India,682001,2025-02-15,Gold,false
C001982,Meera,Patel,meera.patel1982@example.com,+91-90307-79871,1978-04-29,O,"481, Market Street",Kolkata,West Bengal,India,700001,2023-04-29,Bronze,Yes
C001983,Maya,Jain,maya.jain1983@example.com,+91-77195-20151,2004-12-08,F,"701, MG Road",Delhi,Delhi,India,110001,2023-05-05,Gold,Yes
C001984,Akash,Das,akash.das1984@example.com,+91-68289-56359,1995-11-08,F,"929, Hill View",Kolkata,West Bengal,India,700001,2022-02-26,Bronze,No
C001985,Zoya,Nair,zoya.nair1985@example.com,+91-94366-49362,2015-11-26,F,"243, Hill View",Kochi,Kerala,India,682001,2023-05-16,Gold,1
C001986,Rahul,Reddy,rahul.reddy1986@example.com,+91-96608-69025,2017-09-19,Male,"941, Market Street",Mumbai,Maharashtra,India,400001,2023-02-21,Bronze,0
C001987,Manoj,Singh,manoj.singh1987@example.com,+91-97591-22958,1991-06-28,F,"162, Station Road",London,England,United Kingdom,SW1A1AA,2025-08-26,Silver,1
C001988,Vikram,Iyer,vikram.iyer1988@example.com,+91-91901-10934,1980-11-28,Other,"505, MG Road",Kochi,Kerala,India,682001,2022-12-24,Platinum,No
C001989,Ananya,Kumar,ananya.kumar1989@example.com,+91-88434-15750,2012-01-10,Other,"778, Station Road",Hyderabad,Telangana,India,500001,2022-05-14,Silver,Y
C001990,Arjun,Patel,arjun.patel1990@example.com,+91-83426-57572,1998-05-07,M,"735, Market Street",Hyderabad,Telangana,India,500001,2024-07-10,Silver,Yes
C001991,Arjun,Joshi,arjun.joshi1991@example.com,+91-68880-26691,2014-06-19,O,"676, Station Road",Pune,Maharashtra,India,411001,2022-02-14,Bronze,false
C001992,Dev,Singh,dev.singh1992@example.com,+91-86128-41174,1990-09-10,Male,"275, MG Road",Seattle,Washington,United States,98101,2023-11-23,Gold,Yes
C001993,Diya,Patel,diya.patel1993@example.com,+91-70444-35154,2014-02-06,M,"652, Station Road",London,England,United Kingdom,SW1A1AA,2023-12-13,Platinum,No
C001994,Aditya,Patel,aditya.patel1994@example.com,+91-89224-93101,1991-03-16,Other,"878, Station Road",Kochi,Kerala,India,682001,2024-02-26,Platinum,Yes
C001995,Sanjay,Gupta,sanjay.gupta1995@example.com,+91-94543-28657,1978-07-31,Male,"823, Market Street",Kochi,Kerala,India,682001,2023-01-29,Platinum,true
C001996,Aditya,Kumar,aditya.kumar1996@example.com,+91-90393-11453,1997-10-30,F,"296, Hill View",Hyderabad,Telangana,India,500001,2025-11-30,Silver,N
C001997,Maya,Nair,maya.nair1997@example.com,+91-99966-50524,2000-03-24,Female,"619, MG Road",Mumbai,Maharashtra,India,400001,2023-03-01,Silver,false
C001998,Kiran,Sharma,kiran.sharma1998@example.com,+91-63653-53208,1996-01-16,male,"319, Market Street",Chennai,Tamil Nadu,India,600001,2022-06-11,Platinum,N
C001999,Maya,Pillai,maya.pillai1999@example.com,+91-67817-42637,1997-02-09,female,"332, Lake Road",Pune,Maharashtra,India,411001,2022-08-30,Bronze,1
C002000,Kabir,Nair,kabir.nair2000@example.com,+91-99150-49849,1996-05-26,Other,"188, MG Road",Chennai,Tamil Nadu,India,600001,2023-06-08,Platinum,false
C002001,Aditya,Iyer,aditya.iyer2001@example.com,+91-85808-77474,1996-02-24,female,"671, MG Road",Pune,Maharashtra,India,411001,2023-04-27,Platinum,N
C002002,Sanjay,Shah,sanjay.shah2002@example.com,+91-65753-60276,1993-02-27,female,"683, Hill View",Toronto,Ontario,Canada,M5H2N2,2023-06-10,Silver,Yes
C002003,Rahul,Menon,rahul.menon2003@example.com,+91-64197-81329,2004-12-21,F,"16, Park Avenue",Hyderabad,Telangana,India,500001,2023-04-16,Platinum,false
C002004,Rohan,Mehta,rohan.mehta2004@example.com,+91-92374-30849,1982-10-27,M,"167, Market Street",Pune,Maharashtra,India,411001,2025-03-08,Platinum,N
C002005,Kavya,Patel,kavya.patel2005@example.com,+91-61948-61313,2011-01-25,O,"687, Station Road",Mumbai,Maharashtra,India,400001,2024-09-08,Silver,No
C002006,Arjun,Menon,arjun.menon2006@example.com,+91-87950-67855,1995-08-02,Other,"6, Park Avenue",Toronto,Ontario,Canada,M5H2N2,2024-07-10,Silver,false
C002007,Sneha,Nair,sneha.nair2007@example.com,+91-91871-24905,2012-12-15,F,"896, Market Street",London,England,United Kingdom,SW1A1AA,2025-03-21,Gold,false
C002008,Dev,Nair,dev.nair2008@example.com,+91-75394-43001,2017-06-12,male,"351, Hill View",Austin,Texas,United States,78701,2026-05-28,Gold,1
C002009,Kabir,Menon,kabir.menon2009@example.com,+91-65797-17630,2009-05-03,Female,"694, Hill View",Hyderabad,Telangana,India,500001,2023-09-12,Gold,1
C002010,Meera,Rao,meera.rao2010@example.com,+91-74910-40837,1993-02-06,M,"344, Hill View",Mumbai,Maharashtra,India,400001,2024-01-27,Bronze,N
C002011,Dev,Das,dev.das2011@example.com,+91-73483-19859,2009-01-23,F,"110, MG Road",Seattle,Washington,United States,98101,2024-09-08,Gold,1
C002012,Kavya,Das,kavya.das2012@example.com,+91-75594-76910,1986-08-25,Other,"804, MG Road",Delhi,Delhi,India,110001,2025-01-10,Gold,false
C002013,Diya,Chopra,diya.chopra2013@example.com,ABC123,1988-03-15,male,"729, Hill View",Pune,Maharashtra,India,411001,2023-12-13,Bronze,N
C002014,Aarav,Sharma,aarav.sharma2014@example.com,+91-70920-26915,1978-12-01,F,"51, Hill View",Kochi,Kerala,India,682001,2023-12-30,Platinum,true
C002015,Maya,Chopra,maya.chopra2015@example.com,+91-62850-41172,1988-07-31,female,"995, MG Road",Hyderabad,Telangana,India,500001,2025-06-10,Platinum,Yes
C002016,Zoya,Chopra,zoya.chopra2016@example.com,+91-95695-92892,1987-01-10,O,"190, Station Road",Pune,Maharashtra,India,411001,2022-11-03,Gold,Yes
C002017,Ira,Reddy,ira.reddy2017@example.com,+91-86039-64767,2004-03-26,F,"658, Hill View",Pune,Maharashtra,India,411001,2023-02-03,Bronze,Yes
C002018,Arjun,Iyer,arjun.iyer2018@example.com,+91-73354-40497,2018-04-20,Female,"174, MG Road",Delhi,Delhi,India,110001,2022-10-09,Platinum,true
C002019,Ishaan,Gupta,ishaan.gupta2019@example.com,+91-60120-98480,1999-05-17,M,"655, Park Avenue",Seattle,Washington,United States,98101,2026-03-23,Platinum,No
C002020,Maya,Menon,maya.menon2020@example.com,+91-90403-40882,1983-10-29,Other,"710, Market Street",London,England,United Kingdom,SW1A1AA,2025-08-20,Gold,Y
C002021,Arjun,Singh,Arjun.Singh.invalid,+91-78814-11317,1991-09-27,Male,"474, Park Avenue",Delhi,Delhi,India,110001,2026-05-28,Silver,Y
C002022,Meera,Jain,meera.jain2022@example.com,+91-96062-62336,2018-10-23,M,"212, MG Road",Seattle,Washington,United States,98101,2026-06-16,Platinum,false
C002023,Lakshmi,Nair,lakshmi.nair2023@example.com,+91-74642-22430,2001-08-06,F,"647, Market Street",Hyderabad,Telangana,India,500001,2023-07-22,Silver,N
C002024,Lakshmi,Kumar,lakshmi.kumar2024@example.com,+91-73756-92462,2012-03-23,O,"631, Station Road",Mumbai,Maharashtra,India,400001,2023-05-15,Silver,false
C002025,Arjun,Kapoor,arjun.kapoor2025@example.com,+91-95453-43952,2007-12-11,F,"301, MG Road",Austin,Texas,United States,78701,2024-04-23,Bronze,0
C002026,Varun,Pillai,varun.pillai2026@example.com,+91-97234-72403,1982-08-20,Other,"7, Station Road",Delhi,Delhi,India,110001,2025-04-03,Gold,0
C002027,Zoya,Patel,zoya.patel2027@example.com,+91-78414-49182,2007-11-19,M,"36, Lake Road",Delhi,Delhi,India,110001,2022-02-10,Gold,No
C002028,Akash,Nair,akash.nair2028@example.com,+91-94369-23473,2017-02-25,male,"590, Hill View",Kochi,Kerala,India,682001,2023-01-12,Silver,No
C002029,Ananya,Pillai,ananya.pillai2029@example.com,+91-68929-84721,1988-10-13,Male,"101, Park Avenue",Pune,Maharashtra,India,411001,2022-04-05,Gold,true
C002030,Kabir,Joshi,kabir.joshi2030@example.com,+91-97658-79158,1999-02-09,Other,"746, Park Avenue",Austin,Texas,United States,78701,2023-05-27,Gold,1
C002031,Kabir,Pillai,kabir.pillai2031@example.com,+91-74206-67229,2018-03-15,O,"271, Hill View",Austin,Texas,United States,78701,2026-06-27,Platinum,Y
C002032,Nisha,Menon,nisha.menon2032@example.com,+91-63501-28429,1998-01-26,female,"921, Station Road",Seattle,Washington,United States,98101,2022-01-25,Platinum,true
C002033,Akash,Iyer,akash.iyer2033@example.com,+91-71290-39576,1980-11-17,F,"524, Station Road",Chennai,Tamil Nadu,India,600001,2025-11-02,Platinum,0
C002034,,Sharma,sanjay.sharma2034@example.com,+91-90026-24591,2016-05-25,Female,"718, Lake Road",Mumbai,Maharashtra,India,400001,2023-10-27,Gold,1
C002035,Maya,Das,maya.das2035@example.com,+91-74943-60490,2018-08-01,Male,"620, Station Road",Mumbai,Maharashtra,India,400001,2022-06-20,Silver,1
C002036,Maya,Joshi,maya.joshi2036@example.com,+91-70629-18123,1983-06-14,female,"950, Station Road",Delhi,Delhi,India,110001,2022-11-25,Platinum,No
C002037,Priya,Pillai,priya.pillai2037@example.com,+91-72463-57256,2001-01-13,F,"324, MG Road",Bengaluru,Karnataka,U.S.A.,560001,2026-03-17,Bronze,No
C002038,Pooja,Das,pooja.das2038@example.com,+91-70970-62772,1985-05-13,Male,"906, Station Road",Kolkata,West Bengal,India,700001,2022-02-07,Silver,No
C002039,Ananya,Jain,ananya.jain2039@example.com,+91-99024-85873,1986-06-04,male,"845, Lake Road",Austin,Texas,United States,78701,2022-09-03,Bronze,Y
C002040,Nisha,Verma,nisha.verma2040@example.com,+91-62496-87256,1997-08-06,female,"156, Hill View",Delhi,Delhi,India,110001,2025-02-17,Platinum,false
C002041,Ishaan,Jain,ishaan.jain2041@example.com,+91-80025-25729,2003-08-30,M,"621, Hill View",Hyderabad,Telangana,India,500001,2025-03-21,VIP,No
C002042,Kabir,Mehta,kabir.mehta2042@example.com,+91-74957-49994,2005-05-01,Other,"275, Hill View",Hyderabad,Telangana,India,500001,2023-02-05,Bronze,false
C002043,Nisha,Patel,nisha.patel2043@example.com,+91-61465-91067,1996-11-22,male,"588, Market Street",Toronto,Ontario,Canada,M5H2N2,2025-02-25,Bronze,No
C002044,Rahul,Singh,rahul.singh2044@example.com,+91-69778-44655,2017-03-02,male,"891, Station Road",Austin,Texas,United States,78701,2024-01-01,Bronze,true
C002045,Manoj,Chopra,manoj.chopra2045@example.com,+91-80478-31028,1987-06-11,Male,"964, Hill View",Kochi,Kerala,India,682001,2024-03-21,Bronze,0
C002046,Aanya,Joshi,aanya.joshi2046@example.com,+91-94496-61009,2011-08-05,M,"916, Market Street",Hyderabad,Telangana,India,500001,2023-06-03,Gold,No
C002047,Rahul,Nair,rahul.nair2047@example.com,+91-81393-83803,1978-02-12,Other,"117, Hill View", KOCHI ,Kerala,India,682001,2025-06-05,Platinum,0
C002048,Lakshmi,Jain,lakshmi.jain2048@example.com,+91-67882-19017,2005-04-29,Other,"795, Hill View",Delhi,Delhi,India,110001,2024-04-14,Platinum,1
C002049,Riya,Singh,riya.singh2049@example.com,+91-65325-81421,1998-08-22,M,"892, MG Road",Kolkata,West Bengal,India,700001,2023-07-22,Bronze,No
C002050,Aditya,Reddy,aditya.reddy2050@example.com,+91-81483-41076,2019-10-24,M,"269, Hill View",Bengaluru,Karnataka,India,560001,2023-05-08,Bronze,true
C002051,Arjun,Iyer,arjun.iyer2051@example.com,+91-93991-96920,1993-01-05,Male,"511, Park Avenue",Chennai,Tamil Nadu,India,600001,2026-04-13,Gold,Y
C002052,Kabir,Bose,kabir.bose2052@example.com,+91-90018-39539,2006-05-08,O,"388, Park Avenue",Toronto,Ontario,Canada,M5H2N2,2024-04-24,Platinum,No
C002053,Vikram,Pillai,vikram.pillai2053@example.com,+91-85076-78382,1992-04-20,Other,"496, MG Road",Toronto,Ontario,Canada,M5H2N2,2024-04-04,Silver,Yes
C002054,Lakshmi,Patel,lakshmi.patel2054@example.com,+91-87992-85790,1988-08-06,Other,"612, Market Street",Chennai,Tamil Nadu,India,600001,31-02-2025,Platinum,Y
C002055,Sanjay,Joshi,sanjay.joshi2055@example.com,+91-95761-65347,2005-01-23,Male,"263, Park Avenue",Mumbai,Maharashtra,India,400001,2024-05-03,Silver,N
C002056,Manoj,Kumar,manoj.kumar2056@example.com,+91-79302-50749,1984-03-27,Other,"657, Station Road",Chennai,Tamil Nadu,India,600001,2025-10-03,Gold,0
C002057,Manoj,Mehta,manoj.mehta2057@example.com,+91-67340-37669,2001-03-02,Male,"562, Market Street",Kochi,Kerala,India,682001,2025-02-03,Bronze,true
C002058,Aditya,Joshi,aditya.joshi2058@example.com,+91-99449-50674,2005-04-08,F,"498, Market Street",Bengaluru,Karnataka,India,560001,2022-10-11,Platinum,Yes
C002059,Ira,Rao,ira.rao2059@example.com,+91-67915-75527,1997-12-22,F,"821, Market Street",Delhi,Delhi,India,110001,2023-09-10,Gold,0
C002060,Sanjay,Mehta,sanjay.mehta2060@example.com,+91-76864-63397,1988-12-06,F,"74, Station Road",Bengaluru,Karnataka,India,560001,2024-09-09,Bronze,false
C002061,Akash,Gupta,akash.gupta2061@example.com,+91-61057-60803,2008-11-10,M,"454, Hill View",Pune,Maharashtra,India,411001,2023-02-18,Gold,false
C002062,Rahul,Sharma,rahul.sharma2062@example.com,+91-99589-38933,1998-01-20,Male,"550, MG Road",Bengaluru,Karnataka,India,560001,2025-04-09,Platinum,N
C002063,Varun,Iyer,varun.iyer2063@example.com,+91-97403-42109,2013-02-02,female,"630, Park Avenue",Pune,Maharashtra,India,411001,2023-03-27,Platinum,true
C002064,Varun,Singh,varun.singh2064@example.com,+91-62280-28671,2000-01-27,Female,"678, Park Avenue",London,England,United Kingdom,SW1A1AA,2025-05-14,Gold,1
C002065,Maya,Nair,maya.nair2065@example.com,+91-78050-36461,2002-02-26,female,"318, Hill View",Kolkata,West Bengal,India,700001,2024-01-07,Bronze,N
C002066,Ishaan,Rao,ishaan.rao2066@example.com,+91-74639-14490,2008-06-12,F,"989, MG Road",Seattle,Washington,United States,98101,2023-02-17,Platinum,N
C002067,Dev,Pillai,dev.pillai2067@example.com,+91-98386-44782,1996-03-21,male,"560, Hill View",Pune,Maharashtra,India,411001,2023-11-29,Bronze,false
C002068,Ira,Das,Ira.Das.invalid,+91-83116-85441,1993-11-22,male,"80, Station Road",Seattle,Washington,United States,98101,2026-02-06,Bronze,0
C002069,Ananya,Pillai,ananya.pillai2069@example.com,+91-75774-78481,1987-11-25,male,"306, Lake Road",Hyderabad,Telangana,India,500001,2024-06-21,Bronze,No
C002070,Rohan,Rao,rohan.rao2070@example.com,+91-65468-90292,1989-08-21,Male,"747, Station Road",London,England,United Kingdom,SW1A1AA,2025-10-28,Bronze,0
C002071,Aditya,Mehta,aditya.mehta2071@example.com,+91-65429-52993,1988-08-29,Other,"339, Park Avenue",London,England,United Kingdom,SW1A1AA,2026-03-02,Gold,Yes
C002072,Meera,Menon,meera.menon2072@example.com,+91-76942-79621,2011-07-24,Other,"664, Station Road",Kolkata,West Bengal,India,700001,2025-01-01,Platinum,No
C002073,Varun,Verma,varun.verma2073@example.com,+91-76719-73223,2016-12-20,Female,"189, Market Street",Austin,Texas,United States,78701,2024-08-27,Platinum,Y
C002074,Rohan,Rao,rohan.rao2074@example.com,ABC123,2011-08-30,F,"859, Hill View",Kochi,Kerala,India,682001,2023-11-21,Gold,No
C002075,Rohan,Bose,rohan.bose2075@example.com,+91-80668-64846,1997-01-10,Other,"811, MG Road",Seattle,Washington,United States,98101,2025-09-06,Silver,Yes
BAD2076,Vikram,Iyer,vikram.iyer2076@example.com,+91-70591-14651,1981-05-10,F,"10, Station Road",Kolkata,West Bengal,India,700001,2022-02-04,Gold,Y
C002077,Manoj,Iyer,manoj.iyer2077@example.com,+91-97956-66731,1997-03-15,female,"230, Market Street",London,England,United Kingdom,SW1A1AA,2026-04-08,Platinum,Y
C002078,Tara,Singh,tara.singh2078@example.com,+91-64537-67604,2000-07-29,Other,"366, Station Road",Austin,Texas,United States,78701,2022-07-22,Bronze,true
C002079,Arjun,Menon,arjun.menon2079@example.com,+91-99932-14315,2007-12-05,male,"862, Park Avenue",Delhi,Delhi,India,110001,2026-03-18,Platinum,Yes
C002080,Kavya,Das,kavya.das2080@example.com,+91-68570-60959,1995-09-16,Other,"43, Lake Road",Delhi,Delhi,India,110001,2022-03-19,Bronze,true
C002081,Aditya,Chopra,aditya.chopra2081@example.com,+91-94794-47861,1993-06-22,Male,"320, Park Avenue",Hyderabad,Telangana,India,500001,2023-07-18,Bronze,Y
C002082,Kabir,Patel,kabir.patel2082@example.com,+91-70870-51731,1993-05-02,male,"163, Park Avenue",Chennai,Tamil Nadu,India,600001,2023-02-04,Platinum,N
C002083,Manoj,Chopra,manoj.chopra2083@example.com,+91-78262-83474,1991-12-23,M,"699, Park Avenue",London,England,United Kingdom,SW1A1AA,2022-05-03,Platinum,true
C002084,Aanya,Pillai,aanya.pillai2084@example.com,+91-96898-87537,1987-12-07,F,"622, Hill View",Kochi,Kerala,India,682001,2025-04-03,Platinum,true
C002085,Rohan,Kapoor,rohan.kapoor2085@example.com,+91-60199-10457,2003-11-20,O,"149, MG Road",Pune,Maharashtra,India,411001,2025-02-05,Gold,N
C002086,Aditya,Mehta,aditya.mehta2086@example.com,+91-82413-60664,1997-09-06,female,"754, Park Avenue",Austin,Texas,United States,78701,2025-10-21,Platinum,Yes
C002087,Dev,Pillai,dev.pillai2087@example.com,+91-85729-29024,2012-03-16,female,"533, Station Road",Pune,Maharashtra,India,411001,2023-07-18,Silver,1
C002088,Lakshmi,Gupta,lakshmi.gupta2088@example.com,+91-86563-14950,2017-07-25,Female,"56, Station Road",Pune,Maharashtra,India,411001,2025-11-19,Platinum,false
C002089,Meera,Singh,meera.singh2089@example.com,+91-89000-81769,1984-09-27,F,"703, Market Street",Seattle,Washington,United States,98101,2022-07-31,Platinum,true
C002090,Dev,Gupta,dev.gupta2090@example.com,+91-61038-35639,2016-08-19,Female,"582, Park Avenue",Bengaluru,Karnataka,India,560001,2022-01-27,Bronze,N
C002091,Varun,Jain,varun.jain2091@example.com,+91-72688-13918,2000-04-01,Other,"570, Park Avenue",Kolkata,West Bengal,India,700001,2025-12-24,Platinum,false
C002092,Neha,Das,neha.das2092@example.com,+91-87283-84039,2009-04-17,female,"111, Market Street",London,England,United Kingdom,SW1A1AA,2026-01-14,Platinum,false
C002093,Varun,Kumar,varun.kumar2093@example.com,+91-60007-72785,1997-09-20,F,"169, Lake Road",Toronto,Ontario,Canada,M5H2N2,2022-09-29,Platinum,Yes
C002094,Aarav,Chopra,aarav.chopra2094@example.com,+91-77701-24955,2016-02-12,Other,"914, Market Street",Delhi,Delhi,India,110001,2025-02-13,Gold,N
C002095,Arjun,Kapoor,arjun.kapoor2095@example.com,+91-69865-39708,2000-09-19,Female,"976, Hill View",Kolkata,West Bengal,India,700001,2022-12-05,Silver,N
C002096,Diya,Iyer,diya.iyer2096@example.com,+91-70306-36045,1983-05-16,Female,"365, Station Road",London,England,United Kingdom,??,2023-12-16,Silver,1
C002097,Arjun,Joshi,arjun.joshi2097@example.com,+91-93922-85693,1980-04-25,F,"72, Lake Road",London,England,United Kingdom,SW1A1AA,2023-12-12,Platinum,Y
C002098,Dev,Bose,dev.bose2098@example.com,+91-65593-77395,1985-10-11,M,"897, Lake Road",London,England,United Kingdom,SW1A1AA,2022-10-09,Silver,0
C002099,Vikram,Gupta,vikram.gupta2099@example.com,+91-71772-86848,2018-04-05,male,"136, MG Road",Pune,Maharashtra,India,411001,2022-06-02,Bronze,Y
C002100,Sneha,Pillai,sneha.pillai2100@example.com,+91-86318-18692,1984-07-12,O,"55, Station Road",Austin,Texas,United States,78701,2025-09-24,Platinum,N
C002101,Neha,Rao,neha.rao2101@example.com,+91-85783-76344,2004-04-05,Female,"715, Hill View",Pune,Maharashtra,India,411001,2025-09-18,Silver,1
C002102,Aanya,Joshi,aanya.joshi2102@example.com,+91-61827-98652,2016-10-03,Female,"158, Hill View",Mumbai,Maharashtra,India,400001,2024-11-28,Bronze,0
C002103,Kiran,Iyer,kiran.iyer2103@example.com,+91-83985-51163,2002-02-09,Female,"844, Hill View",Seattle,Washington,United States,98101,2023-09-06,Gold,0
C002104,Diya,Bose,diya.bose2104@example.com,+91-87772-75638,2016-06-16,female,"139, Station Road",Chennai,Tamil Nadu,India,600001,2022-12-19,Silver,No
C002105,Kabir,Reddy,kabir.reddy2105@example.com,+91-73857-90128,1983-12-18,O,"661, Lake Road",Hyderabad,Telangana,India,500001,2022-04-01,Silver,No
C002106,Pooja,Verma,pooja.verma2106@example.com,+91-99293-50709,1994-12-13,Other,"689, Station Road",Hyderabad,Telangana,India,500001,2022-10-09,Platinum,1
C002107,Arjun,Patel,arjun.patel2107@example.com,+91-84289-42816,2016-10-13,Other,"958, Market Street",Bengaluru,Karnataka,India,560001,2023-01-31,Bronze,1
C002108,Maya,Pillai,maya.pillai2108@example.com,+91-61977-43009,2016-05-02,Female,"434, Park Avenue",Chennai,Tamil Nadu,India,600001,2023-04-01,Gold,true
C002109,Pooja,Menon,pooja.menon2109@example.com,+91-84406-55106,1989-04-13,M,"24, Hill View",Delhi,Delhi,India,110001,2023-07-03,Platinum,N
C002110,Kiran,Shah,kiran.shah2110@example.com,+91-76971-42106,1990-01-31,O,"495, Park Avenue",Austin,Texas,United States,78701,2024-09-18,Platinum,Y
C002111,Vikram,Sharma,vikram.sharma2111@example.com,+91-72974-96458,2015-03-23,Female,"883, Park Avenue",Toronto,Ontario,Canada,M5H2N2,2025-09-27,Platinum,true
C002112,Vikram,Iyer,vikram.iyer2112@example.com,+91-77499-78364,2003-09-25,F,"924, Market Street",Pune,Maharashtra,India,411001,2023-12-14,Silver,0
C002113,Rohan,Joshi,rohan.joshi2113@example.com,+91-86620-14180,1978-06-11,male,"127, Park Avenue",Pune,Maharashtra,India,411001,2024-11-30,Platinum,N
C002114,Rohan,Kumar,rohan.kumar2114@example.com,+91-78081-83081,2008-04-23,Female,"346, Park Avenue",Kolkata,West Bengal,India,700001,2025-04-27,Gold,true
C002115,Zoya,Pillai,Zoya.Pillai.invalid,+91-95154-77066,2017-07-15,M,"191, Hill View",Mumbai,Maharashtra,India,400001,2023-05-15,Bronze,1
C002116,Aarav,Verma,aarav.verma2116@example.com,+91-97963-75543,2002-08-12,F,"824, MG Road",Chennai,Tamil Nadu,India,600001,2025-10-12,Silver,false
C002117,Lakshmi,Singh,lakshmi.singh2117@example.com,+91-81542-96600,2004-06-01,Male,"649, MG Road",Seattle,Washington,United States,98101,2024-07-23,Platinum,0
C002118,Meera,Iyer,meera.iyer2118@example.com,+91-98775-84859,1992-04-11,F,"465, Park Avenue",Mumbai,Maharashtra,India,400001,2025-12-09,Gold,true
C002119,Varun,Pillai,varun.pillai2119@example.com,+91-96516-13624,2013-09-23,female,"369, Park Avenue",Toronto,Ontario,Canada,M5H2N2,2022-10-28,Bronze,true
C002120,Pooja,Iyer,pooja.iyer2120@example.com,+91-75090-68157,1992-04-12,M,"563, MG Road",Chennai,Tamil Nadu,India,600001,2023-12-22,Bronze,true
C002121,Tara,Pillai,tara.pillai2121@example.com,+91-82117-45707,1996-03-25,female,"572, Lake Road",Austin,Texas,United States,78701,2025-04-21,Silver,N
C002122,Dev,Menon,dev.menon2122@example.com,+91-71830-61202,1991-11-10,O,"991, Lake Road",Chennai,Tamil Nadu,India,600001,2022-05-09,Bronze,0
C002123,Aanya,Das,aanya.das2123@example.com,+91-73444-41260,2008-12-14,F,"618, Lake Road",Bengaluru,Karnataka,India,560001,2023-08-12,Gold,N
C002124,Kabir,Pillai,kabir.pillai2124@example.com,+91-65537-66745,2000-03-24,Other,"304, Lake Road",Bengaluru,Karnataka,India,560001,2025-03-08,Gold,Y
C002125,Arjun,Mehta,arjun.mehta2125@example.com,+91-79131-72969,1995-03-08,F,"829, Park Avenue",Seattle,Washington,United States,98101,2022-02-13,Silver,Yes
C002126,Ishaan,Chopra,ishaan.chopra2126@example.com,+91-88070-67253,2011-10-18,O,"286, Hill View",Mumbai,Maharashtra,India,400001,2022-12-11,Platinum,0
C002127,Aanya,Shah,aanya.shah2127@example.com,+91-61183-73692,2002-03-05,Other,"606, Lake Road",Chennai,Tamil Nadu,India,600001,2026-05-30,Gold,Y
C002128,Pooja,Verma,pooja.verma2128@example.com,+91-75139-82170,2009-12-23,Other,"174, Station Road",Pune,Maharashtra,India,411001,2023-08-28,Bronze,false
C002129,Zoya,Menon,zoya.menon2129@example.com,+91-92736-48789,2017-10-12,M,"364, Park Avenue",Mumbai,Maharashtra,India,400001,2022-01-19,Silver,true
C002130,Diya,Das,diya.das2130@example.com,+91-71489-81204,2006-10-23,Other,"250, Lake Road",Kolkata,West Bengal,India,700001,2025-09-09,Gold,false
C002131,Akash,Verma,akash.verma2131@example.com,+91-77491-57057,1985-05-10,male,"294, Hill View",Kochi,Kerala,India,682001,2024-10-10,Platinum,false
C002132,Kabir,Singh,kabir.singh2132@example.com,+91-78332-54716,2003-11-09,female,"161, Hill View",Bengaluru,Karnataka,India,560001,2022-10-30,Silver,true
C002133,Sneha,Singh,sneha.singh2133@example.com,+91-96746-57807,2014-09-17,M,"459, Market Street",Seattle,Washington,United States,98101,31-02-2025,Silver,0
C002134,Kiran,Chopra,kiran.chopra2134@example.com,+91-70215-96238,2014-05-22,Male,"955, Lake Road",Seattle,Washington,U.S.A.,98101,2023-04-13,Silver,Yes
C002135,Arjun,Kumar,arjun.kumar2135@example.com,ABC123,1986-10-15,male,"615, Hill View",London,England,United Kingdom,SW1A1AA,2022-02-09,Bronze,Y
C002136,Maya,Kumar,maya.kumar2136@example.com,+91-66004-80897,1979-09-11,Female,"533, Hill View", KOCHI ,Kerala,India,682001,2026-03-26,Platinum,true
C002137,Akash,Pillai,akash.pillai2137@example.com,+91-97880-62025,2005-08-08,male,"179, Hill View",Toronto,Ontario,Canada,M5H2N2,2022-11-25,Silver,true
C002138,Maya,Jain,maya.jain2138@example.com,+91-68141-86316,2006-08-31,O,"484, Station Road",London,England,United Kingdom,SW1A1AA,2025-04-18,Silver,No
C002139,Sneha,Iyer,sneha.iyer2139@example.com,+91-83136-34713,1994-08-19,O,"563, Lake Road",Seattle,Washington,United States,98101,2025-09-15,Bronze,0
C002140,Meera,Bose,meera.bose2140@example.com,+91-95125-34038,1986-01-22,Female,"948, Station Road",Kolkata,West Bengal,India,700001,2026-01-25,Silver,N
C002141,Ira,Jain,ira.jain2141@example.com,+91-94017-69643,1980-01-08,Male,"970, Station Road",Kolkata,West Bengal,India,700001,2023-07-30,Bronze,0
C002142,Sanjay,Chopra,sanjay.chopra2142@example.com,+91-70103-25174,1998-10-13,female,"20, Lake Road",Pune,Maharashtra,India,411001,2025-06-28,Silver,0
C002143,Kavya,Kumar,kavya.kumar2143@example.com,+91-95589-93098,1999-10-21,female,"144, Park Avenue",Pune,Maharashtra,India,411001,2024-10-12,Bronze,Y
C002144,Manoj,Gupta,manoj.gupta2144@example.com,+91-84548-15267,1986-06-27,O,"55, MG Road",Pune,Maharashtra,India,411001,2022-10-21,Platinum,Y
C002145,Ishaan,Shah,ishaan.shah2145@example.com,+91-66559-64445,2004-05-19,Other,"621, Lake Road",Hyderabad,Telangana,India,500001,2023-04-18,Silver,1
C002146,Ishaan,Shah,ishaan.shah2146@example.com,+91-92452-63038,1979-09-22,Other,"950, MG Road",Chennai,Tamil Nadu,India,600001,2025-12-15,Platinum,N
C002147,,Pillai,akash.pillai2147@example.com,+91-84049-75363,2012-03-28,male,"483, Market Street",Bengaluru,Karnataka,India,560001,2023-11-11,Bronze,Y
C002148,Sanjay,Gupta,sanjay.gupta2148@example.com,+91-83872-29678,2001-06-27,Other,"533, MG Road",Seattle,Washington,United States,98101,2026-06-11,Silver,false
C002149,Neha,Sharma,neha.sharma2149@example.com,+91-87561-69576,2004-04-28,F,"857, Lake Road",Kochi,Kerala,India,682001,2025-01-28,Bronze,No
C002150,Lakshmi,Verma,lakshmi.verma2150@example.com,+91-87838-29268,1987-12-20,F,"308, Market Street",London,England,United Kingdom,SW1A1AA,2022-01-30,Platinum,0
C002151,Dev,Kapoor,dev.kapoor2151@example.com,+91-93372-59829,1995-06-03,Male,"626, MG Road",Mumbai,Maharashtra,India,400001,2025-06-28,Platinum,Y
C002152,Rohan,Shah,rohan.shah2152@example.com,+91-66053-90934,2019-08-30,Male,"386, Station Road",Hyderabad,Telangana,India,500001,2022-02-27,Bronze,N
C002153,Nisha,Kapoor,nisha.kapoor2153@example.com,+91-73572-72999,1982-05-07,M,"28, Station Road",Pune,Maharashtra,India,411001,2026-05-15,Platinum,0
C002154,Arjun,Das,arjun.das2154@example.com,+91-93151-62377,1996-09-14,male,"102, Hill View",Toronto,Ontario,Canada,M5H2N2,2024-06-01,Gold,Y
C002155,Aanya,Verma,aanya.verma2155@example.com,+91-63685-98555,1992-08-28,male,"133, Park Avenue",Kochi,Kerala,India,682001,2026-06-06,Silver,false
C002156,Pooja,Menon,pooja.menon2156@example.com,+91-87527-96459,2004-04-28,O,"361, Lake Road",Toronto,Ontario,Canada,M5H2N2,2025-09-05,Silver,Yes
C002157,Lakshmi,Joshi,lakshmi.joshi2157@example.com,+91-86870-63407,2017-03-10,M,"197, Lake Road",Toronto,Ontario,Canada,M5H2N2,2022-09-20,Platinum,false
C002158,Aanya,Chopra,aanya.chopra2158@example.com,+91-77800-14130,1999-01-28,female,"11, Market Street",Chennai,Tamil Nadu,India,600001,2023-02-12,Gold,N
C002159,Diya,Nair,diya.nair2159@example.com,+91-91385-91933,1996-09-27,Other,"244, Station Road",London,England,United Kingdom,SW1A1AA,2024-12-29,Silver,false
C002160,Kavya,Das,kavya.das2160@example.com,+91-83684-90306,1984-04-09,Other,"149, Station Road",Delhi,Delhi,India,110001,2022-11-01,Bronze,Yes
C002161,Ishaan,Singh,ishaan.singh2161@example.com,+91-67732-63717,1994-05-19,O,"976, Hill View",Seattle,Washington,United States,98101,2022-07-27,Platinum,Yes
C002162,Pooja,Sharma,Pooja.Sharma.invalid,+91-71144-22871,1988-12-23,M,"506, Station Road",Chennai,Tamil Nadu,India,600001,2024-09-12,Silver,true
C002163,Varun,Shah,varun.shah2163@example.com,+91-68133-92112,2013-09-19,female,"641, Park Avenue",Bengaluru,Karnataka,India,560001,2023-08-10,Silver,true
C002164,Meera,Bose,meera.bose2164@example.com,+91-65715-16744,1990-05-15,female,"360, Hill View",Bengaluru,Karnataka,India,560001,2022-01-15,Gold,false
C002165,Priya,Pillai,priya.pillai2165@example.com,+91-93256-92354,2006-02-10,M,"722, Lake Road",Pune,Maharashtra,India,411001,2022-06-12,Gold,1
C002166,Tara,Patel,tara.patel2166@example.com,+91-74565-56710,2008-02-10,F,"120, Station Road",Austin,Texas,United States,78701,2026-01-28,Platinum,No
C002167,Ishaan,Singh,ishaan.singh2167@example.com,+91-80902-83897,2005-03-05,Male,"860, Market Street",Mumbai,Maharashtra,India,400001,2022-03-24,Silver,1
C002168,Aditya,Patel,aditya.patel2168@example.com,+91-95910-89626,1999-09-24,F,"23, Market Street",Austin,Texas,United States,78701,2024-03-26,Platinum,N
C002169,Rohan,Kumar,rohan.kumar2169@example.com,+91-62449-36293,1981-11-18,Other,"8, Lake Road",Seattle,Washington,United States,98101,2024-04-30,Bronze,N
C002170,Ishaan,Singh,ishaan.singh2170@example.com,+91-96851-57770,1986-07-22,O,"595, MG Road",Kochi,Kerala,India,682001,2024-05-13,Gold,true
C002171,Ira,Kapoor,ira.kapoor2171@example.com,+91-66141-54326,1993-06-03,Female,"15, Lake Road",London,England,United Kingdom,SW1A1AA,2025-11-03,Silver,1
C002172,Riya,Rao,riya.rao2172@example.com,+91-90510-61648,2015-01-02,M,"978, Station Road",Mumbai,Maharashtra,India,400001,2023-08-04,Bronze,No
C002173,Kavya,Reddy,kavya.reddy2173@example.com,+91-95348-28466,2018-12-01,F,"784, Market Street",Seattle,Washington,United States,98101,2026-06-06,Silver,Y
C002174,Akash,Kumar,akash.kumar2174@example.com,+91-78232-34144,1983-11-20,female,"748, Station Road",Seattle,Washington,United States,98101,2023-04-27,Bronze,true
C002175,Tara,Kapoor,tara.kapoor2175@example.com,+91-79807-64620,1982-08-24,male,"790, Lake Road",London,England,United Kingdom,SW1A1AA,2024-10-17,Platinum,1
C002176,Nisha,Reddy,nisha.reddy2176@example.com,+91-75176-65974,2015-10-08,Female,"615, Hill View",Mumbai,Maharashtra,India,400001,2025-08-05,Silver,false
C002177,Aditya,Nair,aditya.nair2177@example.com,+91-63606-30288,2011-06-07,female,"362, Market Street",Seattle,Washington,United States,98101,2024-01-18,Gold,Yes
C002178,Arjun,Pillai,arjun.pillai2178@example.com,+91-76442-25803,1991-10-14,male,"680, Park Avenue",Chennai,Tamil Nadu,India,600001,2024-09-28,Bronze,No
C002179,Ira,Chopra,ira.chopra2179@example.com,+91-94132-50016,2013-10-16,Female,"406, Market Street",Delhi,Delhi,India,110001,2023-02-19,Platinum,Yes
C002180,Pooja,Nair,pooja.nair2180@example.com,+91-71369-70816,2009-01-30,M,"907, Lake Road",Kochi,Kerala,India,682001,2022-11-17,Silver,false
C002181,Aarav,Kumar,aarav.kumar2181@example.com,+91-67265-74040,2009-07-30,Other,"72, Hill View",Hyderabad,Telangana,India,500001,2024-03-23,Silver,N
C002182,Neha,Sharma,neha.sharma2182@example.com,+91-78403-93247,1984-10-14,F,"203, Park Avenue",Kochi,Kerala,India,682001,2024-12-29,Bronze,1
C002183,Aanya,Gupta,aanya.gupta2183@example.com,+91-72830-88590,1990-01-15,F,"714, Market Street",Austin,Texas,United States,78701,2024-04-30,Silver,true
C002184,Zoya,Menon,zoya.menon2184@example.com,+91-82614-93694,2007-08-10,M,"77, Park Avenue",Kolkata,West Bengal,India,700001,2024-04-29,Silver,No
C002185,Priya,Rao,priya.rao2185@example.com,+91-87034-65338,1989-03-20,male,"247, Hill View",Seattle,Washington,United States,98101,2024-01-20,Gold,No
C002186,Aarav,Reddy,aarav.reddy2186@example.com,+91-87023-87942,1991-08-06,O,"346, MG Road",Mumbai,Maharashtra,India,400001,2024-06-14,Gold,Yes
C002187,Aarav,Gupta,aarav.gupta2187@example.com,+91-60878-92751,2004-01-21,M,"973, Market Street",London,England,United Kingdom,SW1A1AA,2026-01-03,Gold,true
C002188,Meera,Pillai,meera.pillai2188@example.com,+91-63072-35261,1998-11-06,F,"307, MG Road",Chennai,Tamil Nadu,India,600001,2024-02-22,Platinum,true
C002189,Varun,Pillai,varun.pillai2189@example.com,+91-71516-55145,1981-04-13,F,"563, Market Street",Chennai,Tamil Nadu,India,600001,2026-03-25,Platinum,false
C002190,Sanjay,Iyer,sanjay.iyer2190@example.com,+91-87102-88414,2001-01-01,M,"993, Park Avenue",London,England,United Kingdom,SW1A1AA,2024-06-08,Gold,1
C002191,Arjun,Kapoor,arjun.kapoor2191@example.com,+91-74986-49229,2019-09-14,male,"811, Hill View",Seattle,Washington,United States,98101,2022-01-21,Silver,1
C002192,Akash,Verma,akash.verma2192@example.com,+91-81601-59919,1987-05-21,Other,"25, Station Road",Kochi,Kerala,India,682001,2024-11-02,Bronze,N
C002193,Manoj,Menon,manoj.menon2193@example.com,+91-72382-54758,2012-04-27,Female,"450, MG Road",Kolkata,West Bengal,India,700001,2026-06-05,Bronze,No
C002194,Ishaan,Singh,ishaan.singh2194@example.com,+91-89456-70385,1990-12-17,male,"497, Station Road",Kochi,Kerala,India,682001,2025-05-11,Silver,N
C002195,Priya,Sharma,priya.sharma2195@example.com,+91-75079-48881,2019-01-01,Other,"433, Lake Road",Austin,Texas,United States,78701,2023-02-07,Gold,1
C002196,Zoya,Reddy,zoya.reddy2196@example.com,ABC123,2003-04-24,Male,"75, Market Street",Toronto,Ontario,Canada,M5H2N2,2022-06-24,Silver,No
C002197,Varun,Reddy,varun.reddy2197@example.com,+91-91248-75448,1996-08-16,F,"577, Market Street",Toronto,Ontario,Canada,M5H2N2,2024-11-11,Silver,true
C002198,Zoya,Mehta,zoya.mehta2198@example.com,+91-80936-45026,1990-09-25,F,"889, Lake Road",London,England,United Kingdom,SW1A1AA,2022-06-05,VIP,No
C002199,Aanya,Bose,aanya.bose2199@example.com,+91-80762-58794,1979-02-13,O,"858, Station Road",London,England,United Kingdom,SW1A1AA,2022-08-07,Gold,Y
C002200,Zoya,Verma,zoya.verma2200@example.com,+91-61535-33830,1989-08-12,male,"626, Hill View",Kolkata,West Bengal,India,700001,2025-10-11,Bronze,false
C002201,Akash,Das,akash.das2201@example.com,+91-70995-55681,1997-02-19,M,"227, Hill View",Kolkata,West Bengal,India,700001,2026-02-11,Bronze,false
C002202,Aanya,Reddy,aanya.reddy2202@example.com,+91-77310-48704,1992-04-13,Female,"508, Park Avenue",London,England,United Kingdom,SW1A1AA,2026-02-03,Silver,N
C002203,Ira,Iyer,ira.iyer2203@example.com,+91-81060-23512,1978-04-25,M,"964, Hill View",Delhi,Delhi,India,110001,2025-05-22,Silver,1
C002204,Riya,Kumar,riya.kumar2204@example.com,+91-62274-75705,1982-04-25,O,"614, Station Road",Toronto,Ontario,Canada,M5H2N2,2024-03-13,Gold,Y
C002205,Kabir,Verma,kabir.verma2205@example.com,+91-87551-79827,1990-11-04,O,"777, Hill View",Bengaluru,Karnataka,India,560001,2025-02-13,Silver,No
C002206,Meera,Shah,meera.shah2206@example.com,+91-76900-59628,2001-07-20,female,"954, Market Street",Bengaluru,Karnataka,India,560001,2025-10-01,Bronze,1
C002207,Kabir,Singh,kabir.singh2207@example.com,+91-66964-56603,1995-04-28,F,"826, Lake Road",Kochi,Kerala,India,682001,2022-12-18,Gold,0
C002208,Tara,Reddy,tara.reddy2208@example.com,+91-80179-84956,2014-05-30,Female,"883, Hill View",Bengaluru,Karnataka,India,560001,2024-04-18,Platinum,false
C002209,Aditya,Jain,Aditya.Jain.invalid,+91-64898-57439,1981-10-15,F,"551, Market Street",Hyderabad,Telangana,India,500001,2023-02-19,Silver,true
C002210,Sanjay,Menon,sanjay.menon2210@example.com,+91-83625-43742,2016-05-29,female,"909, Park Avenue",London,England,United Kingdom,SW1A1AA,2024-07-15,Platinum,N
C002211,Meera,Verma,meera.verma2211@example.com,+91-80512-51496,1982-10-31,Male,"561, MG Road",Delhi,Delhi,India,110001,2026-04-17,Bronze,No
C002212,Meera,Shah,meera.shah2212@example.com,+91-77783-82048,1982-05-27,Other,"578, Hill View",Seattle,Washington,United States,98101,31-02-2025,Gold,1
C002213,Akash,Singh,akash.singh2213@example.com,+91-99109-46028,1990-03-29,Other,"123, Lake Road",Kolkata,West Bengal,India,700001,2024-06-19,Platinum,0
C002214,Diya,Sharma,diya.sharma2214@example.com,+91-68854-70447,2001-04-15,M,"577, Market Street",Chennai,Tamil Nadu,India,600001,2022-07-03,Bronze,0
C002215,Manoj,Patel,manoj.patel2215@example.com,+91-77843-13033,2011-12-25,Male,"120, Park Avenue",Mumbai,Maharashtra,India,400001,2023-12-20,Platinum,true
C002216,Kavya,Chopra,kavya.chopra2216@example.com,+91-63006-89235,2006-04-10,F,"813, Park Avenue",Kolkata,West Bengal,India,700001,2025-06-19,Gold,No
C002217,Aarav,Chopra,aarav.chopra2217@example.com,+91-67107-17280,1984-02-15,male,"157, Park Avenue",Bengaluru,Karnataka,India,560001,2022-08-31,Platinum,No
C002218,Akash,Mehta,akash.mehta2218@example.com,+91-71195-91368,1985-06-01,Male,"63, Park Avenue",Delhi,Delhi,India,110001,2023-06-10,Silver,Yes
C002219,Nisha,Joshi,nisha.joshi2219@example.com,+91-61940-77154,2016-11-23,M,"654, Park Avenue",Seattle,Washington,United States,98101,2022-04-04,Silver,1
C002220,Rohan,Singh,rohan.singh2220@example.com,+91-89812-14969,2001-02-05,O,"555, Lake Road",Austin,Texas,United States,78701,2022-11-12,Silver,N
C002221,Kabir,Menon,kabir.menon2221@example.com,+91-91635-28643,1993-07-07,Other,"252, Park Avenue",Delhi,Delhi,India,110001,2025-06-19,Bronze,Yes
C002222,Diya,Kumar,diya.kumar2222@example.com,+91-82683-44757,2007-10-19,M,"729, Park Avenue",Chennai,Tamil Nadu,India,600001,2026-03-07,Bronze,Y
C002223,Aarav,Nair,aarav.nair2223@example.com,+91-76403-18213,1986-08-26,Female,"789, MG Road",Hyderabad,Telangana,India,500001,2024-03-02,Silver,0
C002224,Aditya,Joshi,aditya.joshi2224@example.com,+91-96691-60824,2003-05-21,O,"315, Market Street",Mumbai,Maharashtra,India,400001,2025-12-02,Silver,N
C002225,Tara,Joshi,tara.joshi2225@example.com,+91-89303-98596,1986-12-05,female,"354, Hill View", LONDON ,England,United Kingdom,SW1A1AA,2024-01-12,Bronze,false
C002226,Sanjay,Rao,sanjay.rao2226@example.com,+91-68493-52231,1983-05-24,female,"363, Hill View",Pune,Maharashtra,India,411001,2025-05-08,Bronze,Y
C002227,Meera,Kapoor,meera.kapoor2227@example.com,+91-87649-57997,2016-11-15,Other,"158, Market Street",Pune,Maharashtra,India,??,2024-06-27,Platinum,Yes
C002228,Lakshmi,Singh,lakshmi.singh2228@example.com,+91-64454-12356,2001-05-19,Other,"699, Station Road",Kochi,Kerala,India,682001,2026-02-12,Gold,1
C002229,Ira,Iyer,ira.iyer2229@example.com,+91-79682-30797,2003-08-26,F,"237, Hill View",Kochi,Kerala,India,682001,2022-07-06,Bronze,true
C002230,Neha,Mehta,neha.mehta2230@example.com,+91-69143-79465,1980-06-18,male,"281, Market Street",Austin,Texas,United States,78701,2025-08-26,Gold,0
C002231,Dev,Kumar,dev.kumar2231@example.com,+91-95875-88760,1987-09-03,O,"807, Lake Road",Hyderabad,Telangana,U.S.A.,500001,2025-05-29,Silver,1
C002232,Meera,Das,meera.das2232@example.com,+91-99179-88235,1994-08-30,female,"812, Hill View",Kochi,Kerala,India,682001,2022-09-21,Bronze,0
C002233,Aanya,Mehta,aanya.mehta2233@example.com,+91-90274-57569,2019-04-16,F,"9, Park Avenue",Seattle,Washington,United States,98101,2025-03-14,Platinum,1
C002234,Aanya,Singh,aanya.singh2234@example.com,+91-61894-91217,2011-04-25,Male,"74, Lake Road",Mumbai,Maharashtra,India,400001,2023-12-27,Platinum,false
C002235,Lakshmi,Rao,lakshmi.rao2235@example.com,+91-96716-57975,2019-05-14,O,"568, Lake Road",Bengaluru,Karnataka,India,560001,2026-03-22,Silver,No
C002236,Rahul,Gupta,rahul.gupta2236@example.com,+91-97132-90964,1982-05-13,Male,"330, Park Avenue",Delhi,Delhi,India,110001,2024-04-21,Silver,N
C002237,Ishaan,Joshi,ishaan.joshi2237@example.com,+91-73385-81546,1991-02-24,Male,"510, Lake Road",Toronto,Ontario,Canada,M5H2N2,2025-03-31,Gold,true
C002238,Kabir,Joshi,kabir.joshi2238@example.com,+91-61070-27863,2008-02-08,Male,"701, Lake Road",Seattle,Washington,United States,98101,2022-11-14,Gold,true
C002239,Priya,Chopra,priya.chopra2239@example.com,+91-91321-17101,2004-10-02,female,"963, Station Road",Bengaluru,Karnataka,India,560001,2023-10-31,Bronze,0
C002240,Riya,Das,riya.das2240@example.com,+91-99116-45778,1978-10-14,M,"268, Market Street",Mumbai,Maharashtra,India,400001,2022-05-06,Silver,1
C002241,Neha,Singh,neha.singh2241@example.com,+91-64848-35121,2016-08-19,F,"402, Park Avenue",London,England,United Kingdom,SW1A1AA,2024-08-27,Bronze,Y
C002242,Nisha,Chopra,nisha.chopra2242@example.com,+91-76532-67865,1989-08-02,F,"525, Hill View",Mumbai,Maharashtra,India,400001,2026-03-03,Gold,Y
C002243,Riya,Kapoor,riya.kapoor2243@example.com,+91-83495-24602,1986-05-12,male,"428, Lake Road",Kolkata,West Bengal,India,700001,2022-03-08,Gold,1
C002244,Dev,Patel,dev.patel2244@example.com,+91-66370-59902,2011-02-07,O,"873, Station Road",Seattle,Washington,United States,98101,2023-06-03,Gold,0
C002245,Lakshmi,Pillai,lakshmi.pillai2245@example.com,+91-90230-99325,2003-03-01,F,"990, Park Avenue",Toronto,Ontario,Canada,M5H2N2,2024-08-19,Platinum,No
C002246,Ananya,Sharma,ananya.sharma2246@example.com,+91-69641-60441,2006-05-02,O,"962, Park Avenue",Bengaluru,Karnataka,India,560001,2024-04-07,Platinum,Yes
C002247,Kavya,Jain,kavya.jain2247@example.com,+91-88472-44644,1986-06-24,F,"503, Park Avenue",Toronto,Ontario,Canada,M5H2N2,2025-06-08,Platinum,true
C002248,Manoj,Das,manoj.das2248@example.com,+91-64053-59601,1990-02-09,F,"253, Market Street",Toronto,Ontario,Canada,M5H2N2,2025-09-17,Silver,false
BAD2249,Ishaan,Nair,ishaan.nair2249@example.com,+91-85611-95805,2005-04-06,male,"593, Station Road",Pune,Maharashtra,India,411001,2025-12-28,Silver,0
C002250,Ishaan,Gupta,ishaan.gupta2250@example.com,+91-62036-39575,2013-10-29,F,"635, Market Street",Chennai,Tamil Nadu,India,600001,2023-01-18,Silver,0
C002251,Ira,Jain,ira.jain2251@example.com,+91-76660-21732,1984-07-24,Other,"357, Lake Road",Delhi,Delhi,India,110001,2022-06-29,Bronze,Yes
C002252,Priya,Das,priya.das2252@example.com,+91-81872-76649,1987-07-01,Other,"874, Hill View",Toronto,Ontario,Canada,M5H2N2,2024-09-05,Platinum,1
C002253,Dev,Iyer,dev.iyer2253@example.com,+91-71973-18687,1983-12-11,female,"316, Lake Road",Kolkata,West Bengal,India,700001,2024-03-29,Platinum,Y
C002254,Akash,Menon,akash.menon2254@example.com,+91-70853-67426,2008-11-30,Female,"693, Lake Road",Kochi,Kerala,India,682001,2022-05-08,Gold,true
C002255,Aarav,Bose,aarav.bose2255@example.com,+91-90529-41923,1982-09-07,F,"142, Station Road",Delhi,Delhi,India,110001,2026-04-05,Silver,No
C002256,Aanya,Chopra,Aanya.Chopra.invalid,+91-94410-30250,2016-11-07,F,"595, Park Avenue",Delhi,Delhi,India,110001,2023-09-12,Bronze,No
C002257,Varun,Rao,varun.rao2257@example.com,ABC123,1988-02-12,Male,"845, Lake Road",Austin,Texas,United States,78701,2024-05-10,Gold,true
C002258,Priya,Verma,priya.verma2258@example.com,+91-99522-38777,1993-04-05,Female,"383, Hill View",London,England,United Kingdom,SW1A1AA,2024-01-26,Platinum,Y
C002259,Sneha,Bose,sneha.bose2259@example.com,+91-92154-12956,1996-07-31,Female,"544, Park Avenue",Delhi,Delhi,India,110001,2024-03-03,Gold,Yes
C002260,,Iyer,manoj.iyer2260@example.com,+91-80501-73649,2001-01-03,male,"143, Market Street",Austin,Texas,United States,78701,2025-05-27,Gold,1
C002261,Ishaan,Mehta,ishaan.mehta2261@example.com,+91-91242-68971,1978-06-02,male,"450, Station Road",Toronto,Ontario,Canada,M5H2N2,2025-12-03,Bronze,N
C002262,Manoj,Kapoor,manoj.kapoor2262@example.com,+91-81953-90230,2019-04-25,Female,"337, Station Road",Austin,Texas,United States,78701,2025-02-11,Gold,Y
C002263,Maya,Singh,maya.singh2263@example.com,+91-83882-88086,2002-01-13,M,"552, Park Avenue",Toronto,Ontario,Canada,M5H2N2,2022-10-03,Gold,Yes
C002264,Akash,Bose,akash.bose2264@example.com,+91-94147-49195,2008-03-06,F,"568, Park Avenue",Toronto,Ontario,Canada,M5H2N2,2024-10-08,Gold,N
C002265,Lakshmi,Jain,lakshmi.jain2265@example.com,+91-68912-49417,2007-10-03,female,"2, MG Road",Toronto,Ontario,Canada,M5H2N2,2024-01-18,Gold,No
C002266,Riya,Bose,riya.bose2266@example.com,+91-91025-80117,1978-09-07,F,"27, Park Avenue",Seattle,Washington,United States,98101,2022-02-01,Bronze,true
C002267,Diya,Menon,diya.menon2267@example.com,+91-98973-57350,2018-12-18,female,"177, Lake Road",Kolkata,West Bengal,India,700001,2024-10-06,Gold,false
C002268,Sneha,Bose,sneha.bose2268@example.com,+91-97820-34828,1992-08-01,Other,"911, MG Road",Bengaluru,Karnataka,India,560001,2025-08-02,Bronze,true
C002269,Ishaan,Pillai,ishaan.pillai2269@example.com,+91-92951-77988,2004-03-16,Male,"358, MG Road",Delhi,Delhi,India,110001,2024-07-14,Gold,Yes
C002270,Aarav,Rao,aarav.rao2270@example.com,+91-93963-47164,1993-04-13,M,"649, MG Road",Kolkata,West Bengal,India,700001,2025-02-02,Silver,Y
C002271,Aanya,Reddy,aanya.reddy2271@example.com,+91-73251-93612,2012-09-14,M,"964, Station Road",Austin,Texas,United States,78701,2022-01-18,Platinum,1
C002272,Priya,Bose,priya.bose2272@example.com,+91-81001-11512,1982-12-31,M,"208, Market Street",Delhi,Delhi,India,110001,2023-09-17,Platinum,true
C002273,Varun,Reddy,varun.reddy2273@example.com,+91-93446-35673,1987-05-30,F,"883, MG Road",Mumbai,Maharashtra,India,400001,2025-12-08,Gold,Yes
C002274,Kavya,Gupta,kavya.gupta2274@example.com,+91-67135-45813,1978-08-22,Female,"276, Lake Road",London,England,United Kingdom,SW1A1AA,2022-09-17,Gold,No
C002275,Akash,Chopra,akash.chopra2275@example.com,+91-67534-72024,1991-08-16,Other,"190, Lake Road",Bengaluru,Karnataka,India,560001,2023-01-16,Platinum,true
C002276,Aarav,Mehta,aarav.mehta2276@example.com,+91-75982-31040,1981-01-11,Female,"295, Park Avenue",Kochi,Kerala,India,682001,2023-03-04,Bronze,true
C002277,Aditya,Nair,aditya.nair2277@example.com,+91-70687-85796,2012-10-13,female,"438, Hill View",Delhi,Delhi,India,110001,2022-02-07,Silver,true
C002278,Pooja,Sharma,pooja.sharma2278@example.com,+91-80686-89487,1980-01-06,Female,"721, Park Avenue",London,England,United Kingdom,SW1A1AA,2026-04-21,Platinum,Y
C002279,Rahul,Bose,rahul.bose2279@example.com,+91-89818-90111,1979-04-01,M,"75, Hill View",Austin,Texas,United States,78701,2025-04-07,Bronze,0
C002280,Kavya,Nair,kavya.nair2280@example.com,+91-77870-30623,2009-11-28,Other,"952, Park Avenue",Bengaluru,Karnataka,India,560001,2024-08-12,Gold,Yes
C002281,Aarav,Gupta,aarav.gupta2281@example.com,+91-60385-91208,2018-01-28,male,"309, Hill View",Toronto,Ontario,Canada,M5H2N2,2022-05-18,Bronze,Y
C002282,Neha,Singh,neha.singh2282@example.com,+91-96606-10721,1981-08-31,male,"201, Hill View",Mumbai,Maharashtra,India,400001,2022-03-04,Platinum,N
C002283,Aarav,Pillai,aarav.pillai2283@example.com,+91-66129-73070,1987-08-07,F,"682, Hill View",Kolkata,West Bengal,India,700001,2025-09-12,Platinum,0
C002284,Kiran,Bose,kiran.bose2284@example.com,+91-93909-22805,1995-08-22,Female,"829, Station Road",Hyderabad,Telangana,India,500001,2022-04-19,Silver,N
C002285,Riya,Singh,riya.singh2285@example.com,+91-76811-24360,1983-06-08,male,"896, Hill View",Chennai,Tamil Nadu,India,600001,2023-08-06,Platinum,false
C002286,Sneha,Bose,sneha.bose2286@example.com,+91-62462-33942,1992-03-23,Female,"29, Station Road",Toronto,Ontario,Canada,M5H2N2,2022-10-24,Bronze,false
C002287,Riya,Joshi,riya.joshi2287@example.com,+91-79594-53202,2010-03-28,Male,"570, Park Avenue",Bengaluru,Karnataka,India,560001,2023-04-18,Platinum,0
C002288,Arjun,Joshi,arjun.joshi2288@example.com,+91-88205-39112,2011-12-11,male,"493, Lake Road",Kolkata,West Bengal,India,700001,2022-01-21,Silver,1
C002289,Akash,Bose,akash.bose2289@example.com,+91-68296-43503,2012-06-11,O,"997, Lake Road",Chennai,Tamil Nadu,India,600001,2024-12-29,Gold,Yes
C002290,Manoj,Kumar,manoj.kumar2290@example.com,+91-66577-57773,1997-03-25,F,"970, Hill View",Austin,Texas,United States,78701,2023-11-08,Platinum,No
C002291,Kiran,Jain,kiran.jain2291@example.com,+91-76104-82305,2002-04-20,O,"105, Hill View",Seattle,Washington,United States,98101,31-02-2025,Platinum,false
C002292,Meera,Sharma,meera.sharma2292@example.com,+91-86616-24657,2014-12-25,male,"36, MG Road",Hyderabad,Telangana,India,500001,2023-11-05,Gold,Yes
C002293,Kabir,Kumar,kabir.kumar2293@example.com,+91-82407-62014,2016-09-04,Female,"518, MG Road",Toronto,Ontario,Canada,M5H2N2,2025-12-02,Bronze,Y
C002294,Maya,Kumar,maya.kumar2294@example.com,+91-85765-18994,1991-06-19,Female,"686, MG Road",Chennai,Tamil Nadu,India,600001,2024-09-26,Platinum,0
C002295,Varun,Joshi,varun.joshi2295@example.com,+91-88484-40147,2005-03-12,M,"279, Park Avenue",Chennai,Tamil Nadu,India,600001,2023-03-03,Silver,Yes
C002296,Riya,Gupta,riya.gupta2296@example.com,+91-97555-85922,2018-08-10,O,"637, Lake Road",Mumbai,Maharashtra,India,400001,2023-01-31,Bronze,true
C002297,Aditya,Nair,aditya.nair2297@example.com,+91-87737-23618,2007-03-29,F,"283, Market Street",Delhi,Delhi,India,110001,2025-05-21,Silver,Y
C002298,Diya,Patel,diya.patel2298@example.com,+91-78662-64584,1984-11-02,Female,"921, Station Road",Hyderabad,Telangana,India,500001,2024-03-26,Silver,true
C002299,Meera,Iyer,meera.iyer2299@example.com,+91-66209-42250,2006-03-10,M,"503, MG Road",Kochi,Kerala,India,682001,2023-07-27,Gold,Yes
C002300,Sanjay,Kumar,sanjay.kumar2300@example.com,+91-75416-34967,2000-01-26,male,"636, Park Avenue",Kolkata,West Bengal,India,700001,2022-12-27,Gold,true
C002301,Varun,Nair,varun.nair2301@example.com,+91-91600-65221,1990-10-15,M,"2, Lake Road",Delhi,Delhi,India,110001,2023-07-15,Gold,1
C002302,Priya,Chopra,priya.chopra2302@example.com,+91-72040-55188,1982-05-07,Male,"633, Hill View",Bengaluru,Karnataka,India,560001,2023-02-15,Gold,Y
C002303,Arjun,Pillai,Arjun.Pillai.invalid,+91-92589-57021,2014-05-16,F,"763, Lake Road",London,England,United Kingdom,SW1A1AA,2024-08-31,Bronze,Y
C002304,Aanya,Pillai,aanya.pillai2304@example.com,+91-65950-24789,1997-09-08,Other,"848, Hill View",Delhi,Delhi,India,110001,2025-10-20,Platinum,0
C002305,Vikram,Sharma,vikram.sharma2305@example.com,+91-82808-49497,2003-02-27,Other,"719, MG Road",Seattle,Washington,United States,98101,2025-06-24,Platinum,1
C002306,Maya,Das,maya.das2306@example.com,+91-74788-14289,2016-10-11,M,"466, Market Street",Toronto,Ontario,Canada,M5H2N2,2023-07-08,Silver,0
C002307,Varun,Nair,varun.nair2307@example.com,+91-71662-49727,2008-11-26,female,"237, Market Street",Delhi,Delhi,India,110001,2022-05-31,Silver,false
C002308,Pooja,Mehta,pooja.mehta2308@example.com,+91-88377-54444,2015-06-22,female,"240, Park Avenue",Kolkata,West Bengal,India,700001,2025-02-03,Bronze,No
C002309,Pooja,Chopra,pooja.chopra2309@example.com,+91-63196-40708,2008-06-04,F,"113, Market Street",Chennai,Tamil Nadu,India,600001,2025-01-04,Platinum,N
C002310,Ananya,Joshi,ananya.joshi2310@example.com,+91-85925-34997,1995-11-09,Other,"108, Park Avenue",Seattle,Washington,United States,98101,2025-06-12,Platinum,Yes
C002311,Akash,Sharma,akash.sharma2311@example.com,+91-92807-91858,1988-03-15,F,"621, MG Road",Austin,Texas,United States,78701,2026-03-05,Bronze,N
C002312,Kavya,Kapoor,kavya.kapoor2312@example.com,+91-96356-59566,1991-02-06,Male,"888, MG Road",Kochi,Kerala,India,682001,2022-03-03,Platinum,Y
C002313,Pooja,Sharma,pooja.sharma2313@example.com,+91-94703-72316,1998-12-24,male,"426, Hill View",Mumbai,Maharashtra,India,400001,2023-05-17,Bronze,0
C002314,Nisha,Joshi,nisha.joshi2314@example.com,+91-62712-29374,1986-06-01,O,"826, Station Road", KOCHI ,Kerala,India,682001,2023-09-07,Platinum,0
C002315,Neha,Sharma,neha.sharma2315@example.com,+91-75266-30807,1996-02-09,O,"976, Park Avenue",Pune,Maharashtra,India,411001,2026-06-05,Gold,Yes
C002316,Ishaan,Pillai,ishaan.pillai2316@example.com,+91-77991-67143,1998-07-29,F,"2, Station Road",Austin,Texas,United States,78701,2026-03-18,Gold,false
C002317,Kavya,Menon,kavya.menon2317@example.com,+91-62081-39074,1978-08-20,Female,"732, Lake Road",Delhi,Delhi,India,110001,2024-10-07,Gold,false
C002318,Arjun,Shah,arjun.shah2318@example.com,ABC123,2016-01-07,male,"20, Station Road",Pune,Maharashtra,India,411001,2022-07-28,Bronze,false
C002319,Ira,Jain,ira.jain2319@example.com,+91-66986-76870,2007-08-18,Female,"269, Lake Road",Chennai,Tamil Nadu,India,600001,2025-03-14,Gold,Yes
C002320,Tara,Chopra,tara.chopra2320@example.com,+91-72596-37693,2003-09-18,Male,"577, Lake Road",Pune,Maharashtra,India,411001,2023-07-27,Silver,Y
C002321,Rohan,Mehta,rohan.mehta2321@example.com,+91-98597-34164,1984-08-09,Other,"370, Lake Road",Hyderabad,Telangana,India,500001,2026-05-17,Silver,1
C002322,Ira,Menon,ira.menon2322@example.com,+91-86736-20341,2001-06-21,male,"738, Station Road",Austin,Texas,United States,78701,2025-06-20,Gold,true
C002323,Priya,Jain,priya.jain2323@example.com,+91-75607-20855,1993-02-09,Female,"743, Lake Road",Bengaluru,Karnataka,India,560001,2022-08-05,Gold,true
C002324,Varun,Jain,varun.jain2324@example.com,+91-75432-47131,2007-03-15,O,"803, MG Road",Bengaluru,Karnataka,India,560001,2022-03-16,Platinum,Yes
C002325,Aarav,Joshi,aarav.joshi2325@example.com,+91-75450-58246,2002-03-20,O,"9, Park Avenue",Toronto,Ontario,Canada,M5H2N2,2022-06-10,Gold,0
C002326,Maya,Singh,maya.singh2326@example.com,+91-96330-84314,2001-04-21,O,"920, Lake Road",Chennai,Tamil Nadu,India,600001,2025-12-23,Platinum,true
C002327,Zoya,Kumar,zoya.kumar2327@example.com,+91-65457-69514,1991-06-12,F,"471, Station Road",Seattle,Washington,United States,98101,2025-05-28,Bronze,N
C002328,Riya,Jain,riya.jain2328@example.com,+91-80275-43596,1998-07-09,Male,"240, Lake Road",Bengaluru,Karnataka,U.S.A.,560001,2026-05-14,Platinum,false
C002329,Lakshmi,Joshi,lakshmi.joshi2329@example.com,+91-74784-38692,1987-01-12,O,"968, Park Avenue",Mumbai,Maharashtra,India,400001,2024-09-13,Bronze,0
C002330,Aarav,Gupta,aarav.gupta2330@example.com,+91-63997-71823,2010-04-09,F,"849, Lake Road",Pune,Maharashtra,India,411001,2025-05-16,Bronze,No
C002331,Sneha,Menon,sneha.menon2331@example.com,+91-69686-32443,1984-02-29,Other,"950, Park Avenue",London,England,United Kingdom,SW1A1AA,2025-08-26,Silver,Yes
C002332,Pooja,Das,pooja.das2332@example.com,+91-96377-23843,2010-09-07,Female,"515, Market Street",Toronto,Ontario,Canada,M5H2N2,2025-03-12,Gold,0
C002333,Manoj,Verma,manoj.verma2333@example.com,+91-73680-90246,1999-08-21,female,"648, Market Street",Austin,Texas,United States,78701,2024-02-06,Silver,Yes
C002334,Kiran,Chopra,kiran.chopra2334@example.com,+91-86212-20585,2019-08-14,Male,"527, MG Road",Kolkata,West Bengal,India,700001,2025-11-16,Silver,1
C002335,Ira,Menon,ira.menon2335@example.com,+91-64097-72884,1990-07-16,Female,"802, Hill View",Kochi,Kerala,India,682001,2024-07-18,Gold,Yes
C002336,Dev,Joshi,dev.joshi2336@example.com,+91-73166-34588,1998-07-05,Other,"773, MG Road",Kochi,Kerala,India,682001,2022-05-23,Platinum,true
C002337,Akash,Menon,akash.menon2337@example.com,+91-62220-35338,1999-02-05,Female,"237, Hill View",Pune,Maharashtra,India,411001,2022-10-22,Platinum,Y
C002338,Neha,Kapoor,neha.kapoor2338@example.com,+91-68189-72401,1998-11-06,Other,"215, MG Road",Kochi,Kerala,India,682001,2024-02-06,Gold,Y
C002339,Ananya,Shah,ananya.shah2339@example.com,+91-93055-30460,2011-07-15,F,"497, Hill View",Toronto,Ontario,Canada,M5H2N2,2025-06-15,Bronze,true
C002340,Neha,Bose,neha.bose2340@example.com,+91-62067-83040,2016-10-25,O,"472, Lake Road",Toronto,Ontario,Canada,M5H2N2,2024-05-14,Bronze,Yes
C002341,Kabir,Chopra,kabir.chopra2341@example.com,+91-84835-84121,2008-01-08,Male,"139, MG Road",Kolkata,West Bengal,India,700001,2026-06-07,Bronze,false
C002342,Sanjay,Patel,sanjay.patel2342@example.com,+91-74906-47115,2012-10-19,F,"477, Lake Road",Austin,Texas,United States,78701,2024-11-20,Bronze,0
C002343,Ishaan,Kumar,ishaan.kumar2343@example.com,+91-98369-88769,2012-07-09,M,"186, Park Avenue",Delhi,Delhi,India,110001,2025-02-21,Bronze,N
C002344,Zoya,Kapoor,zoya.kapoor2344@example.com,+91-91044-35215,1985-08-29,male,"210, Park Avenue",Bengaluru,Karnataka,India,560001,2025-04-30,Platinum,true
C002345,Maya,Chopra,maya.chopra2345@example.com,+91-87089-68557,1990-02-08,Male,"663, MG Road",Kolkata,West Bengal,India,700001,2023-06-21,Platinum,true
C002346,Dev,Gupta,dev.gupta2346@example.com,+91-92273-20039,1982-05-11,female,"269, MG Road",Bengaluru,Karnataka,India,560001,2024-07-08,Bronze,true
C002347,Kiran,Das,kiran.das2347@example.com,+91-69169-95922,2013-01-19,O,"104, Station Road",Mumbai,Maharashtra,India,400001,2022-10-22,Silver,false
C002348,Aditya,Shah,aditya.shah2348@example.com,+91-62116-52795,2017-08-13,F,"6, MG Road",Austin,Texas,United States,78701,2023-03-03,Silver,false
C002349,Nisha,Kapoor,nisha.kapoor2349@example.com,+91-96598-77287,2015-09-07,Other,"888, Lake Road",Kolkata,West Bengal,India,700001,2023-05-28,Gold,0
C002350,Rahul,Jain,Rahul.Jain.invalid,+91-98288-61299,2004-01-21,Other,"84, MG Road",Seattle,Washington,United States,98101,2024-12-27,Bronze,Yes
C002351,Maya,Pillai,maya.pillai2351@example.com,+91-70229-68019,1989-03-13,Male,"568, Hill View",Kolkata,West Bengal,India,700001,2024-08-20,Platinum,Yes
C002352,Ishaan,Mehta,ishaan.mehta2352@example.com,+91-85468-30163,1996-11-03,Male,"165, Market Street",Bengaluru,Karnataka,India,560001,2023-01-15,Silver,Y
C002353,Sneha,Reddy,sneha.reddy2353@example.com,+91-83574-54953,2008-12-19,female,"881, Market Street",Bengaluru,Karnataka,India,560001,2022-07-22,Bronze,No
C002354,Aanya,Gupta,aanya.gupta2354@example.com,+91-77319-27180,2002-06-17,O,"832, Park Avenue",Delhi,Delhi,India,110001,2024-11-07,Platinum,No
C002355,Maya,Kapoor,maya.kapoor2355@example.com,+91-77534-51322,2006-07-02,Female,"862, MG Road",Hyderabad,Telangana,India,500001,2023-02-28,VIP,true
C002356,Pooja,Das,pooja.das2356@example.com,+91-83730-41138,2017-03-16,F,"116, Lake Road",Chennai,Tamil Nadu,India,600001,2024-09-03,Silver,true
C002357,Rohan,Kumar,rohan.kumar2357@example.com,+91-66082-40566,2017-06-13,Male,"583, Lake Road",Kochi,Kerala,India,682001,2025-03-09,Silver,1
C002358,Aanya,Nair,aanya.nair2358@example.com,+91-91597-88044,1989-11-05,F,"745, MG Road",Toronto,Ontario,Canada,??,2023-08-29,Gold,Yes
C002359,Arjun,Patel,arjun.patel2359@example.com,+91-98550-33234,2008-01-11,female,"154, Market Street",Kochi,Kerala,India,682001,2022-12-22,Bronze,N
C002360,Aarav,Mehta,aarav.mehta2360@example.com,+91-94079-49680,2013-12-14,F,"959, Hill View",Pune,Maharashtra,India,411001,2025-12-31,Gold,Yes
C002361,Aanya,Joshi,aanya.joshi2361@example.com,+91-75167-92199,1984-08-17,female,"439, MG Road",London,England,United Kingdom,SW1A1AA,2024-01-15,Bronze,0
C002362,Maya,Nair,maya.nair2362@example.com,+91-73938-66467,1987-05-20,Female,"865, Park Avenue",Kolkata,West Bengal,India,700001,2024-07-11,Platinum,1
C002363,Kabir,Sharma,kabir.sharma2363@example.com,+91-61557-21344,1985-01-18,Female,"159, Station Road",Hyderabad,Telangana,India,500001,2024-03-22,Bronze,false
C002364,Aanya,Reddy,aanya.reddy2364@example.com,+91-79152-88497,2018-01-04,Other,"965, Station Road",Seattle,Washington,United States,98101,2022-07-10,Gold,0
C002365,Priya,Pillai,priya.pillai2365@example.com,+91-91617-81192,1987-07-07,M,"405, MG Road",Pune,Maharashtra,India,411001,2022-10-18,Bronze,false
C002366,Ananya,Sharma,ananya.sharma2366@example.com,+91-78802-56848,1997-10-28,M,"59, Lake Road",Austin,Texas,United States,78701,2025-05-18,Bronze,1
C002367,Zoya,Singh,zoya.singh2367@example.com,+91-99329-33736,2004-01-28,M,"679, MG Road",Hyderabad,Telangana,India,500001,2025-04-08,Silver,Y
C002368,Varun,Pillai,varun.pillai2368@example.com,+91-99323-31733,1994-04-30,male,"21, MG Road",Hyderabad,Telangana,India,500001,2022-08-16,Silver,N
C002369,Sneha,Singh,sneha.singh2369@example.com,+91-62551-67893,2019-03-30,female,"468, Hill View",Pune,Maharashtra,India,411001,2025-11-11,Bronze,Y
C002370,Diya,Pillai,diya.pillai2370@example.com,+91-93603-53779,1991-02-08,M,"190, Hill View",Chennai,Tamil Nadu,India,600001,31-02-2025,Platinum,Yes
C002371,Aditya,Jain,aditya.jain2371@example.com,+91-80820-75976,1991-12-31,male,"505, Market Street",Seattle,Washington,United States,98101,2024-09-12,Platinum,0
C002372,Varun,Das,varun.das2372@example.com,+91-72485-88396,2010-09-03,male,"616, Market Street",Kochi,Kerala,India,682001,2025-07-31,Gold,N
C002373,,Patel,kavya.patel2373@example.com,+91-72179-59111,2007-05-05,M,"365, Hill View",Kochi,Kerala,India,682001,2024-08-14,Bronze,Y
C002374,Meera,Shah,meera.shah2374@example.com,+91-90262-65377,1991-03-16,F,"166, Station Road",Bengaluru,Karnataka,India,560001,2026-06-22,Bronze,false
C002375,Kabir,Shah,kabir.shah2375@example.com,+91-98628-50942,2012-04-22,Male,"870, MG Road",Kolkata,West Bengal,India,700001,2022-02-16,Silver,0
C002376,Riya,Reddy,riya.reddy2376@example.com,+91-72857-25255,1987-10-08,Other,"734, Station Road",Mumbai,Maharashtra,India,400001,2024-10-18,Platinum,Yes
C002377,Aarav,Reddy,aarav.reddy2377@example.com,+91-91527-88585,1997-06-19,Other,"428, Hill View",London,England,United Kingdom,SW1A1AA,2025-06-13,Platinum,false
C002378,Kavya,Pillai,kavya.pillai2378@example.com,+91-97197-83360,1987-01-15,male,"507, Park Avenue",Pune,Maharashtra,India,411001,2023-09-14,Bronze,N
C002379,Dev,Patel,dev.patel2379@example.com,ABC123,2010-09-14,female,"946, Lake Road",Bengaluru,Karnataka,India,560001,2022-04-30,Bronze,Yes
C002380,Zoya,Reddy,zoya.reddy2380@example.com,+91-93125-80562,1987-03-26,M,"528, Station Road",London,England,United Kingdom,SW1A1AA,2026-05-09,Silver,Yes
C002381,Manoj,Rao,manoj.rao2381@example.com,+91-65014-84501,1999-08-01,Male,"603, Market Street",Toronto,Ontario,Canada,M5H2N2,2023-02-07,Bronze,No
C002382,Arjun,Patel,arjun.patel2382@example.com,+91-69765-62614,2008-06-09,Female,"61, Station Road",Delhi,Delhi,India,110001,2025-12-16,Bronze,true
C002383,Rohan,Mehta,rohan.mehta2383@example.com,+91-92734-36855,2014-05-01,M,"566, Lake Road",London,England,United Kingdom,SW1A1AA,2022-01-17,Bronze,N
C002384,Kiran,Iyer,kiran.iyer2384@example.com,+91-66405-30118,1989-03-17,Other,"99, Hill View",Kochi,Kerala,India,682001,2025-01-03,Bronze,Yes
C002385,Nisha,Pillai,nisha.pillai2385@example.com,+91-82609-23799,1981-09-12,male,"283, Lake Road",London,England,United Kingdom,SW1A1AA,2022-11-20,Bronze,true
C002386,Aditya,Nair,aditya.nair2386@example.com,+91-88462-24160,2011-07-09,female,"245, Lake Road",Chennai,Tamil Nadu,India,600001,2024-08-31,Platinum,No
C002387,Neha,Iyer,neha.iyer2387@example.com,+91-78717-18649,2001-11-17,Female,"429, Park Avenue",Kochi,Kerala,India,682001,2025-04-26,Silver,false
C002388,Kavya,Sharma,kavya.sharma2388@example.com,+91-90130-85032,1978-04-02,Male,"970, Park Avenue",Mumbai,Maharashtra,India,400001,2022-01-12,Gold,No
C002389,Ananya,Gupta,ananya.gupta2389@example.com,+91-84249-59991,2004-03-09,M,"898, Hill View",Mumbai,Maharashtra,India,400001,2023-08-22,Silver,0
C002390,Aanya,Joshi,aanya.joshi2390@example.com,+91-60476-33974,1997-02-13,M,"676, Lake Road",Hyderabad,Telangana,India,500001,2023-08-19,Bronze,true
C002391,Kiran,Sharma,kiran.sharma2391@example.com,+91-83764-44131,1992-04-22,Female,"211, Park Avenue",Mumbai,Maharashtra,India,400001,2022-10-31,Gold,Yes
C002392,Ananya,Joshi,ananya.joshi2392@example.com,+91-65262-60954,1988-03-29,male,"49, Station Road",Chennai,Tamil Nadu,India,600001,2023-08-04,Bronze,false
C002393,Lakshmi,Verma,lakshmi.verma2393@example.com,+91-86974-86596,1988-07-31,M,"546, Park Avenue",Pune,Maharashtra,India,411001,2025-12-15,Platinum,false
C002394,Zoya,Mehta,zoya.mehta2394@example.com,+91-90756-30762,1997-01-11,F,"73, MG Road",Bengaluru,Karnataka,India,560001,2025-12-17,Platinum,false
C002395,Vikram,Singh,vikram.singh2395@example.com,+91-96921-77723,2018-07-16,M,"496, Lake Road",Austin,Texas,United States,78701,2024-08-10,Gold,No
C002396,Ananya,Mehta,ananya.mehta2396@example.com,+91-86585-35746,1988-04-08,Male,"301, MG Road",Bengaluru,Karnataka,India,560001,2023-12-28,Gold,Yes
C002397,Ishaan,Sharma,Ishaan.Sharma.invalid,+91-77881-72475,2001-01-01,M,"129, Lake Road",Bengaluru,Karnataka,India,560001,2023-03-02,Silver,N
C002398,Ishaan,Gupta,ishaan.gupta2398@example.com,+91-67515-33358,1986-04-15,F,"853, MG Road",Kochi,Kerala,India,682001,2022-06-07,Bronze,0
C002399,Riya,Verma,riya.verma2399@example.com,+91-76078-97838,1989-05-08,F,"230, MG Road",Seattle,Washington,United States,98101,2023-06-29,Gold,false
C002400,Vikram,Shah,vikram.shah2400@example.com,+91-95423-15461,2017-10-14,O,"408, Market Street",Kochi,Kerala,India,682001,2022-07-06,Gold,true
C002401,Kavya,Joshi,kavya.joshi2401@example.com,+91-94324-39869,2015-07-19,O,"810, MG Road",Pune,Maharashtra,India,411001,2022-06-04,Bronze,false
C002402,Rohan,Sharma,rohan.sharma2402@example.com,+91-64644-15622,2011-06-15,male,"381, Lake Road",Seattle,Washington,United States,98101,2025-04-11,Gold,0
C002403,Nisha,Gupta,nisha.gupta2403@example.com,+91-82354-28764,2018-10-21,Female,"59, MG Road", AUSTIN ,Texas,United States,78701,2023-06-29,Silver,No
C002404,Vikram,Reddy,vikram.reddy2404@example.com,+91-97539-67769,2003-10-28,M,"448, MG Road",London,England,United Kingdom,SW1A1AA,2023-02-18,Gold,N
C002405,Ira,Bose,ira.bose2405@example.com,+91-92935-39073,1998-04-18,male,"430, MG Road",Bengaluru,Karnataka,India,560001,2025-06-03,Bronze,N
C002406,Meera,Chopra,meera.chopra2406@example.com,+91-99401-98165,1999-03-27,Male,"383, Park Avenue",Kolkata,West Bengal,India,700001,2026-06-01,Silver,0
C002407,Varun,Mehta,varun.mehta2407@example.com,+91-92071-47689,2000-11-13,male,"157, Station Road",Delhi,Delhi,India,110001,2023-04-12,Bronze,No
C002408,Kavya,Kapoor,kavya.kapoor2408@example.com,+91-60451-96028,2011-05-27,male,"488, Lake Road",Delhi,Delhi,India,110001,2022-05-07,Platinum,1
C002409,Aanya,Iyer,aanya.iyer2409@example.com,+91-98927-35540,2010-10-13,Male,"130, Market Street",Kochi,Kerala,India,682001,2022-05-16,Gold,false
C002410,Diya,Jain,diya.jain2410@example.com,+91-98705-78935,1989-07-27,M,"758, Hill View",Pune,Maharashtra,India,411001,2026-06-11,Bronze,0
C002411,Sneha,Reddy,sneha.reddy2411@example.com,+91-97685-52476,2008-03-02,Female,"901, MG Road",Austin,Texas,United States,78701,2025-07-25,Bronze,false
C002412,Kiran,Singh,kiran.singh2412@example.com,+91-83576-46113,2003-01-23,M,"486, Market Street",London,England,United Kingdom,SW1A1AA,2024-04-21,Gold,N
C002413,Sneha,Chopra,sneha.chopra2413@example.com,+91-90684-59462,1993-06-28,O,"533, Hill View",Bengaluru,Karnataka,India,560001,2025-10-16,Silver,false
C002414,Aarav,Menon,aarav.menon2414@example.com,+91-70687-69869,2018-08-04,Female,"414, Hill View",Chennai,Tamil Nadu,India,600001,2023-03-26,Silver,Yes
C002415,Tara,Pillai,tara.pillai2415@example.com,+91-72233-32048,1988-10-05,O,"127, Station Road",Mumbai,Maharashtra,India,400001,2024-11-05,Gold,No
C002416,Ira,Kapoor,ira.kapoor2416@example.com,+91-79649-46187,1992-11-27,F,"702, Lake Road",Austin,Texas,United States,78701,2023-11-07,Platinum,N
C002417,Sanjay,Nair,sanjay.nair2417@example.com,+91-60004-85478,1989-07-02,Female,"297, Park Avenue",Kolkata,West Bengal,India,700001,2022-03-09,Platinum,No
C002418,Tara,Das,tara.das2418@example.com,+91-77747-94509,1997-08-14,O,"710, Hill View",Delhi,Delhi,India,110001,2024-04-05,Silver,1
C002419,Akash,Patel,akash.patel2419@example.com,+91-76932-69129,2003-06-20,M,"418, MG Road",Kochi,Kerala,India,682001,2022-07-26,Gold,No
C002420,Ira,Joshi,ira.joshi2420@example.com,+91-90971-27387,2017-08-23,male,"544, Hill View",Toronto,Ontario,Canada,M5H2N2,2024-01-11,Platinum,No
C002421,Riya,Joshi,riya.joshi2421@example.com,+91-84283-81344,1980-04-13,F,"307, Lake Road",Pune,Maharashtra,India,411001,2025-05-30,Gold,1
BAD2422,Diya,Sharma,diya.sharma2422@example.com,+91-61822-88114,1980-07-19,male,"487, MG Road",Toronto,Ontario,Canada,M5H2N2,2022-01-24,Silver,Yes
C002423,Aarav,Das,aarav.das2423@example.com,+91-91137-79146,2008-12-16,male,"339, MG Road",Pune,Maharashtra,India,411001,2024-06-27,Silver,N
C002424,Neha,Kapoor,neha.kapoor2424@example.com,+91-74929-17893,1981-02-28,Other,"432, MG Road",Delhi,Delhi,India,110001,2025-05-29,Silver,1
C002425,Nisha,Joshi,nisha.joshi2425@example.com,+91-67931-58437,1994-05-26,Other,"138, MG Road",Seattle,Washington,U.S.A.,98101,2025-03-14,Gold,Yes
C002426,Pooja,Pillai,pooja.pillai2426@example.com,+91-91496-67016,2017-09-04,Other,"214, Hill View",Toronto,Ontario,Canada,M5H2N2,2026-02-12,Silver,Yes
C002427,Aarav,Reddy,aarav.reddy2427@example.com,+91-94869-46555,1993-11-26,Female,"56, Lake Road",Pune,Maharashtra,India,411001,2026-02-12,Platinum,Yes
C002428,Vikram,Gupta,vikram.gupta2428@example.com,+91-69131-52767,2000-10-23,F,"343, Market Street",Austin,Texas,United States,78701,2022-08-01,Bronze,true
C002429,Diya,Pillai,diya.pillai2429@example.com,+91-82540-65023,1978-03-09,Other,"64, Lake Road",Kochi,Kerala,India,682001,2022-01-11,Gold,1
C002430,Zoya,Das,zoya.das2430@example.com,+91-86001-36303,1998-11-04,O,"568, Lake Road",Seattle,Washington,United States,98101,2022-11-22,Bronze,N
C002431,Lakshmi,Kapoor,lakshmi.kapoor2431@example.com,+91-86039-16528,1986-01-20,male,"73, Station Road",Pune,Maharashtra,India,411001,2022-05-10,Gold,0
C002432,Aanya,Jain,aanya.jain2432@example.com,+91-84321-34337,1986-08-26,female,"871, Station Road",Kochi,Kerala,India,682001,2023-05-11,Bronze,Yes
C002433,Diya,Mehta,diya.mehta2433@example.com,+91-67449-76509,1980-02-06,O,"92, MG Road",Toronto,Ontario,Canada,M5H2N2,2022-04-11,Gold,false
C002434,Ira,Verma,ira.verma2434@example.com,+91-96410-68079,1995-06-19,M,"354, Hill View",Bengaluru,Karnataka,India,560001,2023-12-13,Gold,true
C002435,Ishaan,Chopra,ishaan.chopra2435@example.com,+91-75010-43444,2018-12-13,female,"227, Park Avenue",Pune,Maharashtra,India,411001,2025-10-14,Gold,true
C002436,Arjun,Pillai,arjun.pillai2436@example.com,+91-62563-42127,1999-10-16,Other,"812, Market Street",Hyderabad,Telangana,India,500001,2022-12-17,Silver,0
C002437,Vikram,Verma,vikram.verma2437@example.com,+91-63694-56045,2015-02-20,Male,"500, MG Road",Kochi,Kerala,India,682001,2025-07-12,Silver,No
C002438,Rohan,Nair,rohan.nair2438@example.com,+91-98277-37906,1991-08-08,F,"450, Park Avenue",Bengaluru,Karnataka,India,560001,2023-03-08,Bronze,true
C002439,Kavya,Chopra,kavya.chopra2439@example.com,+91-72822-68679,2009-11-19,F,"220, Lake Road",Bengaluru,Karnataka,India,560001,2025-08-14,Gold,0
C002440,Diya,Reddy,diya.reddy2440@example.com,ABC123,1978-03-31,M,"987, Market Street",Pune,Maharashtra,India,411001,2025-02-25,Silver,1
C002441,Arjun,Patel,arjun.patel2441@example.com,+91-66948-51049,2003-04-08,male,"224, Market Street",Pune,Maharashtra,India,411001,2023-03-28,Gold,true
C002442,Aditya,Bose,aditya.bose2442@example.com,+91-78724-43698,2004-06-14,Other,"79, MG Road",Chennai,Tamil Nadu,India,600001,2022-03-20,Gold,0
C002443,Akash,Pillai,akash.pillai2443@example.com,+91-94265-39285,2008-04-28,O,"486, MG Road",Pune,Maharashtra,India,411001,2025-06-02,Gold,Yes
C002444,Tara,Verma,Tara.Verma.invalid,+91-65588-52618,2000-03-19,female,"333, Park Avenue",Kolkata,West Bengal,India,700001,2023-07-26,Silver,Y
C002445,Dev,Patel,dev.patel2445@example.com,+91-74681-98136,1996-09-09,female,"929, Lake Road",Mumbai,Maharashtra,India,400001,2026-01-26,Gold,Y
C002446,Aditya,Das,aditya.das2446@example.com,+91-74125-92815,1985-01-30,Other,"928, MG Road",Delhi,Delhi,India,110001,2024-11-10,Silver,true
C002447,Priya,Kapoor,priya.kapoor2447@example.com,+91-66182-11922,1984-04-30,male,"535, Station Road",London,England,United Kingdom,SW1A1AA,2025-05-03,Bronze,No
C002448,Meera,Kumar,meera.kumar2448@example.com,+91-78012-91247,1997-04-30,O,"194, Station Road",Hyderabad,Telangana,India,500001,2025-07-03,Gold,true
C002449,Kabir,Kapoor,kabir.kapoor2449@example.com,+91-73388-35141,2016-04-15,female,"568, Market Street",Austin,Texas,United States,78701,31-02-2025,Gold,N
C002450,Sanjay,Jain,sanjay.jain2450@example.com,+91-95919-89326,1985-02-18,Female,"341, Station Road",Bengaluru,Karnataka,India,560001,2022-12-06,Gold,1
C002451,Nisha,Pillai,nisha.pillai2451@example.com,+91-68464-90314,1978-09-06,M,"976, Lake Road",Toronto,Ontario,Canada,M5H2N2,2024-06-13,Bronze,Yes
C002452,Diya,Das,diya.das2452@example.com,+91-88351-43674,1996-12-21,M,"337, Station Road",Pune,Maharashtra,India,411001,2024-11-22,Gold,true
C002453,Tara,Bose,tara.bose2453@example.com,+91-96410-13638,1986-01-09,Other,"175, Lake Road",Kolkata,West Bengal,India,700001,2023-05-04,Bronze,Y
C002454,Ira,Verma,ira.verma2454@example.com,+91-97208-82228,1993-03-27,female,"318, Hill View",Austin,Texas,United States,78701,2023-08-23,Gold,0
C002455,Riya,Patel,riya.patel2455@example.com,+91-89164-77980,2013-12-30,Other,"228, Station Road",Seattle,Washington,United States,98101,2023-06-13,Platinum,N
C002456,Aanya,Rao,aanya.rao2456@example.com,+91-88962-28846,1979-05-13,Other,"903, Hill View",Mumbai,Maharashtra,India,400001,2022-11-09,Platinum,Y
C002457,Pooja,Kapoor,pooja.kapoor2457@example.com,+91-73146-27398,1993-03-20,Other,"394, Park Avenue",Mumbai,Maharashtra,India,400001,2023-01-23,Platinum,No
C002458,Akash,Patel,akash.patel2458@example.com,+91-62374-67059,2003-01-01,female,"803, Park Avenue",London,England,United Kingdom,SW1A1AA,2026-01-11,Silver,false
C002459,Kiran,Kapoor,kiran.kapoor2459@example.com,+91-89139-97412,1993-02-10,male,"681, Station Road",Kolkata,West Bengal,India,700001,2024-02-02,Gold,N
C002460,Ishaan,Mehta,ishaan.mehta2460@example.com,+91-96181-26122,1996-02-04,O,"288, Market Street",Hyderabad,Telangana,India,500001,2025-07-12,Gold,false
C002461,Maya,Chopra,maya.chopra2461@example.com,+91-69367-82804,2000-12-31,O,"823, Station Road",Delhi,Delhi,India,110001,2024-09-30,Silver,No
C002462,Vikram,Jain,vikram.jain2462@example.com,+91-91837-65382,1994-04-19,female,"820, Park Avenue",Hyderabad,Telangana,India,500001,2022-04-02,Gold,false
C002463,Ira,Jain,ira.jain2463@example.com,+91-65034-58285,2015-06-14,Other,"300, Lake Road",Delhi,Delhi,India,110001,2023-11-04,Silver,Yes
C002464,Rahul,Mehta,rahul.mehta2464@example.com,+91-97461-47894,1987-01-28,Other,"726, MG Road",Austin,Texas,United States,78701,2024-07-05,Platinum,1
C002465,Rohan,Singh,rohan.singh2465@example.com,+91-68132-62947,1993-01-06,male,"500, Station Road",Kolkata,West Bengal,India,700001,2023-09-04,Gold,false
C002466,Rahul,Kapoor,rahul.kapoor2466@example.com,+91-70075-57039,1995-06-07,O,"991, Hill View",Delhi,Delhi,India,110001,2023-02-09,Gold,N
C002467,Priya,Kumar,priya.kumar2467@example.com,+91-80934-46959,1989-02-20,male,"782, Market Street",Pune,Maharashtra,India,411001,2022-06-29,Gold,No
C002468,Kavya,Kumar,kavya.kumar2468@example.com,+91-81511-19658,2009-12-09,Other,"192, Market Street",Chennai,Tamil Nadu,India,600001,2025-02-15,Silver,false
C002469,Rahul,Chopra,rahul.chopra2469@example.com,+91-99753-28206,1990-04-19,Male,"768, Park Avenue",Kolkata,West Bengal,India,700001,2025-01-24,Bronze,N
C002470,Riya,Patel,riya.patel2470@example.com,+91-71433-63156,1984-03-29,female,"369, MG Road",London,England,United Kingdom,SW1A1AA,2024-12-19,Gold,No
C002471,Dev,Chopra,dev.chopra2471@example.com,+91-84649-25201,2019-07-05,female,"992, Hill View",Hyderabad,Telangana,India,500001,2024-03-08,Gold,0
C002472,Aarav,Pillai,aarav.pillai2472@example.com,+91-85880-90051,1985-05-25,O,"88, Park Avenue",Toronto,Ontario,Canada,M5H2N2,2025-07-21,Platinum,false
C002473,Arjun,Sharma,arjun.sharma2473@example.com,+91-86698-42392,1979-02-08,F,"585, MG Road",Hyderabad,Telangana,India,500001,2024-04-25,Bronze,true
C002474,Ishaan,Menon,ishaan.menon2474@example.com,+91-79532-83519,1998-12-23,Female,"876, Park Avenue",Pune,Maharashtra,India,411001,2023-10-24,Bronze,No
C002475,Sanjay,Kapoor,sanjay.kapoor2475@example.com,+91-76377-43034,2008-01-07,Male,"545, MG Road",Toronto,Ontario,Canada,M5H2N2,2025-01-05,Silver,N
C002476,Lakshmi,Chopra,lakshmi.chopra2476@example.com,+91-61301-17110,1989-11-03,female,"284, Station Road",Austin,Texas,United States,78701,2025-04-09,Bronze,false
C002477,Sanjay,Mehta,sanjay.mehta2477@example.com,+91-77677-26887,1985-07-20,F,"143, Lake Road",London,England,United Kingdom,SW1A1AA,2023-08-31,Gold,No
C002478,Lakshmi,Kapoor,lakshmi.kapoor2478@example.com,+91-87094-62669,1985-03-30,M,"825, Market Street",Delhi,Delhi,India,110001,2023-06-28,Bronze,1
C002479,Sneha,Kapoor,sneha.kapoor2479@example.com,+91-69508-35198,1988-05-09,M,"388, Park Avenue",London,England,United Kingdom,SW1A1AA,2023-04-20,Gold,0
C002480,Vikram,Singh,vikram.singh2480@example.com,+91-73405-39321,2003-11-08,Other,"270, Lake Road",London,England,United Kingdom,SW1A1AA,2023-07-04,Bronze,1
C002481,Varun,Nair,varun.nair2481@example.com,+91-63282-80375,2007-05-04,F,"892, Station Road",Austin,Texas,United States,78701,2026-05-24,Silver,true
C002482,Priya,Rao,priya.rao2482@example.com,+91-98693-74629,2018-05-25,F,"378, Station Road",Kochi,Kerala,India,682001,2026-01-06,Silver,Yes
C002483,Priya,Rao,priya.rao2483@example.com,+91-97815-15673,1990-08-08,male,"239, Hill View",Seattle,Washington,United States,98101,2024-07-09,Bronze,1
C002484,Ira,Jain,ira.jain2484@example.com,+91-62148-71076,2008-11-28,female,"62, Hill View",Toronto,Ontario,Canada,M5H2N2,2025-03-05,Silver,0
C002485,Lakshmi,Mehta,lakshmi.mehta2485@example.com,+91-75729-41426,2011-10-01,M,"657, Market Street",Delhi,Delhi,India,110001,2022-08-29,Silver,1
C002486,,Rao,meera.rao2486@example.com,+91-77733-60003,2009-06-22,male,"968, Station Road",Hyderabad,Telangana,India,500001,2026-01-08,Platinum,1
C002487,Rohan,Kapoor,rohan.kapoor2487@example.com,+91-96768-98087,1985-05-14,male,"258, Lake Road",Bengaluru,Karnataka,India,560001,2024-03-26,Silver,No
C002488,Rahul,Verma,rahul.verma2488@example.com,+91-72287-59843,2009-02-24,F,"305, MG Road",London,England,United Kingdom,SW1A1AA,2022-05-01,Gold,1
C002489,Kiran,Chopra,kiran.chopra2489@example.com,+91-62577-81569,2018-04-12,F,"800, Market Street",Toronto,Ontario,Canada,??,2022-10-21,Silver,No
C002490,Akash,Shah,akash.shah2490@example.com,+91-72195-35460,1997-06-10,F,"832, Station Road",Hyderabad,Telangana,India,500001,2023-09-13,Bronze,No
C002491,Pooja,Gupta,Pooja.Gupta.invalid,+91-64252-25687,1986-05-29,O,"965, Hill View",London,England,United Kingdom,SW1A1AA,2026-01-31,Gold,true
C002492,Kiran,Singh,kiran.singh2492@example.com,+91-81239-94477,2009-06-09,Other,"122, Hill View", CHENNAI ,Tamil Nadu,India,600001,2023-09-09,Bronze,0
C002493,Vikram,Pillai,vikram.pillai2493@example.com,+91-73004-75122,1983-09-19,female,"199, Station Road",Seattle,Washington,United States,98101,2025-10-21,Platinum,false
C002494,Rohan,Pillai,rohan.pillai2494@example.com,+91-87532-69892,1978-03-10,O,"255, Lake Road",Hyderabad,Telangana,India,500001,2023-08-14,Gold,false
C002495,Meera,Sharma,meera.sharma2495@example.com,+91-65381-16875,1982-11-03,O,"190, MG Road",Kolkata,West Bengal,India,700001,2024-09-26,Platinum,0
C002496,Lakshmi,Kumar,lakshmi.kumar2496@example.com,+91-88992-88963,2009-09-03,Male,"67, Market Street",Toronto,Ontario,Canada,M5H2N2,2023-02-05,Silver,false
C002497,Kavya,Singh,kavya.singh2497@example.com,+91-75984-39798,1989-02-06,O,"693, Hill View",Bengaluru,Karnataka,India,560001,2025-08-07,Platinum,1
C002498,Ananya,Shah,ananya.shah2498@example.com,+91-86716-51372,2002-08-09,F,"294, Station Road",Chennai,Tamil Nadu,India,600001,2022-09-11,Platinum,Yes
C002499,Aditya,Joshi,aditya.joshi2499@example.com,+91-76049-16274,1994-12-08,Male,"77, Park Avenue",London,England,United Kingdom,SW1A1AA,2023-12-13,Bronze,false
C002500,Arjun,Mehta,arjun.mehta2500@example.com,+91-69861-40774,1980-02-26,Male,"789, MG Road",Bengaluru,Karnataka,India,560001,2024-10-14,Silver,Y
C002501,Sneha,Verma,sneha.verma2501@example.com,ABC123,1993-06-11,male,"773, Station Road",Toronto,Ontario,Canada,M5H2N2,2023-12-29,Silver,N
C002502,Manoj,Reddy,manoj.reddy2502@example.com,+91-78205-88226,1988-06-08,F,"242, Park Avenue",Kochi,Kerala,India,682001,2025-12-23,Gold,false
C002503,Pooja,Chopra,pooja.chopra2503@example.com,+91-86637-39048,2015-07-22,F,"9, Market Street",London,England,United Kingdom,SW1A1AA,2024-12-16,Bronze,Y
C002504,Tara,Reddy,tara.reddy2504@example.com,+91-72664-38118,1987-10-07,Other,"484, Hill View",London,England,United Kingdom,SW1A1AA,2025-08-22,Gold,N
C002505,Aditya,Sharma,aditya.sharma2505@example.com,+91-81979-62853,2008-11-26,F,"74, Hill View",London,England,United Kingdom,SW1A1AA,2025-09-26,Platinum,false
C002506,Kavya,Pillai,kavya.pillai2506@example.com,+91-83107-19905,1985-02-12,O,"420, Hill View",Hyderabad,Telangana,India,500001,2023-04-10,Silver,Yes
C002507,Nisha,Gupta,nisha.gupta2507@example.com,+91-62640-37632,2004-07-03,Female,"329, Park Avenue",London,England,United Kingdom,SW1A1AA,2024-10-24,Silver,Yes
C002508,Nisha,Jain,nisha.jain2508@example.com,+91-68457-65941,1988-01-09,Other,"919, Lake Road",Toronto,Ontario,Canada,M5H2N2,2023-01-19,Gold,Y
C002509,Kavya,Verma,kavya.verma2509@example.com,+91-73017-11488,1986-06-29,Male,"895, Hill View",Mumbai,Maharashtra,India,400001,2025-05-17,Platinum,0
C002510,Aarav,Verma,aarav.verma2510@example.com,+91-69503-44686,2010-12-18,O,"941, Hill View",Delhi,Delhi,India,110001,2026-04-09,Silver,true
C002511,Ira,Kumar,ira.kumar2511@example.com,+91-86238-13991,1984-05-17,Male,"322, Hill View",Toronto,Ontario,Canada,M5H2N2,2024-05-29,Platinum,Yes
C002512,Priya,Jain,priya.jain2512@example.com,+91-86254-31869,2013-05-19,O,"102, MG Road",Kochi,Kerala,India,682001,2026-02-21,VIP,No
C002513,Ishaan,Das,ishaan.das2513@example.com,+91-62364-52297,2004-11-29,O,"328, Lake Road",Kochi,Kerala,India,682001,2025-10-28,Silver,Y
C002514,Aditya,Kapoor,aditya.kapoor2514@example.com,+91-98874-10763,2019-04-28,O,"316, MG Road",Mumbai,Maharashtra,India,400001,2025-04-05,Silver,true
C002515,Meera,Singh,meera.singh2515@example.com,+91-60800-54748,1984-05-20,Male,"730, Lake Road",Kochi,Kerala,India,682001,2025-01-11,Platinum,No
C002516,Vikram,Sharma,vikram.sharma2516@example.com,+91-87253-11232,2007-06-17,Male,"937, Lake Road",Mumbai,Maharashtra,India,400001,2023-08-24,Gold,1
C002517,Rahul,Joshi,rahul.joshi2517@example.com,+91-68933-78800,2006-03-21,Female,"718, Market Street",Hyderabad,Telangana,India,500001,2023-11-30,Bronze,Y
C002518,Kiran,Patel,kiran.patel2518@example.com,+91-83896-26593,1996-08-24,O,"151, Hill View",Hyderabad,Telangana,India,500001,2025-10-24,Silver,true
C002519,Neha,Verma,neha.verma2519@example.com,+91-91431-40590,1980-02-26,Female,"165, MG Road",Austin,Texas,United States,78701,2025-10-26,Bronze,Y
C002520,Ira,Joshi,ira.joshi2520@example.com,+91-81233-68188,1994-10-09,Female,"312, Hill View",Delhi,Delhi,India,110001,2022-02-27,Platinum,0
C002521,Rahul,Jain,rahul.jain2521@example.com,+91-64870-65054,1994-06-18,female,"499, Lake Road",Chennai,Tamil Nadu,India,600001,2023-11-22,Gold,0
C002522,Diya,Shah,diya.shah2522@example.com,+91-82936-78283,1984-11-15,Other,"817, Station Road",Pune,Maharashtra,U.S.A.,411001,2024-10-09,Silver,true
C002523,Vikram,Bose,vikram.bose2523@example.com,+91-90681-58487,2015-07-14,female,"598, Lake Road",Bengaluru,Karnataka,India,560001,2026-04-10,Gold,Y
C002524,Manoj,Joshi,manoj.joshi2524@example.com,+91-94549-76556,1980-05-25,female,"364, Park Avenue",Kochi,Kerala,India,682001,2022-11-19,Platinum,1
C002525,Vikram,Kumar,vikram.kumar2525@example.com,+91-89813-36420,1987-09-04,Other,"977, Market Street",Delhi,Delhi,India,110001,2023-10-15,Gold,true
C002526,Akash,Nair,akash.nair2526@example.com,+91-71076-87272,1989-10-13,Female,"941, Station Road",Mumbai,Maharashtra,India,400001,2024-06-07,Silver,N
C002527,Aditya,Patel,aditya.patel2527@example.com,+91-64028-62845,2003-04-26,Other,"120, MG Road",Kochi,Kerala,India,682001,2022-05-22,Gold,0
C002528,Nisha,Chopra,nisha.chopra2528@example.com,+91-90389-33188,2017-05-10,Other,"11, Hill View",London,England,United Kingdom,SW1A1AA,31-02-2025,Gold,1
C002529,Aditya,Sharma,aditya.sharma2529@example.com,+91-97013-92897,1990-03-30,Female,"332, Market Street",Hyderabad,Telangana,India,500001,2024-08-10,Bronze,Y
C002530,Sanjay,Reddy,sanjay.reddy2530@example.com,+91-65612-42146,2006-03-07,O,"41, Market Street",Pune,Maharashtra,India,411001,2024-01-11,Platinum,N
C002531,Riya,Jain,riya.jain2531@example.com,+91-62227-34616,1984-09-26,male,"235, Hill View",Seattle,Washington,United States,98101,2024-04-14,Platinum,true
C002532,Sneha,Patel,sneha.patel2532@example.com,+91-84500-65699,2009-09-14,Other,"21, Market Street",Pune,Maharashtra,India,411001,2025-04-11,Silver,false
C002533,Diya,Das,diya.das2533@example.com,+91-86999-75137,2000-07-22,Female,"24, Lake Road",Seattle,Washington,United States,98101,2024-11-18,Silver,Yes
C002534,Pooja,Sharma,pooja.sharma2534@example.com,+91-90598-69808,2006-02-14,O,"225, Lake Road",Kochi,Kerala,India,682001,2022-09-17,Silver,Y
C002535,Diya,Bose,diya.bose2535@example.com,+91-92093-46057,2001-09-08,O,"224, Park Avenue",Kochi,Kerala,India,682001,2025-04-29,Platinum,Y
C002536,Varun,Das,varun.das2536@example.com,+91-62011-16984,2004-10-23,Female,"110, Lake Road",Toronto,Ontario,Canada,M5H2N2,2025-03-18,Silver,Yes
C002537,Kiran,Das,kiran.das2537@example.com,+91-92731-23767,1982-01-13,F,"627, Lake Road",Kochi,Kerala,India,682001,2023-08-28,Bronze,true
C002538,Rahul,Singh,Rahul.Singh.invalid,+91-63202-51864,1989-07-26,male,"906, Lake Road",Bengaluru,Karnataka,India,560001,2023-08-14,Gold,Yes
C002539,Ira,Pillai,ira.pillai2539@example.com,+91-97456-11164,2000-01-30,male,"27, Station Road",Delhi,Delhi,India,110001,2022-08-28,Platinum,Yes
C002540,Ananya,Reddy,ananya.reddy2540@example.com,+91-93738-56084,2009-04-16,F,"706, Park Avenue",Kolkata,West Bengal,India,700001,2024-02-21,Gold,Y
C002541,Vikram,Patel,vikram.patel2541@example.com,+91-97420-62979,1994-09-21,Male,"151, Park Avenue",Delhi,Delhi,India,110001,2023-06-10,Gold,No
C002542,Riya,Gupta,riya.gupta2542@example.com,+91-77980-85541,2010-09-08,Male,"117, Park Avenue",Toronto,Ontario,Canada,M5H2N2,2026-05-23,Bronze,N
C002543,Rohan,Chopra,rohan.chopra2543@example.com,+91-72016-38386,1992-10-22,male,"136, Hill View",Kochi,Kerala,India,682001,2024-07-29,Silver,false
C002544,Vikram,Mehta,vikram.mehta2544@example.com,+91-69714-64389,1982-11-16,F,"249, Station Road",Toronto,Ontario,Canada,M5H2N2,2022-11-15,Bronze,No
C002545,Meera,Iyer,meera.iyer2545@example.com,+91-88573-27821,2005-11-09,Female,"758, MG Road",Chennai,Tamil Nadu,India,600001,2022-11-02,Gold,N
C002546,Tara,Das,tara.das2546@example.com,+91-82013-87404,2002-06-18,M,"34, Station Road",Toronto,Ontario,Canada,M5H2N2,2023-06-29,Gold,false
C002547,Diya,Joshi,diya.joshi2547@example.com,+91-93306-99837,2003-06-26,male,"205, MG Road",Austin,Texas,United States,78701,2023-05-12,Gold,false
C002548,Manoj,Pillai,manoj.pillai2548@example.com,+91-64579-92630,1980-04-28,F,"212, Station Road",Mumbai,Maharashtra,India,400001,2024-03-12,Gold,No
C002549,Akash,Nair,akash.nair2549@example.com,+91-96585-65427,1982-01-15,M,"102, Park Avenue",Pune,Maharashtra,India,411001,2024-11-26,Gold,Y
C002550,Dev,Pillai,dev.pillai2550@example.com,+91-68919-14693,2018-10-25,Female,"24, Station Road",Bengaluru,Karnataka,India,560001,2023-10-24,Silver,1
C002551,Ananya,Iyer,ananya.iyer2551@example.com,+91-71398-10661,1991-01-07,Male,"803, Station Road",Kochi,Kerala,India,682001,2024-03-08,Bronze,Y
C002552,Ira,Shah,ira.shah2552@example.com,+91-60052-74370,1984-07-30,Male,"592, Market Street",Austin,Texas,United States,78701,2022-04-28,Gold,N
C002553,Kabir,Shah,kabir.shah2553@example.com,+91-76064-62472,2018-08-31,F,"577, Park Avenue",Kolkata,West Bengal,India,700001,2022-04-15,Platinum,false
C002554,Zoya,Kapoor,zoya.kapoor2554@example.com,+91-96334-54015,1978-09-18,Other,"851, Hill View",Kochi,Kerala,India,682001,2022-11-01,Silver,true
C002555,Vikram,Iyer,vikram.iyer2555@example.com,+91-71305-23147,2006-03-31,Female,"793, Hill View",Toronto,Ontario,Canada,M5H2N2,2025-07-27,Silver,false
C002556,Kavya,Mehta,kavya.mehta2556@example.com,+91-69694-22640,2013-01-12,male,"187, MG Road",Bengaluru,Karnataka,India,560001,2025-07-16,Platinum,0
C002557,Rohan,Sharma,rohan.sharma2557@example.com,+91-70772-19167,1982-10-07,O,"397, Market Street",Kochi,Kerala,India,682001,2024-10-01,Platinum,Yes
C002558,Aditya,Singh,aditya.singh2558@example.com,+91-85014-36727,2016-05-25,Male,"499, Station Road",Hyderabad,Telangana,India,500001,2022-07-23,Silver,1
C002559,Varun,Nair,varun.nair2559@example.com,+91-88800-58092,1984-08-23,Female,"585, Lake Road",Chennai,Tamil Nadu,India,600001,2025-10-16,Gold,Y
C002560,Sneha,Verma,sneha.verma2560@example.com,+91-60198-64463,1997-06-10,male,"816, Lake Road",Seattle,Washington,United States,98101,2026-04-10,Platinum,false
C002561,Kiran,Chopra,kiran.chopra2561@example.com,+91-90930-77217,2004-01-25,Other,"617, Park Avenue",Chennai,Tamil Nadu,India,600001,2024-06-27,Platinum,Y
C002562,Riya,Singh,riya.singh2562@example.com,ABC123,1982-07-24,female,"725, Lake Road",Toronto,Ontario,Canada,M5H2N2,2026-02-09,Platinum,true
C002563,Manoj,Joshi,manoj.joshi2563@example.com,+91-79837-27364,1984-08-12,Female,"138, Station Road",London,England,United Kingdom,SW1A1AA,2025-04-15,Bronze,N
C002564,Ishaan,Verma,ishaan.verma2564@example.com,+91-75748-61181,2017-06-18,Male,"795, MG Road",Bengaluru,Karnataka,India,560001,2026-06-06,Silver,1
C002565,Lakshmi,Sharma,lakshmi.sharma2565@example.com,+91-62988-58888,2019-10-07,Female,"982, Station Road",Kolkata,West Bengal,India,700001,2026-05-14,Platinum,Y
C002566,Neha,Shah,neha.shah2566@example.com,+91-82478-70119,2002-07-24,Other,"98, Park Avenue",Kolkata,West Bengal,India,700001,2023-01-15,Platinum,1
C002567,Kiran,Gupta,kiran.gupta2567@example.com,+91-82419-11938,2013-10-18,male,"623, MG Road",London,England,United Kingdom,SW1A1AA,2025-11-29,Gold,1
C002568,Diya,Jain,diya.jain2568@example.com,+91-60414-31495,1984-03-17,Female,"139, MG Road",Mumbai,Maharashtra,India,400001,2022-09-26,Silver,Yes
C002569,Meera,Mehta,meera.mehta2569@example.com,+91-90987-19899,1991-01-07,Male,"907, Lake Road",Kolkata,West Bengal,India,700001,2023-02-21,Gold,true
C002570,Kavya,Kapoor,kavya.kapoor2570@example.com,+91-96246-36093,2002-11-19,M,"319, Park Avenue",Kochi,Kerala,India,682001,2022-12-04,Platinum,false
C002571,Pooja,Kapoor,pooja.kapoor2571@example.com,+91-88042-49365,1989-06-07,Other,"247, Market Street",Seattle,Washington,United States,98101,2026-02-10,Silver,Y
C002572,Riya,Iyer,riya.iyer2572@example.com,+91-67012-19723,2011-04-23,Female,"888, MG Road",Hyderabad,Telangana,India,500001,2022-06-04,Bronze,Yes
C002573,Kiran,Kapoor,kiran.kapoor2573@example.com,+91-80386-21816,2002-08-13,Male,"39, MG Road",Bengaluru,Karnataka,India,560001,2025-05-28,Platinum,1
C002574,Varun,Joshi,varun.joshi2574@example.com,+91-88591-27432,1981-09-29,M,"977, Station Road",Pune,Maharashtra,India,411001,2024-12-27,Bronze,Y
C002575,Zoya,Mehta,zoya.mehta2575@example.com,+91-60107-63180,1980-03-23,Male,"879, Market Street",Pune,Maharashtra,India,411001,2025-10-25,Platinum,1
C002576,Riya,Joshi,riya.joshi2576@example.com,+91-70318-95878,2002-08-02,Male,"366, Station Road",Mumbai,Maharashtra,India,400001,2022-10-02,Bronze,Y
C002577,Neha,Shah,neha.shah2577@example.com,+91-73582-97415,1995-08-12,F,"971, MG Road",Seattle,Washington,United States,98101,2025-10-03,Silver,Yes
C002578,Rahul,Shah,rahul.shah2578@example.com,+91-99195-84706,2001-08-02,female,"650, Hill View",London,England,United Kingdom,SW1A1AA,2022-10-22,Platinum,Yes
C002579,Arjun,Kumar,arjun.kumar2579@example.com,+91-62860-57432,2003-08-01,Male,"706, Hill View",Chennai,Tamil Nadu,India,600001,2026-01-31,Gold,true
C002580,Sanjay,Iyer,sanjay.iyer2580@example.com,+91-83875-17275,1993-07-03,female,"345, MG Road",Delhi,Delhi,India,110001,2023-12-20,Gold,true
C002581,Ishaan,Singh,ishaan.singh2581@example.com,+91-77157-17469,2003-12-31,M,"12, MG Road", CHENNAI ,Tamil Nadu,India,600001,2026-04-18,Platinum,No
C002582,Aanya,Verma,aanya.verma2582@example.com,+91-63678-93743,2013-10-23,Female,"505, Lake Road",Delhi,Delhi,India,110001,2024-02-13,Silver,N
C002583,Zoya,Nair,zoya.nair2583@example.com,+91-90595-65763,1993-04-15,Male,"748, Park Avenue",Chennai,Tamil Nadu,India,600001,2026-03-20,Silver,Yes
C002584,Kabir,Reddy,kabir.reddy2584@example.com,+91-86006-93242,1995-05-21,F,"676, MG Road",Hyderabad,Telangana,India,500001,2025-04-09,Platinum,false
C002585,Rahul,Singh,Rahul.Singh.invalid,+91-94889-70496,1999-11-15,Female,"617, Market Street",Mumbai,Maharashtra,India,400001,2026-04-12,Platinum,No
C002586,Ishaan,Gupta,ishaan.gupta2586@example.com,+91-81699-47662,2006-09-08,F,"60, Park Avenue",Kolkata,West Bengal,India,700001,2024-03-13,Gold,0
C002587,Ira,Sharma,ira.sharma2587@example.com,+91-81045-46543,1996-03-15,Male,"348, Hill View",London,England,United Kingdom,SW1A1AA,2023-12-06,Silver,0
C002588,Aanya,Chopra,aanya.chopra2588@example.com,+91-86035-19363,1987-12-09,female,"691, Market Street",Delhi,Delhi,India,110001,2024-11-01,Silver,1
C002589,Akash,Iyer,akash.iyer2589@example.com,+91-82771-67165,2008-06-20,male,"720, Market Street",Austin,Texas,United States,78701,2023-08-26,Silver,Y
C002590,Nisha,Verma,nisha.verma2590@example.com,+91-62680-46250,2013-09-29,female,"374, MG Road",Chennai,Tamil Nadu,India,600001,2025-07-23,Bronze,Y
C002591,Sanjay,Chopra,sanjay.chopra2591@example.com,+91-80262-65521,1979-12-26,male,"242, Market Street",Austin,Texas,United States,78701,2024-04-08,Silver,Y
C002592,Tara,Verma,tara.verma2592@example.com,+91-72000-91434,2001-01-01,M,"884, MG Road",Mumbai,Maharashtra,India,400001,2024-11-29,Bronze,N
C002593,Dev,Kumar,dev.kumar2593@example.com,+91-71366-25563,2016-02-09,M,"788, Lake Road",Kolkata,West Bengal,India,700001,2024-05-03,Silver,N
C002594,Aarav,Kumar,aarav.kumar2594@example.com,+91-72658-16012,1987-01-27,female,"420, Hill View",Delhi,Delhi,India,110001,2025-12-23,Silver,true
BAD2595,Varun,Sharma,varun.sharma2595@example.com,+91-94729-97278,1999-03-17,F,"526, Hill View",Kochi,Kerala,India,682001,2022-03-23,Bronze,No
C002596,Diya,Joshi,diya.joshi2596@example.com,+91-93072-29490,2000-04-29,Other,"863, MG Road",Chennai,Tamil Nadu,India,600001,2025-03-26,Silver,N
C002597,Aarav,Chopra,aarav.chopra2597@example.com,+91-71153-21394,2015-04-17,Female,"610, Park Avenue",Pune,Maharashtra,India,411001,2024-01-04,Platinum,Yes
C002598,Aditya,Sharma,aditya.sharma2598@example.com,+91-66455-92138,2012-01-13,Female,"339, Station Road",Seattle,Washington,United States,98101,2025-08-04,Platinum,0
C002599,,Gupta,rohan.gupta2599@example.com,+91-71403-51659,1988-08-01,Other,"373, Market Street",Austin,Texas,United States,78701,2023-07-14,Silver,false
C002600,Kiran,Menon,kiran.menon2600@example.com,+91-62579-45023,2012-09-01,male,"632, MG Road",Hyderabad,Telangana,India,500001,2023-10-01,Silver,No
C002601,Vikram,Iyer,vikram.iyer2601@example.com,+91-61781-94429,2016-07-05,Female,"744, Station Road",Kolkata,West Bengal,India,700001,2024-04-06,Gold,false
C002602,Lakshmi,Nair,lakshmi.nair2602@example.com,+91-99098-96716,2014-03-18,M,"656, Hill View",Toronto,Ontario,Canada,M5H2N2,2024-04-27,Platinum,N
C002603,Sneha,Mehta,sneha.mehta2603@example.com,+91-92886-73340,1993-09-03,Other,"467, Park Avenue",Bengaluru,Karnataka,India,560001,2025-06-21,Silver,No
C002604,Riya,Iyer,riya.iyer2604@example.com,+91-69589-28376,1988-03-19,Female,"42, Station Road",Mumbai,Maharashtra,India,400001,2025-10-17,Gold,0
C002605,Aanya,Shah,aanya.shah2605@example.com,+91-92280-84646,1981-02-26,M,"985, Market Street",Hyderabad,Telangana,India,500001,2025-08-13,Gold,No
C002606,Varun,Mehta,varun.mehta2606@example.com,+91-82115-35312,2003-12-24,M,"470, MG Road",Pune,Maharashtra,India,411001,2023-08-07,Platinum,true
C002607,Aditya,Kumar,aditya.kumar2607@example.com,+91-66270-98759,1988-08-12,Female,"713, Hill View",Bengaluru,Karnataka,India,560001,31-02-2025,Bronze,N
C002608,Nisha,Sharma,nisha.sharma2608@example.com,+91-84191-59180,2002-02-10,male,"375, Park Avenue",Seattle,Washington,United States,98101,2026-02-26,Silver,No
C002609,Neha,Bose,neha.bose2609@example.com,+91-77040-58393,1998-05-20,O,"617, Hill View",Hyderabad,Telangana,India,500001,2025-06-02,Bronze,false
C002610,Dev,Chopra,dev.chopra2610@example.com,+91-66378-97668,2003-10-28,Female,"715, MG Road",Kochi,Kerala,India,682001,2022-03-19,Silver,N
C002611,Varun,Das,varun.das2611@example.com,+91-75983-85675,1979-07-14,male,"339, MG Road",Kolkata,West Bengal,India,700001,2024-09-10,Gold,No
C002612,Dev,Singh,dev.singh2612@example.com,+91-63933-41378,2012-02-29,F,"513, Park Avenue",Pune,Maharashtra,India,411001,2023-11-13,Bronze,1
C002613,Manoj,Das,manoj.das2613@example.com,+91-97068-57525,1998-09-01,female,"818, Station Road",Kochi,Kerala,India,682001,2022-03-27,Bronze,0
C002614,Tara,Kumar,tara.kumar2614@example.com,+91-61759-52639,2004-05-25,male,"205, Lake Road",Seattle,Washington,United States,98101,2024-05-03,Silver,Y
C002615,Zoya,Kapoor,zoya.kapoor2615@example.com,+91-95354-55830,2004-12-13,Female,"565, MG Road",Delhi,Delhi,India,110001,2026-04-03,Bronze,false
C002616,Sanjay,Mehta,sanjay.mehta2616@example.com,+91-90358-24506,1986-05-19,male,"221, Lake Road",Mumbai,Maharashtra,India,400001,2022-10-07,Silver,N
C002617,Kiran,Pillai,kiran.pillai2617@example.com,+91-70670-72858,1993-09-21,Female,"191, Market Street",Austin,Texas,United States,78701,2023-02-10,Silver,false
C002618,Lakshmi,Jain,lakshmi.jain2618@example.com,+91-61642-61208,1990-10-11,Other,"710, Station Road",Seattle,Washington,United States,98101,2024-05-30,Bronze,0
C002619,Diya,Jain,diya.jain2619@example.com,+91-72150-87964,2007-12-31,Male,"79, Park Avenue",London,England,U.S.A.,SW1A1AA,2022-10-19,Silver,true
C002620,Kavya,Bose,kavya.bose2620@example.com,+91-60867-14149,1978-11-15,female,"302, Market Street",Kolkata,West Bengal,India,??,2023-02-23,Platinum,Yes
C002621,Rahul,Kapoor,rahul.kapoor2621@example.com,+91-82677-73308,1990-05-03,Male,"998, Park Avenue",London,England,United Kingdom,SW1A1AA,2025-01-03,Silver,false
C002622,Sanjay,Jain,sanjay.jain2622@example.com,+91-68427-84545,1991-10-05,M,"917, Market Street",Chennai,Tamil Nadu,India,600001,2026-04-22,Silver,1
C002623,Diya,Jain,diya.jain2623@example.com,ABC123,2016-04-13,Female,"846, Station Road",Hyderabad,Telangana,India,500001,2025-06-13,Platinum,true
C002624,Dev,Sharma,dev.sharma2624@example.com,+91-70605-21532,1994-06-22,F,"546, Station Road",Hyderabad,Telangana,India,500001,2024-04-07,Platinum,Yes
C002625,Sanjay,Mehta,sanjay.mehta2625@example.com,+91-77388-52633,2012-10-02,male,"20, Lake Road",Kolkata,West Bengal,India,700001,2022-06-02,Silver,1
C002626,Aarav,Sharma,aarav.sharma2626@example.com,+91-64369-48272,1997-06-22,Male,"819, Hill View",Mumbai,Maharashtra,India,400001,2025-07-20,Gold,1
C002627,Tara,Nair,tara.nair2627@example.com,+91-92530-31633,2010-02-03,female,"710, Station Road",Toronto,Ontario,Canada,M5H2N2,2024-07-31,Platinum,1
C002628,Nisha,Rao,nisha.rao2628@example.com,+91-93750-47347,2001-10-13,Female,"936, Park Avenue",Bengaluru,Karnataka,India,560001,2023-06-22,Silver,0
C002629,Rohan,Patel,rohan.patel2629@example.com,+91-64742-46668,1996-12-07,Female,"674, Station Road",Kolkata,West Bengal,India,700001,2023-12-01,Gold,Yes
C002630,Kavya,Das,kavya.das2630@example.com,+91-78066-77640,2014-01-09,female,"749, Hill View",Pune,Maharashtra,India,411001,2023-01-08,Silver,true
C002631,Riya,Chopra,riya.chopra2631@example.com,+91-89711-64400,2013-05-02,O,"333, Hill View",Bengaluru,Karnataka,India,560001,2024-09-25,Silver,1
C002632,Lakshmi,Chopra,Lakshmi.Chopra.invalid,+91-90944-62352,1982-07-13,O,"893, Lake Road",Toronto,Ontario,Canada,M5H2N2,2024-12-26,Gold,false
C002633,Manoj,Menon,manoj.menon2633@example.com,+91-98319-74837,1980-01-21,male,"505, Lake Road",Chennai,Tamil Nadu,India,600001,2025-12-31,Silver,Y
C002634,Arjun,Gupta,arjun.gupta2634@example.com,+91-61790-29936,2001-02-15,Female,"336, Hill View",Delhi,Delhi,India,110001,2024-04-04,Platinum,No
C002635,Vikram,Menon,vikram.menon2635@example.com,+91-65743-37029,2017-12-14,M,"911, Hill View",Hyderabad,Telangana,India,500001,2026-05-27,Silver,false
C002636,Ananya,Verma,ananya.verma2636@example.com,+91-96992-24579,2003-02-25,male,"581, Park Avenue",Bengaluru,Karnataka,India,560001,2023-10-14,Bronze,Y
C002637,Neha,Bose,neha.bose2637@example.com,+91-66721-13245,2011-01-20,M,"30, Hill View",Mumbai,Maharashtra,India,400001,2023-01-22,Silver,true
C002638,Kabir,Pillai,kabir.pillai2638@example.com,+91-64084-56458,2005-09-09,male,"564, Hill View",Kochi,Kerala,India,682001,2022-07-18,Bronze,0
C002639,Vikram,Das,vikram.das2639@example.com,+91-89887-64775,2006-12-25,Other,"437, Park Avenue",Chennai,Tamil Nadu,India,600001,2022-03-23,Gold,Y
C002640,Tara,Bose,tara.bose2640@example.com,+91-71725-79135,1988-11-09,female,"325, MG Road",London,England,United Kingdom,SW1A1AA,2025-12-27,Silver,1
C002641,Ananya,Das,ananya.das2641@example.com,+91-89142-98814,2019-10-29,Male,"509, Market Street",Kolkata,West Bengal,India,700001,2023-08-27,Gold,true
C002642,Meera,Singh,meera.singh2642@example.com,+91-91659-69559,2004-01-06,Other,"710, Lake Road",Pune,Maharashtra,India,411001,2022-04-04,Platinum,N
C002643,Arjun,Singh,arjun.singh2643@example.com,+91-97398-69750,1991-10-13,F,"106, Park Avenue",Chennai,Tamil Nadu,India,600001,2022-04-30,Gold,false
C002644,Pooja,Bose,pooja.bose2644@example.com,+91-61646-20621,1992-01-28,female,"407, Station Road",Bengaluru,Karnataka,India,560001,2025-06-01,Gold,Y
C002645,Aditya,Iyer,aditya.iyer2645@example.com,+91-83636-73716,2006-11-02,F,"852, Market Street",Chennai,Tamil Nadu,India,600001,2022-06-19,Platinum,N
C002646,Zoya,Singh,zoya.singh2646@example.com,+91-62848-92253,1997-02-20,Female,"33, Lake Road",Austin,Texas,United States,78701,2024-09-25,Silver,true
C002647,Zoya,Pillai,zoya.pillai2647@example.com,+91-88480-46065,1982-10-13,M,"494, Market Street",Kolkata,West Bengal,India,700001,2025-04-07,Gold,Yes
C002648,Kiran,Kapoor,kiran.kapoor2648@example.com,+91-74491-46819,1997-02-01,O,"29, Hill View",London,England,United Kingdom,SW1A1AA,2024-08-24,Bronze,false
C002649,Sanjay,Das,sanjay.das2649@example.com,+91-93111-30614,1981-09-14,Female,"921, Lake Road",Kochi,Kerala,India,682001,2025-10-23,Platinum,1
C002650,Akash,Nair,akash.nair2650@example.com,+91-87412-79165,2014-10-11,O,"130, Lake Road",Chennai,Tamil Nadu,India,600001,2024-08-12,Gold,Y
C002651,Sanjay,Bose,sanjay.bose2651@example.com,+91-60404-54166,1997-03-01,O,"340, Station Road",Bengaluru,Karnataka,India,560001,2022-03-09,Silver,Y
C002652,Manoj,Joshi,manoj.joshi2652@example.com,+91-90548-40339,2001-07-13,Other,"276, Lake Road",Chennai,Tamil Nadu,India,600001,2022-10-02,Gold,Y
C002653,Aarav,Kumar,aarav.kumar2653@example.com,+91-63695-62442,1992-06-13,Female,"95, Market Street",Kolkata,West Bengal,India,700001,2022-08-27,Silver,No
C002654,Aarav,Reddy,aarav.reddy2654@example.com,+91-94031-40394,2009-08-25,female,"93, Station Road",Toronto,Ontario,Canada,M5H2N2,2023-03-02,Platinum,0
C002655,Kavya,Kapoor,kavya.kapoor2655@example.com,+91-99559-50122,1991-01-07,Other,"258, Lake Road",Austin,Texas,United States,78701,2026-04-16,Bronze,1
C002656,Lakshmi,Nair,lakshmi.nair2656@example.com,+91-91593-33162,2016-07-05,M,"602, Station Road",Kolkata,West Bengal,India,700001,2026-04-29,Platinum,0
C002657,Vikram,Pillai,vikram.pillai2657@example.com,+91-80183-71234,1981-08-20,male,"619, Station Road",Seattle,Washington,United States,98101,2024-12-25,Gold,Yes
C002658,Kiran,Kapoor,kiran.kapoor2658@example.com,+91-84631-79284,1997-05-13,female,"632, Station Road",Bengaluru,Karnataka,India,560001,2024-01-19,Silver,0
C002659,Priya,Shah,priya.shah2659@example.com,+91-93460-85720,1997-12-10,O,"651, Station Road",Mumbai,Maharashtra,India,400001,2024-08-14,Silver,Yes
C002660,Dev,Menon,dev.menon2660@example.com,+91-62115-73486,1983-11-25,Female,"748, Lake Road",Chennai,Tamil Nadu,India,600001,2022-04-30,Gold,Y
C002661,Sanjay,Sharma,sanjay.sharma2661@example.com,+91-89953-32883,1984-07-10,Female,"641, MG Road",Pune,Maharashtra,India,411001,2023-02-11,Gold,No
C002662,Sanjay,Joshi,sanjay.joshi2662@example.com,+91-72381-98610,2014-11-11,F,"92, Lake Road",Kochi,Kerala,India,682001,2022-05-08,Silver,true
C002663,Kavya,Das,kavya.das2663@example.com,+91-66797-53273,2004-12-13,male,"884, Station Road",Delhi,Delhi,India,110001,2023-01-01,Gold,1
C002664,Lakshmi,Bose,lakshmi.bose2664@example.com,+91-87521-29451,1992-04-16,Female,"650, Market Street",Kolkata,West Bengal,India,700001,2023-12-30,Silver,No
C002665,Sneha,Iyer,sneha.iyer2665@example.com,+91-79678-80363,1987-01-27,Male,"914, Station Road",Austin,Texas,United States,78701,2023-05-28,Platinum,1
C002666,Zoya,Kumar,zoya.kumar2666@example.com,+91-68472-42574,1985-12-08,F,"517, Park Avenue",Pune,Maharashtra,India,411001,2023-12-15,Platinum,No
C002667,Varun,Iyer,varun.iyer2667@example.com,+91-93279-39737,2007-06-01,M,"70, Hill View",Pune,Maharashtra,India,411001,2024-07-10,Bronze,Yes
C002668,Ira,Pillai,ira.pillai2668@example.com,+91-98156-16769,2000-08-30,female,"535, Park Avenue",Mumbai,Maharashtra,India,400001,2024-10-18,Bronze,1
C002669,Sanjay,Reddy,sanjay.reddy2669@example.com,+91-83863-93405,2002-04-14,O,"377, Market Street",Toronto,Ontario,Canada,M5H2N2,2024-07-09,VIP,true
C002670,Ananya,Singh,ananya.singh2670@example.com,+91-66828-53809,2001-01-06,female,"281, MG Road", MUMBAI ,Maharashtra,India,400001,2026-02-21,Bronze,0
C002671,Manoj,Patel,manoj.patel2671@example.com,+91-63127-20090,1980-11-06,F,"152, Market Street",Kolkata,West Bengal,India,700001,2024-09-20,Silver,N
C002672,Dev,Menon,dev.menon2672@example.com,+91-82907-84204,2002-09-25,female,"940, Station Road",Hyderabad,Telangana,India,500001,2023-05-28,Platinum,0
C002673,Zoya,Jain,zoya.jain2673@example.com,+91-76319-28795,1986-05-16,Other,"482, Hill View",Kochi,Kerala,India,682001,2024-01-12,Bronze,No
C002674,Nisha,Bose,nisha.bose2674@example.com,+91-86644-95588,1985-04-30,Male,"17, Hill View",Bengaluru,Karnataka,India,560001,2022-08-03,Gold,1
C002675,Kabir,Bose,kabir.bose2675@example.com,+91-62841-68872,1985-12-25,M,"973, Hill View",Kochi,Kerala,India,682001,2024-01-24,Gold,true
C002676,Ishaan,Pillai,ishaan.pillai2676@example.com,+91-82966-56085,2006-07-26,O,"366, Station Road",Seattle,Washington,United States,98101,2022-11-23,Platinum,false
C002677,Dev,Reddy,dev.reddy2677@example.com,+91-98766-46857,2000-12-28,male,"463, Station Road",Austin,Texas,United States,78701,2024-01-13,Silver,true
C002678,Kabir,Shah,kabir.shah2678@example.com,+91-61619-73333,2009-09-12,male,"749, Lake Road",London,England,United Kingdom,SW1A1AA,2025-10-24,Silver,false
C002679,Diya,Das,Diya.Das.invalid,+91-91986-35536,1990-03-11,Male,"840, Market Street",Delhi,Delhi,India,110001,2025-08-30,Bronze,1
C002680,Kabir,Verma,kabir.verma2680@example.com,+91-74365-95359,2014-04-20,male,"619, Market Street",London,England,United Kingdom,SW1A1AA,2022-05-29,Silver,true
C002681,Tara,Rao,tara.rao2681@example.com,+91-69152-72679,2001-05-30,Other,"433, Hill View",Hyderabad,Telangana,India,500001,2024-10-30,Platinum,No
C002682,Priya,Sharma,priya.sharma2682@example.com,+91-60723-32383,2013-02-08,female,"218, Station Road",Seattle,Washington,United States,98101,2022-11-22,Silver,1
C002683,Lakshmi,Sharma,lakshmi.sharma2683@example.com,+91-97660-44899,2003-04-09,Female,"266, Lake Road",Kolkata,West Bengal,India,700001,2026-03-01,Platinum,Yes
C002684,Varun,Gupta,varun.gupta2684@example.com,ABC123,1993-05-19,O,"462, MG Road",London,England,United Kingdom,SW1A1AA,2025-02-16,Gold,No
C002685,Lakshmi,Mehta,lakshmi.mehta2685@example.com,+91-62826-41526,1985-06-26,F,"950, Market Street",Kolkata,West Bengal,India,700001,2023-08-31,Silver,false
C002686,Maya,Das,maya.das2686@example.com,+91-87563-94849,2000-06-30,M,"791, MG Road",Toronto,Ontario,Canada,M5H2N2,31-02-2025,Silver,0
C002687,Maya,Das,maya.das2687@example.com,+91-77432-91465,2011-07-25,M,"755, Park Avenue",Mumbai,Maharashtra,India,400001,2023-06-29,Gold,false
C002688,Aditya,Jain,aditya.jain2688@example.com,+91-69387-33673,1998-08-17,male,"958, Market Street",Pune,Maharashtra,India,411001,2023-01-01,Silver,No
C002689,Akash,Das,akash.das2689@example.com,+91-80886-49997,1997-11-22,female,"889, Station Road",Hyderabad,Telangana,India,500001,2026-01-16,Bronze,N
C002690,Akash,Verma,akash.verma2690@example.com,+91-67319-39218,1984-11-03,Male,"640, Station Road",Kochi,Kerala,India,682001,2024-09-30,Bronze,Y
C002691,Ira,Gupta,ira.gupta2691@example.com,+91-82342-47013,2011-03-23,female,"31, Park Avenue",Seattle,Washington,United States,98101,2023-01-30,Gold,Yes
C002692,Rahul,Kumar,rahul.kumar2692@example.com,+91-90320-21406,2012-12-31,F,"186, Station Road",Kochi,Kerala,India,682001,2022-12-28,Platinum,Y
C002693,Sneha,Reddy,sneha.reddy2693@example.com,+91-80901-53565,1998-04-30,O,"127, Market Street",Hyderabad,Telangana,India,500001,2025-02-23,Platinum,No
C002694,Kavya,Chopra,kavya.chopra2694@example.com,+91-86172-82844,1978-11-22,female,"847, MG Road",Pune,Maharashtra,India,411001,2024-05-22,Bronze,true
C002695,Diya,Kapoor,diya.kapoor2695@example.com,+91-98466-30072,2005-04-24,O,"458, MG Road",Toronto,Ontario,Canada,M5H2N2,2022-07-02,Silver,Yes
C002696,Aarav,Kumar,aarav.kumar2696@example.com,+91-68618-67850,2017-12-07,Male,"71, MG Road",Toronto,Ontario,Canada,M5H2N2,2024-11-27,Gold,Y
C002697,Manoj,Gupta,manoj.gupta2697@example.com,+91-72233-70147,1984-01-13,Female,"562, Station Road",Mumbai,Maharashtra,India,400001,2022-01-09,Bronze,Y
C002698,Kavya,Chopra,kavya.chopra2698@example.com,+91-70419-78074,1994-04-11,M,"654, Station Road",Austin,Texas,United States,78701,2024-08-05,Platinum,0
C002699,Diya,Sharma,diya.sharma2699@example.com,+91-80787-58023,1997-10-20,F,"316, Station Road",Delhi,Delhi,India,110001,2023-01-08,Gold,Y
C002700,Rohan,Chopra,rohan.chopra2700@example.com,+91-63046-26366,1997-10-08,Female,"364, Station Road",Delhi,Delhi,India,110001,2024-01-25,Bronze,1
C002701,Priya,Sharma,priya.sharma2701@example.com,+91-63016-75676,2013-07-03,male,"796, Station Road",Seattle,Washington,United States,98101,2025-06-16,Bronze,0
C002702,Aditya,Patel,aditya.patel2702@example.com,+91-75538-74792,2015-07-27,Female,"380, Hill View",Austin,Texas,United States,78701,2023-06-19,Silver,false
C002703,Maya,Menon,maya.menon2703@example.com,+91-62320-45879,1992-03-17,Female,"510, Hill View",Austin,Texas,United States,78701,2022-01-07,Platinum,No
C002704,Zoya,Kapoor,zoya.kapoor2704@example.com,+91-93532-60339,2015-04-24,M,"494, Lake Road",Kolkata,West Bengal,India,700001,2022-10-21,Platinum,N
C002705,Diya,Verma,diya.verma2705@example.com,+91-79849-94567,1985-04-21,O,"570, Park Avenue",Chennai,Tamil Nadu,India,600001,2026-03-17,Bronze,true
C002706,Neha,Shah,neha.shah2706@example.com,+91-77762-57510,1980-04-15,F,"893, Lake Road",Kochi,Kerala,India,682001,2024-07-18,Gold,N
C002707,Arjun,Jain,arjun.jain2707@example.com,+91-90040-40449,1999-10-16,Male,"385, Hill View",Austin,Texas,United States,78701,2025-12-16,Silver,N
C002708,Ira,Joshi,ira.joshi2708@example.com,+91-64398-51013,2004-09-27,Male,"626, Market Street",Toronto,Ontario,Canada,M5H2N2,2025-11-06,Bronze,N
C002709,Ira,Verma,ira.verma2709@example.com,+91-68757-56262,2015-11-22,Other,"707, Station Road",Kolkata,West Bengal,India,700001,2024-04-28,Platinum,No
C002710,Sneha,Joshi,sneha.joshi2710@example.com,+91-88961-14464,2009-06-23,female,"746, Station Road",Kochi,Kerala,India,682001,2022-11-08,Platinum,Y
C002711,Lakshmi,Kapoor,lakshmi.kapoor2711@example.com,+91-64532-51367,2007-11-20,Male,"714, Station Road",Kolkata,West Bengal,India,700001,2024-12-04,Gold,1
C002712,,Shah,rahul.shah2712@example.com,+91-60608-79002,2010-09-13,female,"111, MG Road",Pune,Maharashtra,India,411001,2022-08-20,Bronze,true
C002713,Ishaan,Joshi,ishaan.joshi2713@example.com,+91-96005-49951,1997-01-07,M,"68, MG Road",Toronto,Ontario,Canada,M5H2N2,2024-11-25,Gold,0
C002714,Sanjay,Gupta,sanjay.gupta2714@example.com,+91-64362-80151,1998-08-04,male,"119, Park Avenue",Delhi,Delhi,India,110001,2023-03-24,Platinum,N
C002715,Manoj,Patel,manoj.patel2715@example.com,+91-74183-45561,2010-11-23,male,"246, Park Avenue",Pune,Maharashtra,India,411001,2026-03-15,Silver,true
C002716,Ira,Iyer,ira.iyer2716@example.com,+91-64132-18528,2007-02-08,Other,"814, Station Road",Austin,Texas,U.S.A.,78701,2025-09-04,Silver,false
C002717,Aanya,Joshi,aanya.joshi2717@example.com,+91-67676-35698,1996-09-16,male,"138, Lake Road",Bengaluru,Karnataka,India,560001,2024-12-15,Platinum,1
C002718,Maya,Shah,maya.shah2718@example.com,+91-83788-16271,1979-03-15,F,"820, Hill View",Pune,Maharashtra,India,411001,2023-01-11,Bronze,No
C002719,Sneha,Mehta,sneha.mehta2719@example.com,+91-94223-37934,2009-06-19,Other,"528, MG Road",Austin,Texas,United States,78701,2024-03-09,Gold,No
C002720,Sneha,Iyer,sneha.iyer2720@example.com,+91-93102-78869,1991-12-17,female,"760, Market Street",Delhi,Delhi,India,110001,2023-12-19,Platinum,true
C002721,Kiran,Pillai,kiran.pillai2721@example.com,+91-73350-37156,2015-01-27,O,"251, Market Street",Bengaluru,Karnataka,India,560001,2025-08-12,Gold,Y
C002722,Priya,Joshi,priya.joshi2722@example.com,+91-99583-14151,1980-02-19,F,"474, Lake Road",Hyderabad,Telangana,India,500001,2022-06-01,Gold,N
C002723,Aarav,Singh,aarav.singh2723@example.com,+91-96712-36849,1979-07-09,Other,"522, Park Avenue",Mumbai,Maharashtra,India,400001,2024-09-12,Gold,N
C002724,Aarav,Iyer,aarav.iyer2724@example.com,+91-79440-72184,1980-01-25,Male,"486, Market Street",Toronto,Ontario,Canada,M5H2N2,2024-10-04,Platinum,N
C002725,Neha,Patel,neha.patel2725@example.com,+91-73389-91574,2003-11-18,F,"682, Lake Road",London,England,United Kingdom,SW1A1AA,2023-10-01,Gold,0
C002726,Neha,Sharma,Neha.Sharma.invalid,+91-95187-24652,2000-04-23,O,"449, Market Street",Kolkata,West Bengal,India,700001,2024-02-17,Platinum,0
C002727,Rahul,Gupta,rahul.gupta2727@example.com,+91-70603-72534,1988-10-15,M,"824, Hill View",Pune,Maharashtra,India,411001,2026-02-12,Bronze,1
C002728,Sneha,Rao,sneha.rao2728@example.com,+91-97431-81336,2011-05-06,Other,"385, Market Street",Austin,Texas,United States,78701,2025-03-15,Platinum,false
C002729,Kabir,Bose,kabir.bose2729@example.com,+91-96241-16948,1995-10-27,Male,"472, Hill View",Pune,Maharashtra,India,411001,2025-12-01,Silver,1
C002730,Dev,Kapoor,dev.kapoor2730@example.com,+91-96307-20820,2011-05-14,O,"207, Market Street",Bengaluru,Karnataka,India,560001,2022-03-01,Platinum,false
C002731,Arjun,Joshi,arjun.joshi2731@example.com,+91-71917-57730,1993-03-01,Other,"984, Park Avenue",Hyderabad,Telangana,India,500001,2024-11-04,Silver,0
C002732,Lakshmi,Chopra,lakshmi.chopra2732@example.com,+91-89065-66281,1987-09-15,F,"250, Market Street",Seattle,Washington,United States,98101,2022-01-05,Bronze,Yes
C002733,Sneha,Joshi,sneha.joshi2733@example.com,+91-62506-41927,2011-06-11,male,"932, Lake Road",Chennai,Tamil Nadu,India,600001,2026-04-03,Bronze,0
C002734,Neha,Kapoor,neha.kapoor2734@example.com,+91-64086-52325,2001-01-29,female,"95, Hill View",Delhi,Delhi,India,110001,2024-08-01,Bronze,1
C002735,Tara,Iyer,tara.iyer2735@example.com,+91-94030-85905,2015-08-18,O,"566, MG Road",Mumbai,Maharashtra,India,400001,2026-06-13,Platinum,Yes
C002736,Maya,Nair,maya.nair2736@example.com,+91-85999-97995,2011-02-23,male,"23, Park Avenue",Seattle,Washington,United States,98101,2022-01-16,Gold,Yes
C002737,Pooja,Verma,pooja.verma2737@example.com,+91-92957-12365,1997-12-07,F,"481, MG Road",Chennai,Tamil Nadu,India,600001,2024-02-27,Gold,1
C002738,Tara,Bose,tara.bose2738@example.com,+91-75045-73148,2006-08-04,Female,"538, Park Avenue",Mumbai,Maharashtra,India,400001,2025-03-24,Platinum,Y
C002739,Aarav,Chopra,aarav.chopra2739@example.com,+91-80398-10117,1995-03-02,O,"751, Station Road",Chennai,Tamil Nadu,India,600001,2022-02-16,Silver,No
C002740,Kavya,Rao,kavya.rao2740@example.com,+91-90562-17001,2007-02-07,Other,"469, Station Road",Toronto,Ontario,Canada,M5H2N2,2024-07-24,Silver,No
C002741,Sanjay,Sharma,sanjay.sharma2741@example.com,+91-87747-78360,2014-11-11,M,"816, Market Street",London,England,United Kingdom,SW1A1AA,2025-03-12,Platinum,No
C002742,Riya,Menon,riya.menon2742@example.com,+91-84843-69114,1994-07-12,male,"46, Hill View",Kochi,Kerala,India,682001,2024-02-17,Gold,N
C002743,Neha,Nair,neha.nair2743@example.com,+91-86870-87604,1989-10-11,Female,"972, Lake Road",Seattle,Washington,United States,98101,2023-03-25,Bronze,N
C002744,Sneha,Joshi,sneha.joshi2744@example.com,+91-63520-96259,1978-11-17,male,"317, Park Avenue",Hyderabad,Telangana,India,500001,2023-12-06,Bronze,1
C002745,Kabir,Singh,kabir.singh2745@example.com,ABC123,2013-05-15,M,"695, Hill View",Kolkata,West Bengal,India,700001,2025-06-17,Gold,0
C002746,Dev,Mehta,dev.mehta2746@example.com,+91-82765-19518,1978-09-18,M,"237, Station Road",Austin,Texas,United States,78701,2025-04-16,Bronze,1
C002747,Rohan,Joshi,rohan.joshi2747@example.com,+91-82178-76974,1981-05-27,female,"334, Park Avenue",Austin,Texas,United States,78701,2025-11-16,Platinum,1
C002748,Pooja,Gupta,pooja.gupta2748@example.com,+91-98500-33118,2000-11-16,M,"465, Lake Road",Austin,Texas,United States,78701,2024-12-07,Gold,N
C002749,Tara,Sharma,tara.sharma2749@example.com,+91-65372-61607,1982-01-06,M,"94, Market Street",Kolkata,West Bengal,India,700001,2022-04-07,Silver,0
C002750,Kavya,Shah,kavya.shah2750@example.com,+91-72500-46726,2014-05-02,male,"26, Market Street",Kolkata,West Bengal,India,700001,2022-03-29,Gold,false
C002751,Kavya,Sharma,kavya.sharma2751@example.com,+91-89470-34331,1998-02-27,M,"513, Market Street",Mumbai,Maharashtra,India,??,2024-06-05,Gold,Y
C002752,Ananya,Sharma,ananya.sharma2752@example.com,+91-89056-86131,2003-10-07,female,"651, Lake Road",Pune,Maharashtra,India,411001,2022-12-09,Platinum,Y
C002753,Vikram,Chopra,vikram.chopra2753@example.com,+91-77162-65379,1979-06-22,M,"554, Park Avenue",Pune,Maharashtra,India,411001,2023-01-04,Silver,N
C002754,Rahul,Mehta,rahul.mehta2754@example.com,+91-69775-54841,1980-11-30,female,"823, Market Street",Mumbai,Maharashtra,India,400001,2022-06-06,Gold,false
C002755,Aanya,Chopra,aanya.chopra2755@example.com,+91-62412-46273,1979-10-29,O,"135, Lake Road",Pune,Maharashtra,India,411001,2023-02-20,Platinum,0
C002756,Kavya,Kumar,kavya.kumar2756@example.com,+91-78722-42329,2003-12-12,Female,"703, MG Road",Mumbai,Maharashtra,India,400001,2025-05-21,Silver,false
C002757,Manoj,Shah,manoj.shah2757@example.com,+91-90761-21764,1999-02-26,Other,"420, MG Road",Chennai,Tamil Nadu,India,600001,2025-07-23,Bronze,0
C002758,Ishaan,Pillai,ishaan.pillai2758@example.com,+91-63897-42311,1999-12-01,Other,"417, Lake Road",Bengaluru,Karnataka,India,560001,2024-08-12,Platinum,false
C002759,Sanjay,Chopra,sanjay.chopra2759@example.com,+91-82306-55529,2016-11-10,Female,"308, Station Road", LONDON ,England,United Kingdom,SW1A1AA,2022-10-10,Bronze,0
C002760,Aditya,Chopra,aditya.chopra2760@example.com,+91-72449-94934,2000-10-14,O,"581, Hill View",Chennai,Tamil Nadu,India,600001,2024-09-24,Silver,Yes
C002761,Ishaan,Menon,ishaan.menon2761@example.com,+91-79385-75881,1994-01-17,F,"143, Market Street",Hyderabad,Telangana,India,500001,2025-05-03,Bronze,N
C002762,Aanya,Verma,aanya.verma2762@example.com,+91-81780-29618,1981-03-06,female,"303, MG Road",Seattle,Washington,United States,98101,2025-02-22,Gold,true
C002763,Tara,Mehta,tara.mehta2763@example.com,+91-99960-77986,1988-12-24,F,"513, MG Road",Seattle,Washington,United States,98101,2022-10-04,Bronze,Y
C002764,Ira,Singh,ira.singh2764@example.com,+91-93301-73114,1979-07-27,M,"388, Hill View",Hyderabad,Telangana,India,500001,2026-01-12,Bronze,No
C002765,Riya,Patel,riya.patel2765@example.com,+91-74355-77181,2003-11-26,O,"888, Market Street",Austin,Texas,United States,78701,31-02-2025,Platinum,N
C002766,Kiran,Sharma,kiran.sharma2766@example.com,+91-97993-46001,2007-05-01,Male,"860, MG Road",Delhi,Delhi,India,110001,2022-05-20,Silver,Yes
C002767,Sanjay,Sharma,sanjay.sharma2767@example.com,+91-60244-93639,2003-11-21,O,"677, Hill View",Kochi,Kerala,India,682001,2026-03-08,Gold,true
BAD2768,Dev,Pillai,dev.pillai2768@example.com,+91-86179-79700,2000-10-24,M,"303, MG Road",Delhi,Delhi,India,110001,2022-12-25,Gold,Y
C002769,Kabir,Mehta,kabir.mehta2769@example.com,+91-71103-13334,1988-11-04,male,"626, Lake Road",Seattle,Washington,United States,98101,2025-10-18,Silver,N
C002770,Kavya,Menon,kavya.menon2770@example.com,+91-68376-27129,1990-07-04,M,"85, MG Road",Mumbai,Maharashtra,India,400001,2022-11-19,Platinum,Y
C002771,Aarav,Menon,aarav.menon2771@example.com,+91-62421-98319,1980-01-07,female,"204, MG Road",Chennai,Tamil Nadu,India,600001,2023-02-14,Gold,Y
C002772,Riya,Reddy,riya.reddy2772@example.com,+91-66699-40109,1993-05-04,female,"771, Lake Road",Hyderabad,Telangana,India,500001,2025-06-10,Bronze,N
C002773,Kiran,Nair,Kiran.Nair.invalid,+91-85787-20775,2003-11-29,M,"266, Market Street",Chennai,Tamil Nadu,India,600001,2022-07-11,Gold,N
C002774,Ishaan,Jain,ishaan.jain2774@example.com,+91-94772-53331,2016-02-26,Male,"931, Hill View",Kochi,Kerala,India,682001,2026-01-28,Bronze,false
C002775,Ira,Sharma,ira.sharma2775@example.com,+91-91388-86004,1992-10-27,F,"35, Lake Road",Bengaluru,Karnataka,India,560001,2022-07-30,Gold,N
C002776,Kavya,Bose,kavya.bose2776@example.com,+91-88767-40657,2006-05-15,Female,"35, Hill View",London,England,United Kingdom,SW1A1AA,2025-06-13,Silver,false
C002777,Aarav,Iyer,aarav.iyer2777@example.com,+91-90300-11830,2014-04-02,M,"742, MG Road",Kolkata,West Bengal,India,700001,2022-10-15,Gold,false
C002778,Pooja,Shah,pooja.shah2778@example.com,+91-83698-68501,1992-01-08,O,"707, Park Avenue",Bengaluru,Karnataka,India,560001,2024-07-14,Gold,0
C002779,Sneha,Kapoor,sneha.kapoor2779@example.com,+91-86435-54742,1996-08-25,male,"460, Station Road",Delhi,Delhi,India,110001,2025-05-08,Platinum,N
C002780,Vikram,Joshi,vikram.joshi2780@example.com,+91-75412-71582,2006-08-14,male,"487, Lake Road",Toronto,Ontario,Canada,M5H2N2,2025-11-21,Bronze,N
C002781,Nisha,Pillai,nisha.pillai2781@example.com,+91-62336-64686,2009-09-10,F,"960, MG Road",Seattle,Washington,United States,98101,2026-06-22,Silver,1
C002782,Priya,Shah,priya.shah2782@example.com,+91-78812-43882,1989-04-19,O,"804, Lake Road",Mumbai,Maharashtra,India,400001,2022-01-04,Silver,0
C002783,Meera,Kumar,meera.kumar2783@example.com,+91-74076-43662,1982-11-21,M,"329, MG Road",Mumbai,Maharashtra,India,400001,2022-04-20,Gold,Yes
C002784,Vikram,Singh,vikram.singh2784@example.com,+91-88569-93998,1987-09-22,O,"563, MG Road",Bengaluru,Karnataka,India,560001,2023-11-13,Bronze,false
C002785,Arjun,Menon,arjun.menon2785@example.com,+91-73985-85447,2005-03-15,O,"560, Park Avenue",Austin,Texas,United States,78701,2024-05-18,Bronze,0
C002786,Riya,Das,riya.das2786@example.com,+91-60899-24670,1995-11-25,F,"442, Park Avenue",Austin,Texas,United States,78701,2022-09-19,Platinum,Y
C002787,Ira,Sharma,ira.sharma2787@example.com,+91-95453-14593,1997-02-13,M,"697, MG Road",Bengaluru,Karnataka,India,560001,2026-02-14,Gold,Y
C002788,Nisha,Chopra,nisha.chopra2788@example.com,+91-89342-73200,1982-01-14,M,"601, MG Road",Toronto,Ontario,Canada,M5H2N2,2024-11-15,Platinum,N
C002789,Riya,Bose,riya.bose2789@example.com,+91-69417-53438,1992-04-24,O,"361, Hill View",London,England,United Kingdom,SW1A1AA,2022-04-29,Bronze,No
C002790,Sanjay,Gupta,sanjay.gupta2790@example.com,+91-95464-63640,2016-07-22,O,"50, Lake Road",Chennai,Tamil Nadu,India,600001,2025-07-06,Bronze,false
C002791,Akash,Das,akash.das2791@example.com,+91-90188-89607,1983-07-18,male,"540, Hill View",Kolkata,West Bengal,India,700001,2023-10-02,Bronze,0
C002792,Rohan,Joshi,rohan.joshi2792@example.com,+91-94294-43098,1991-04-14,male,"772, MG Road",Kolkata,West Bengal,India,700001,2023-03-09,Gold,1
C002793,Ira,Patel,ira.patel2793@example.com,+91-85164-47396,2006-02-26,Female,"57, Station Road",Delhi,Delhi,India,110001,2022-05-04,Platinum,N
C002794,Pooja,Rao,pooja.rao2794@example.com,+91-91068-31019,2015-03-20,male,"624, Hill View",Bengaluru,Karnataka,India,560001,2023-05-24,Silver,true
C002795,Aarav,Bose,aarav.bose2795@example.com,+91-68570-39257,1993-03-12,M,"207, Station Road",Mumbai,Maharashtra,India,400001,2022-06-11,Platinum,false
C002796,Ira,Nair,ira.nair2796@example.com,+91-77575-78269,2004-12-04,male,"250, MG Road",Mumbai,Maharashtra,India,400001,2025-02-27,Gold,Yes
C002797,Sneha,Gupta,sneha.gupta2797@example.com,+91-84317-55090,1992-09-19,Other,"984, Market Street",Kolkata,West Bengal,India,700001,2025-09-21,Bronze,true
C002798,Ira,Mehta,ira.mehta2798@example.com,+91-81198-42995,1981-01-16,O,"600, Lake Road",Hyderabad,Telangana,India,500001,2025-04-13,Gold,false
C002799,Kabir,Iyer,kabir.iyer2799@example.com,+91-81073-61931,1983-01-06,male,"145, MG Road",Chennai,Tamil Nadu,India,600001,2026-02-09,Silver,Yes
C002800,Sanjay,Jain,sanjay.jain2800@example.com,+91-68831-28526,1978-02-01,Male,"925, Station Road",Bengaluru,Karnataka,India,560001,2024-01-20,Gold,Yes
C002801,Arjun,Joshi,arjun.joshi2801@example.com,+91-70867-23679,1981-07-18,Other,"988, Park Avenue",Pune,Maharashtra,India,411001,2022-12-29,Gold,true
C002802,Arjun,Gupta,arjun.gupta2802@example.com,+91-90663-67346,1994-05-11,M,"285, Hill View",Chennai,Tamil Nadu,India,600001,2023-09-12,Bronze,1
C002803,Rohan,Shah,rohan.shah2803@example.com,+91-66003-66452,1999-05-17,Other,"729, MG Road",Hyderabad,Telangana,India,500001,2024-08-21,Gold,Yes
C002804,Akash,Patel,akash.patel2804@example.com,+91-71970-10767,2011-07-11,Other,"491, Station Road",Pune,Maharashtra,India,411001,2023-08-30,Gold,1
C002805,Sneha,Mehta,sneha.mehta2805@example.com,+91-61193-87498,1995-06-11,Female,"728, Market Street",Toronto,Ontario,Canada,M5H2N2,2023-07-22,Silver,true
C002806,Pooja,Pillai,pooja.pillai2806@example.com,ABC123,1990-10-26,Male,"684, Lake Road",London,England,United Kingdom,SW1A1AA,2026-01-03,Silver,No
C002807,Akash,Gupta,akash.gupta2807@example.com,+91-75370-80181,2003-02-02,Other,"919, Lake Road",Bengaluru,Karnataka,India,560001,2023-03-15,Platinum,N
C002808,Sanjay,Kumar,sanjay.kumar2808@example.com,+91-70538-33763,2006-08-16,Male,"689, Lake Road",Seattle,Washington,United States,98101,2025-10-25,Bronze,Yes
C002809,Ishaan,Bose,ishaan.bose2809@example.com,+91-62698-22014,2014-01-14,O,"280, Park Avenue",Mumbai,Maharashtra,India,400001,2022-11-15,Platinum,Yes
C002810,Manoj,Menon,manoj.menon2810@example.com,+91-76767-17713,1979-03-05,female,"400, Lake Road",Toronto,Ontario,Canada,M5H2N2,2025-04-05,Bronze,N
C002811,Lakshmi,Verma,lakshmi.verma2811@example.com,+91-69323-55737,1994-06-06,female,"338, Park Avenue",Pune,Maharashtra,India,411001,2023-12-03,Silver,Yes
C002812,Zoya,Kapoor,zoya.kapoor2812@example.com,+91-84964-49838,2016-05-26,male,"418, Market Street",Delhi,Delhi,India,110001,2023-07-28,Bronze,false
C002813,Ira,Reddy,ira.reddy2813@example.com,+91-77262-69417,2018-07-24,male,"550, Station Road",Kolkata,West Bengal,U.S.A.,700001,2022-02-06,Platinum,Yes
C002814,Aditya,Verma,aditya.verma2814@example.com,+91-90706-85476,1988-05-21,male,"599, Hill View",Kolkata,West Bengal,India,700001,2025-11-01,Gold,true
C002815,Kavya,Bose,kavya.bose2815@example.com,+91-94426-75148,2019-01-10,Female,"452, Hill View",Austin,Texas,United States,78701,2022-10-17,Bronze,Y
C002816,Pooja,Reddy,pooja.reddy2816@example.com,+91-96869-50007,2014-01-31,female,"819, MG Road",Pune,Maharashtra,India,411001,2022-02-04,Gold,No
C002817,Vikram,Jain,vikram.jain2817@example.com,+91-75327-67397,2002-10-10,Other,"660, Park Avenue",Chennai,Tamil Nadu,India,600001,2022-03-28,Gold,Yes
C002818,Lakshmi,Nair,lakshmi.nair2818@example.com,+91-77816-22787,1991-10-29,male,"189, Park Avenue",London,England,United Kingdom,SW1A1AA,2026-05-26,Platinum,Y
C002819,Kabir,Nair,kabir.nair2819@example.com,+91-86704-84688,1982-07-21,O,"446, Hill View",Kolkata,West Bengal,India,700001,2022-11-17,Silver,Yes
C002820,Manoj,Reddy,Manoj.Reddy.invalid,+91-74147-62347,2016-12-06,Other,"261, MG Road",Delhi,Delhi,India,110001,2025-08-18,Bronze,0
C002821,Ira,Chopra,ira.chopra2821@example.com,+91-72225-21258,2006-03-17,female,"282, Station Road",Pune,Maharashtra,India,411001,2026-01-14,Bronze,false
C002822,Rahul,Singh,rahul.singh2822@example.com,+91-87597-79611,1987-10-19,Female,"638, Market Street",Pune,Maharashtra,India,411001,2026-03-16,Platinum,true
C002823,Tara,Nair,tara.nair2823@example.com,+91-98201-40366,1993-08-30,male,"580, Station Road",Seattle,Washington,United States,98101,2023-11-22,Platinum,0
C002824,Aanya,Verma,aanya.verma2824@example.com,+91-76112-58768,1987-07-26,Other,"154, Park Avenue",Toronto,Ontario,Canada,M5H2N2,2023-02-12,Bronze,N
C002825,,Verma,ananya.verma2825@example.com,+91-71659-95035,1992-05-14,M,"738, Station Road",Pune,Maharashtra,India,411001,2022-05-10,Gold,N
C002826,Sanjay,Iyer,sanjay.iyer2826@example.com,+91-74298-21613,1990-06-26,M,"302, Park Avenue",Delhi,Delhi,India,110001,2025-12-16,VIP,true
C002827,Ishaan,Rao,ishaan.rao2827@example.com,+91-99996-83514,1979-08-04,male,"546, Park Avenue",Chennai,Tamil Nadu,India,600001,2026-04-28,Bronze,0
C002828,Zoya,Sharma,zoya.sharma2828@example.com,+91-88497-71409,2009-02-12,female,"596, MG Road",Mumbai,Maharashtra,India,400001,2023-05-19,Gold,Yes
C002829,Manoj,Pillai,manoj.pillai2829@example.com,+91-76566-58342,1983-09-02,O,"460, MG Road",Mumbai,Maharashtra,India,400001,2022-12-05,Platinum,1
C002830,Nisha,Mehta,nisha.mehta2830@example.com,+91-66675-82112,2004-03-02,M,"415, Station Road",Hyderabad,Telangana,India,500001,2024-08-15,Bronze,1
C002831,Diya,Mehta,diya.mehta2831@example.com,+91-79290-78224,1998-04-12,O,"331, MG Road",Kolkata,West Bengal,India,700001,2023-09-10,Platinum,0
C002832,Aanya,Iyer,aanya.iyer2832@example.com,+91-85736-71600,2000-08-16,O,"47, Hill View",Toronto,Ontario,Canada,M5H2N2,2024-08-17,Gold,Yes
C002833,Aanya,Mehta,aanya.mehta2833@example.com,+91-89092-95791,2010-02-09,F,"341, Park Avenue",Seattle,Washington,United States,98101,2025-06-02,Bronze,true
C002834,Kabir,Jain,kabir.jain2834@example.com,+91-64514-29409,1993-09-15,M,"170, Lake Road",Chennai,Tamil Nadu,India,600001,2024-06-13,Platinum,N
C002835,Aditya,Verma,aditya.verma2835@example.com,+91-61407-36187,2001-03-08,male,"257, Park Avenue",Kolkata,West Bengal,India,700001,2025-10-01,Silver,false
C002836,Aarav,Iyer,aarav.iyer2836@example.com,+91-67649-71747,2000-09-08,M,"675, Station Road",Chennai,Tamil Nadu,India,600001,2025-10-15,Silver,Y
C002837,Ishaan,Jain,ishaan.jain2837@example.com,+91-95238-46804,2006-04-13,M,"436, Lake Road",Delhi,Delhi,India,110001,2022-11-20,Bronze,No
C002838,Riya,Joshi,riya.joshi2838@example.com,+91-70854-59718,2001-06-30,Male,"655, Station Road",Kolkata,West Bengal,India,700001,2022-06-27,Gold,N
C002839,Neha,Jain,neha.jain2839@example.com,+91-72163-45985,1998-08-03,M,"675, Hill View",Pune,Maharashtra,India,411001,2024-02-25,Bronze,0
C002840,Ananya,Kapoor,ananya.kapoor2840@example.com,+91-88629-30253,2001-01-19,Female,"985, Market Street",Kolkata,West Bengal,India,700001,2023-01-25,Silver,true
C002841,Zoya,Das,zoya.das2841@example.com,+91-91913-32091,2001-07-05,Other,"982, MG Road",Delhi,Delhi,India,110001,2026-06-05,Gold,true
C002842,Arjun,Singh,arjun.singh2842@example.com,+91-92016-63779,2018-11-08,Other,"263, Market Street",London,England,United Kingdom,SW1A1AA,2026-05-26,Gold,N
C002843,Ishaan,Chopra,ishaan.chopra2843@example.com,+91-75844-82101,1984-08-19,O,"669, Station Road",Mumbai,Maharashtra,India,400001,2024-01-19,Bronze,N
C002844,Dev,Das,dev.das2844@example.com,+91-88725-76661,1991-03-28,O,"724, MG Road",Toronto,Ontario,Canada,M5H2N2,31-02-2025,Bronze,No
C002845,Kiran,Das,kiran.das2845@example.com,+91-98311-55290,1994-05-27,F,"163, Market Street",Hyderabad,Telangana,India,500001,2024-09-23,Gold,N
C002846,Tara,Nair,tara.nair2846@example.com,+91-87661-85995,1978-12-11,M,"979, Station Road",Kochi,Kerala,India,682001,2022-12-03,Gold,1
C002847,Aanya,Singh,aanya.singh2847@example.com,+91-74039-45178,1991-04-19,O,"750, MG Road",Kochi,Kerala,India,682001,2025-07-29,Platinum,false
C002848,Meera,Kapoor,meera.kapoor2848@example.com,+91-86166-81858,1990-05-17,Female,"749, Market Street", AUSTIN ,Texas,United States,78701,2022-01-17,Platinum,true
C002849,Kabir,Gupta,kabir.gupta2849@example.com,+91-65428-95935,1983-04-30,F,"298, MG Road",Kochi,Kerala,India,682001,2024-08-05,Bronze,Yes
C002850,Ishaan,Reddy,ishaan.reddy2850@example.com,+91-61782-81877,2003-01-08,O,"204, MG Road",Bengaluru,Karnataka,India,560001,2024-03-02,Platinum,N
C002851,Ishaan,Singh,ishaan.singh2851@example.com,+91-62428-65571,1990-06-29,O,"168, MG Road",Kolkata,West Bengal,India,700001,2023-03-19,Bronze,Yes
C002852,Arjun,Singh,arjun.singh2852@example.com,+91-78507-55505,2002-11-18,Other,"998, MG Road",Mumbai,Maharashtra,India,400001,2022-07-11,Silver,Y
C002853,Rohan,Iyer,rohan.iyer2853@example.com,+91-65995-67224,1983-06-22,F,"602, Park Avenue",Seattle,Washington,United States,98101,2022-02-05,Silver,N
C002854,Kabir,Singh,kabir.singh2854@example.com,+91-81273-57598,2012-11-15,M,"944, Market Street",Hyderabad,Telangana,India,500001,2023-08-10,Silver,N
C002855,Sanjay,Singh,sanjay.singh2855@example.com,+91-76221-91323,2017-09-15,Female,"355, Hill View",Seattle,Washington,United States,98101,2022-08-03,Platinum,true
C002856,Pooja,Verma,pooja.verma2856@example.com,+91-99655-39593,1980-12-26,male,"464, Market Street",Bengaluru,Karnataka,India,560001,2025-01-26,Gold,Yes
C002857,Maya,Nair,maya.nair2857@example.com,+91-61157-16875,2018-06-02,Other,"784, Park Avenue",Kochi,Kerala,India,682001,2025-12-01,Bronze,Yes
C002858,Priya,Rao,priya.rao2858@example.com,+91-69649-24890,1979-09-22,Male,"266, Market Street",Pune,Maharashtra,India,411001,2023-06-30,Platinum,No
C002859,Tara,Jain,tara.jain2859@example.com,+91-95017-11031,1994-07-30,Female,"83, Market Street",Seattle,Washington,United States,98101,2024-11-16,Gold,1
C002860,Riya,Bose,riya.bose2860@example.com,+91-65590-24178,2012-06-24,O,"683, Station Road",Seattle,Washington,United States,98101,2024-11-09,Platinum,1
C002861,Manoj,Chopra,manoj.chopra2861@example.com,+91-70479-70447,2000-09-25,Male,"530, Park Avenue",Seattle,Washington,United States,98101,2023-09-09,Gold,No
C002862,Aarav,Reddy,aarav.reddy2862@example.com,+91-71439-46292,2011-08-16,M,"547, Lake Road",Chennai,Tamil Nadu,India,600001,2024-06-28,Platinum,No
C002863,Meera,Joshi,meera.joshi2863@example.com,+91-68945-49795,2000-04-16,male,"886, Station Road",Hyderabad,Telangana,India,500001,2024-04-26,Gold,1
C002864,Dev,Singh,dev.singh2864@example.com,+91-81312-77825,2005-03-10,male,"414, Hill View",Pune,Maharashtra,India,411001,2025-11-23,Silver,1
C002865,Dev,Jain,dev.jain2865@example.com,+91-77222-21652,1982-03-14,M,"440, Lake Road",Seattle,Washington,United States,98101,2023-05-08,Silver,Y
C002866,Rohan,Joshi,rohan.joshi2866@example.com,+91-80399-95357,2008-07-07,Female,"980, Station Road",Pune,Maharashtra,India,411001,2022-11-18,Gold,Y
C002867,Kiran,Singh,Kiran.Singh.invalid,ABC123,2011-10-10,M,"788, Station Road",London,England,United Kingdom,SW1A1AA,2023-05-15,Bronze,No
C002868,Kiran,Sharma,kiran.sharma2868@example.com,+91-65799-71727,2005-02-19,male,"749, Hill View",Chennai,Tamil Nadu,India,600001,2026-05-16,Platinum,Yes
C002869,Manoj,Pillai,manoj.pillai2869@example.com,+91-92635-35803,1983-03-22,male,"840, Park Avenue",London,England,United Kingdom,SW1A1AA,2026-02-28,Platinum,true
C002870,Aditya,Das,aditya.das2870@example.com,+91-78937-55353,2002-04-06,Other,"358, MG Road",Chennai,Tamil Nadu,India,600001,2023-11-01,Platinum,0
C002871,Kabir,Reddy,kabir.reddy2871@example.com,+91-60861-37658,1983-12-06,Other,"232, Hill View",Kolkata,West Bengal,India,700001,2023-11-12,Platinum,true
C002872,Pooja,Jain,pooja.jain2872@example.com,+91-76955-51664,2005-08-20,male,"643, Station Road",Kolkata,West Bengal,India,700001,2024-05-07,Silver,true
C002873,Pooja,Bose,pooja.bose2873@example.com,+91-83328-49028,1985-06-17,O,"943, Market Street",Delhi,Delhi,India,110001,2024-06-26,Platinum,1
C002874,Manoj,Rao,manoj.rao2874@example.com,+91-64818-79294,1981-06-27,O,"625, Lake Road",Toronto,Ontario,Canada,M5H2N2,2024-03-25,Silver,No
C002875,Riya,Iyer,riya.iyer2875@example.com,+91-64889-73338,1978-01-07,male,"845, Lake Road",Seattle,Washington,United States,98101,2022-10-22,Bronze,N
C002876,Dev,Verma,dev.verma2876@example.com,+91-89425-81806,2017-12-08,O,"300, Lake Road",Toronto,Ontario,Canada,M5H2N2,2022-12-15,Platinum,false
C002877,Rahul,Kapoor,rahul.kapoor2877@example.com,+91-95194-82756,2004-10-15,Male,"399, Market Street",Toronto,Ontario,Canada,M5H2N2,2026-05-29,Silver,true
C002878,Nisha,Menon,nisha.menon2878@example.com,+91-83395-34053,2016-07-29,M,"769, Station Road",Seattle,Washington,United States,98101,2024-12-30,Bronze,0
C002879,Tara,Iyer,tara.iyer2879@example.com,+91-98086-43106,2004-06-04,Male,"455, Lake Road",Kochi,Kerala,India,682001,2026-02-16,Silver,1
C002880,Akash,Rao,akash.rao2880@example.com,+91-65961-99185,2018-06-15,F,"541, Market Street",Delhi,Delhi,India,110001,2025-04-16,Silver,true
C002881,Aarav,Sharma,aarav.sharma2881@example.com,+91-76786-84237,1986-05-27,female,"560, Market Street",London,England,United Kingdom,SW1A1AA,2024-12-19,Gold,false
C002882,Maya,Shah,maya.shah2882@example.com,+91-60175-63157,1997-05-08,female,"7, MG Road",Pune,Maharashtra,India,??,2024-10-01,Bronze,No
C002883,Vikram,Chopra,vikram.chopra2883@example.com,+91-98241-95541,1997-01-16,Other,"644, Hill View",Seattle,Washington,United States,98101,2024-09-18,Gold,N
C002884,Ira,Joshi,ira.joshi2884@example.com,+91-98820-43418,1993-03-23,Female,"740, MG Road",Kolkata,West Bengal,India,700001,2025-07-02,Silver,false
C002885,Arjun,Rao,arjun.rao2885@example.com,+91-92895-81321,1993-03-26,M,"120, Lake Road",Kolkata,West Bengal,India,700001,2023-01-21,Gold,N
C002886,Manoj,Bose,manoj.bose2886@example.com,+91-66247-43044,1986-06-22,Male,"454, Park Avenue",Austin,Texas,United States,78701,2024-05-09,Gold,No
C002887,Meera,Das,meera.das2887@example.com,+91-76439-31325,1985-07-14,Male,"709, Hill View",Bengaluru,Karnataka,India,560001,2024-03-15,Silver,Yes
C002888,Neha,Patel,neha.patel2888@example.com,+91-93828-99422,1981-08-10,female,"472, Lake Road",Hyderabad,Telangana,India,500001,2026-06-20,Silver,N
C002889,Meera,Nair,meera.nair2889@example.com,+91-81344-46247,1991-04-10,M,"458, Hill View",Chennai,Tamil Nadu,India,600001,2023-09-10,Silver,1
C002890,Kiran,Gupta,kiran.gupta2890@example.com,+91-61184-44523,1986-04-01,Other,"456, Hill View",Delhi,Delhi,India,110001,2022-06-10,Silver,Y
C002891,Diya,Pillai,diya.pillai2891@example.com,+91-79242-44312,1997-07-08,Female,"922, Market Street",Austin,Texas,United States,78701,2024-07-23,Platinum,1
C002892,Varun,Kumar,varun.kumar2892@example.com,+91-64424-42405,2004-01-30,male,"862, Market Street",Seattle,Washington,United States,98101,2024-07-23,Gold,N
C002893,Aarav,Kapoor,aarav.kapoor2893@example.com,+91-73728-30715,2000-04-16,female,"260, Lake Road",London,England,United Kingdom,SW1A1AA,2026-02-27,Gold,Y
C002894,Dev,Iyer,dev.iyer2894@example.com,+91-64722-35611,1982-12-09,Female,"166, Lake Road",London,England,United Kingdom,SW1A1AA,2024-01-17,Bronze,0
C002895,Varun,Kapoor,varun.kapoor2895@example.com,+91-64271-79484,2010-04-03,Male,"25, Lake Road",Seattle,Washington,United States,98101,2025-07-21,Gold,false
C002896,Vikram,Chopra,vikram.chopra2896@example.com,+91-90930-93583,1988-04-17,M,"427, Hill View",Toronto,Ontario,Canada,M5H2N2,2024-06-28,Gold,N
C002897,Manoj,Menon,manoj.menon2897@example.com,+91-87651-63459,1993-04-17,M,"181, MG Road",Hyderabad,Telangana,India,500001,2025-11-24,Silver,true
C002898,Kiran,Joshi,kiran.joshi2898@example.com,+91-95724-57279,1988-03-17,F,"576, Lake Road",Mumbai,Maharashtra,India,400001,2024-02-23,Silver,N
C002899,Ananya,Singh,ananya.singh2899@example.com,+91-70750-83321,2013-06-23,female,"344, Lake Road",Seattle,Washington,United States,98101,2025-02-20,Platinum,1
C002900,Kavya,Singh,kavya.singh2900@example.com,+91-86596-98535,1996-09-02,M,"723, MG Road",Toronto,Ontario,Canada,M5H2N2,2026-01-21,Silver,N
C002901,Kiran,Gupta,kiran.gupta2901@example.com,+91-89406-50574,2002-08-18,Female,"954, Station Road",Kochi,Kerala,India,682001,2023-10-28,Gold,Yes
C002902,Aarav,Joshi,aarav.joshi2902@example.com,+91-95810-69812,1990-09-16,Female,"818, Hill View",Austin,Texas,United States,78701,2022-03-01,Platinum,false
C002903,Ananya,Reddy,ananya.reddy2903@example.com,+91-73580-29351,1992-03-25,female,"259, Station Road",London,England,United Kingdom,SW1A1AA,2025-06-21,Platinum,true
C002904,Arjun,Chopra,arjun.chopra2904@example.com,+91-99266-76226,2004-05-02,F,"882, MG Road",Delhi,Delhi,India,110001,2023-07-17,Silver,Y
C002905,Rahul,Rao,rahul.rao2905@example.com,+91-63933-52831,2005-10-16,Male,"513, Hill View",Delhi,Delhi,India,110001,2023-11-26,Gold,false
C002906,Manoj,Joshi,manoj.joshi2906@example.com,+91-80037-72069,2010-01-26,Other,"832, MG Road",Seattle,Washington,United States,98101,2023-01-04,Silver,N
C002907,Rahul,Singh,rahul.singh2907@example.com,+91-74341-46430,2004-12-22,F,"405, Market Street",Hyderabad,Telangana,India,500001,2023-08-26,Gold,false
C002908,Pooja,Mehta,pooja.mehta2908@example.com,+91-70557-56826,1993-09-27,Male,"342, MG Road",Chennai,Tamil Nadu,India,600001,2023-10-15,Silver,No
C002909,Neha,Kumar,neha.kumar2909@example.com,+91-90957-36371,2004-07-27,Other,"922, Park Avenue",Mumbai,Maharashtra,India,400001,2023-04-17,Bronze,Yes
C002910,Ira,Chopra,ira.chopra2910@example.com,+91-89774-47410,2001-07-06,Other,"887, Lake Road",Kochi,Kerala,U.S.A.,682001,2023-09-17,Gold,1
C002911,Aditya,Kumar,aditya.kumar2911@example.com,+91-97085-94298,1998-11-11,Other,"15, Hill View",London,England,United Kingdom,SW1A1AA,2024-07-02,Silver,1
C002912,Aditya,Mehta,aditya.mehta2912@example.com,+91-68542-87630,1979-08-07,M,"420, Market Street",Toronto,Ontario,Canada,M5H2N2,2023-03-29,Platinum,N
C002913,Rohan,Reddy,rohan.reddy2913@example.com,+91-87127-53492,1983-01-17,M,"708, Market Street",Toronto,Ontario,Canada,M5H2N2,2023-05-22,Silver,Yes
C002914,Akash,Menon,Akash.Menon.invalid,+91-92552-93376,2006-05-15,Male,"951, Park Avenue",Hyderabad,Telangana,India,500001,2022-02-06,Silver,0
C002915,Riya,Joshi,riya.joshi2915@example.com,+91-88537-75303,2013-05-13,O,"5, Market Street",Austin,Texas,United States,78701,2023-12-02,Bronze,No
C002916,Kiran,Sharma,kiran.sharma2916@example.com,+91-80752-40839,1981-07-09,male,"43, Park Avenue",Chennai,Tamil Nadu,India,600001,2024-06-14,Gold,false
C002917,Tara,Bose,tara.bose2917@example.com,+91-72256-96884,1981-03-19,F,"556, MG Road",Bengaluru,Karnataka,India,560001,2026-01-21,Platinum,true
C002918,Neha,Mehta,neha.mehta2918@example.com,+91-71957-72380,1980-06-19,M,"633, Market Street",Bengaluru,Karnataka,India,560001,2022-05-07,Gold,Y
C002919,Ira,Bose,ira.bose2919@example.com,+91-65111-44485,2014-08-08,Other,"799, Hill View",Bengaluru,Karnataka,India,560001,2023-11-04,Silver,N
C002920,Aditya,Chopra,aditya.chopra2920@example.com,+91-61759-94465,1987-01-02,O,"151, MG Road",Chennai,Tamil Nadu,India,600001,2024-06-11,Gold,Y
C002921,Kabir,Shah,kabir.shah2921@example.com,+91-76155-91234,1984-08-15,Female,"751, Park Avenue",Chennai,Tamil Nadu,India,600001,2025-03-10,Platinum,No
C002922,Ishaan,Chopra,ishaan.chopra2922@example.com,+91-65590-94696,1985-10-17,female,"274, Lake Road",Kolkata,West Bengal,India,700001,2023-06-27,Gold,Y
C002923,Sneha,Bose,sneha.bose2923@example.com,+91-72767-18043,1984-04-01,male,"75, Station Road",Hyderabad,Telangana,India,500001,31-02-2025,Silver,No
C002924,Neha,Nair,neha.nair2924@example.com,+91-96511-16604,2000-08-29,F,"622, Station Road",Kochi,Kerala,India,682001,2024-04-03,Platinum,0
C002925,Lakshmi,Jain,lakshmi.jain2925@example.com,+91-98677-60773,2009-04-10,Male,"918, Market Street",Chennai,Tamil Nadu,India,600001,2026-06-14,Platinum,N
C002926,Pooja,Kumar,pooja.kumar2926@example.com,+91-99337-54421,1995-01-04,O,"132, Park Avenue",Bengaluru,Karnataka,India,560001,2025-04-18,Bronze,true
C002927,Riya,Singh,riya.singh2927@example.com,+91-84228-44616,2017-10-10,M,"751, MG Road",Kolkata,West Bengal,India,700001,2022-09-14,Silver,1
C002928,Kabir,Kumar,kabir.kumar2928@example.com,ABC123,1984-09-16,female,"396, Market Street",Chennai,Tamil Nadu,India,600001,2025-08-02,Gold,Y
C002929,Maya,Patel,maya.patel2929@example.com,+91-75731-59432,2011-08-14,female,"52, Park Avenue",Austin,Texas,United States,78701,2025-04-21,Gold,false
C002930,Kabir,Mehta,kabir.mehta2930@example.com,+91-70482-88020,1983-07-20,F,"202, Market Street",Toronto,Ontario,Canada,M5H2N2,2022-12-24,Platinum,false
C002931,Pooja,Singh,pooja.singh2931@example.com,+91-70022-56074,1992-09-30,M,"833, Market Street",Kochi,Kerala,India,682001,2024-10-23,Gold,0
C002932,Ananya,Shah,ananya.shah2932@example.com,+91-70862-98285,2004-09-28,Male,"182, Market Street",Kolkata,West Bengal,India,700001,2026-04-18,Silver,No
C002933,Pooja,Kumar,pooja.kumar2933@example.com,+91-62496-74983,2009-01-20,M,"627, Lake Road",Hyderabad,Telangana,India,500001,2024-09-08,Platinum,N
C002934,Vikram,Sharma,vikram.sharma2934@example.com,+91-61787-53403,2008-11-24,male,"173, Market Street",Chennai,Tamil Nadu,India,600001,2023-04-07,Gold,Yes
C002935,Rahul,Kapoor,rahul.kapoor2935@example.com,+91-94756-54060,1986-12-20,F,"588, MG Road",London,England,United Kingdom,SW1A1AA,2026-03-28,Platinum,1
C002936,Meera,Patel,meera.patel2936@example.com,+91-83357-68883,2011-10-31,Other,"191, Lake Road",Kolkata,West Bengal,India,700001,2024-02-27,Gold,true
C002937,Kabir,Shah,kabir.shah2937@example.com,+91-63808-73321,1991-01-14,O,"70, Lake Road", LONDON ,England,United Kingdom,SW1A1AA,2024-01-12,Bronze,0
C002938,,Verma,kiran.verma2938@example.com,+91-84812-20295,1989-07-18,male,"242, Hill View",Austin,Texas,United States,78701,2026-06-22,Platinum,Yes
C002939,Priya,Sharma,priya.sharma2939@example.com,+91-76944-81748,2007-05-10,Female,"662, MG Road",Kolkata,West Bengal,India,700001,2023-01-21,Gold,true
C002940,Vikram,Patel,vikram.patel2940@example.com,+91-75261-63523,2016-09-29,male,"858, Park Avenue",Mumbai,Maharashtra,India,400001,2025-05-02,Silver,true
BAD2941,Ira,Singh,ira.singh2941@example.com,+91-81184-45446,2001-04-04,O,"364, Market Street",Bengaluru,Karnataka,India,560001,2025-06-27,Platinum,false
C002942,Aanya,Shah,aanya.shah2942@example.com,+91-64106-15851,1999-01-13,Male,"536, Station Road",Chennai,Tamil Nadu,India,600001,2024-12-14,Platinum,Y
C002943,Sneha,Menon,sneha.menon2943@example.com,+91-78185-48851,1980-01-12,female,"330, Station Road",Hyderabad,Telangana,India,500001,2022-03-22,Bronze,Y
C002944,Varun,Verma,varun.verma2944@example.com,+91-87771-92731,1995-03-07,Female,"883, Lake Road",Seattle,Washington,United States,98101,2023-06-18,Platinum,Yes
C002945,Neha,Chopra,neha.chopra2945@example.com,+91-88831-40805,2010-11-14,F,"242, Hill View",Chennai,Tamil Nadu,India,600001,2026-01-05,Silver,Y
C002946,Meera,Gupta,meera.gupta2946@example.com,+91-62278-18862,1999-04-15,Female,"332, Hill View",Toronto,Ontario,Canada,M5H2N2,2022-06-23,Gold,Yes
C002947,Riya,Jain,riya.jain2947@example.com,+91-97044-29615,2009-10-15,Male,"359, Hill View",Hyderabad,Telangana,India,500001,2023-09-19,Silver,true
C002948,Aarav,Nair,aarav.nair2948@example.com,+91-96520-57900,1995-05-25,female,"381, Station Road",Bengaluru,Karnataka,India,560001,2022-08-13,Platinum,N
C002949,Kiran,Verma,kiran.verma2949@example.com,+91-89424-13018,1996-06-13,Male,"946, Station Road",Toronto,Ontario,Canada,M5H2N2,2024-07-06,Silver,true
C002950,Ishaan,Shah,ishaan.shah2950@example.com,+91-61269-87856,1983-03-04,Male,"153, MG Road",Mumbai,Maharashtra,India,400001,2022-12-29,Bronze,Y
C002951,Dev,Chopra,dev.chopra2951@example.com,+91-98852-76439,1981-11-02,Male,"338, Market Street",Seattle,Washington,United States,98101,2026-03-11,Gold,No
C002952,Rohan,Das,rohan.das2952@example.com,+91-72001-43270,2009-03-14,Other,"303, Hill View",Bengaluru,Karnataka,India,560001,2024-12-28,Silver,false
C002953,Dev,Gupta,dev.gupta2953@example.com,+91-88330-14076,1986-11-17,female,"915, Lake Road",Pune,Maharashtra,India,411001,2022-11-03,Silver,1
C002954,Riya,Rao,riya.rao2954@example.com,+91-91908-81743,2019-12-05,O,"546, Lake Road",Bengaluru,Karnataka,India,560001,2022-09-30,Platinum,0
C002955,Neha,Patel,neha.patel2955@example.com,+91-83114-19187,2007-07-25,Male,"883, Station Road",London,England,United Kingdom,SW1A1AA,2025-01-14,Silver,N
C002956,Ananya,Gupta,ananya.gupta2956@example.com,+91-96019-80475,2012-10-17,female,"383, Park Avenue",Mumbai,Maharashtra,India,400001,2024-11-15,Gold,Y
C002957,Meera,Chopra,meera.chopra2957@example.com,+91-75639-70928,2016-07-11,O,"980, Station Road",Kolkata,West Bengal,India,700001,2022-07-24,Platinum,Y
C002958,Priya,Kapoor,priya.kapoor2958@example.com,+91-69769-85217,2000-02-13,Male,"89, Market Street",Hyderabad,Telangana,India,500001,2025-05-10,Silver,No
C002959,Kavya,Iyer,kavya.iyer2959@example.com,+91-92382-98080,2014-12-25,M,"906, MG Road",Kochi,Kerala,India,682001,2022-01-14,Gold,0
C002960,Zoya,Sharma,zoya.sharma2960@example.com,+91-92113-55515,2009-12-19,O,"747, Market Street",Seattle,Washington,United States,98101,2025-09-13,Silver,1
C002961,Dev,Kumar,Dev.Kumar.invalid,+91-73810-59636,1985-07-22,F,"243, Station Road",Mumbai,Maharashtra,India,400001,2024-06-20,Gold,1
C002962,Lakshmi,Shah,lakshmi.shah2962@example.com,+91-65892-96579,1984-07-15,Other,"166, Hill View",Kolkata,West Bengal,India,700001,2023-04-09,Platinum,true
C002963,Zoya,Reddy,zoya.reddy2963@example.com,+91-90719-22781,1978-05-13,F,"440, Market Street",Austin,Texas,United States,78701,2026-03-02,Platinum,0
C002964,Ira,Verma,ira.verma2964@example.com,+91-73176-70275,1986-12-11,Male,"762, Park Avenue",Hyderabad,Telangana,India,500001,2024-06-28,Silver,1
C002965,Neha,Joshi,neha.joshi2965@example.com,+91-99631-72631,2017-07-28,F,"951, Station Road",Bengaluru,Karnataka,India,560001,2024-06-15,Silver,true
C002966,Riya,Mehta,riya.mehta2966@example.com,+91-80011-15722,2006-03-07,Male,"454, Park Avenue",Hyderabad,Telangana,India,500001,2025-01-18,Bronze,0
C002967,Aditya,Menon,aditya.menon2967@example.com,+91-67880-64043,2012-08-05,female,"48, Hill View",London,England,United Kingdom,SW1A1AA,2025-06-02,Platinum,0
C002968,Neha,Joshi,neha.joshi2968@example.com,+91-88767-26653,2010-12-06,F,"608, Lake Road",Bengaluru,Karnataka,India,560001,2024-12-16,Bronze,1
C002969,Neha,Kapoor,neha.kapoor2969@example.com,+91-73620-46126,2008-09-10,Other,"55, MG Road",Bengaluru,Karnataka,India,560001,2023-01-02,Silver,Y
C002970,Pooja,Pillai,pooja.pillai2970@example.com,+91-90440-51825,2007-01-30,male,"287, Park Avenue",Hyderabad,Telangana,India,500001,2026-03-15,Bronze,0
C002971,Arjun,Menon,arjun.menon2971@example.com,+91-97593-74599,1990-08-02,Male,"642, Market Street",Pune,Maharashtra,India,411001,2024-12-10,Gold,N
C002972,Meera,Reddy,meera.reddy2972@example.com,+91-67450-35646,2005-02-15,M,"142, Hill View",Chennai,Tamil Nadu,India,600001,2023-06-17,Gold,0
C002973,Ira,Shah,ira.shah2973@example.com,+91-78295-54435,1992-04-13,O,"520, Market Street",Kochi,Kerala,India,682001,2025-09-01,Bronze,No
C002974,Zoya,Nair,zoya.nair2974@example.com,+91-66036-66342,1987-11-02,male,"614, Hill View",Toronto,Ontario,Canada,M5H2N2,2026-01-14,Gold,0
C002975,Ananya,Pillai,ananya.pillai2975@example.com,+91-84252-32058,1981-04-12,Male,"748, MG Road",Toronto,Ontario,Canada,M5H2N2,2024-09-14,Platinum,1
C002976,Ishaan,Nair,ishaan.nair2976@example.com,+91-67984-77537,2016-11-14,F,"417, Hill View",Chennai,Tamil Nadu,India,600001,2024-07-30,Gold,true
C002977,Kavya,Patel,kavya.patel2977@example.com,+91-73260-66224,1983-12-07,male,"711, Station Road",Pune,Maharashtra,India,411001,2025-08-31,Silver,No
C002978,Riya,Menon,riya.menon2978@example.com,+91-97397-50625,1980-10-07,female,"216, Hill View",London,England,United Kingdom,SW1A1AA,2024-07-28,Platinum,true
C002979,Arjun,Menon,arjun.menon2979@example.com,+91-94368-60279,2014-07-16,Male,"929, MG Road",London,England,United Kingdom,SW1A1AA,2025-11-30,Bronze,true
C002980,Aarav,Kumar,aarav.kumar2980@example.com,+91-81585-97925,2001-06-05,F,"446, Station Road",Delhi,Delhi,India,110001,2025-10-30,Silver,N
C002981,Pooja,Sharma,pooja.sharma2981@example.com,+91-71929-24842,2008-08-19,F,"381, Market Street",Bengaluru,Karnataka,India,560001,2025-05-13,Platinum,Y
C002982,Rahul,Bose,rahul.bose2982@example.com,+91-64843-41969,1999-04-09,Other,"391, MG Road",Hyderabad,Telangana,India,500001,2022-03-04,Bronze,Y
C002983,Varun,Reddy,varun.reddy2983@example.com,+91-87750-68737,2005-09-09,male,"419, Park Avenue",Kochi,Kerala,India,682001,2024-01-23,VIP,1
C002984,Vikram,Menon,vikram.menon2984@example.com,+91-93104-68183,2014-04-23,male,"96, Market Street",Chennai,Tamil Nadu,India,600001,2023-01-17,Gold,N
C002985,Ira,Sharma,ira.sharma2985@example.com,+91-98302-21956,2008-11-12,male,"826, Hill View",Kolkata,West Bengal,India,700001,2023-06-09,Bronze,N
C002986,Varun,Jain,varun.jain2986@example.com,+91-94054-22753,2018-11-21,Male,"384, MG Road",Hyderabad,Telangana,India,500001,2023-03-14,Bronze,false
C002987,Ishaan,Kapoor,ishaan.kapoor2987@example.com,+91-99236-68126,2000-03-10,O,"24, Park Avenue",Hyderabad,Telangana,India,500001,2022-06-02,Gold,N
C002988,Tara,Jain,tara.jain2988@example.com,+91-69741-84783,2015-08-29,Female,"125, Station Road",London,England,United Kingdom,SW1A1AA,2024-02-19,Bronze,Yes
C002989,Pooja,Verma,pooja.verma2989@example.com,ABC123,1997-08-02,male,"545, Market Street",Chennai,Tamil Nadu,India,600001,2025-11-18,Gold,1
C002990,Diya,Das,diya.das2990@example.com,+91-74156-70946,1984-01-17,Female,"363, Park Avenue",Bengaluru,Karnataka,India,560001,2022-02-04,Silver,false
C002991,Arjun,Bose,arjun.bose2991@example.com,+91-97762-31128,1994-12-15,Female,"202, Hill View",Delhi,Delhi,India,110001,2022-01-02,Silver,0
C002992,Vikram,Patel,vikram.patel2992@example.com,+91-69635-89998,2006-05-24,Male,"108, Hill View",Delhi,Delhi,India,110001,2025-07-12,Platinum,No
C002993,Lakshmi,Kumar,lakshmi.kumar2993@example.com,+91-99438-84193,1996-12-29,male,"463, Market Street",Toronto,Ontario,Canada,M5H2N2,2026-01-13,Gold,No
C002994,Ira,Bose,ira.bose2994@example.com,+91-94864-96595,1984-09-19,M,"529, Park Avenue",Kolkata,West Bengal,India,700001,2025-04-22,Silver,0
C002995,Priya,Kapoor,priya.kapoor2995@example.com,+91-68838-61187,2014-05-25,male,"649, Market Street",Austin,Texas,United States,78701,2022-07-26,Bronze,No
C002996,Riya,Gupta,riya.gupta2996@example.com,+91-93648-56317,1995-11-12,F,"449, MG Road",Austin,Texas,United States,78701,2022-07-21,Bronze,No
C002997,Ananya,Pillai,ananya.pillai2997@example.com,+91-63121-94812,1989-06-24,Other,"564, Lake Road",Austin,Texas,United States,78701,2024-04-14,Bronze,Y
C002998,Vikram,Shah,vikram.shah2998@example.com,+91-62037-56224,1986-03-18,Male,"560, Station Road",London,England,United Kingdom,SW1A1AA,2024-12-28,Platinum,1
C002999,Akash,Bose,akash.bose2999@example.com,+91-92345-40546,1989-06-28,M,"213, Station Road",Seattle,Washington,United States,98101,2024-03-05,Gold,1
C003000,Sanjay,Nair,sanjay.nair3000@example.com,+91-63943-73310,1996-10-19,female,"971, Park Avenue",Austin,Texas,United States,78701,2024-05-19,Platinum,Y
C003001,Akash,Shah,akash.shah3001@example.com,+91-73601-93663,1980-07-31,female,"129, Hill View",Toronto,Ontario,Canada,M5H2N2,2024-02-10,Bronze,0
C003002,Nisha,Bose,nisha.bose3002@example.com,+91-61447-55600,1988-06-30,O,"636, Station Road",London,England,United Kingdom,SW1A1AA,31-02-2025,Silver,true
C003003,Ishaan,Pillai,ishaan.pillai3003@example.com,+91-71290-75616,2019-08-31,Male,"405, Station Road",Kochi,Kerala,India,682001,2025-08-08,Platinum,1
C003004,Ishaan,Bose,ishaan.bose3004@example.com,+91-63372-61812,1987-04-04,female,"344, Park Avenue",Kolkata,West Bengal,India,700001,2023-02-28,Bronze,true
C003005,Vikram,Singh,vikram.singh3005@example.com,+91-84336-28249,1979-07-22,Male,"61, Station Road",Austin,Texas,United States,78701,2023-08-31,Gold,No
C003006,Meera,Gupta,meera.gupta3006@example.com,+91-69095-63913,2009-02-02,Other,"980, Hill View",Kochi,Kerala,India,682001,2024-05-30,Gold,Y
C003007,Nisha,Singh,nisha.singh3007@example.com,+91-97325-28259,1980-09-11,Female,"573, MG Road",Delhi,Delhi,U.S.A.,110001,2024-04-23,Silver,1
C003008,Ananya,Nair,Ananya.Nair.invalid,+91-83295-84485,2007-05-24,Other,"796, MG Road",Chennai,Tamil Nadu,India,600001,2023-09-15,Bronze,Yes
C003009,Aditya,Kumar,aditya.kumar3009@example.com,+91-96215-96592,2013-02-02,Female,"970, Market Street",Mumbai,Maharashtra,India,400001,2022-11-26,Silver,N
C003010,Pooja,Bose,pooja.bose3010@example.com,+91-63017-43769,1982-09-24,female,"657, Station Road",Austin,Texas,United States,78701,2026-01-05,Gold,true
C003011,Sneha,Joshi,sneha.joshi3011@example.com,+91-90373-52633,2016-09-15,male,"592, Park Avenue",Hyderabad,Telangana,India,500001,2024-12-31,Gold,1
C003012,Meera,Kumar,meera.kumar3012@example.com,+91-77931-96147,1991-10-08,M,"156, Station Road",Mumbai,Maharashtra,India,400001,2024-11-21,Silver,false
C003013,Ira,Patel,ira.patel3013@example.com,+91-64322-74834,2002-04-07,Female,"93, MG Road",Toronto,Ontario,Canada,??,2026-01-06,Gold,Y
C003014,Riya,Singh,riya.singh3014@example.com,+91-88249-53476,1985-09-24,Male,"725, Market Street",Delhi,Delhi,India,110001,2024-09-18,Bronze,Y
C003015,Varun,Kapoor,varun.kapoor3015@example.com,+91-65594-29109,2011-12-02,female,"23, Lake Road",Hyderabad,Telangana,India,500001,2025-10-06,Platinum,Y
C003016,Kiran,Kapoor,kiran.kapoor3016@example.com,+91-94343-65028,1987-01-16,F,"72, Lake Road",Pune,Maharashtra,India,411001,2025-09-19,Silver,Y
C003017,Nisha,Das,nisha.das3017@example.com,+91-82181-51142,2009-01-29,female,"843, MG Road",Seattle,Washington,United States,98101,2022-11-28,Platinum,Y
C003018,Sneha,Sharma,sneha.sharma3018@example.com,+91-86130-54059,2004-10-31,Other,"279, Market Street",Austin,Texas,United States,78701,2022-01-30,Silver,Y
C003019,Kiran,Jain,kiran.jain3019@example.com,+91-91763-18793,1992-11-16,F,"135, Hill View",Pune,Maharashtra,India,411001,2022-09-20,Bronze,0
C003020,Aanya,Jain,aanya.jain3020@example.com,+91-78104-24184,1978-02-10,Other,"16, Hill View",Kochi,Kerala,India,682001,2022-12-26,Bronze,1
C003021,Lakshmi,Verma,lakshmi.verma3021@example.com,+91-96695-58527,1997-03-27,female,"637, Station Road",Kochi,Kerala,India,682001,2024-09-21,Platinum,Y
C003022,Priya,Kumar,priya.kumar3022@example.com,+91-91654-47669,1980-05-18,Female,"525, Lake Road",Bengaluru,Karnataka,India,560001,2022-07-12,Gold,false
C003023,Riya,Menon,riya.menon3023@example.com,+91-64462-24422,2001-07-02,Other,"746, Station Road",Kolkata,West Bengal,India,700001,2024-09-27,Silver,Yes
C003024,Meera,Bose,meera.bose3024@example.com,+91-86184-77053,1978-12-29,female,"305, Lake Road",Kochi,Kerala,India,682001,2025-12-07,Silver,1
C003025,Ishaan,Jain,ishaan.jain3025@example.com,+91-80939-47740,1999-03-30,O,"265, Station Road",Hyderabad,Telangana,India,500001,2024-04-25,Bronze,Yes
C003026,Akash,Chopra,akash.chopra3026@example.com,+91-88024-34025,1997-08-15,male,"925, Park Avenue", BENGALURU ,Karnataka,India,560001,2025-07-09,Bronze,false
C003027,Tara,Kumar,tara.kumar3027@example.com,+91-93276-74715,1994-10-12,F,"876, Station Road",Bengaluru,Karnataka,India,560001,2026-04-20,Bronze,No
C003028,Rohan,Mehta,rohan.mehta3028@example.com,+91-79047-31339,2007-06-14,male,"933, Park Avenue",London,England,United Kingdom,SW1A1AA,2025-10-16,Platinum,0
C003029,Aanya,Rao,aanya.rao3029@example.com,+91-87502-12778,2008-03-29,male,"228, Park Avenue",London,England,United Kingdom,SW1A1AA,2023-09-06,Gold,N
C003030,Nisha,Nair,nisha.nair3030@example.com,+91-60223-80586,2001-05-21,O,"197, Lake Road",Kochi,Kerala,India,682001,2022-11-11,Gold,No
C003031,Nisha,Joshi,nisha.joshi3031@example.com,+91-89836-20653,1983-10-20,F,"689, Lake Road",Mumbai,Maharashtra,India,400001,2024-05-22,Silver,0
C003032,Ananya,Singh,ananya.singh3032@example.com,+91-66987-16424,1980-02-24,F,"326, Park Avenue",Hyderabad,Telangana,India,500001,2022-11-30,Platinum,0
C003033,Rahul,Das,rahul.das3033@example.com,+91-86781-87062,2000-12-31,Other,"711, Lake Road",Pune,Maharashtra,India,411001,2026-06-15,Bronze,1
C003034,Meera,Das,meera.das3034@example.com,+91-94592-52942,1984-11-11,male,"473, Market Street",Hyderabad,Telangana,India,500001,2023-06-07,Bronze,false
C003035,Varun,Kumar,varun.kumar3035@example.com,+91-85333-99571,1978-10-21,female,"376, MG Road",Kolkata,West Bengal,India,700001,2025-09-08,Platinum,1
C003036,Ananya,Sharma,ananya.sharma3036@example.com,+91-86751-17645,2015-04-08,male,"585, Hill View",Toronto,Ontario,Canada,M5H2N2,2022-02-15,Gold,true
C003037,Pooja,Gupta,pooja.gupta3037@example.com,+91-72614-23311,1990-06-12,female,"31, Station Road",Bengaluru,Karnataka,India,560001,2022-09-20,Platinum,0
C003038,Sanjay,Sharma,sanjay.sharma3038@example.com,+91-89623-34677,2006-01-17,Other,"621, MG Road",Mumbai,Maharashtra,India,400001,2025-01-29,Platinum,true
C003039,Ira,Bose,ira.bose3039@example.com,+91-95147-95513,2004-08-13,M,"829, Market Street",Seattle,Washington,United States,98101,2024-05-22,Gold,N
C003040,Tara,Gupta,tara.gupta3040@example.com,+91-68652-43967,1999-04-12,Other,"348, Hill View",Chennai,Tamil Nadu,India,600001,2025-05-24,Gold,No
C003041,Vikram,Bose,vikram.bose3041@example.com,+91-85935-84746,2000-10-22,Other,"842, MG Road",Chennai,Tamil Nadu,India,600001,2022-03-17,Platinum,Yes
C003042,Manoj,Das,manoj.das3042@example.com,+91-88567-82214,2000-07-12,Other,"827, Station Road",Austin,Texas,United States,78701,2025-10-16,Platinum,0
C003043,Varun,Nair,varun.nair3043@example.com,+91-67930-82916,2015-07-21,M,"267, Market Street",Hyderabad,Telangana,India,500001,2022-11-12,Platinum,false
C003044,Lakshmi,Iyer,lakshmi.iyer3044@example.com,+91-81551-50700,2010-07-30,F,"652, MG Road",Chennai,Tamil Nadu,India,600001,2026-06-01,Platinum,Yes
C003045,Tara,Sharma,tara.sharma3045@example.com,+91-94411-42177,1992-12-10,Male,"971, Lake Road",Chennai,Tamil Nadu,India,600001,2025-10-10,Silver,1
C003046,Aditya,Iyer,aditya.iyer3046@example.com,+91-91541-16958,1998-10-01,Female,"60, MG Road",Kochi,Kerala,India,682001,2022-04-11,Silver,Yes
C003047,Kiran,Pillai,kiran.pillai3047@example.com,+91-71553-76114,2001-12-17,O,"267, Market Street",Delhi,Delhi,India,110001,2022-01-22,Gold,N
C003048,Tara,Kapoor,tara.kapoor3048@example.com,+91-71581-24701,1981-10-17,M,"282, Lake Road",Kolkata,West Bengal,India,700001,2026-06-18,Platinum,0
C003049,Neha,Sharma,neha.sharma3049@example.com,+91-62489-15869,2000-09-04,Other,"970, MG Road",Austin,Texas,United States,78701,2024-02-16,Silver,false
C003050,Ishaan,Mehta,ishaan.mehta3050@example.com,ABC123,1998-09-04,F,"440, Station Road",Delhi,Delhi,India,110001,2025-12-09,Silver,false
C003051,,Mehta,nisha.mehta3051@example.com,+91-89628-18732,2003-03-24,female,"215, Hill View",Hyderabad,Telangana,India,500001,2023-08-08,Silver,N
C003052,Kavya,Joshi,kavya.joshi3052@example.com,+91-68700-72659,1986-03-04,male,"738, Hill View",Mumbai,Maharashtra,India,400001,2026-06-11,Platinum,0
C003053,Sneha,Rao,sneha.rao3053@example.com,+91-71024-87845,1996-10-30,Female,"117, Station Road",Toronto,Ontario,Canada,M5H2N2,2022-01-18,Silver,false
C003054,Ishaan,Shah,ishaan.shah3054@example.com,+91-82407-37871,1996-08-30,M,"261, Station Road",Mumbai,Maharashtra,India,400001,2022-02-24,Silver,Y
C003055,Meera,Bose,Meera.Bose.invalid,+91-79955-97253,1993-02-11,M,"695, Park Avenue",Mumbai,Maharashtra,India,400001,2023-12-10,Platinum,1
C003056,Rahul,Gupta,rahul.gupta3056@example.com,+91-75017-48865,1998-08-02,Male,"966, Lake Road",London,England,United Kingdom,SW1A1AA,2025-07-13,Gold,Y
C003057,Kiran,Patel,kiran.patel3057@example.com,+91-62295-78963,1995-11-12,Male,"252, Park Avenue",Delhi,Delhi,India,110001,2024-08-04,Platinum,true
C003058,Aditya,Chopra,aditya.chopra3058@example.com,+91-91577-32125,1997-03-01,F,"922, Lake Road",Austin,Texas,United States,78701,2023-10-18,Platinum,No
C003059,Aditya,Nair,aditya.nair3059@example.com,+91-90230-50241,1978-10-27,Female,"76, Market Street",Hyderabad,Telangana,India,500001,2024-11-08,Bronze,Yes
C003060,Vikram,Das,vikram.das3060@example.com,+91-83787-24461,1978-04-08,Female,"890, Market Street",Toronto,Ontario,Canada,M5H2N2,2023-06-23,Platinum,Y
C003061,Rahul,Pillai,rahul.pillai3061@example.com,+91-61593-61442,2004-04-05,F,"668, Station Road",Chennai,Tamil Nadu,India,600001,2023-12-09,Platinum,false
C003062,Dev,Iyer,dev.iyer3062@example.com,+91-98787-23448,2011-06-18,M,"471, Hill View",Chennai,Tamil Nadu,India,600001,2024-02-15,Bronze,Y
C003063,Kiran,Iyer,kiran.iyer3063@example.com,+91-82715-11262,1998-03-18,Other,"654, Market Street",Kolkata,West Bengal,India,700001,2023-02-16,Bronze,Yes
C003064,Dev,Rao,dev.rao3064@example.com,+91-91335-11392,2009-02-22,Female,"523, Lake Road",Hyderabad,Telangana,India,500001,2023-04-20,Gold,N
C003065,Tara,Reddy,tara.reddy3065@example.com,+91-64342-91322,2005-06-20,female,"594, Lake Road",Delhi,Delhi,India,110001,2022-01-19,Bronze,true
C003066,Kavya,Chopra,kavya.chopra3066@example.com,+91-88073-95546,1978-07-25,Other,"439, Lake Road",Chennai,Tamil Nadu,India,600001,2023-12-20,Gold,Y
C003067,Arjun,Kapoor,arjun.kapoor3067@example.com,+91-78428-94582,1991-06-25,Female,"405, Market Street",Chennai,Tamil Nadu,India,600001,2022-03-12,Silver,0
C003068,Priya,Mehta,priya.mehta3068@example.com,+91-75937-34981,2011-02-28,female,"82, Hill View",Austin,Texas,United States,78701,2022-04-09,Silver,Yes
C003069,Maya,Joshi,maya.joshi3069@example.com,+91-93705-44109,1998-08-09,F,"304, MG Road",Delhi,Delhi,India,110001,2024-11-30,Bronze,false
C003070,Lakshmi,Gupta,lakshmi.gupta3070@example.com,+91-63068-20762,2019-09-06,Female,"675, Station Road",Austin,Texas,United States,78701,2025-09-02,Gold,N
C003071,Ira,Shah,ira.shah3071@example.com,+91-68044-64721,2013-08-12,M,"738, MG Road",Hyderabad,Telangana,India,500001,2022-10-01,Platinum,N
C003072,Aarav,Kumar,aarav.kumar3072@example.com,+91-67774-24942,1989-04-09,male,"420, Hill View",Austin,Texas,United States,78701,2023-12-24,Bronze,true
C003073,Vikram,Verma,vikram.verma3073@example.com,+91-87578-75435,2015-11-30,Male,"342, Station Road",Toronto,Ontario,Canada,M5H2N2,2023-09-08,Bronze,true
C003074,Pooja,Kumar,pooja.kumar3074@example.com,+91-93323-20443,1989-11-24,O,"281, Lake Road",London,England,United Kingdom,SW1A1AA,2022-08-25,Bronze,0
C003075,Nisha,Verma,nisha.verma3075@example.com,+91-97040-88029,2011-10-26,Female,"136, Station Road",Mumbai,Maharashtra,India,400001,2024-10-07,Platinum,1
C003076,Sanjay,Shah,sanjay.shah3076@example.com,+91-71995-29240,2000-11-17,F,"569, Park Avenue",Seattle,Washington,United States,98101,2024-07-10,Bronze,N
C003077,Sneha,Sharma,sneha.sharma3077@example.com,+91-75617-81101,1994-05-06,O,"310, Station Road",Seattle,Washington,United States,98101,2022-03-07,Gold,0
C003078,Rohan,Shah,rohan.shah3078@example.com,+91-71339-95817,2012-11-05,Male,"660, Park Avenue",Kolkata,West Bengal,India,700001,2022-12-16,Bronze,0
C003079,Meera,Kumar,meera.kumar3079@example.com,+91-88129-88034,1997-04-10,O,"909, Station Road",Chennai,Tamil Nadu,India,600001,2024-07-10,Platinum,true
C003080,Rohan,Chopra,rohan.chopra3080@example.com,+91-89209-62727,2019-10-17,Female,"250, MG Road",Bengaluru,Karnataka,India,560001,2022-08-28,Silver,true
C003081,Dev,Reddy,dev.reddy3081@example.com,+91-89094-35429,2006-10-04,Male,"953, Station Road",Chennai,Tamil Nadu,India,600001,31-02-2025,Gold,No
C003082,Priya,Menon,priya.menon3082@example.com,+91-92530-61992,2011-01-29,Male,"420, Station Road",Austin,Texas,United States,78701,2022-09-27,Gold,N
C003083,Rohan,Menon,rohan.menon3083@example.com,+91-76188-28344,2002-06-11,female,"738, Station Road",Mumbai,Maharashtra,India,400001,2024-02-17,Gold,Yes
C003084,Aanya,Menon,aanya.menon3084@example.com,+91-77516-65030,1988-02-01,O,"518, Hill View",London,England,United Kingdom,SW1A1AA,2023-04-22,Gold,Y
C003085,Aanya,Verma,aanya.verma3085@example.com,+91-83954-24809,2013-03-19,Other,"296, Station Road",Austin,Texas,United States,78701,2023-10-07,Platinum,N
C003086,Tara,Chopra,tara.chopra3086@example.com,+91-84269-13980,1991-09-27,female,"267, MG Road",Bengaluru,Karnataka,India,560001,2026-03-18,Bronze,No
C003087,Varun,Das,varun.das3087@example.com,+91-61975-59568,1980-01-30,Female,"393, MG Road",Austin,Texas,United States,78701,2023-11-13,Bronze,Yes
C003088,Aarav,Kumar,aarav.kumar3088@example.com,+91-94502-24653,1979-07-28,male,"147, Lake Road",Kochi,Kerala,India,682001,2023-08-23,Platinum,Yes
C003089,Arjun,Kapoor,arjun.kapoor3089@example.com,+91-69497-63498,2013-05-19,F,"189, Hill View",Mumbai,Maharashtra,India,400001,2026-04-10,Bronze,Yes
C003090,Ananya,Das,ananya.das3090@example.com,+91-80052-95622,2011-07-29,Female,"367, MG Road",Mumbai,Maharashtra,India,400001,2022-07-20,Bronze,false
C003091,Sanjay,Nair,sanjay.nair3091@example.com,+91-77156-66014,1984-05-04,Male,"344, Park Avenue",Bengaluru,Karnataka,India,560001,2023-10-02,Bronze,1
C003092,Maya,Jain,maya.jain3092@example.com,+91-61289-30384,1985-08-17,female,"256, Lake Road",Seattle,Washington,United States,98101,2025-03-19,Silver,No
C003093,Tara,Shah,tara.shah3093@example.com,+91-83489-40223,1978-05-08,F,"129, Lake Road",London,England,United Kingdom,SW1A1AA,2026-05-21,Platinum,No
C003094,Maya,Gupta,maya.gupta3094@example.com,+91-89898-38458,2003-12-07,Male,"381, MG Road",Austin,Texas,United States,78701,2023-03-04,Platinum,No
C003095,Maya,Shah,maya.shah3095@example.com,+91-62229-59816,2006-09-20,Other,"981, Park Avenue",Delhi,Delhi,India,110001,2023-02-27,Platinum,N
C003096,Lakshmi,Jain,lakshmi.jain3096@example.com,+91-65878-98612,2011-03-18,Male,"620, Park Avenue",Kochi,Kerala,India,682001,2025-05-18,Silver,1
C003097,Nisha,Joshi,nisha.joshi3097@example.com,+91-75519-66968,1993-11-27,M,"310, Market Street",Kochi,Kerala,India,682001,2024-08-10,Silver,false
C003098,Akash,Pillai,akash.pillai3098@example.com,+91-90762-57167,1987-11-25,F,"553, Hill View",Hyderabad,Telangana,India,500001,2024-07-23,Gold,Y
C003099,Tara,Menon,tara.menon3099@example.com,+91-77499-11744,2001-08-31,male,"621, Hill View",Hyderabad,Telangana,India,500001,2025-10-08,Bronze,1
C003100,Kabir,Kapoor,kabir.kapoor3100@example.com,+91-82107-29326,2001-06-26,M,"118, Market Street",Chennai,Tamil Nadu,India,600001,2025-07-06,Platinum,Y
C003101,Tara,Chopra,tara.chopra3101@example.com,+91-89995-24937,2009-06-14,Male,"269, Lake Road",Chennai,Tamil Nadu,India,600001,2024-04-27,Bronze,No
C003102,Kabir,Kapoor,Kabir.Kapoor.invalid,+91-80431-39730,2010-05-10,male,"690, MG Road",London,England,United Kingdom,SW1A1AA,2022-01-19,Platinum,Y
C003103,Diya,Shah,diya.shah3103@example.com,+91-62797-88657,2004-07-04,Male,"26, Station Road",Hyderabad,Telangana,India,500001,2022-05-13,Platinum,true
C003104,Vikram,Menon,vikram.menon3104@example.com,+91-73291-78100,2018-09-18,Female,"870, Station Road",Toronto,Ontario,U.S.A.,M5H2N2,2024-02-10,Gold,Y
C003105,Aanya,Chopra,aanya.chopra3105@example.com,+91-81984-65573,1992-04-07,M,"510, Lake Road",Kolkata,West Bengal,India,700001,2024-08-23,Silver,0
C003106,Ishaan,Rao,ishaan.rao3106@example.com,+91-80825-63511,1980-12-28,F,"463, MG Road",Seattle,Washington,United States,98101,2024-04-17,Gold,1
C003107,Zoya,Joshi,zoya.joshi3107@example.com,+91-98810-15368,1982-09-21,F,"613, MG Road",Chennai,Tamil Nadu,India,600001,2022-11-07,Gold,Y
C003108,Kavya,Das,kavya.das3108@example.com,+91-73529-18752,2014-09-26,F,"186, Park Avenue",Chennai,Tamil Nadu,India,600001,2022-11-10,Platinum,N
C003109,Pooja,Kapoor,pooja.kapoor3109@example.com,+91-77675-52108,1994-05-30,M,"466, Hill View",Toronto,Ontario,Canada,M5H2N2,2026-05-30,Bronze,0
C003110,Tara,Verma,tara.verma3110@example.com,+91-69560-27862,2002-05-04,Male,"177, Market Street",Bengaluru,Karnataka,India,560001,2022-09-27,Platinum,0
C003111,Maya,Kumar,maya.kumar3111@example.com,ABC123,1996-10-28,Male,"48, Market Street",Kochi,Kerala,India,682001,2026-03-24,Bronze,0
C003112,Sanjay,Shah,sanjay.shah3112@example.com,+91-62977-12525,2009-04-05,female,"922, Park Avenue",Mumbai,Maharashtra,India,400001,2025-04-22,Platinum,1
C003113,Meera,Nair,meera.nair3113@example.com,+91-92259-79464,2006-10-17,F,"814, MG Road",London,England,United Kingdom,SW1A1AA,2025-07-18,Gold,0
BAD3114,Pooja,Jain,pooja.jain3114@example.com,+91-71354-29897,2016-11-13,Male,"239, Park Avenue",Austin,Texas,United States,78701,2023-12-30,Bronze,0
C003115,Ananya,Verma,ananya.verma3115@example.com,+91-99390-53073,1998-03-01,O,"253, Hill View", AUSTIN ,Texas,United States,78701,2026-04-10,Bronze,No
C003116,Ira,Kumar,ira.kumar3116@example.com,+91-73727-51286,2016-03-03,Male,"731, MG Road",Pune,Maharashtra,India,411001,2024-07-31,Bronze,N
C003117,Nisha,Verma,nisha.verma3117@example.com,+91-61375-22982,1993-01-08,Other,"268, MG Road",Seattle,Washington,United States,98101,2023-05-25,Gold,Y
C003118,Zoya,Mehta,zoya.mehta3118@example.com,+91-91234-19660,1999-11-08,Male,"314, MG Road",Kochi,Kerala,India,682001,2022-06-11,Gold,N
C003119,Akash,Rao,akash.rao3119@example.com,+91-88525-49567,1979-02-23,male,"666, Market Street",Pune,Maharashtra,India,411001,2022-09-13,Platinum,true
C003120,Pooja,Pillai,pooja.pillai3120@example.com,+91-95832-44174,1985-12-29,male,"518, Station Road",Delhi,Delhi,India,110001,2023-10-23,Bronze,No
C003121,Dev,Bose,dev.bose3121@example.com,+91-77113-40273,2017-04-17,O,"740, Lake Road",London,England,United Kingdom,SW1A1AA,2024-12-10,Bronze,1
C003122,Kabir,Shah,kabir.shah3122@example.com,+91-67811-32494,1988-10-17,F,"887, Station Road",Kolkata,West Bengal,India,700001,2024-04-13,Platinum,No
C003123,Pooja,Reddy,pooja.reddy3123@example.com,+91-78795-63849,2013-11-18,F,"556, MG Road",Delhi,Delhi,India,110001,2023-10-17,Silver,1
C003124,Maya,Chopra,maya.chopra3124@example.com,+91-68222-50622,2001-08-18,male,"76, Station Road",Pune,Maharashtra,India,411001,2025-04-06,Platinum,1
C003125,Ira,Reddy,ira.reddy3125@example.com,+91-84574-70206,1983-07-18,male,"971, Market Street",Bengaluru,Karnataka,India,560001,2022-01-31,Bronze,0
C003126,Kiran,Rao,kiran.rao3126@example.com,+91-70293-87625,1980-09-14,O,"21, Park Avenue",Seattle,Washington,United States,98101,2026-01-09,Gold,1
C003127,Neha,Das,neha.das3127@example.com,+91-85633-76314,1997-07-06,male,"597, Hill View",Delhi,Delhi,India,110001,2026-05-12,Bronze,false
C003128,Aanya,Mehta,aanya.mehta3128@example.com,+91-76078-49415,1995-10-14,Male,"222, Hill View",Bengaluru,Karnataka,India,560001,2022-07-24,Silver,Y
C003129,Lakshmi,Singh,lakshmi.singh3129@example.com,+91-89681-72829,1992-01-28,M,"311, Station Road",Delhi,Delhi,India,110001,2024-01-04,Platinum,true
C003130,Rohan,Sharma,rohan.sharma3130@example.com,+91-88496-10701,1982-05-21,Other,"901, Hill View",Bengaluru,Karnataka,India,560001,2022-05-24,Bronze,Yes
C003131,Aarav,Rao,aarav.rao3131@example.com,+91-98595-66928,2018-06-19,O,"35, Park Avenue",Austin,Texas,United States,78701,2023-08-30,Bronze,Yes
C003132,Kiran,Bose,kiran.bose3132@example.com,+91-91106-46800,1995-04-03,M,"424, Lake Road",Seattle,Washington,United States,98101,2026-03-08,Bronze,false
C003133,Ananya,Rao,ananya.rao3133@example.com,+91-98474-83691,2007-10-01,O,"118, Hill View",Austin,Texas,United States,78701,2023-04-12,Gold,true
C003134,Rahul,Shah,rahul.shah3134@example.com,+91-80326-56055,2011-12-08,O,"204, Lake Road",Chennai,Tamil Nadu,India,600001,2022-12-24,Bronze,true
C003135,Ananya,Gupta,ananya.gupta3135@example.com,+91-82232-51118,1993-12-30,Female,"42, Lake Road",Chennai,Tamil Nadu,India,600001,2022-03-22,Gold,Y
C003136,Priya,Jain,priya.jain3136@example.com,+91-93579-22769,2002-12-11,male,"646, Hill View",Austin,Texas,United States,78701,2023-01-09,Silver,1
C003137,Nisha,Kapoor,nisha.kapoor3137@example.com,+91-85001-21745,1997-11-26,male,"841, Market Street",Delhi,Delhi,India,110001,2025-05-08,Bronze,Yes
C003138,Sneha,Bose,sneha.bose3138@example.com,+91-92704-40426,1991-12-13,M,"787, MG Road",Bengaluru,Karnataka,India,560001,2023-09-01,Platinum,No
C003139,Vikram,Pillai,vikram.pillai3139@example.com,+91-66435-55907,2018-03-31,F,"859, Hill View",Bengaluru,Karnataka,India,560001,2023-11-22,Silver,No
C003140,Aditya,Shah,aditya.shah3140@example.com,+91-63443-68452,1980-04-29,F,"860, Market Street",Seattle,Washington,United States,98101,2026-05-08,VIP,1
C003141,Rohan,Chopra,rohan.chopra3141@example.com,+91-81055-61467,2012-06-23,female,"719, MG Road",Kolkata,West Bengal,India,700001,2025-04-06,Gold,true
C003142,Akash,Das,akash.das3142@example.com,+91-95969-32126,2012-10-30,F,"938, Station Road",Mumbai,Maharashtra,India,400001,2022-09-05,Silver,false
C003143,Aanya,Patel,aanya.patel3143@example.com,+91-89632-31820,2005-11-16,Female,"647, Lake Road",Bengaluru,Karnataka,India,560001,2022-04-11,Gold,0
C003144,Pooja,Reddy,pooja.reddy3144@example.com,+91-92243-47441,2011-08-02,M,"721, MG Road",Pune,Maharashtra,India,??,2023-06-19,Bronze,1
C003145,Meera,Menon,meera.menon3145@example.com,+91-63531-31217,2012-11-04,Female,"735, Lake Road",Kolkata,West Bengal,India,700001,2025-08-08,Silver,Yes
C003146,Rahul,Nair,rahul.nair3146@example.com,+91-92663-66317,1992-07-23,O,"971, Hill View",Kochi,Kerala,India,682001,2023-07-16,Platinum,Yes
C003147,Ishaan,Sharma,ishaan.sharma3147@example.com,+91-83510-76398,1991-06-30,Other,"208, Market Street",Bengaluru,Karnataka,India,560001,2024-04-17,Silver,Y
C003148,Rahul,Mehta,rahul.mehta3148@example.com,+91-60208-61874,2019-11-07,O,"360, Hill View",Chennai,Tamil Nadu,India,600001,2025-09-15,Platinum,N
C003149,Lakshmi,Gupta,Lakshmi.Gupta.invalid,+91-77816-77468,1991-02-27,M,"572, Station Road",Bengaluru,Karnataka,India,560001,2023-04-30,Gold,true
C003150,Sanjay,Shah,sanjay.shah3150@example.com,+91-78125-24996,1983-04-13,Male,"631, Hill View",Bengaluru,Karnataka,India,560001,2025-10-24,Silver,Yes
C003151,Rahul,Iyer,rahul.iyer3151@example.com,+91-96039-38069,2013-01-26,O,"99, MG Road",Chennai,Tamil Nadu,India,600001,2022-08-16,Silver,true
C003152,Sanjay,Reddy,sanjay.reddy3152@example.com,+91-63657-61918,1979-07-24,O,"307, Lake Road",London,England,United Kingdom,SW1A1AA,2023-08-28,Silver,1
C003153,Kabir,Singh,kabir.singh3153@example.com,+91-78086-17250,2007-01-07,male,"274, Park Avenue",Bengaluru,Karnataka,India,560001,2025-12-01,Silver,true
C003154,Kavya,Das,kavya.das3154@example.com,+91-72638-87684,1988-02-05,male,"33, MG Road",Toronto,Ontario,Canada,M5H2N2,2025-06-03,Gold,No
C003155,Aarav,Menon,aarav.menon3155@example.com,+91-67463-71599,1994-06-29,male,"364, Station Road",Kolkata,West Bengal,India,700001,2026-03-18,Platinum,1
C003156,Rahul,Jain,rahul.jain3156@example.com,+91-82312-58678,2016-02-14,M,"270, Lake Road",Austin,Texas,United States,78701,2022-02-12,Silver,true
C003157,Ishaan,Sharma,ishaan.sharma3157@example.com,+91-99495-76980,1978-08-11,F,"350, Park Avenue",Kochi,Kerala,India,682001,2024-10-09,Bronze,1
C003158,Meera,Mehta,meera.mehta3158@example.com,+91-66386-56264,1987-10-26,male,"801, Park Avenue",Delhi,Delhi,India,110001,2026-06-21,Gold,Yes
C003159,Ishaan,Kumar,ishaan.kumar3159@example.com,+91-96856-77980,1996-05-05,O,"598, MG Road",Hyderabad,Telangana,India,500001,2024-06-25,Gold,true
C003160,Vikram,Sharma,vikram.sharma3160@example.com,+91-72496-75287,2013-12-03,female,"628, MG Road",Seattle,Washington,United States,98101,31-02-2025,Gold,false
C003161,Aanya,Rao,aanya.rao3161@example.com,+91-84352-41669,1988-03-05,Other,"804, MG Road",Chennai,Tamil Nadu,India,600001,2024-12-13,Gold,No
C003162,Riya,Jain,riya.jain3162@example.com,+91-79133-34057,1999-01-06,Female,"570, Lake Road",Pune,Maharashtra,India,411001,2024-09-29,Silver,No
C003163,Nisha,Rao,nisha.rao3163@example.com,+91-73705-80712,2010-05-04,F,"454, Hill View",Austin,Texas,United States,78701,2022-06-08,Bronze,Y
C003164,,Iyer,pooja.iyer3164@example.com,+91-99024-62706,2007-07-05,Other,"969, Hill View",London,England,United Kingdom,SW1A1AA,2022-01-01,Gold,false
C003165,Sanjay,Das,sanjay.das3165@example.com,+91-61291-36598,2012-03-12,O,"405, MG Road",Mumbai,Maharashtra,India,400001,2025-03-13,Gold,Y
C003166,Vikram,Menon,vikram.menon3166@example.com,+91-95151-79746,1982-02-20,female,"130, Station Road",Mumbai,Maharashtra,India,400001,2023-05-23,Gold,N
C003167,Ira,Verma,ira.verma3167@example.com,+91-63082-98975,1983-06-10,Male,"463, Lake Road",Delhi,Delhi,India,110001,2023-02-26,Silver,No
C003168,Aanya,Jain,aanya.jain3168@example.com,+91-96907-98372,1989-09-01,F,"498, Market Street",Delhi,Delhi,India,110001,2023-03-12,Platinum,Yes
C003169,Aanya,Iyer,aanya.iyer3169@example.com,+91-78538-55584,2001-06-22,male,"358, MG Road",Delhi,Delhi,India,110001,2023-10-06,Silver,0
C003170,Sneha,Kumar,sneha.kumar3170@example.com,+91-84439-99062,1980-10-18,Other,"395, Lake Road",Pune,Maharashtra,India,411001,2024-10-24,Silver,No
C003171,Rahul,Rao,rahul.rao3171@example.com,+91-96931-25990,2017-12-21,Other,"798, Lake Road",Delhi,Delhi,India,110001,2023-02-09,Silver,1
C003172,Aditya,Bose,aditya.bose3172@example.com,ABC123,1999-05-31,female,"983, Lake Road",Pune,Maharashtra,India,411001,2023-01-03,Bronze,Yes
C003173,Nisha,Das,nisha.das3173@example.com,+91-79737-95461,2013-03-03,M,"555, Hill View",Hyderabad,Telangana,India,500001,2025-03-22,Bronze,N
C003174,Rahul,Chopra,rahul.chopra3174@example.com,+91-76670-66036,1986-09-03,Female,"964, Station Road",Mumbai,Maharashtra,India,400001,2025-05-05,Gold,1
C003175,Ananya,Singh,ananya.singh3175@example.com,+91-80750-19822,2000-02-12,M,"420, Hill View",Austin,Texas,United States,78701,2025-09-16,Silver,Y
C003176,Rahul,Menon,rahul.menon3176@example.com,+91-79031-82292,2016-10-17,female,"726, Hill View",Mumbai,Maharashtra,India,400001,2026-02-10,Bronze,false
C003177,Pooja,Das,pooja.das3177@example.com,+91-96922-29387,1999-08-31,F,"494, MG Road",Kolkata,West Bengal,India,700001,2024-10-13,Silver,Yes
C003178,Lakshmi,Chopra,lakshmi.chopra3178@example.com,+91-96879-89478,1996-11-21,male,"993, MG Road",Kolkata,West Bengal,India,700001,2023-10-20,Silver,0
C003179,Sanjay,Chopra,sanjay.chopra3179@example.com,+91-62172-73130,1990-05-06,O,"142, Market Street",Mumbai,Maharashtra,India,400001,2026-01-03,Bronze,0
C003180,Nisha,Pillai,nisha.pillai3180@example.com,+91-95813-83359,1987-03-28,female,"60, Lake Road",Hyderabad,Telangana,India,500001,2025-01-12,Gold,Yes
C003181,Riya,Nair,riya.nair3181@example.com,+91-78327-39519,2009-03-16,female,"288, Lake Road",Hyderabad,Telangana,India,500001,2024-11-29,Silver,0
C003182,Ira,Joshi,ira.joshi3182@example.com,+91-63662-95011,2013-12-03,M,"147, Market Street",Delhi,Delhi,India,110001,2022-10-10,Gold,true
C003183,Arjun,Jain,arjun.jain3183@example.com,+91-73144-48720,2015-01-20,female,"740, Lake Road",Kolkata,West Bengal,India,700001,2022-10-24,Bronze,Y
C003184,Neha,Jain,neha.jain3184@example.com,+91-89246-13586,2013-07-09,male,"672, Park Avenue",Kolkata,West Bengal,India,700001,2024-09-15,Platinum,true
C003185,Kavya,Pillai,kavya.pillai3185@example.com,+91-70385-69012,2006-02-25,female,"427, Station Road",Chennai,Tamil Nadu,India,600001,2023-12-09,Bronze,Yes
C003186,Zoya,Verma,zoya.verma3186@example.com,+91-90249-15081,1984-09-27,Other,"780, Park Avenue",Chennai,Tamil Nadu,India,600001,2026-03-24,Silver,1
C003187,Aditya,Verma,aditya.verma3187@example.com,+91-70588-39831,1991-09-28,F,"983, Market Street",Austin,Texas,United States,78701,2024-07-02,Platinum,true
C003188,Meera,Reddy,meera.reddy3188@example.com,+91-90440-78141,1985-05-31,M,"879, Lake Road",Austin,Texas,United States,78701,2025-04-21,Bronze,Yes
C003189,Zoya,Rao,zoya.rao3189@example.com,+91-89265-91644,1995-05-06,F,"351, Station Road",Kochi,Kerala,India,682001,2025-07-15,Silver,No
C003190,Arjun,Chopra,arjun.chopra3190@example.com,+91-72626-93007,1993-01-12,Female,"69, Hill View",Pune,Maharashtra,India,411001,2024-05-31,Platinum,N
C003191,Diya,Verma,diya.verma3191@example.com,+91-67321-38400,1981-04-25,M,"345, MG Road",Seattle,Washington,United States,98101,2025-06-08,Silver,0
C003192,Rahul,Shah,rahul.shah3192@example.com,+91-96868-87240,2019-11-25,Female,"813, Lake Road",Chennai,Tamil Nadu,India,600001,2023-01-06,Platinum,0
C003193,Nisha,Kumar,nisha.kumar3193@example.com,+91-71670-87863,2015-11-15,female,"377, Hill View",Chennai,Tamil Nadu,India,600001,2023-09-17,Platinum,true
C003194,Meera,Reddy,meera.reddy3194@example.com,+91-65691-82331,2012-10-22,male,"357, Lake Road",Bengaluru,Karnataka,India,560001,2022-02-13,Silver,Y
C003195,Rahul,Menon,rahul.menon3195@example.com,+91-82661-18975,1986-12-24,Other,"586, MG Road",Chennai,Tamil Nadu,India,600001,2026-06-23,Silver,false
C003196,Manoj,Sharma,Manoj.Sharma.invalid,+91-60961-10084,1996-11-28,female,"53, Station Road",Bengaluru,Karnataka,India,560001,2023-07-24,Silver,No
C003197,Akash,Chopra,akash.chopra3197@example.com,+91-82809-58938,1985-05-24,Male,"774, Market Street",Delhi,Delhi,India,110001,2023-10-03,Gold,N
C003198,Dev,Singh,dev.singh3198@example.com,+91-98836-63334,2015-07-03,F,"596, Station Road",Hyderabad,Telangana,India,500001,2022-01-25,Platinum,0
C003199,Zoya,Shah,zoya.shah3199@example.com,+91-62741-53993,2014-05-17,O,"237, Hill View",Seattle,Washington,United States,98101,2026-06-08,Gold,true
C003200,Kabir,Gupta,kabir.gupta3200@example.com,+91-96067-11644,1995-06-19,Other,"91, Park Avenue",Bengaluru,Karnataka,India,560001,2022-11-18,Silver,No
C003201,Diya,Shah,diya.shah3201@example.com,+91-97661-19589,1993-04-30,female,"951, Market Street",Hyderabad,Telangana,U.S.A.,500001,2024-08-26,Silver,Yes
C003202,Tara,Bose,tara.bose3202@example.com,+91-78508-38103,1993-04-21,male,"353, Market Street",Seattle,Washington,United States,98101,2025-04-08,Gold,true
C003203,Pooja,Joshi,pooja.joshi3203@example.com,+91-67802-94918,1978-02-16,Other,"842, Lake Road",Kochi,Kerala,India,682001,2024-08-31,Platinum,1
C003204,Ananya,Iyer,ananya.iyer3204@example.com,+91-97272-51995,2019-04-18,Female,"431, Park Avenue", AUSTIN ,Texas,United States,78701,2024-09-06,Platinum,No
C003205,Pooja,Iyer,pooja.iyer3205@example.com,+91-83741-20610,1989-05-08,Female,"173, Park Avenue",Seattle,Washington,United States,98101,2026-06-19,Platinum,0
C003206,Neha,Nair,neha.nair3206@example.com,+91-97209-73419,1979-10-15,Female,"953, Hill View",London,England,United Kingdom,SW1A1AA,2022-11-24,Platinum,0
C003207,Maya,Rao,maya.rao3207@example.com,+91-78927-67806,1979-02-27,male,"818, Lake Road",London,England,United Kingdom,SW1A1AA,2023-11-01,Gold,Y
C003208,Pooja,Singh,pooja.singh3208@example.com,+91-73654-76188,1996-11-22,Other,"703, Park Avenue",Kochi,Kerala,India,682001,2022-07-06,Gold,false
C003209,Kavya,Shah,kavya.shah3209@example.com,+91-92958-34034,2002-02-13,Female,"482, Station Road",Toronto,Ontario,Canada,M5H2N2,2024-02-07,Silver,Y
C003210,Ishaan,Kapoor,ishaan.kapoor3210@example.com,+91-63282-72593,2015-01-06,Male,"126, Lake Road",Seattle,Washington,United States,98101,2025-11-12,Platinum,1
C003211,Ira,Bose,ira.bose3211@example.com,+91-68309-30167,1988-09-17,Other,"470, Lake Road",London,England,United Kingdom,SW1A1AA,2022-02-27,Bronze,Yes
C003212,Kavya,Kapoor,kavya.kapoor3212@example.com,+91-78655-28329,2018-11-15,Female,"40, Market Street",London,England,United Kingdom,SW1A1AA,2024-03-21,Bronze,true
C003213,Sneha,Das,sneha.das3213@example.com,+91-71133-53153,1989-01-25,Other,"958, Market Street",Austin,Texas,United States,78701,2022-09-19,Platinum,Yes
C003214,Ananya,Verma,ananya.verma3214@example.com,+91-98345-31623,1993-08-04,M,"549, Lake Road",Pune,Maharashtra,India,411001,2022-03-08,Platinum,Yes
C003215,Aanya,Kapoor,aanya.kapoor3215@example.com,+91-85641-79477,1998-12-16,male,"226, MG Road",Delhi,Delhi,India,110001,2026-03-11,Gold,Y
C003216,Ishaan,Chopra,ishaan.chopra3216@example.com,+91-81607-98962,1988-07-28,female,"219, Market Street",London,England,United Kingdom,SW1A1AA,2022-05-09,Gold,Y
C003217,Riya,Bose,riya.bose3217@example.com,+91-83590-72579,2008-10-11,Male,"349, Hill View",Delhi,Delhi,India,110001,2022-02-01,Silver,0
C003218,Pooja,Kumar,pooja.kumar3218@example.com,+91-93469-93659,1982-06-24,Male,"307, Park Avenue",Toronto,Ontario,Canada,M5H2N2,2022-09-25,Gold,N
C003219,Varun,Sharma,varun.sharma3219@example.com,+91-71353-56827,1989-08-19,M,"52, Hill View",Mumbai,Maharashtra,India,400001,2022-11-22,Silver,Y
C003220,Meera,Shah,meera.shah3220@example.com,+91-78643-48958,2013-01-08,O,"157, Hill View",Seattle,Washington,United States,98101,2022-08-20,Bronze,Yes
C003221,Arjun,Rao,arjun.rao3221@example.com,+91-95397-54483,2015-03-11,Female,"187, Hill View",Austin,Texas,United States,78701,2023-12-26,Silver,No
C003222,Dev,Kapoor,dev.kapoor3222@example.com,+91-68133-44426,2004-04-06,Male,"787, Hill View",Delhi,Delhi,India,110001,2022-01-21,Gold,0
C003223,Kavya,Mehta,kavya.mehta3223@example.com,+91-75744-80611,1996-10-23,female,"832, MG Road",Kolkata,West Bengal,India,700001,2022-11-09,Platinum,0
C003224,Pooja,Menon,pooja.menon3224@example.com,+91-72619-84364,2018-10-14,F,"400, MG Road",Delhi,Delhi,India,110001,2026-04-05,Bronze,No
C003225,Ira,Bose,ira.bose3225@example.com,+91-91762-23122,1993-12-05,F,"626, Lake Road",Bengaluru,Karnataka,India,560001,2022-12-27,Bronze,No
C003226,Neha,Das,neha.das3226@example.com,+91-90581-79663,2012-08-03,female,"308, Park Avenue",Kochi,Kerala,India,682001,2024-05-24,Silver,N
C003227,Neha,Shah,neha.shah3227@example.com,+91-75024-92511,2015-03-26,female,"75, Park Avenue",Seattle,Washington,United States,98101,2026-02-09,Bronze,Y
C003228,Kavya,Pillai,kavya.pillai3228@example.com,+91-66155-53545,2015-10-16,female,"994, Market Street",Kochi,Kerala,India,682001,2026-05-19,Gold,0
C003229,Dev,Bose,dev.bose3229@example.com,+91-90480-11028,2019-07-05,M,"778, Market Street",Austin,Texas,United States,78701,2023-12-07,Gold,true
C003230,Sanjay,Gupta,sanjay.gupta3230@example.com,+91-82079-27746,1999-11-11,O,"455, Park Avenue",Bengaluru,Karnataka,India,560001,2022-02-19,Platinum,Y
C003231,Ira,Pillai,ira.pillai3231@example.com,+91-92731-93724,1994-08-13,Female,"241, Hill View",Kochi,Kerala,India,682001,2024-12-28,Bronze,Yes
C003232,Ishaan,Nair,ishaan.nair3232@example.com,+91-95452-15876,1978-05-23,Other,"371, Station Road",Kolkata,West Bengal,India,700001,2023-11-05,Gold,false
C003233,Neha,Iyer,neha.iyer3233@example.com,ABC123,1983-08-21,Female,"103, MG Road",Kolkata,West Bengal,India,700001,2024-08-08,Silver,Yes
C003234,Sanjay,Iyer,sanjay.iyer3234@example.com,+91-66655-66294,2004-11-30,Male,"352, Park Avenue",Pune,Maharashtra,India,411001,2022-01-27,Bronze,true
C003235,Zoya,Patel,zoya.patel3235@example.com,+91-70037-16788,2015-12-25,F,"919, Market Street",Bengaluru,Karnataka,India,560001,2025-05-01,Bronze,N
C003236,Lakshmi,Pillai,lakshmi.pillai3236@example.com,+91-76782-58574,2018-05-03,Female,"631, Park Avenue",Seattle,Washington,United States,98101,2025-08-19,Silver,false
C003237,Arjun,Rao,arjun.rao3237@example.com,+91-84214-63175,1980-10-09,Other,"639, Lake Road",Bengaluru,Karnataka,India,560001,2026-05-23,Bronze,Yes
C003238,Kavya,Kapoor,kavya.kapoor3238@example.com,+91-63874-28549,2015-09-22,F,"545, MG Road",Bengaluru,Karnataka,India,560001,2024-01-25,Silver,Yes
C003239,Akash,Pillai,akash.pillai3239@example.com,+91-71354-43361,1987-08-10,M,"161, MG Road",Hyderabad,Telangana,India,500001,31-02-2025,Platinum,false
C003240,Manoj,Sharma,manoj.sharma3240@example.com,+91-85873-82152,1996-12-19,Other,"325, MG Road",Mumbai,Maharashtra,India,400001,2024-08-08,Gold,No
C003241,Nisha,Joshi,nisha.joshi3241@example.com,+91-88035-29051,1981-11-08,Female,"851, Station Road",Austin,Texas,United States,78701,2024-05-03,Platinum,true
C003242,Diya,Kapoor,diya.kapoor3242@example.com,+91-78911-90535,2006-06-02,O,"968, Market Street",London,England,United Kingdom,SW1A1AA,2023-05-15,Gold,true
C003243,Ishaan,Shah,Ishaan.Shah.invalid,+91-97575-19447,1988-09-16,Other,"42, MG Road",Delhi,Delhi,India,110001,2024-03-31,Bronze,Y
C003244,Ira,Reddy,ira.reddy3244@example.com,+91-80097-15508,1990-05-29,F,"104, Lake Road",Toronto,Ontario,Canada,M5H2N2,2025-03-08,Silver,false
C003245,Priya,Menon,priya.menon3245@example.com,+91-87563-70424,1985-07-27,female,"96, Lake Road",Toronto,Ontario,Canada,M5H2N2,2022-12-16,Silver,true
C003246,Aanya,Singh,aanya.singh3246@example.com,+91-85337-74881,2004-10-17,O,"109, Station Road",Austin,Texas,United States,78701,2024-06-10,Platinum,No
C003247,Manoj,Gupta,manoj.gupta3247@example.com,+91-77771-19064,2006-05-09,Male,"101, Park Avenue",Bengaluru,Karnataka,India,560001,2023-03-29,Bronze,Y
C003248,Priya,Singh,priya.singh3248@example.com,+91-86585-29961,1978-06-03,male,"328, Hill View",Delhi,Delhi,India,110001,2025-09-22,Platinum,No
C003249,Maya,Bose,maya.bose3249@example.com,+91-85076-26343,1984-10-13,M,"481, Lake Road",Mumbai,Maharashtra,India,400001,2023-08-27,Platinum,0
C003250,Aarav,Das,aarav.das3250@example.com,+91-60984-41393,2013-03-08,Female,"229, Lake Road",Seattle,Washington,United States,98101,2025-02-18,Bronze,N
C003251,Akash,Rao,akash.rao3251@example.com,+91-65584-48036,2001-07-28,M,"636, Lake Road",Bengaluru,Karnataka,India,560001,2024-04-01,Gold,No
C003252,Kiran,Menon,kiran.menon3252@example.com,+91-80391-44029,1982-06-04,F,"607, MG Road",Kolkata,West Bengal,India,700001,2023-04-04,Bronze,Y
C003253,Diya,Gupta,diya.gupta3253@example.com,+91-61619-61504,1985-12-09,Male,"318, Station Road",Mumbai,Maharashtra,India,400001,2025-08-11,Bronze,Y
C003254,Dev,Singh,dev.singh3254@example.com,+91-99394-89867,2003-03-29,Female,"27, Park Avenue",Seattle,Washington,United States,98101,2023-05-05,Gold,0
C003255,Nisha,Reddy,nisha.reddy3255@example.com,+91-72381-50832,1988-02-19,Female,"196, Lake Road",Mumbai,Maharashtra,India,400001,2026-05-05,Silver,1
C003256,Rohan,Iyer,rohan.iyer3256@example.com,+91-91798-66829,1995-04-11,Male,"208, MG Road",Austin,Texas,United States,78701,2024-07-29,Silver,Y
C003257,Diya,Pillai,diya.pillai3257@example.com,+91-92309-43428,2004-09-03,M,"90, Park Avenue",Pune,Maharashtra,India,411001,2025-01-21,Silver,Y
C003258,Kavya,Singh,kavya.singh3258@example.com,+91-76175-18146,1991-06-23,O,"522, Hill View",Pune,Maharashtra,India,411001,2025-02-27,Silver,Yes
C003259,Varun,Kapoor,varun.kapoor3259@example.com,+91-93184-44001,1994-09-30,Other,"54, Park Avenue",Toronto,Ontario,Canada,M5H2N2,2023-03-16,Bronze,0
C003260,Tara,Reddy,tara.reddy3260@example.com,+91-80410-62136,2001-09-16,M,"611, Market Street",Mumbai,Maharashtra,India,400001,2025-05-25,Bronze,false
C003261,Priya,Jain,priya.jain3261@example.com,+91-65012-64241,2019-05-25,male,"67, Park Avenue",Chennai,Tamil Nadu,India,600001,2024-08-06,Platinum,N
C003262,Akash,Kapoor,akash.kapoor3262@example.com,+91-88442-41005,1984-09-03,O,"165, Hill View",London,England,United Kingdom,SW1A1AA,2026-02-10,Gold,0
C003263,Ananya,Chopra,ananya.chopra3263@example.com,+91-68850-79274,2009-11-16,Male,"801, Station Road",Seattle,Washington,United States,98101,2024-12-18,Gold,Yes
C003264,Ananya,Kapoor,ananya.kapoor3264@example.com,+91-93381-82553,2019-11-20,M,"544, MG Road",Kochi,Kerala,India,682001,2023-02-03,Bronze,Y
C003265,Ira,Gupta,ira.gupta3265@example.com,+91-91382-76683,1985-02-10,Male,"740, Park Avenue",Delhi,Delhi,India,110001,2024-10-29,Gold,1
C003266,Aarav,Pillai,aarav.pillai3266@example.com,+91-77536-66555,2011-06-05,Male,"600, Market Street",Kochi,Kerala,India,682001,2023-03-07,Bronze,Yes
C003267,Vikram,Bose,vikram.bose3267@example.com,+91-77231-71869,2010-11-02,Male,"141, MG Road",Bengaluru,Karnataka,India,560001,2023-11-10,Bronze,0
C003268,Kiran,Chopra,kiran.chopra3268@example.com,+91-86978-65318,1990-06-03,Male,"518, Lake Road",Mumbai,Maharashtra,India,400001,2022-12-10,Gold,Yes
C003269,Kavya,Bose,kavya.bose3269@example.com,+91-80881-65886,2005-06-27,male,"45, Market Street",Pune,Maharashtra,India,411001,2025-06-10,Gold,0
C003270,Dev,Bose,dev.bose3270@example.com,+91-92336-59837,2014-10-22,M,"415, Station Road",Seattle,Washington,United States,98101,2025-08-21,Silver,Y
C003271,Tara,Das,tara.das3271@example.com,+91-78068-34380,2009-09-27,Female,"630, Station Road",Seattle,Washington,United States,98101,2022-09-03,Silver,0
C003272,Maya,Kapoor,maya.kapoor3272@example.com,+91-90139-52381,1984-03-09,M,"477, MG Road",Kolkata,West Bengal,India,700001,2022-11-02,Silver,1
C003273,Riya,Gupta,riya.gupta3273@example.com,+91-64401-10860,2017-05-07,O,"717, MG Road",Chennai,Tamil Nadu,India,600001,2025-06-06,Gold,false
C003274,Tara,Nair,tara.nair3274@example.com,+91-67479-70157,2006-12-07,Male,"110, Station Road",Pune,Maharashtra,India,411001,2026-06-15,Gold,N
C003275,Akash,Bose,akash.bose3275@example.com,+91-83226-24305,2013-10-27,M,"186, Hill View",Seattle,Washington,United States,??,2022-03-02,Platinum,false
C003276,Sneha,Kapoor,sneha.kapoor3276@example.com,+91-69282-71525,2006-04-23,female,"53, Lake Road",Austin,Texas,United States,78701,2023-10-20,Gold,Y
C003277,,Nair,neha.nair3277@example.com,+91-98367-70210,1979-02-05,Male,"84, Park Avenue",Mumbai,Maharashtra,India,400001,2023-07-19,Silver,false
C003278,Aanya,Rao,aanya.rao3278@example.com,+91-81661-66907,2017-06-02,Female,"244, Station Road",Austin,Texas,United States,78701,2022-02-26,Gold,Yes
C003279,Akash,Kapoor,akash.kapoor3279@example.com,+91-64144-99029,1999-03-02,female,"816, Lake Road",Chennai,Tamil Nadu,India,600001,2026-04-23,Bronze,1
C003280,Priya,Menon,priya.menon3280@example.com,+91-72593-67768,2015-02-25,Other,"119, Station Road",Mumbai,Maharashtra,India,400001,2025-10-28,Bronze,1
C003281,Kiran,Bose,kiran.bose3281@example.com,+91-91261-64609,1995-06-01,O,"208, Lake Road",Austin,Texas,United States,78701,2023-10-14,Platinum,false
C003282,Aditya,Shah,aditya.shah3282@example.com,+91-97494-48227,2010-11-25,Female,"951, MG Road",Chennai,Tamil Nadu,India,600001,2024-02-03,Platinum,No
C003283,Rohan,Iyer,rohan.iyer3283@example.com,+91-72553-81112,2019-08-17,F,"862, MG Road",Kolkata,West Bengal,India,700001,2025-05-27,Gold,No
C003284,Kavya,Jain,kavya.jain3284@example.com,+91-93921-55623,2012-06-25,F,"301, Station Road",Pune,Maharashtra,India,411001,2022-09-30,Bronze,No
C003285,Aanya,Sharma,aanya.sharma3285@example.com,+91-80237-51703,1989-01-26,O,"445, Park Avenue",Pune,Maharashtra,India,411001,2022-07-17,Gold,Y
C003286,Vikram,Kumar,vikram.kumar3286@example.com,+91-91359-52463,1988-10-09,Male,"198, MG Road",Kolkata,West Bengal,India,700001,2024-12-10,Silver,No
BAD3287,Arjun,Chopra,arjun.chopra3287@example.com,+91-85995-35617,2001-08-06,F,"467, MG Road",Kolkata,West Bengal,India,700001,2023-08-15,Silver,0
C003288,Priya,Shah,priya.shah3288@example.com,+91-86656-98019,2005-06-19,O,"336, Station Road",London,England,United Kingdom,SW1A1AA,2024-08-25,Platinum,1
C003289,Kabir,Singh,kabir.singh3289@example.com,+91-60195-78382,1989-01-18,male,"499, Park Avenue",Pune,Maharashtra,India,411001,2023-01-19,Silver,0
C003290,Aditya,Jain,Aditya.Jain.invalid,+91-78004-24702,2013-11-15,M,"287, Park Avenue",Kolkata,West Bengal,India,700001,2024-12-01,Platinum,Y
C003291,Manoj,Joshi,manoj.joshi3291@example.com,+91-74675-50538,2011-09-07,Female,"451, MG Road",Pune,Maharashtra,India,411001,2023-04-17,Gold,Yes
C003292,Priya,Kapoor,priya.kapoor3292@example.com,+91-63449-93401,1982-08-27,male,"336, Hill View",Pune,Maharashtra,India,411001,2022-06-03,Silver,N
C003293,Ananya,Das,ananya.das3293@example.com,+91-91468-15571,2016-02-11,Other,"270, MG Road", KOLKATA ,West Bengal,India,700001,2022-01-25,Gold,1
C003294,Zoya,Pillai,zoya.pillai3294@example.com,ABC123,2002-11-28,F,"528, Lake Road",Toronto,Ontario,Canada,M5H2N2,2024-03-26,Gold,Y
C003295,Tara,Chopra,tara.chopra3295@example.com,+91-61241-36448,1999-12-13,Female,"846, Lake Road",Austin,Texas,United States,78701,2023-08-20,Platinum,false
C003296,Ira,Kapoor,ira.kapoor3296@example.com,+91-61009-66874,2010-10-18,M,"579, Hill View",Mumbai,Maharashtra,India,400001,2025-09-25,Platinum,0
C003297,Aarav,Gupta,aarav.gupta3297@example.com,+91-82260-36630,1978-06-30,Female,"879, Market Street",Toronto,Ontario,Canada,M5H2N2,2025-09-12,VIP,N
C003298,Rahul,Shah,rahul.shah3298@example.com,+91-77384-21660,2002-06-23,M,"598, Hill View",London,England,U.S.A.,SW1A1AA,2025-08-02,Silver,Y
C003299,Kavya,Verma,kavya.verma3299@example.com,+91-85045-54472,1984-05-22,F,"98, Park Avenue",Hyderabad,Telangana,India,500001,2025-10-14,Gold,N
C003300,Sanjay,Verma,sanjay.verma3300@example.com,+91-86895-76888,1983-07-28,female,"745, Market Street",London,England,United Kingdom,SW1A1AA,2024-11-22,Gold,No
C003301,Manoj,Menon,manoj.menon3301@example.com,+91-65563-72546,1997-12-01,female,"125, Lake Road",Mumbai,Maharashtra,India,400001,2025-06-05,Bronze,No
C003302,Kiran,Joshi,kiran.joshi3302@example.com,+91-72175-22178,1986-01-20,F,"292, Station Road",Mumbai,Maharashtra,India,400001,2025-02-26,Platinum,0
C003303,Pooja,Sharma,pooja.sharma3303@example.com,+91-88654-62466,2010-01-24,female,"102, Hill View",London,England,United Kingdom,SW1A1AA,2022-07-14,Platinum,0
C003304,Tara,Bose,tara.bose3304@example.com,+91-89535-65622,2001-06-20,M,"440, Station Road",Chennai,Tamil Nadu,India,600001,2025-11-19,Bronze,0
C003305,Manoj,Nair,manoj.nair3305@example.com,+91-86582-91175,2000-05-11,M,"157, Hill View",London,England,United Kingdom,SW1A1AA,2024-11-08,Gold,true
C003306,Maya,Iyer,maya.iyer3306@example.com,+91-68004-49442,1980-01-03,Male,"286, MG Road",London,England,United Kingdom,SW1A1AA,2024-10-21,Gold,Yes
C003307,Arjun,Chopra,arjun.chopra3307@example.com,+91-79339-73111,1985-01-16,female,"78, MG Road",Toronto,Ontario,Canada,M5H2N2,2022-08-16,Platinum,No
C003308,Kavya,Das,kavya.das3308@example.com,+91-78307-18882,2010-05-25,F,"425, Market Street",Mumbai,Maharashtra,India,400001,2025-04-08,Platinum,false
C003309,Aarav,Menon,aarav.menon3309@example.com,+91-99657-56208,1997-09-17,male,"560, MG Road",Mumbai,Maharashtra,India,400001,2025-07-27,Silver,true
C003310,Kabir,Shah,kabir.shah3310@example.com,+91-91577-52867,1990-11-27,male,"960, Hill View",Kochi,Kerala,India,682001,2022-07-30,Silver,1
C003311,Maya,Reddy,maya.reddy3311@example.com,+91-92625-27862,1998-09-27,Other,"370, Park Avenue",Seattle,Washington,United States,98101,2024-11-16,Gold,false
C003312,Ishaan,Rao,ishaan.rao3312@example.com,+91-71979-18050,2015-10-21,M,"429, Lake Road",Austin,Texas,United States,78701,2026-02-24,Platinum,Yes
C003313,Manoj,Chopra,manoj.chopra3313@example.com,+91-74203-59201,1997-06-28,M,"695, Lake Road",Mumbai,Maharashtra,India,400001,2022-09-05,Silver,0
C003314,Rahul,Iyer,rahul.iyer3314@example.com,+91-84346-66973,1999-07-27,male,"296, Park Avenue",Hyderabad,Telangana,India,500001,2023-08-26,Silver,0
C003315,Kabir,Mehta,kabir.mehta3315@example.com,+91-95209-96400,1995-07-13,M,"613, Lake Road",Pune,Maharashtra,India,411001,2024-07-14,Silver,N
C003316,Meera,Verma,meera.verma3316@example.com,+91-80720-21037,1987-10-24,female,"511, Market Street",Toronto,Ontario,Canada,M5H2N2,2024-07-22,Bronze,false
C003317,Maya,Bose,maya.bose3317@example.com,+91-99818-26529,1983-03-29,male,"575, Park Avenue",Kolkata,West Bengal,India,700001,2025-10-13,Platinum,true
C003318,Varun,Patel,varun.patel3318@example.com,+91-67805-17081,2014-01-12,O,"313, Station Road",Chennai,Tamil Nadu,India,600001,31-02-2025,Gold,false
C003319,Neha,Patel,neha.patel3319@example.com,+91-84230-99752,1989-07-24,Other,"639, Park Avenue",London,England,United Kingdom,SW1A1AA,2022-01-15,Platinum,No
C003320,Manoj,Rao,manoj.rao3320@example.com,+91-88262-38596,1984-02-05,F,"106, MG Road",Hyderabad,Telangana,India,500001,2024-05-21,Platinum,Y
C003321,Manoj,Chopra,manoj.chopra3321@example.com,+91-65813-14442,2005-06-01,Other,"32, Hill View",London,England,United Kingdom,SW1A1AA,2024-05-25,Platinum,true
C003322,Sanjay,Shah,sanjay.shah3322@example.com,+91-69818-78536,1985-02-13,M,"4, Market Street",London,England,United Kingdom,SW1A1AA,2025-06-12,Platinum,false
C003323,Kiran,Bose,kiran.bose3323@example.com,+91-62913-92155,2001-05-05,male,"620, MG Road",Hyderabad,Telangana,India,500001,2024-08-27,Silver,true
C003324,Diya,Rao,diya.rao3324@example.com,+91-80617-43751,2017-05-15,Male,"843, Market Street",Chennai,Tamil Nadu,India,600001,2024-04-20,Silver,1
C003325,Priya,Verma,priya.verma3325@example.com,+91-69909-25348,2004-04-01,Other,"937, Station Road",Austin,Texas,United States,78701,2022-01-06,Silver,true
C003326,Kavya,Das,kavya.das3326@example.com,+91-97078-49583,2014-10-18,Female,"720, Market Street",Pune,Maharashtra,India,411001,2024-05-29,Bronze,Y
C003327,Manoj,Jain,manoj.jain3327@example.com,+91-77671-46286,2002-02-26,F,"414, MG Road",Seattle,Washington,United States,98101,2022-10-13,Gold,false
C003328,Meera,Sharma,meera.sharma3328@example.com,+91-73435-30500,1991-12-23,Other,"322, Station Road",Seattle,Washington,United States,98101,2023-09-21,Gold,Yes
C003329,Rohan,Joshi,rohan.joshi3329@example.com,+91-77201-83302,1984-09-29,male,"893, Station Road",Mumbai,Maharashtra,India,400001,2026-04-21,Silver,No
C003330,Sneha,Patel,sneha.patel3330@example.com,+91-95168-92100,1995-11-27,Female,"153, Market Street",Delhi,Delhi,India,110001,2025-05-31,Platinum,N
C003331,Lakshmi,Bose,lakshmi.bose3331@example.com,+91-71456-81038,2004-05-18,female,"100, Lake Road",Seattle,Washington,United States,98101,2024-11-22,Silver,true
C003332,Aarav,Bose,aarav.bose3332@example.com,+91-77067-23590,1987-03-25,female,"766, Station Road",Mumbai,Maharashtra,India,400001,2023-04-27,Platinum,true
C003333,Riya,Pillai,riya.pillai3333@example.com,+91-90399-54819,1985-02-10,Female,"698, Station Road",Kochi,Kerala,India,682001,2022-12-30,Gold,false
C003334,Kavya,Sharma,kavya.sharma3334@example.com,+91-76229-15276,1986-08-02,male,"829, Station Road",Kolkata,West Bengal,India,700001,2023-02-04,Bronze,Yes
C003335,Ananya,Jain,ananya.jain3335@example.com,+91-70749-31890,2011-06-03,F,"457, Station Road",Austin,Texas,United States,78701,2022-10-11,Platinum,true
C003336,Aanya,Rao,aanya.rao3336@example.com,+91-81451-52044,2017-05-16,M,"550, Station Road",Pune,Maharashtra,India,411001,2025-07-19,Gold,1
C003337,Aanya,Sharma,Aanya.Sharma.invalid,+91-99996-52259,2013-04-26,M,"641, Lake Road",Hyderabad,Telangana,India,500001,2026-02-03,Bronze,N
C003338,Rohan,Chopra,rohan.chopra3338@example.com,+91-83962-84237,2004-09-16,F,"781, Hill View",Austin,Texas,United States,78701,2023-01-05,Silver,Y
C003339,Kabir,Menon,kabir.menon3339@example.com,+91-91788-85827,2009-07-27,O,"174, Station Road",Kochi,Kerala,India,682001,2024-09-11,Gold,Yes
C003340,Tara,Chopra,tara.chopra3340@example.com,+91-90741-48375,1996-07-15,F,"20, Market Street",Bengaluru,Karnataka,India,560001,2026-05-27,Gold,Yes
C003341,Tara,Shah,tara.shah3341@example.com,+91-69011-84729,1980-07-19,male,"79, Lake Road",Pune,Maharashtra,India,411001,2023-07-26,Platinum,true
C003342,Aditya,Bose,aditya.bose3342@example.com,+91-76321-66452,1999-05-15,Other,"271, Market Street",Chennai,Tamil Nadu,India,600001,2022-12-05,Platinum,true
C003343,Aarav,Sharma,aarav.sharma3343@example.com,+91-77319-52993,1979-03-21,Female,"323, Station Road",Bengaluru,Karnataka,India,560001,2023-07-04,Gold,Y
C003344,Ananya,Verma,ananya.verma3344@example.com,+91-63119-71368,1991-10-02,female,"683, Lake Road",Chennai,Tamil Nadu,India,600001,2024-06-29,Bronze,false
C003345,Meera,Menon,meera.menon3345@example.com,+91-84553-66120,1988-08-11,F,"36, Park Avenue",Mumbai,Maharashtra,India,400001,2025-05-24,Gold,N
C003346,Neha,Verma,neha.verma3346@example.com,+91-60930-13453,1998-01-17,F,"510, Lake Road",Toronto,Ontario,Canada,M5H2N2,2024-01-16,Gold,Y
C003347,Neha,Verma,neha.verma3347@example.com,+91-88225-26520,1979-02-11,female,"822, Station Road",Mumbai,Maharashtra,India,400001,2025-03-23,Silver,No
C003348,Ishaan,Nair,ishaan.nair3348@example.com,+91-79590-83054,1989-08-12,female,"461, Lake Road",Chennai,Tamil Nadu,India,600001,2024-01-19,Bronze,0
C003349,Nisha,Sharma,nisha.sharma3349@example.com,+91-85770-33865,1985-09-10,M,"149, Market Street",Mumbai,Maharashtra,India,400001,2023-12-14,Platinum,N
C003350,Nisha,Bose,nisha.bose3350@example.com,+91-62868-87241,2017-09-19,O,"131, Market Street",Delhi,Delhi,India,110001,2025-03-20,Gold,true
C003351,Diya,Gupta,diya.gupta3351@example.com,+91-75885-65418,1977-12-31,F,"507, MG Road",London,England,United Kingdom,SW1A1AA,2022-07-16,Gold,false
C003352,Tara,Mehta,tara.mehta3352@example.com,+91-74052-51739,2012-09-14,M,"48, Park Avenue",Austin,Texas,United States,78701,2023-10-16,Gold,Yes
C003353,Sneha,Sharma,sneha.sharma3353@example.com,+91-61101-36627,1995-09-24,O,"880, MG Road",Austin,Texas,United States,78701,2025-09-09,Silver,true
C003354,Arjun,Singh,arjun.singh3354@example.com,+91-94602-46191,1997-09-22,Female,"658, Hill View",Chennai,Tamil Nadu,India,600001,2025-08-06,Bronze,0
C003355,Riya,Singh,riya.singh3355@example.com,ABC123,2017-12-29,F,"945, Hill View",Kolkata,West Bengal,India,700001,2025-12-03,Bronze,Yes
C003356,Riya,Singh,riya.singh3356@example.com,+91-71775-51135,2014-08-24,Female,"859, Lake Road",Austin,Texas,United States,78701,2022-04-05,Silver,false
C003357,Lakshmi,Iyer,lakshmi.iyer3357@example.com,+91-82039-18435,2007-04-01,M,"648, Lake Road",Kolkata,West Bengal,India,700001,2024-02-08,Silver,Yes
C003358,Ira,Chopra,ira.chopra3358@example.com,+91-77807-54943,2007-01-14,male,"189, Hill View",Chennai,Tamil Nadu,India,600001,2023-09-08,Silver,No
C003359,Aanya,Sharma,aanya.sharma3359@example.com,+91-79692-34474,2003-03-23,M,"836, Lake Road",Bengaluru,Karnataka,India,560001,2023-04-13,Platinum,0
C003360,Varun,Menon,varun.menon3360@example.com,+91-69829-72209,1993-01-06,O,"240, Hill View",Toronto,Ontario,Canada,M5H2N2,2025-08-21,Bronze,No
C003361,Varun,Verma,varun.verma3361@example.com,+91-63316-68072,2004-06-14,male,"82, MG Road",Hyderabad,Telangana,India,500001,2025-08-17,Silver,No
C003362,Ananya,Pillai,ananya.pillai3362@example.com,+91-64008-90073,2007-01-30,male,"134, Station Road",Seattle,Washington,United States,98101,2026-05-11,Bronze,0
C003363,Varun,Nair,varun.nair3363@example.com,+91-78596-80727,2008-06-24,M,"619, MG Road",Hyderabad,Telangana,India,500001,2025-10-21,Platinum,0
C003364,Sneha,Iyer,sneha.iyer3364@example.com,+91-65204-73959,1996-10-27,O,"321, Lake Road",Bengaluru,Karnataka,India,560001,2023-12-14,Silver,Yes
C003365,Kabir,Gupta,kabir.gupta3365@example.com,+91-73395-52100,2019-11-07,F,"861, Station Road",Bengaluru,Karnataka,India,560001,2022-02-25,Bronze,Y
C003366,Sanjay,Iyer,sanjay.iyer3366@example.com,+91-65576-60771,1990-09-05,male,"835, Station Road",Bengaluru,Karnataka,India,560001,2022-10-31,Platinum,Y
C003367,Aarav,Menon,aarav.menon3367@example.com,+91-64931-74172,1987-07-28,female,"860, Lake Road",Seattle,Washington,United States,98101,2022-10-05,Bronze,No
C003368,Zoya,Das,zoya.das3368@example.com,+91-90838-45372,1979-07-30,Other,"299, Park Avenue",Austin,Texas,United States,78701,2022-08-22,Platinum,Yes
C003369,Varun,Gupta,varun.gupta3369@example.com,+91-93810-87335,2005-09-16,F,"490, Lake Road",Toronto,Ontario,Canada,M5H2N2,2024-11-07,Platinum,Yes
C003370,Kabir,Joshi,kabir.joshi3370@example.com,+91-84399-32766,2018-07-11,Other,"773, Lake Road",Bengaluru,Karnataka,India,560001,2025-08-07,Bronze,N
C003371,Rohan,Patel,rohan.patel3371@example.com,+91-93198-31031,1980-03-15,female,"235, Station Road",Toronto,Ontario,Canada,M5H2N2,2023-07-23,Bronze,Yes
C003372,Rohan,Verma,rohan.verma3372@example.com,+91-72580-38208,1998-02-07,M,"695, Station Road",Kolkata,West Bengal,India,700001,2025-01-09,Silver,false
C003373,Arjun,Das,arjun.das3373@example.com,+91-82777-80999,1995-03-14,Male,"710, Market Street",Kochi,Kerala,India,682001,2025-11-03,Silver,1
C003374,Rohan,Bose,rohan.bose3374@example.com,+91-86181-47517,1993-11-16,Male,"856, Lake Road",Kolkata,West Bengal,India,700001,2026-05-10,Bronze,false
C003375,Aarav,Chopra,aarav.chopra3375@example.com,+91-80065-51512,1978-01-21,female,"981, Market Street",Kochi,Kerala,India,682001,2025-01-27,Platinum,Yes
C003376,Ananya,Patel,ananya.patel3376@example.com,+91-74141-28518,1981-11-23,F,"796, Lake Road",Kolkata,West Bengal,India,700001,2022-07-30,Platinum,0
C003377,Maya,Bose,maya.bose3377@example.com,+91-90763-85067,2010-10-11,Male,"368, Park Avenue",Mumbai,Maharashtra,India,400001,2026-05-08,Silver,false
C003378,Dev,Kapoor,dev.kapoor3378@example.com,+91-97620-94944,2015-03-26,Female,"187, Market Street",Seattle,Washington,United States,98101,2024-11-26,Platinum,No
C003379,Kavya,Verma,kavya.verma3379@example.com,+91-75615-90826,1995-10-29,Female,"661, Hill View",Kochi,Kerala,India,682001,2026-05-01,Platinum,0
C003380,Riya,Menon,riya.menon3380@example.com,+91-69725-41878,2003-11-23,O,"685, Hill View",London,England,United Kingdom,SW1A1AA,2026-01-05,Gold,true
C003381,Kabir,Jain,kabir.jain3381@example.com,+91-60780-89173,1985-05-27,Other,"433, Hill View",Delhi,Delhi,India,110001,2025-09-27,Silver,N
C003382,Aarav,Rao,aarav.rao3382@example.com,+91-69757-76898,1987-02-16,male,"949, Station Road", PUNE ,Maharashtra,India,411001,2023-04-16,Platinum,1
C003383,Sanjay,Singh,sanjay.singh3383@example.com,+91-86793-41146,2013-12-08,O,"662, MG Road",Mumbai,Maharashtra,India,400001,2024-02-06,Gold,true
C003384,Aditya,Shah,Aditya.Shah.invalid,+91-71000-12537,1982-07-15,female,"775, Station Road",Austin,Texas,United States,78701,2025-07-19,Silver,0
C003385,Vikram,Verma,vikram.verma3385@example.com,+91-93811-25635,1994-08-13,Male,"764, Station Road",Chennai,Tamil Nadu,India,600001,2023-03-12,Bronze,Y
C003386,Priya,Nair,priya.nair3386@example.com,+91-67757-25117,1982-08-22,Other,"735, MG Road",Kolkata,West Bengal,India,700001,2023-11-19,Gold,Yes
C003387,Sneha,Joshi,sneha.joshi3387@example.com,+91-92411-27186,1993-06-07,female,"855, Hill View",Pune,Maharashtra,India,411001,2025-11-12,Platinum,Yes
C003388,Priya,Shah,priya.shah3388@example.com,+91-75023-20808,2013-12-04,Female,"357, Station Road",Kochi,Kerala,India,682001,2023-08-03,Silver,N
C003389,Kabir,Singh,kabir.singh3389@example.com,+91-75243-21280,2016-05-02,Other,"685, Park Avenue",London,England,United Kingdom,SW1A1AA,2025-06-06,Bronze,false
C003390,,Menon,arjun.menon3390@example.com,+91-94896-50547,1989-08-27,male,"399, Market Street",Toronto,Ontario,Canada,M5H2N2,2022-11-25,Bronze,Y
C003391,Priya,Kapoor,priya.kapoor3391@example.com,+91-80682-48552,2006-06-03,Female,"193, Station Road",London,England,United Kingdom,SW1A1AA,2025-02-27,Platinum,true
C003392,Neha,Joshi,neha.joshi3392@example.com,+91-60843-93501,1998-06-26,male,"143, Station Road",Mumbai,Maharashtra,India,400001,2024-07-07,Gold,N
C003393,Priya,Shah,priya.shah3393@example.com,+91-89073-39959,2016-11-25,female,"253, Market Street",Austin,Texas,United States,78701,2023-05-22,Silver,0
C003394,Kiran,Kumar,kiran.kumar3394@example.com,+91-75923-49042,2008-01-22,female,"958, Lake Road",London,England,United Kingdom,SW1A1AA,2025-10-08,Platinum,N
C003395,Zoya,Bose,zoya.bose3395@example.com,+91-79134-94478,1983-11-11,female,"698, Park Avenue",Kochi,Kerala,U.S.A.,682001,2024-01-23,Bronze,0
C003396,Zoya,Mehta,zoya.mehta3396@example.com,+91-89408-12099,2005-11-10,Male,"57, Park Avenue",Chennai,Tamil Nadu,India,600001,2022-08-18,Platinum,Y
C003397,Diya,Mehta,diya.mehta3397@example.com,+91-98284-49779,1992-09-09,male,"484, Park Avenue",Hyderabad,Telangana,India,500001,31-02-2025,Bronze,false
C003398,Lakshmi,Shah,lakshmi.shah3398@example.com,+91-79861-77647,2015-06-17,Female,"909, Park Avenue",Kochi,Kerala,India,682001,2023-10-22,Silver,Yes
C003399,Ishaan,Shah,ishaan.shah3399@example.com,+91-78672-35735,2019-12-05,Male,"667, Lake Road",Austin,Texas,United States,78701,2023-02-07,Platinum,N
C003400,Sneha,Menon,sneha.menon3400@example.com,+91-72791-13567,1999-01-18,Male,"233, Park Avenue",Austin,Texas,United States,78701,2024-01-11,Gold,Y
C003401,Sneha,Patel,sneha.patel3401@example.com,+91-65856-52027,1997-08-18,Other,"588, Station Road",Austin,Texas,United States,78701,2026-02-09,Gold,false
C003402,Diya,Verma,diya.verma3402@example.com,+91-71454-30073,2006-04-17,male,"736, Hill View",Austin,Texas,United States,78701,2022-05-25,Platinum,No
C003403,Maya,Jain,maya.jain3403@example.com,+91-90211-89701,1990-03-02,O,"10, MG Road",Delhi,Delhi,India,110001,2023-01-06,Bronze,Y
C003404,Lakshmi,Sharma,lakshmi.sharma3404@example.com,+91-72676-71828,1987-03-19,F,"127, Lake Road",Kochi,Kerala,India,682001,2025-10-17,Gold,Yes
C003405,Ira,Das,ira.das3405@example.com,+91-88082-52879,2012-01-09,Female,"99, Lake Road",Bengaluru,Karnataka,India,560001,2025-08-14,Gold,true
C003406,Neha,Nair,neha.nair3406@example.com,+91-74842-30263,1992-01-04,Other,"357, Park Avenue",Mumbai,Maharashtra,India,??,2025-03-18,Gold,0
C003407,Zoya,Sharma,zoya.sharma3407@example.com,+91-75897-39472,2008-07-16,Other,"167, Park Avenue",Delhi,Delhi,India,110001,2023-03-18,Gold,true
C003408,Maya,Pillai,maya.pillai3408@example.com,+91-71014-62661,2008-03-01,Other,"921, Park Avenue",Toronto,Ontario,Canada,M5H2N2,2024-01-04,Gold,1
C003409,Priya,Patel,priya.patel3409@example.com,+91-62874-45468,2015-07-19,female,"957, Hill View",London,England,United Kingdom,SW1A1AA,2024-11-01,Gold,1
C003410,Rohan,Shah,rohan.shah3410@example.com,+91-73923-89885,1982-05-03,male,"514, MG Road",London,England,United Kingdom,SW1A1AA,2025-04-24,Silver,false
C003411,Kabir,Bose,kabir.bose3411@example.com,+91-80053-40025,1990-04-09,Male,"487, Hill View",Delhi,Delhi,India,110001,2025-07-17,Gold,Y
C003412,Riya,Sharma,riya.sharma3412@example.com,+91-79172-75335,2016-11-17,female,"939, Station Road",Bengaluru,Karnataka,India,560001,2025-06-16,Platinum,Y
C003413,Priya,Pillai,priya.pillai3413@example.com,+91-98998-65023,2008-08-14,male,"556, MG Road",London,England,United Kingdom,SW1A1AA,2023-05-05,Bronze,No
C003414,Zoya,Kumar,zoya.kumar3414@example.com,+91-62706-10039,1990-04-12,Male,"870, Market Street",Pune,Maharashtra,India,411001,2025-11-25,Gold,No
C003415,Kiran,Gupta,kiran.gupta3415@example.com,+91-78610-53747,2012-12-19,male,"750, Station Road",Hyderabad,Telangana,India,500001,2022-03-16,Silver,Yes
C003416,Aditya,Shah,aditya.shah3416@example.com,ABC123,1996-08-23,Female,"250, MG Road",Pune,Maharashtra,India,411001,2024-07-17,Platinum,false
C003417,Manoj,Mehta,manoj.mehta3417@example.com,+91-89771-34855,1981-07-21,Other,"353, Hill View",Toronto,Ontario,Canada,M5H2N2,2022-08-01,Bronze,0
C003418,Aarav,Patel,aarav.patel3418@example.com,+91-65726-79654,2005-12-26,Female,"398, Hill View",Pune,Maharashtra,India,411001,2023-09-19,Silver,N
C003419,Akash,Jain,akash.jain3419@example.com,+91-63513-51911,1994-03-27,O,"410, Market Street",Mumbai,Maharashtra,India,400001,2024-01-22,Silver,No
C003420,Ananya,Joshi,ananya.joshi3420@example.com,+91-60652-46787,1998-05-23,Male,"616, Market Street",Kochi,Kerala,India,682001,2024-05-29,Gold,N
C003421,Tara,Pillai,tara.pillai3421@example.com,+91-61943-80059,2016-12-31,F,"80, Lake Road",Bengaluru,Karnataka,India,560001,2022-07-22,Gold,No
C003422,Manoj,Verma,manoj.verma3422@example.com,+91-74843-26463,2009-12-23,female,"389, Lake Road",Mumbai,Maharashtra,India,400001,2023-08-16,Bronze,Yes
C003423,Dev,Verma,dev.verma3423@example.com,+91-84220-97011,1999-07-26,M,"877, Market Street",Toronto,Ontario,Canada,M5H2N2,2025-09-29,Bronze,N
C003424,Lakshmi,Reddy,lakshmi.reddy3424@example.com,+91-85155-65320,1999-12-29,F,"580, MG Road",Seattle,Washington,United States,98101,2025-01-06,Bronze,true
C003425,Sanjay,Kumar,sanjay.kumar3425@example.com,+91-97804-29929,1978-08-30,Female,"268, Lake Road",Pune,Maharashtra,India,411001,2023-12-09,Silver,false
C003426,Ishaan,Rao,ishaan.rao3426@example.com,+91-94926-32952,2003-04-10,Female,"483, MG Road",Bengaluru,Karnataka,India,560001,2022-03-04,Gold,Yes
C003427,Maya,Sharma,maya.sharma3427@example.com,+91-79352-12933,1980-05-21,F,"390, Park Avenue",Bengaluru,Karnataka,India,560001,2022-11-02,Platinum,Y
C003428,Maya,Joshi,maya.joshi3428@example.com,+91-94609-86595,2005-10-21,F,"598, Hill View",Toronto,Ontario,Canada,M5H2N2,2025-07-12,Bronze,true
C003429,Neha,Kapoor,neha.kapoor3429@example.com,+91-91866-31496,2001-05-01,Male,"229, Lake Road",Delhi,Delhi,India,110001,2023-09-17,Platinum,false
C003430,Akash,Reddy,akash.reddy3430@example.com,+91-77678-48874,1986-11-29,M,"920, Hill View",Kochi,Kerala,India,682001,2023-04-11,Silver,0
C003431,Tara,Rao,Tara.Rao.invalid,+91-97698-98224,2013-08-31,F,"237, Lake Road",Delhi,Delhi,India,110001,2024-11-11,Silver,true
C003432,Vikram,Reddy,vikram.reddy3432@example.com,+91-72306-90054,1990-09-14,M,"720, Park Avenue",Chennai,Tamil Nadu,India,600001,2023-08-09,Platinum,Yes
C003433,Priya,Verma,priya.verma3433@example.com,+91-82728-15947,2017-08-24,O,"995, Hill View",Toronto,Ontario,Canada,M5H2N2,2022-02-19,Platinum,false
C003434,Arjun,Singh,arjun.singh3434@example.com,+91-64028-90610,1992-03-23,Female,"547, Market Street",London,England,United Kingdom,SW1A1AA,2022-04-02,Gold,No
C003435,Sanjay,Gupta,sanjay.gupta3435@example.com,+91-76530-80412,1982-08-12,Male,"895, Lake Road",Austin,Texas,United States,78701,2024-03-18,Silver,0
C003436,Rohan,Joshi,rohan.joshi3436@example.com,+91-77693-35142,1998-10-31,Other,"88, Market Street",Delhi,Delhi,India,110001,2026-04-13,Platinum,1
C003437,Aditya,Patel,aditya.patel3437@example.com,+91-75707-61701,2006-05-18,Male,"669, Hill View",Austin,Texas,United States,78701,2026-04-09,Gold,Yes
C003438,Ira,Shah,ira.shah3438@example.com,+91-66277-26446,2015-03-11,M,"154, Market Street",Seattle,Washington,United States,98101,2024-08-13,Bronze,0
C003439,Neha,Singh,neha.singh3439@example.com,+91-63366-56648,1996-11-25,Other,"329, Park Avenue",Mumbai,Maharashtra,India,400001,2022-02-20,Bronze,false
C003440,Dev,Jain,dev.jain3440@example.com,+91-60475-28716,1980-01-23,female,"713, Park Avenue",Kochi,Kerala,India,682001,2024-02-10,Gold,Y
C003441,Diya,Iyer,diya.iyer3441@example.com,+91-72361-78145,1979-09-08,Female,"407, Park Avenue",Pune,Maharashtra,India,411001,2022-09-03,Silver,Y
C003442,Rahul,Patel,rahul.patel3442@example.com,+91-63931-84638,2019-11-30,male,"515, MG Road",Kochi,Kerala,India,682001,2023-02-14,Bronze,false
C003443,Ira,Joshi,ira.joshi3443@example.com,+91-61870-64257,2015-08-08,O,"78, Station Road",Bengaluru,Karnataka,India,560001,2023-09-26,Platinum,Y
C003444,Kiran,Verma,kiran.verma3444@example.com,+91-73495-92996,1993-06-09,O,"686, Park Avenue",Toronto,Ontario,Canada,M5H2N2,2024-07-10,Silver,false
C003445,Pooja,Patel,pooja.patel3445@example.com,+91-98587-93813,2004-03-29,Other,"307, Park Avenue",London,England,United Kingdom,SW1A1AA,2024-09-07,Bronze,N
C003446,Tara,Iyer,tara.iyer3446@example.com,+91-70462-36527,2009-05-02,Female,"343, Hill View",Bengaluru,Karnataka,India,560001,2025-03-01,Bronze,1
C003447,Diya,Das,diya.das3447@example.com,+91-76494-82238,2004-10-06,Other,"895, Station Road",Mumbai,Maharashtra,India,400001,2022-08-09,Gold,1
C003448,Maya,Mehta,maya.mehta3448@example.com,+91-66059-17854,2014-07-19,Female,"763, Market Street",Delhi,Delhi,India,110001,2024-12-28,Gold,1
C003449,Neha,Jain,neha.jain3449@example.com,+91-66591-63634,2017-08-27,O,"168, Lake Road",Kochi,Kerala,India,682001,2022-02-22,Platinum,0
C003450,Rahul,Nair,rahul.nair3450@example.com,+91-61399-43133,1994-11-21,Other,"330, MG Road",Kolkata,West Bengal,India,700001,2026-04-06,Silver,No
C003451,Arjun,Nair,arjun.nair3451@example.com,+91-93792-73435,2008-07-09,Other,"683, Hill View",Chennai,Tamil Nadu,India,600001,2025-07-02,Silver,0
C003452,Tara,Menon,tara.menon3452@example.com,+91-68254-70949,2007-10-02,F,"370, MG Road",Toronto,Ontario,Canada,M5H2N2,2023-06-26,Silver,Yes
C003453,Priya,Joshi,priya.joshi3453@example.com,+91-95698-33599,2000-12-23,female,"312, Park Avenue",London,England,United Kingdom,SW1A1AA,2023-06-28,Bronze,1
C003454,Nisha,Kapoor,nisha.kapoor3454@example.com,+91-84670-42197,1981-08-03,male,"273, Market Street",Kochi,Kerala,India,682001,2025-07-19,VIP,0
C003455,Diya,Gupta,diya.gupta3455@example.com,+91-90884-49454,2013-10-09,Male,"658, Market Street",Pune,Maharashtra,India,411001,2024-01-27,Bronze,N
C003456,Dev,Singh,dev.singh3456@example.com,+91-96375-47135,1981-11-11,Female,"860, Park Avenue",London,England,United Kingdom,SW1A1AA,2022-01-26,Platinum,No
C003457,Sneha,Patel,sneha.patel3457@example.com,+91-67203-74123,1991-12-22,male,"673, Park Avenue",Austin,Texas,United States,78701,2025-01-24,Platinum,Yes
C003458,Rahul,Reddy,rahul.reddy3458@example.com,+91-91860-14982,2018-11-03,Male,"408, Park Avenue",Chennai,Tamil Nadu,India,600001,2024-01-01,Gold,1
C003459,Lakshmi,Das,lakshmi.das3459@example.com,+91-87215-99672,1991-01-04,Other,"844, Lake Road",Kochi,Kerala,India,682001,2026-01-31,Silver,No
BAD3460,Arjun,Nair,arjun.nair3460@example.com,+91-90345-42020,1990-06-11,O,"903, Station Road",Hyderabad,Telangana,India,500001,2025-03-20,Gold,0
C003461,Rohan,Mehta,rohan.mehta3461@example.com,+91-99579-45460,1987-04-18,female,"602, Hill View",Bengaluru,Karnataka,India,560001,2024-08-01,Silver,Y
C003462,Dev,Bose,dev.bose3462@example.com,+91-93927-20887,1978-08-05,Male,"594, Hill View",London,England,United Kingdom,SW1A1AA,2022-12-09,Platinum,Y
C003463,Ishaan,Gupta,ishaan.gupta3463@example.com,+91-61960-79842,1982-02-14,O,"876, MG Road",Delhi,Delhi,India,110001,2023-10-23,Bronze,false
C003464,Diya,Kumar,diya.kumar3464@example.com,+91-70179-83484,2009-08-16,F,"533, Hill View",Kolkata,West Bengal,India,700001,2023-09-19,Platinum,N
C003465,Kiran,Iyer,kiran.iyer3465@example.com,+91-62861-69664,2015-01-25,male,"515, MG Road",London,England,United Kingdom,SW1A1AA,2022-07-31,Gold,1
C003466,Lakshmi,Sharma,lakshmi.sharma3466@example.com,+91-80160-61971,1981-11-25,female,"320, Lake Road",Delhi,Delhi,India,110001,2026-03-04,Gold,1
C003467,Kavya,Chopra,kavya.chopra3467@example.com,+91-97201-92955,1994-05-12,Female,"26, Lake Road",Toronto,Ontario,Canada,M5H2N2,2025-09-30,Gold,N
C003468,Priya,Nair,priya.nair3468@example.com,+91-61062-52041,2017-03-14,M,"454, Station Road",Austin,Texas,United States,78701,2022-10-25,Silver,No
C003469,Neha,Kapoor,neha.kapoor3469@example.com,+91-93400-89329,1991-08-24,male,"358, MG Road",London,England,United Kingdom,SW1A1AA,2026-03-28,Bronze,Y
C003470,Vikram,Mehta,vikram.mehta3470@example.com,+91-76901-75050,1978-11-17,O,"593, Station Road",Austin,Texas,United States,78701,2025-08-25,Platinum,0
C003471,Arjun,Kumar,arjun.kumar3471@example.com,+91-83950-65747,2012-04-06,M,"47, MG Road", MUMBAI ,Maharashtra,India,400001,2024-07-07,Platinum,false
C003472,Zoya,Gupta,zoya.gupta3472@example.com,+91-65095-61889,2005-07-31,male,"628, MG Road",Seattle,Washington,United States,98101,2025-01-04,Platinum,0
C003473,Lakshmi,Gupta,lakshmi.gupta3473@example.com,+91-93346-68297,2018-06-29,Male,"68, Lake Road",Kolkata,West Bengal,India,700001,2022-05-23,Platinum,Yes
C003474,Aditya,Mehta,aditya.mehta3474@example.com,+91-83619-71343,1978-02-26,Other,"866, MG Road",Hyderabad,Telangana,India,500001,2026-03-25,Platinum,Yes
C003475,Aditya,Verma,aditya.verma3475@example.com,+91-90344-78568,2012-12-22,O,"385, Park Avenue",Bengaluru,Karnataka,India,560001,2023-12-08,Platinum,N
C003476,Vikram,Das,vikram.das3476@example.com,+91-65796-68653,1996-06-24,male,"377, Station Road",Austin,Texas,United States,78701,31-02-2025,Gold,1
C003477,Akash,Kumar,akash.kumar3477@example.com,ABC123,1982-06-23,Other,"628, MG Road",Kochi,Kerala,India,682001,2024-02-16,Bronze,No
C003478,Aarav,Bose,Aarav.Bose.invalid,+91-69196-83232,1996-09-01,male,"743, Lake Road",Chennai,Tamil Nadu,India,600001,2025-05-12,Silver,0
C003479,Manoj,Patel,manoj.patel3479@example.com,+91-94482-61963,2018-11-04,Other,"706, Park Avenue",Chennai,Tamil Nadu,India,600001,2024-02-16,Platinum,No
C003480,Neha,Verma,neha.verma3480@example.com,+91-94854-30910,2008-07-13,Male,"218, MG Road",Chennai,Tamil Nadu,India,600001,2022-10-16,Gold,Yes
C003481,Meera,Kumar,meera.kumar3481@example.com,+91-79347-38822,1979-10-01,Female,"730, Market Street",Delhi,Delhi,India,110001,2024-04-30,Platinum,Y
C003482,Neha,Kumar,neha.kumar3482@example.com,+91-84747-65337,2001-07-27,Other,"92, Hill View",Mumbai,Maharashtra,India,400001,2022-09-08,Gold,Y
C003483,Kiran,Joshi,kiran.joshi3483@example.com,+91-62180-19025,1996-05-23,female,"837, Station Road",Austin,Texas,United States,78701,2026-04-04,Silver,1
C003484,Dev,Gupta,dev.gupta3484@example.com,+91-65852-36917,1994-09-16,Female,"308, Market Street",Austin,Texas,United States,78701,2024-04-01,Bronze,N
C003485,Rahul,Singh,rahul.singh3485@example.com,+91-71805-99254,2006-07-30,F,"122, Lake Road",Delhi,Delhi,India,110001,2022-08-17,Bronze,true
C003486,Rohan,Reddy,rohan.reddy3486@example.com,+91-88960-10106,1997-07-21,M,"461, Park Avenue",Seattle,Washington,United States,98101,2022-08-01,Bronze,false
C003487,Aanya,Bose,aanya.bose3487@example.com,+91-96295-25179,2009-10-23,male,"167, Park Avenue",Seattle,Washington,United States,98101,2025-08-12,Silver,N
C003488,Aanya,Shah,aanya.shah3488@example.com,+91-98894-79599,2007-05-16,Male,"307, Hill View",Kolkata,West Bengal,India,700001,2024-01-27,Bronze,N
C003489,Vikram,Joshi,vikram.joshi3489@example.com,+91-69730-30211,1983-08-01,Female,"387, Hill View",Delhi,Delhi,India,110001,2026-05-28,Silver,Yes
C003490,Sneha,Jain,sneha.jain3490@example.com,+91-69345-82238,1991-10-30,F,"770, MG Road",Austin,Texas,United States,78701,2022-10-25,Gold,N
C003491,Ananya,Reddy,ananya.reddy3491@example.com,+91-96779-74828,2010-10-20,F,"911, MG Road",Austin,Texas,United States,78701,2023-11-20,Platinum,1
C003492,Aanya,Verma,aanya.verma3492@example.com,+91-74954-99865,2016-06-30,Other,"661, Lake Road",Delhi,Delhi,U.S.A.,110001,2022-02-16,Bronze,false
C003493,Rohan,Verma,rohan.verma3493@example.com,+91-68793-47996,1996-07-19,Other,"162, Lake Road",Pune,Maharashtra,India,411001,2024-12-06,Bronze,false
C003494,Ananya,Reddy,ananya.reddy3494@example.com,+91-85259-42800,2016-06-15,male,"810, MG Road",Seattle,Washington,United States,98101,2025-11-19,Platinum,Y
C003495,Priya,Gupta,priya.gupta3495@example.com,+91-95583-28400,2001-01-11,female,"86, Market Street",Chennai,Tamil Nadu,India,600001,2022-07-08,Bronze,No
C003496,Sneha,Jain,sneha.jain3496@example.com,+91-75360-46917,2006-04-13,F,"351, Lake Road",Pune,Maharashtra,India,411001,2025-03-07,Platinum,true
C003497,Rohan,Sharma,rohan.sharma3497@example.com,+91-88744-72531,1998-08-27,O,"65, Station Road",Bengaluru,Karnataka,India,560001,2023-05-24,Bronze,1
C003498,Ishaan,Gupta,ishaan.gupta3498@example.com,+91-85073-63559,1978-08-15,F,"164, Station Road",Toronto,Ontario,Canada,M5H2N2,2022-12-04,Bronze,false
C003499,Aanya,Kumar,aanya.kumar3499@example.com,+91-75618-62183,2010-08-03,Female,"838, Hill View",Kochi,Kerala,India,682001,2022-11-09,Platinum,false
C003500,Kavya,Mehta,kavya.mehta3500@example.com,+91-64653-22905,2010-06-21,M,"69, Hill View",Mumbai,Maharashtra,India,400001,2023-05-15,Bronze,1
C003501,Ananya,Das,ananya.das3501@example.com,+91-60444-85799,1982-04-27,O,"716, Park Avenue",Kolkata,West Bengal,India,700001,2024-11-09,Gold,true
C003502,Ishaan,Mehta,ishaan.mehta3502@example.com,+91-79611-69609,1979-06-26,male,"613, Park Avenue",Seattle,Washington,United States,98101,2026-06-22,Platinum,No
C003503,,Shah,manoj.shah3503@example.com,+91-72787-87520,1979-01-28,female,"161, Hill View",Austin,Texas,United States,78701,2023-11-25,Gold,0
C003504,Manoj,Mehta,manoj.mehta3504@example.com,+91-66343-61921,2015-04-14,male,"31, Market Street",Bengaluru,Karnataka,India,560001,2024-10-04,Platinum,true
C003505,Neha,Iyer,neha.iyer3505@example.com,+91-76962-93053,2010-11-15,O,"333, Hill View",Kochi,Kerala,India,682001,2023-05-19,Silver,N
C003506,Ananya,Nair,ananya.nair3506@example.com,+91-97337-58737,2012-02-13,Other,"508, Station Road",Bengaluru,Karnataka,India,560001,2022-01-01,Platinum,No
C003507,Aarav,Bose,aarav.bose3507@example.com,+91-65762-81753,2005-01-14,female,"849, MG Road",Delhi,Delhi,India,110001,2025-09-23,Bronze,false
C003508,Priya,Menon,priya.menon3508@example.com,+91-87128-15839,2003-11-03,Female,"651, MG Road",Kolkata,West Bengal,India,700001,2022-02-20,Bronze,1
C003509,Pooja,Bose,pooja.bose3509@example.com,+91-82743-67683,2011-06-30,Female,"690, Hill View",Bengaluru,Karnataka,India,560001,2023-11-20,Platinum,Yes
C003510,Ananya,Reddy,ananya.reddy3510@example.com,+91-94570-50669,2008-08-12,female,"149, Lake Road",Austin,Texas,United States,78701,2026-06-19,Gold,true
C003511,Vikram,Jain,vikram.jain3511@example.com,+91-98014-35676,1981-02-04,male,"484, Hill View",London,England,United Kingdom,SW1A1AA,2024-10-19,Silver,true
C003512,Kavya,Nair,kavya.nair3512@example.com,+91-96386-27333,2006-04-26,female,"117, Station Road",Mumbai,Maharashtra,India,400001,2022-12-23,Gold,false
C003513,Kabir,Nair,kabir.nair3513@example.com,+91-63845-42711,2006-09-13,M,"446, Park Avenue",Kolkata,West Bengal,India,700001,2023-06-02,Bronze,Y
C003514,Aarav,Sharma,aarav.sharma3514@example.com,+91-78313-72556,1981-04-19,M,"709, Lake Road",London,England,United Kingdom,SW1A1AA,2022-05-16,Bronze,N
C003515,Pooja,Patel,pooja.patel3515@example.com,+91-83014-85048,1997-06-13,O,"501, MG Road",Delhi,Delhi,India,110001,2025-10-31,Silver,No
C003516,Ira,Menon,ira.menon3516@example.com,+91-93775-30290,2013-09-22,female,"287, Station Road",London,England,United Kingdom,SW1A1AA,2025-03-11,Gold,N
C003517,Rohan,Jain,rohan.jain3517@example.com,+91-75109-16377,1991-11-08,Other,"251, Hill View",Kolkata,West Bengal,India,700001,2023-06-07,Bronze,true
C003518,Vikram,Jain,vikram.jain3518@example.com,+91-69021-95901,2019-08-12,Female,"851, Market Street",Austin,Texas,United States,78701,2025-12-25,Gold,Y
C003519,Aanya,Pillai,aanya.pillai3519@example.com,+91-76856-28830,1987-01-04,O,"358, Station Road",Delhi,Delhi,India,110001,2025-06-18,Bronze,N
C003520,Aarav,Jain,aarav.jain3520@example.com,+91-68237-10822,2017-05-11,O,"961, Hill View",Seattle,Washington,United States,98101,2023-06-07,Silver,Y
C003521,Pooja,Bose,pooja.bose3521@example.com,+91-84526-29984,2010-04-17,Male,"124, Park Avenue",Austin,Texas,United States,78701,2024-12-29,Bronze,No
C003522,Tara,Kapoor,tara.kapoor3522@example.com,+91-94114-36201,2008-01-04,Male,"335, MG Road",Chennai,Tamil Nadu,India,600001,2025-02-04,Gold,1
C003523,Zoya,Menon,zoya.menon3523@example.com,+91-76863-50677,1996-05-19,F,"174, Hill View",Chennai,Tamil Nadu,India,600001,2025-12-29,Platinum,Y
C003524,Sanjay,Jain,sanjay.jain3524@example.com,+91-93067-77803,2005-10-19,female,"236, Station Road",Toronto,Ontario,Canada,M5H2N2,2022-01-21,Platinum,0
C003525,Dev,Kumar,Dev.Kumar.invalid,+91-87524-48661,2012-04-18,M,"824, Hill View",Chennai,Tamil Nadu,India,600001,2023-07-29,Gold,false
C003526,Ira,Joshi,ira.joshi3526@example.com,+91-68758-75641,1985-12-31,Female,"632, Lake Road",Hyderabad,Telangana,India,500001,2026-05-01,Silver,Yes
C003527,Sanjay,Singh,sanjay.singh3527@example.com,+91-65777-89041,2004-10-26,Other,"642, Station Road",Seattle,Washington,United States,98101,2024-08-13,Platinum,true
C003528,Aarav,Joshi,aarav.joshi3528@example.com,+91-87828-30446,2016-11-13,Other,"28, Station Road",Chennai,Tamil Nadu,India,600001,2022-05-13,Gold,Yes
C003529,Kavya,Rao,kavya.rao3529@example.com,+91-82563-23180,1996-03-06,Female,"151, MG Road",Chennai,Tamil Nadu,India,600001,2024-07-01,Silver,1
C003530,Priya,Nair,priya.nair3530@example.com,+91-94134-84750,1997-07-17,Other,"4, Station Road",Toronto,Ontario,Canada,M5H2N2,2022-12-16,Bronze,true
C003531,Vikram,Chopra,vikram.chopra3531@example.com,+91-95829-49555,1986-10-15,Female,"289, Market Street",Mumbai,Maharashtra,India,400001,2024-10-09,Gold,Yes
C003532,Ira,Shah,ira.shah3532@example.com,+91-85721-97377,2014-03-10,female,"738, Park Avenue",Kochi,Kerala,India,682001,2026-05-11,Bronze,Yes
C003533,Dev,Singh,dev.singh3533@example.com,+91-60084-26371,1999-05-18,Other,"451, Park Avenue",Pune,Maharashtra,India,411001,2022-05-15,Silver,0
C003534,Akash,Joshi,akash.joshi3534@example.com,+91-61241-60317,2014-11-29,F,"640, MG Road",Bengaluru,Karnataka,India,560001,2023-04-18,Silver,false
C003535,Ananya,Menon,ananya.menon3535@example.com,+91-98381-50043,1999-05-09,F,"136, Lake Road",Hyderabad,Telangana,India,500001,2022-06-30,Gold,false
C003536,Dev,Pillai,dev.pillai3536@example.com,+91-86931-42685,2002-10-25,M,"797, Lake Road",Pune,Maharashtra,India,411001,2024-01-12,Gold,Y
C003537,Tara,Singh,tara.singh3537@example.com,+91-88810-55447,2001-12-24,O,"893, Station Road",London,England,United Kingdom,??,2023-02-22,Bronze,N
C003538,Rohan,Joshi,rohan.joshi3538@example.com,ABC123,2010-03-29,F,"30, MG Road",Seattle,Washington,United States,98101,2023-02-17,Bronze,false
C003539,Sneha,Menon,sneha.menon3539@example.com,+91-85588-59052,1992-10-19,O,"588, Park Avenue",Hyderabad,Telangana,India,500001,2024-01-19,Silver,N
C003540,Vikram,Pillai,vikram.pillai3540@example.com,+91-70521-23591,1980-03-30,Male,"942, MG Road",Mumbai,Maharashtra,India,400001,2024-01-08,Bronze,N
C003541,Arjun,Rao,arjun.rao3541@example.com,+91-93799-34692,1983-01-24,F,"107, Station Road",Hyderabad,Telangana,India,500001,2025-04-05,Bronze,Yes
C003542,Varun,Chopra,varun.chopra3542@example.com,+91-83197-67087,2019-03-01,M,"147, Hill View",Kolkata,West Bengal,India,700001,2023-08-28,Silver,N
C003543,Riya,Gupta,riya.gupta3543@example.com,+91-77060-11114,2018-12-06,F,"933, Park Avenue",London,England,United Kingdom,SW1A1AA,2025-06-13,Bronze,No
C003544,Priya,Sharma,priya.sharma3544@example.com,+91-60661-38842,1996-06-13,M,"490, Lake Road",Toronto,Ontario,Canada,M5H2N2,2023-03-18,Silver,Yes
C003545,Kabir,Sharma,kabir.sharma3545@example.com,+91-87735-80053,1992-12-27,Male,"635, MG Road",Pune,Maharashtra,India,411001,2023-03-30,Platinum,N
C003546,Ananya,Menon,ananya.menon3546@example.com,+91-92547-77238,2019-03-11,F,"177, MG Road",Toronto,Ontario,Canada,M5H2N2,2022-12-25,Silver,true
C003547,Varun,Chopra,varun.chopra3547@example.com,+91-72227-49951,1987-11-19,Female,"332, Park Avenue",Kolkata,West Bengal,India,700001,2023-07-11,Platinum,false
C003548,Nisha,Pillai,nisha.pillai3548@example.com,+91-63115-71110,2013-05-29,O,"756, Park Avenue",Kolkata,West Bengal,India,700001,2026-02-18,Bronze,true
C003549,Kiran,Menon,kiran.menon3549@example.com,+91-64715-30115,2015-06-07,female,"882, Park Avenue",Bengaluru,Karnataka,India,560001,2024-08-19,Bronze,1
C003550,Lakshmi,Rao,lakshmi.rao3550@example.com,+91-91893-16443,1991-06-09,Male,"169, MG Road",Mumbai,Maharashtra,India,400001,2022-02-02,Silver,Y
C003551,Meera,Iyer,meera.iyer3551@example.com,+91-97601-71851,2011-09-20,female,"143, Market Street",London,England,United Kingdom,SW1A1AA,2024-01-01,Bronze,0
C003552,Sneha,Kapoor,sneha.kapoor3552@example.com,+91-94016-61402,2000-05-26,Male,"680, Market Street",Seattle,Washington,United States,98101,2023-10-25,Platinum,Y
C003553,Aarav,Mehta,aarav.mehta3553@example.com,+91-81748-85683,1979-10-19,male,"629, Market Street",Kolkata,West Bengal,India,700001,2023-04-07,Silver,Y
C003554,Diya,Mehta,diya.mehta3554@example.com,+91-61505-26169,2015-01-29,Male,"934, Lake Road",London,England,United Kingdom,SW1A1AA,2024-01-10,Gold,true
C003555,Kavya,Reddy,kavya.reddy3555@example.com,+91-94651-26332,1991-09-22,Male,"925, Hill View",Kochi,Kerala,India,682001,31-02-2025,Silver,Y
C003556,Tara,Singh,tara.singh3556@example.com,+91-86334-37534,1987-07-13,O,"62, Hill View",Mumbai,Maharashtra,India,400001,2025-03-01,Silver,N
C003557,Kavya,Kapoor,kavya.kapoor3557@example.com,+91-71010-61261,1983-04-28,Male,"157, Market Street",Toronto,Ontario,Canada,M5H2N2,2022-05-17,Silver,true
C003558,Kavya,Reddy,kavya.reddy3558@example.com,+91-70571-95799,2012-01-17,Other,"739, Hill View",Bengaluru,Karnataka,India,560001,2025-11-24,Gold,Y
C003559,Kabir,Menon,kabir.menon3559@example.com,+91-81232-70282,2003-12-30,Female,"476, Park Avenue",Pune,Maharashtra,India,411001,2026-02-01,Silver,true
C003560,Nisha,Kumar,nisha.kumar3560@example.com,+91-60980-57220,2010-04-09,female,"595, Station Road", CHENNAI ,Tamil Nadu,India,600001,2023-03-16,Bronze,true
C003561,Sanjay,Verma,sanjay.verma3561@example.com,+91-89037-12757,1991-04-20,Male,"165, Lake Road",Kolkata,West Bengal,India,700001,2023-04-27,Bronze,No
C003562,Aarav,Menon,aarav.menon3562@example.com,+91-65814-18088,2006-06-07,Other,"432, MG Road",London,England,United Kingdom,SW1A1AA,2025-01-25,Platinum,Yes
C003563,Vikram,Joshi,vikram.joshi3563@example.com,+91-99067-33513,1979-06-16,female,"660, Market Street",Austin,Texas,United States,78701,2025-12-02,Silver,Yes
C003564,Neha,Patel,neha.patel3564@example.com,+91-96079-64197,1991-07-24,Male,"604, Hill View",Bengaluru,Karnataka,India,560001,2024-10-08,Bronze,No
C003565,Ishaan,Singh,ishaan.singh3565@example.com,+91-68195-36616,2008-06-09,O,"412, Park Avenue",Pune,Maharashtra,India,411001,2025-12-09,Bronze,Yes
C003566,Manoj,Singh,manoj.singh3566@example.com,+91-93482-70697,2012-09-29,F,"641, Station Road",Delhi,Delhi,India,110001,2025-12-30,Gold,true
C003567,Rohan,Das,rohan.das3567@example.com,+91-91722-68102,1988-01-20,F,"151, Market Street",Seattle,Washington,United States,98101,2024-08-30,Bronze,1
C003568,Kavya,Shah,kavya.shah3568@example.com,+91-89170-50050,1980-01-13,O,"839, MG Road",Delhi,Delhi,India,110001,2024-06-07,Gold,No
C003569,Kabir,Jain,kabir.jain3569@example.com,+91-82392-20511,1999-05-11,Female,"382, Station Road",London,England,United Kingdom,SW1A1AA,2023-07-28,Silver,N
C003570,Maya,Bose,maya.bose3570@example.com,+91-86632-51428,1992-12-20,female,"193, Park Avenue",Delhi,Delhi,India,110001,2025-04-08,Gold,1
C003571,Maya,Mehta,maya.mehta3571@example.com,+91-92211-12126,2008-06-02,O,"513, MG Road",Pune,Maharashtra,India,411001,2022-05-26,Platinum,Y
C003572,Kabir,Jain,Kabir.Jain.invalid,+91-84146-81794,2015-12-07,male,"558, MG Road",Mumbai,Maharashtra,India,400001,2024-07-18,Gold,N
C003573,Maya,Verma,maya.verma3573@example.com,+91-89196-48280,2019-11-30,Other,"737, Market Street",Mumbai,Maharashtra,India,400001,2023-03-24,Silver,1
C003574,Lakshmi,Shah,lakshmi.shah3574@example.com,+91-61314-15685,1999-02-21,F,"427, Park Avenue",Pune,Maharashtra,India,411001,2024-01-30,Silver,true
C003575,Kabir,Jain,kabir.jain3575@example.com,+91-63375-78741,1999-02-24,male,"409, Hill View",Toronto,Ontario,Canada,M5H2N2,2025-02-06,Gold,1
C003576,Ira,Bose,ira.bose3576@example.com,+91-60511-81869,1992-11-23,M,"735, Park Avenue",Kolkata,West Bengal,India,700001,2024-06-15,Gold,Yes
C003577,Kavya,Bose,kavya.bose3577@example.com,+91-77032-23122,1997-07-02,O,"918, Hill View",Mumbai,Maharashtra,India,400001,2023-08-16,Platinum,Yes
C003578,Akash,Kapoor,akash.kapoor3578@example.com,+91-93099-10879,2011-07-17,Male,"824, Lake Road",Pune,Maharashtra,India,411001,2024-04-25,Platinum,Y
C003579,Aanya,Sharma,aanya.sharma3579@example.com,+91-78759-68954,2016-12-25,M,"592, MG Road",Hyderabad,Telangana,India,500001,2024-09-08,Silver,0
C003580,Aanya,Kapoor,aanya.kapoor3580@example.com,+91-61519-46071,2010-11-25,Female,"558, Lake Road",Kolkata,West Bengal,India,700001,2025-06-07,Bronze,false
C003581,Varun,Verma,varun.verma3581@example.com,+91-90687-33970,1984-01-29,Male,"527, MG Road",Seattle,Washington,United States,98101,2023-05-02,Gold,N
C003582,Dev,Joshi,dev.joshi3582@example.com,+91-92371-17410,2015-04-13,M,"843, Station Road",Bengaluru,Karnataka,India,560001,2024-10-08,Bronze,No
C003583,Diya,Pillai,diya.pillai3583@example.com,+91-92482-20876,1981-07-21,female,"998, Market Street",Hyderabad,Telangana,India,500001,2024-05-23,Bronze,false
C003584,Sanjay,Mehta,sanjay.mehta3584@example.com,+91-97139-50691,2000-07-05,female,"559, Lake Road",Kochi,Kerala,India,682001,2025-03-29,Bronze,Yes
C003585,Dev,Patel,dev.patel3585@example.com,+91-90754-20375,2000-04-14,O,"615, Hill View",Pune,Maharashtra,India,411001,2025-10-16,Gold,No
C003586,Kavya,Gupta,kavya.gupta3586@example.com,+91-79576-93887,1998-06-22,M,"896, Market Street",Hyderabad,Telangana,India,500001,2023-02-09,Platinum,N
C003587,Tara,Singh,tara.singh3587@example.com,+91-84101-51925,1994-12-21,Female,"636, Hill View",Toronto,Ontario,Canada,M5H2N2,2024-02-21,Silver,No
C003588,Priya,Nair,priya.nair3588@example.com,+91-94866-89689,2013-09-28,O,"382, Market Street",Seattle,Washington,United States,98101,2024-05-08,Platinum,false
C003589,Nisha,Rao,nisha.rao3589@example.com,+91-83006-41188,1994-01-03,O,"593, Lake Road",London,England,U.S.A.,SW1A1AA,2022-05-19,Silver,true
C003590,Arjun,Jain,arjun.jain3590@example.com,+91-63614-93449,1990-03-15,Other,"670, Station Road",Seattle,Washington,United States,98101,2023-11-01,Platinum,N
C003591,Sneha,Chopra,sneha.chopra3591@example.com,+91-73272-27973,1981-08-31,Other,"244, MG Road",Kolkata,West Bengal,India,700001,2024-11-07,Gold,false
C003592,Vikram,Mehta,vikram.mehta3592@example.com,+91-71933-99615,1994-07-30,male,"920, Lake Road",Delhi,Delhi,India,110001,2022-04-25,Bronze,Y
C003593,Nisha,Pillai,nisha.pillai3593@example.com,+91-97385-48972,1998-05-07,male,"270, Lake Road",London,England,United Kingdom,SW1A1AA,2022-02-23,Gold,1
C003594,Tara,Shah,tara.shah3594@example.com,+91-96833-34401,2004-08-30,F,"727, MG Road",Delhi,Delhi,India,110001,2025-08-12,Platinum,Y
C003595,Lakshmi,Reddy,lakshmi.reddy3595@example.com,+91-65538-60994,2015-12-06,Female,"875, Market Street",London,England,United Kingdom,SW1A1AA,2025-08-07,Gold,N
C003596,Maya,Kapoor,maya.kapoor3596@example.com,+91-82535-46214,1995-11-25,M,"94, Market Street",Chennai,Tamil Nadu,India,600001,2025-04-26,Bronze,1
C003597,Zoya,Chopra,zoya.chopra3597@example.com,+91-89459-33157,1989-10-20,male,"156, Park Avenue",Pune,Maharashtra,India,411001,2026-05-28,Bronze,false
C003598,Vikram,Nair,vikram.nair3598@example.com,+91-90559-25034,2012-03-06,female,"54, Hill View",Hyderabad,Telangana,India,500001,2025-10-18,Silver,No
C003599,Maya,Rao,maya.rao3599@example.com,ABC123,2016-09-29,Female,"686, Hill View",London,England,United Kingdom,SW1A1AA,2025-06-04,Gold,Yes
C003600,Riya,Reddy,riya.reddy3600@example.com,+91-83555-49648,2016-07-18,female,"656, MG Road",Seattle,Washington,United States,98101,2026-03-19,Gold,true
C003601,Rahul,Gupta,rahul.gupta3601@example.com,+91-86680-83419,1995-09-22,F,"661, Park Avenue",Delhi,Delhi,India,110001,2022-02-11,Bronze,N
C003602,Pooja,Jain,pooja.jain3602@example.com,+91-76037-42510,1994-05-31,F,"183, Market Street",Hyderabad,Telangana,India,500001,2022-11-28,Silver,0
C003603,Maya,Kumar,maya.kumar3603@example.com,+91-75349-36320,1978-04-18,Other,"766, Park Avenue",Toronto,Ontario,Canada,M5H2N2,2024-02-14,Gold,0
C003604,Sanjay,Singh,sanjay.singh3604@example.com,+91-69707-46081,2008-05-09,Female,"261, Lake Road",Bengaluru,Karnataka,India,560001,2023-07-18,Silver,true
C003605,Ananya,Shah,ananya.shah3605@example.com,+91-87872-47186,1980-01-21,F,"814, Hill View",Toronto,Ontario,Canada,M5H2N2,2023-05-17,Bronze,0
C003606,Pooja,Iyer,pooja.iyer3606@example.com,+91-88962-54246,2008-08-06,M,"108, MG Road",Mumbai,Maharashtra,India,400001,2024-12-15,Gold,No
C003607,Manoj,Verma,manoj.verma3607@example.com,+91-97791-75776,2011-11-18,Other,"878, MG Road",Mumbai,Maharashtra,India,400001,2022-03-25,Bronze,No
C003608,Manoj,Bose,manoj.bose3608@example.com,+91-84317-20394,2000-05-28,F,"141, MG Road",Delhi,Delhi,India,110001,2025-12-30,Gold,No
C003609,Arjun,Shah,arjun.shah3609@example.com,+91-90294-60162,1993-11-11,Male,"40, Hill View",Toronto,Ontario,Canada,M5H2N2,2022-01-27,Gold,true
C003610,Varun,Nair,varun.nair3610@example.com,+91-70209-35564,2011-11-25,Other,"320, MG Road",Kochi,Kerala,India,682001,2025-01-23,Gold,Y
C003611,Ananya,Reddy,ananya.reddy3611@example.com,+91-75966-64145,1998-06-11,O,"750, Park Avenue",Austin,Texas,United States,78701,2023-07-02,VIP,1
C003612,Rohan,Iyer,rohan.iyer3612@example.com,+91-95797-65273,2014-12-02,M,"814, Hill View",Chennai,Tamil Nadu,India,600001,2022-07-12,Gold,Yes
C003613,Ishaan,Rao,ishaan.rao3613@example.com,+91-98488-39199,2002-08-13,F,"449, Station Road",Pune,Maharashtra,India,411001,2022-10-22,Platinum,1
C003614,Ishaan,Singh,ishaan.singh3614@example.com,+91-85372-97345,2006-02-15,O,"927, Market Street",Chennai,Tamil Nadu,India,600001,2026-05-28,Platinum,1
C003615,Lakshmi,Gupta,lakshmi.gupta3615@example.com,+91-97815-53803,1994-09-08,Other,"877, Market Street",London,England,United Kingdom,SW1A1AA,2022-12-20,Bronze,No
C003616,,Sharma,lakshmi.sharma3616@example.com,+91-74208-10476,2012-03-30,Female,"968, MG Road",Delhi,Delhi,India,110001,2025-07-10,Silver,false
C003617,Kiran,Joshi,kiran.joshi3617@example.com,+91-75595-94282,1984-09-27,F,"876, MG Road",Chennai,Tamil Nadu,India,600001,2024-01-23,Bronze,No
C003618,Varun,Bose,varun.bose3618@example.com,+91-78061-80075,1984-03-14,Other,"5, Park Avenue",Kochi,Kerala,India,682001,2022-07-29,Bronze,Yes
C003619,Rohan,Joshi,Rohan.Joshi.invalid,+91-63924-24284,2016-11-28,male,"425, Market Street",Austin,Texas,United States,78701,2026-01-28,Silver,false
C003620,Lakshmi,Reddy,lakshmi.reddy3620@example.com,+91-64768-22534,1979-08-20,Female,"863, Station Road",Bengaluru,Karnataka,India,560001,2026-06-23,Bronze,Y
C003621,Sneha,Chopra,sneha.chopra3621@example.com,+91-65809-35707,1988-02-16,F,"818, Station Road",Mumbai,Maharashtra,India,400001,2023-10-18,Silver,No
C003622,Rohan,Mehta,rohan.mehta3622@example.com,+91-85073-24471,1996-04-10,O,"626, Market Street",Bengaluru,Karnataka,India,560001,2023-11-10,Bronze,0
C003623,Neha,Iyer,neha.iyer3623@example.com,+91-83045-35765,1983-06-08,F,"676, Park Avenue",Kochi,Kerala,India,682001,2024-12-12,Bronze,No
C003624,Aditya,Das,aditya.das3624@example.com,+91-72412-40424,1979-05-13,female,"419, Station Road",Mumbai,Maharashtra,India,400001,2024-12-10,Gold,false
C003625,Pooja,Jain,pooja.jain3625@example.com,+91-74209-72238,1981-03-16,Male,"981, Park Avenue",Mumbai,Maharashtra,India,400001,2023-03-05,Silver,Y
C003626,Riya,Kumar,riya.kumar3626@example.com,+91-79665-57542,1999-07-13,Male,"646, MG Road",Toronto,Ontario,Canada,M5H2N2,2025-04-25,Platinum,Y
C003627,Ishaan,Das,ishaan.das3627@example.com,+91-82988-85678,1979-06-03,M,"180, Lake Road",Chennai,Tamil Nadu,India,600001,2022-01-07,Gold,false
C003628,Ishaan,Shah,ishaan.shah3628@example.com,+91-62768-43120,1999-08-08,Male,"297, Market Street",London,England,United Kingdom,SW1A1AA,2023-03-28,Gold,1
C003629,Varun,Pillai,varun.pillai3629@example.com,+91-83414-52505,2010-07-21,male,"153, Hill View",Chennai,Tamil Nadu,India,600001,2025-08-14,Bronze,No
C003630,Kabir,Gupta,kabir.gupta3630@example.com,+91-67574-54181,1997-12-20,female,"594, Park Avenue",London,England,United Kingdom,SW1A1AA,2026-03-26,Bronze,Y
C003631,Aditya,Nair,aditya.nair3631@example.com,+91-68980-52820,2000-08-01,Male,"943, MG Road",London,England,United Kingdom,SW1A1AA,2025-07-26,Platinum,N
C003632,Aarav,Rao,aarav.rao3632@example.com,+91-68156-90693,1993-06-20,Male,"777, Market Street",Kochi,Kerala,India,682001,2024-03-10,Gold,No
BAD3633,Maya,Mehta,maya.mehta3633@example.com,+91-65904-96734,1992-07-18,female,"1, Market Street",Pune,Maharashtra,India,411001,2022-01-17,Bronze,N
C003634,Akash,Gupta,akash.gupta3634@example.com,+91-78001-40456,2015-10-03,O,"690, Park Avenue",Seattle,Washington,United States,98101,31-02-2025,Silver,Yes
C003635,Riya,Iyer,riya.iyer3635@example.com,+91-68343-18338,2014-10-03,Other,"274, Park Avenue",Kochi,Kerala,India,682001,2023-03-14,Platinum,false
C003636,Ira,Mehta,ira.mehta3636@example.com,+91-92234-20272,1980-05-15,male,"694, Park Avenue",Austin,Texas,United States,78701,2024-08-05,Platinum,Yes
C003637,Lakshmi,Joshi,lakshmi.joshi3637@example.com,+91-96097-49242,1997-11-06,Female,"827, Market Street",Austin,Texas,United States,78701,2024-09-23,Gold,Yes
C003638,Arjun,Kumar,arjun.kumar3638@example.com,+91-76180-67794,2001-12-11,male,"30, Station Road",Mumbai,Maharashtra,India,400001,2024-04-10,Gold,No
C003639,Riya,Patel,riya.patel3639@example.com,+91-80128-50557,2001-08-15,Other,"489, Hill View",Kolkata,West Bengal,India,700001,2024-06-30,Platinum,N
C003640,Akash,Shah,akash.shah3640@example.com,+91-82890-37327,2015-07-04,F,"37, MG Road",London,England,United Kingdom,SW1A1AA,2025-10-13,Platinum,No
C003641,Manoj,Rao,manoj.rao3641@example.com,+91-86313-50867,1993-08-11,F,"584, MG Road",Austin,Texas,United States,78701,2024-04-13,Gold,true
C003642,Neha,Rao,neha.rao3642@example.com,+91-83849-22366,1991-03-28,male,"439, MG Road",Chennai,Tamil Nadu,India,600001,2023-08-21,Bronze,No
C003643,Maya,Iyer,maya.iyer3643@example.com,+91-66274-60107,1980-07-01,Male,"133, Station Road",Kochi,Kerala,India,682001,2022-02-09,Bronze,N
C003644,Maya,Verma,maya.verma3644@example.com,+91-74995-37458,2009-08-07,Female,"668, MG Road",Delhi,Delhi,India,110001,2025-01-03,Bronze,No
C003645,Manoj,Mehta,manoj.mehta3645@example.com,+91-77986-16503,1983-05-09,M,"395, Lake Road",Delhi,Delhi,India,110001,2025-08-01,Gold,Yes
C003646,Sneha,Jain,sneha.jain3646@example.com,+91-91482-19061,1979-09-20,F,"470, Hill View",London,England,United Kingdom,SW1A1AA,2023-12-11,Bronze,0
C003647,Ira,Verma,ira.verma3647@example.com,+91-80078-52145,1992-10-17,O,"211, Station Road",Toronto,Ontario,Canada,M5H2N2,2022-09-27,Platinum,false
C003648,Meera,Gupta,meera.gupta3648@example.com,+91-97139-36713,1996-08-29,Other,"169, Lake Road",Chennai,Tamil Nadu,India,600001,2024-02-22,Gold,false
C003649,Rahul,Kumar,rahul.kumar3649@example.com,+91-66143-79025,1992-10-01,male,"411, Market Street", LONDON ,England,United Kingdom,SW1A1AA,2023-06-15,Platinum,true
C003650,Nisha,Nair,nisha.nair3650@example.com,+91-98436-42926,2017-03-17,Male,"178, MG Road",Mumbai,Maharashtra,India,400001,2023-04-24,Platinum,1
C003651,Aanya,Shah,aanya.shah3651@example.com,+91-73013-47245,1985-10-30,O,"274, MG Road",Toronto,Ontario,Canada,M5H2N2,2022-05-07,Gold,true
C003652,Lakshmi,Patel,lakshmi.patel3652@example.com,+91-73939-98927,2004-04-05,O,"845, Lake Road",Toronto,Ontario,Canada,M5H2N2,2022-09-15,Gold,Yes
C003653,Kavya,Das,kavya.das3653@example.com,+91-61012-34326,1998-11-10,Male,"852, Park Avenue",Kolkata,West Bengal,India,700001,2022-06-03,Gold,false
C003654,Aanya,Rao,aanya.rao3654@example.com,+91-89381-68031,2006-12-21,M,"441, Station Road",Delhi,Delhi,India,110001,2024-03-12,Gold,0
C003655,Ananya,Gupta,ananya.gupta3655@example.com,+91-82359-46080,1999-02-02,Female,"901, Market Street",Kolkata,West Bengal,India,700001,2022-09-02,Gold,Y
C003656,Akash,Menon,akash.menon3656@example.com,+91-81768-29860,1986-09-24,M,"723, Station Road",Toronto,Ontario,Canada,M5H2N2,2022-04-27,Gold,1
C003657,Sanjay,Shah,sanjay.shah3657@example.com,+91-82977-38559,1995-06-16,Female,"466, Station Road",London,England,United Kingdom,SW1A1AA,2023-09-01,Silver,true
C003658,Sneha,Pillai,sneha.pillai3658@example.com,+91-73773-49569,2007-04-16,F,"667, Market Street",Hyderabad,Telangana,India,500001,2024-10-30,Gold,Yes
C003659,Sanjay,Singh,sanjay.singh3659@example.com,+91-60316-66225,1981-07-27,Male,"288, Market Street",Kochi,Kerala,India,682001,2023-05-03,Gold,Yes
C003660,Kavya,Singh,kavya.singh3660@example.com,ABC123,1988-02-06,female,"673, Market Street",Mumbai,Maharashtra,India,400001,2023-06-21,Platinum,No
C003661,Kiran,Kapoor,kiran.kapoor3661@example.com,+91-60892-10362,2019-02-27,O,"450, Station Road",Austin,Texas,United States,78701,2023-09-28,Silver,N
C003662,Diya,Rao,diya.rao3662@example.com,+91-63282-37929,1985-12-16,F,"409, MG Road",Bengaluru,Karnataka,India,560001,2026-03-07,Silver,N
C003663,Rohan,Bose,rohan.bose3663@example.com,+91-87672-59918,2012-01-09,Other,"42, Station Road",Seattle,Washington,United States,98101,2023-12-21,Bronze,1
C003664,Neha,Shah,neha.shah3664@example.com,+91-79081-49176,2008-06-29,M,"147, Lake Road",Kolkata,West Bengal,India,700001,2024-01-13,Gold,1
C003665,Kabir,Chopra,kabir.chopra3665@example.com,+91-67207-15863,1993-06-04,Female,"254, Station Road",Seattle,Washington,United States,98101,2022-03-29,Silver,Y
C003666,Maya,Iyer,Maya.Iyer.invalid,+91-63133-85251,1997-08-03,Male,"418, Market Street",Seattle,Washington,United States,98101,2023-01-02,Gold,Yes
C003667,Akash,Iyer,akash.iyer3667@example.com,+91-85399-84314,1986-02-24,M,"712, Hill View",Toronto,Ontario,Canada,M5H2N2,2023-06-12,Platinum,false
C003668,Kiran,Shah,kiran.shah3668@example.com,+91-93330-49085,2007-01-03,M,"694, MG Road",Kolkata,West Bengal,India,??,2025-05-11,Silver,No
C003669,Rohan,Verma,rohan.verma3669@example.com,+91-81553-26683,1978-05-07,male,"714, Station Road",Mumbai,Maharashtra,India,400001,2025-03-05,Gold,false
C003670,Rahul,Nair,rahul.nair3670@example.com,+91-78344-48646,2010-07-15,male,"329, Park Avenue",Bengaluru,Karnataka,India,560001,2022-05-13,Gold,1
C003671,Maya,Singh,maya.singh3671@example.com,+91-72107-95958,1994-06-06,M,"619, MG Road",Delhi,Delhi,India,110001,2022-07-13,Gold,false
C003672,Akash,Rao,akash.rao3672@example.com,+91-68226-90502,1992-11-04,female,"568, Hill View",Austin,Texas,United States,78701,2022-09-06,Silver,false
C003673,Dev,Verma,dev.verma3673@example.com,+91-76337-32910,2003-05-23,Other,"535, Park Avenue",Seattle,Washington,United States,98101,2022-06-12,Gold,No
C003674,Ananya,Patel,ananya.patel3674@example.com,+91-89158-25463,1993-07-22,female,"652, MG Road",Kochi,Kerala,India,682001,2026-04-29,Platinum,Yes
C003675,Priya,Menon,priya.menon3675@example.com,+91-79047-58416,2014-11-11,male,"533, Lake Road",Hyderabad,Telangana,India,500001,2024-10-06,Bronze,true
C003676,Aarav,Iyer,aarav.iyer3676@example.com,+91-96091-76386,1987-12-05,O,"998, Lake Road",London,England,United Kingdom,SW1A1AA,2022-05-27,Gold,Y
C003677,Arjun,Mehta,arjun.mehta3677@example.com,+91-68774-72506,2008-04-16,F,"606, Lake Road",Austin,Texas,United States,78701,2022-12-25,Gold,0
C003678,Ira,Sharma,ira.sharma3678@example.com,+91-91574-39222,2016-11-05,Other,"498, MG Road",Kochi,Kerala,India,682001,2024-05-18,Platinum,1
C003679,Kiran,Patel,kiran.patel3679@example.com,+91-66360-21495,1983-06-01,M,"758, Hill View",Mumbai,Maharashtra,India,400001,2025-08-28,Bronze,0
C003680,Neha,Bose,neha.bose3680@example.com,+91-63658-23533,1989-03-08,Female,"637, Lake Road",Delhi,Delhi,India,110001,2024-06-23,Platinum,Yes
C003681,Pooja,Verma,pooja.verma3681@example.com,+91-82295-40574,1994-04-25,Female,"43, Market Street",Delhi,Delhi,India,110001,2025-03-20,Gold,true
C003682,Arjun,Shah,arjun.shah3682@example.com,+91-62770-26773,2014-02-04,F,"606, Market Street",Toronto,Ontario,Canada,M5H2N2,2024-02-23,Platinum,N
C003683,Tara,Menon,tara.menon3683@example.com,+91-74302-23016,1981-05-18,male,"917, MG Road",Kochi,Kerala,India,682001,2022-02-08,Gold,false
C003684,Meera,Shah,meera.shah3684@example.com,+91-98464-47746,2005-08-01,Female,"42, MG Road",Pune,Maharashtra,India,411001,2025-11-25,Silver,false
C003685,Sneha,Iyer,sneha.iyer3685@example.com,+91-61771-64202,2001-09-20,Female,"421, Lake Road",Kolkata,West Bengal,India,700001,2023-02-28,Bronze,N
C003686,Kiran,Patel,kiran.patel3686@example.com,+91-94772-64780,2007-10-22,female,"622, Market Street",Toronto,Ontario,U.S.A.,M5H2N2,2024-07-12,Silver,1
C003687,Riya,Verma,riya.verma3687@example.com,+91-96114-77003,1979-02-20,male,"265, Station Road",Bengaluru,Karnataka,India,560001,2024-01-21,Platinum,Yes
C003688,Aanya,Jain,aanya.jain3688@example.com,+91-95327-72795,1982-01-30,O,"778, Station Road",Pune,Maharashtra,India,411001,2026-03-09,Bronze,N
C003689,Aanya,Jain,aanya.jain3689@example.com,+91-84076-37060,2000-12-25,Female,"659, Lake Road",Mumbai,Maharashtra,India,400001,2023-05-21,Bronze,0
C003690,Manoj,Joshi,manoj.joshi3690@example.com,+91-84331-35471,2007-12-04,female,"184, Hill View",London,England,United Kingdom,SW1A1AA,2026-05-13,Platinum,0
C003691,Priya,Chopra,priya.chopra3691@example.com,+91-89121-50805,2014-09-28,F,"445, Hill View",Kolkata,West Bengal,India,700001,2025-05-23,Gold,0
C003692,Aditya,Mehta,aditya.mehta3692@example.com,+91-61024-25930,2008-03-28,Male,"576, Park Avenue",Kolkata,West Bengal,India,700001,2024-11-10,Silver,N
C003693,Arjun,Bose,arjun.bose3693@example.com,+91-97074-65598,2012-04-28,F,"882, Market Street",Kochi,Kerala,India,682001,2024-03-05,Platinum,Yes
C003694,Kabir,Patel,kabir.patel3694@example.com,+91-81640-13172,2005-03-09,female,"616, Lake Road",Seattle,Washington,United States,98101,2025-07-26,Bronze,Y
C003695,Kabir,Reddy,kabir.reddy3695@example.com,+91-95612-66710,1998-06-12,Female,"858, Park Avenue",Kochi,Kerala,India,682001,2024-09-25,Silver,Y
C003696,Sanjay,Menon,sanjay.menon3696@example.com,+91-99519-73570,2013-11-18,male,"719, Station Road",Pune,Maharashtra,India,411001,2024-07-17,Platinum,0
C003697,Varun,Nair,varun.nair3697@example.com,+91-80976-93534,2018-03-05,F,"811, Market Street",Kochi,Kerala,India,682001,2023-12-24,Gold,Y
C003698,Diya,Verma,diya.verma3698@example.com,+91-88141-35082,1982-07-30,M,"776, MG Road",Chennai,Tamil Nadu,India,600001,2022-03-18,Platinum,Yes
C003699,Rohan,Iyer,rohan.iyer3699@example.com,+91-70829-95137,1998-10-25,M,"302, Lake Road",Kochi,Kerala,India,682001,2022-05-04,Silver,true
C003700,Vikram,Verma,vikram.verma3700@example.com,+91-89127-47006,2006-01-18,Female,"991, Lake Road",Austin,Texas,United States,78701,2024-04-19,Gold,No
C003701,Zoya,Menon,zoya.menon3701@example.com,+91-77484-77110,1994-07-10,Female,"887, Market Street",Austin,Texas,United States,78701,2022-03-23,Gold,0
C003702,Kavya,Verma,kavya.verma3702@example.com,+91-89488-33553,2004-06-30,Other,"569, Market Street",Toronto,Ontario,Canada,M5H2N2,2023-10-11,Platinum,true
C003703,Sanjay,Jain,sanjay.jain3703@example.com,+91-71807-79277,2004-02-25,Other,"30, Market Street",Hyderabad,Telangana,India,500001,2025-08-07,Gold,N
C003704,Ishaan,Nair,ishaan.nair3704@example.com,+91-78982-90918,2008-02-25,O,"627, MG Road",Bengaluru,Karnataka,India,560001,2026-05-06,Silver,Yes
C003705,Aditya,Kapoor,aditya.kapoor3705@example.com,+91-83038-48905,1995-07-30,Other,"939, Hill View",Kochi,Kerala,India,682001,2025-01-02,Silver,false
C003706,Riya,Pillai,riya.pillai3706@example.com,+91-86491-48544,2011-12-19,M,"872, Hill View",Bengaluru,Karnataka,India,560001,2025-01-21,Platinum,Y
C003707,Ananya,Kumar,ananya.kumar3707@example.com,+91-62987-73090,1988-01-09,M,"100, Market Street",Kolkata,West Bengal,India,700001,2022-11-09,Silver,Y
C003708,Meera,Rao,meera.rao3708@example.com,+91-74967-99864,1996-02-14,female,"958, Hill View",Chennai,Tamil Nadu,India,600001,2025-09-24,Bronze,Yes
C003709,Tara,Gupta,tara.gupta3709@example.com,+91-65803-43312,1984-06-20,male,"585, Park Avenue",Mumbai,Maharashtra,India,400001,2022-05-01,Gold,1
C003710,Aanya,Singh,aanya.singh3710@example.com,+91-87384-91524,1992-04-02,M,"395, Market Street",Pune,Maharashtra,India,411001,2025-06-11,Bronze,0
C003711,Nisha,Jain,nisha.jain3711@example.com,+91-99189-84138,1986-11-17,O,"48, Hill View",Austin,Texas,United States,78701,2025-12-30,Silver,true
C003712,Neha,Pillai,neha.pillai3712@example.com,+91-83411-16994,1986-09-01,O,"153, Market Street",Austin,Texas,United States,78701,2024-12-16,Platinum,Yes
C003713,Meera,Jain,Meera.Jain.invalid,+91-75257-47248,2012-11-09,female,"184, Park Avenue",Toronto,Ontario,Canada,M5H2N2,31-02-2025,Silver,N
C003714,Maya,Menon,maya.menon3714@example.com,+91-93647-81684,1991-10-19,Other,"591, Hill View",Mumbai,Maharashtra,India,400001,2022-07-24,Silver,1
C003715,Sneha,Jain,sneha.jain3715@example.com,+91-71635-47143,1986-09-03,O,"716, Park Avenue",Bengaluru,Karnataka,India,560001,2023-11-14,Bronze,Yes
C003716,Meera,Jain,meera.jain3716@example.com,+91-83141-39601,1980-12-04,M,"955, Lake Road",Kolkata,West Bengal,India,700001,2024-06-24,Silver,false
C003717,Ananya,Bose,ananya.bose3717@example.com,+91-72527-93846,2010-01-15,Male,"488, Lake Road",Hyderabad,Telangana,India,500001,2023-07-07,Silver,false
C003718,Riya,Shah,riya.shah3718@example.com,+91-75374-76942,2014-03-14,F,"218, Hill View",Delhi,Delhi,India,110001,2024-03-10,Bronze,1
C003719,Aditya,Reddy,aditya.reddy3719@example.com,+91-61934-11948,1991-06-08,Male,"522, MG Road",Kochi,Kerala,India,682001,2022-05-18,Platinum,No
C003720,Dev,Gupta,dev.gupta3720@example.com,+91-72990-35504,2006-06-05,M,"721, Park Avenue",Pune,Maharashtra,India,411001,2023-12-24,Silver,false
C003721,Neha,Singh,neha.singh3721@example.com,ABC123,1990-05-27,male,"356, Market Street",Pune,Maharashtra,India,411001,2022-06-04,Gold,1
C003722,Kiran,Reddy,kiran.reddy3722@example.com,+91-77166-75117,1982-09-16,Male,"334, Hill View",Bengaluru,Karnataka,India,560001,2023-01-09,Bronze,Yes
C003723,Sneha,Kapoor,sneha.kapoor3723@example.com,+91-68736-34491,1986-03-03,F,"704, Hill View",London,England,United Kingdom,SW1A1AA,2024-11-04,Silver,false
C003724,Meera,Jain,meera.jain3724@example.com,+91-78143-35892,2018-06-23,Male,"97, Station Road",Delhi,Delhi,India,110001,2022-08-23,Gold,Y
C003725,Vikram,Singh,vikram.singh3725@example.com,+91-76850-92941,1982-06-07,F,"498, Station Road",Mumbai,Maharashtra,India,400001,2026-06-26,Gold,1
C003726,Ishaan,Reddy,ishaan.reddy3726@example.com,+91-97305-93489,2018-01-04,O,"118, Park Avenue",Kolkata,West Bengal,India,700001,2022-07-05,Silver,No
C003727,Zoya,Kumar,zoya.kumar3727@example.com,+91-87551-98548,1992-01-28,Other,"818, Hill View",Hyderabad,Telangana,India,500001,2022-06-17,Silver,N
C003728,Ishaan,Verma,ishaan.verma3728@example.com,+91-89862-76136,1998-02-17,female,"282, Park Avenue",Seattle,Washington,United States,98101,2025-05-24,Bronze,0
C003729,,Jain,vikram.jain3729@example.com,+91-77604-27093,1998-07-30,Female,"459, Lake Road",Hyderabad,Telangana,India,500001,2022-05-29,Silver,1
C003730,Meera,Nair,meera.nair3730@example.com,+91-66857-40990,2005-03-30,female,"93, Lake Road",Pune,Maharashtra,India,411001,2023-01-05,Platinum,N
C003731,Kiran,Das,kiran.das3731@example.com,+91-61298-53223,1988-05-25,F,"548, Market Street",Toronto,Ontario,Canada,M5H2N2,2026-03-24,Gold,false
C003732,Meera,Reddy,meera.reddy3732@example.com,+91-83843-44605,2016-11-24,Male,"730, Market Street",London,England,United Kingdom,SW1A1AA,2023-04-26,Gold,No
C003733,Aanya,Sharma,aanya.sharma3733@example.com,+91-65853-68202,2008-03-03,O,"327, Park Avenue",Seattle,Washington,United States,98101,2022-06-21,Silver,true
C003734,Maya,Sharma,maya.sharma3734@example.com,+91-94931-27889,1988-06-07,Male,"248, Station Road",Kolkata,West Bengal,India,700001,2026-01-10,Silver,N
C003735,Ishaan,Pillai,ishaan.pillai3735@example.com,+91-88629-96116,2001-03-19,M,"274, Lake Road",Mumbai,Maharashtra,India,400001,2022-01-09,Gold,Yes
C003736,Akash,Gupta,akash.gupta3736@example.com,+91-71593-72882,2001-04-30,Male,"158, MG Road",Austin,Texas,United States,78701,2023-04-22,Platinum,N
C003737,Ira,Pillai,ira.pillai3737@example.com,+91-73086-43431,1980-12-07,male,"121, Hill View",Chennai,Tamil Nadu,India,600001,2025-10-17,Gold,0
C003738,Diya,Kapoor,diya.kapoor3738@example.com,+91-62557-41772,2007-06-04,F,"136, Market Street", KOLKATA ,West Bengal,India,700001,2026-01-15,Gold,No
C003739,Dev,Nair,dev.nair3739@example.com,+91-97905-29594,1981-01-10,Male,"524, MG Road",Delhi,Delhi,India,110001,2023-04-24,Platinum,No
C003740,Lakshmi,Iyer,lakshmi.iyer3740@example.com,+91-81224-24734,1984-03-08,F,"840, Station Road",Chennai,Tamil Nadu,India,600001,2025-08-19,Bronze,N
C003741,Riya,Shah,riya.shah3741@example.com,+91-84741-94211,1992-03-13,M,"213, Lake Road",Kochi,Kerala,India,682001,2023-09-30,Gold,No
C003742,Nisha,Bose,nisha.bose3742@example.com,+91-78171-67063,1990-04-24,M,"109, Market Street",Pune,Maharashtra,India,411001,2025-04-11,Bronze,true
C003743,Zoya,Gupta,zoya.gupta3743@example.com,+91-83340-57484,1991-07-09,female,"328, Station Road",Delhi,Delhi,India,110001,2022-06-12,Gold,false
C003744,Ishaan,Reddy,ishaan.reddy3744@example.com,+91-96780-50045,2000-04-10,M,"626, Market Street",London,England,United Kingdom,SW1A1AA,2023-06-15,Silver,1
C003745,Rohan,Gupta,rohan.gupta3745@example.com,+91-91851-11715,1990-05-30,M,"132, Park Avenue",Delhi,Delhi,India,110001,2025-11-03,Gold,false
C003746,Varun,Gupta,varun.gupta3746@example.com,+91-78923-35067,1999-02-16,Female,"181, MG Road",Pune,Maharashtra,India,411001,2023-12-01,Gold,Yes
C003747,Manoj,Gupta,manoj.gupta3747@example.com,+91-82021-39799,2015-08-17,M,"216, MG Road",Chennai,Tamil Nadu,India,600001,2024-10-26,Gold,false
C003748,Dev,Singh,dev.singh3748@example.com,+91-95673-35951,1986-01-23,M,"574, MG Road",Delhi,Delhi,India,110001,2024-01-24,Platinum,1
C003749,Lakshmi,Mehta,lakshmi.mehta3749@example.com,+91-83384-72083,1996-02-05,Male,"4, Hill View",Kolkata,West Bengal,India,700001,2025-10-19,Platinum,No
C003750,Lakshmi,Verma,lakshmi.verma3750@example.com,+91-93196-27752,1983-02-12,male,"134, Hill View",London,England,United Kingdom,SW1A1AA,2023-10-15,Gold,0
C003751,Sanjay,Chopra,sanjay.chopra3751@example.com,+91-75775-47944,2014-05-17,Male,"457, Hill View",London,England,United Kingdom,SW1A1AA,2025-11-14,Platinum,true
C003752,Ira,Shah,ira.shah3752@example.com,+91-90470-88444,1985-02-22,F,"570, Park Avenue",Seattle,Washington,United States,98101,2024-03-04,Bronze,1
C003753,Kabir,Kapoor,kabir.kapoor3753@example.com,+91-72257-48681,1997-03-02,M,"951, Market Street",Toronto,Ontario,Canada,M5H2N2,2025-12-27,Silver,Y
C003754,Rohan,Mehta,rohan.mehta3754@example.com,+91-82731-57568,1987-01-15,Male,"280, MG Road",Bengaluru,Karnataka,India,560001,2024-09-22,Platinum,Yes
C003755,Riya,Verma,riya.verma3755@example.com,+91-82007-23418,1993-11-10,Male,"187, Station Road",Chennai,Tamil Nadu,India,600001,2023-02-02,Gold,N
C003756,Kavya,Singh,kavya.singh3756@example.com,+91-83498-61686,2007-06-01,female,"288, Lake Road",Chennai,Tamil Nadu,India,600001,2023-05-31,Silver,Y
C003757,Neha,Gupta,neha.gupta3757@example.com,+91-69508-21501,1996-07-04,O,"919, Market Street",Delhi,Delhi,India,110001,2022-06-14,Bronze,Y
C003758,Zoya,Joshi,zoya.joshi3758@example.com,+91-83883-89379,2013-09-29,Other,"758, Park Avenue",Bengaluru,Karnataka,India,560001,2024-04-10,Bronze,1
C003759,Aarav,Joshi,aarav.joshi3759@example.com,+91-86598-27234,1993-02-19,male,"397, Hill View",Toronto,Ontario,Canada,M5H2N2,2023-02-17,Gold,1
C003760,Varun,Verma,Varun.Verma.invalid,+91-70322-96107,1997-01-27,M,"533, Park Avenue",Kolkata,West Bengal,India,700001,2026-02-23,Gold,Y
C003761,Tara,Iyer,tara.iyer3761@example.com,+91-60658-29183,2011-03-09,O,"105, Market Street",Kochi,Kerala,India,682001,2025-11-29,Bronze,N
C003762,Zoya,Mehta,zoya.mehta3762@example.com,+91-71681-41517,1991-09-26,Female,"717, Lake Road",Seattle,Washington,United States,98101,2023-12-23,Bronze,false
C003763,Nisha,Jain,nisha.jain3763@example.com,+91-96973-23930,1998-10-03,F,"512, Station Road",Toronto,Ontario,Canada,M5H2N2,2025-04-27,Silver,false
C003764,Aanya,Reddy,aanya.reddy3764@example.com,+91-77497-67853,1988-04-27,Female,"530, Market Street",Bengaluru,Karnataka,India,560001,2025-05-20,Silver,No
C003765,Rohan,Singh,rohan.singh3765@example.com,+91-68491-74547,1984-06-20,Male,"494, Lake Road",Bengaluru,Karnataka,India,560001,2025-02-13,Silver,false
C003766,Arjun,Chopra,arjun.chopra3766@example.com,+91-63319-14894,1981-01-05,M,"366, MG Road",Kolkata,West Bengal,India,700001,2025-08-08,Gold,true
C003767,Lakshmi,Jain,lakshmi.jain3767@example.com,+91-84430-48602,2006-06-04,female,"580, Station Road",Delhi,Delhi,India,110001,2023-03-29,Silver,No
C003768,Diya,Das,diya.das3768@example.com,+91-71785-75088,1991-06-25,F,"877, Station Road",London,England,United Kingdom,SW1A1AA,2026-02-13,VIP,Y
C003769,Akash,Rao,akash.rao3769@example.com,+91-74881-63340,2016-08-23,Female,"204, Station Road",Seattle,Washington,United States,98101,2022-06-14,Silver,No
C003770,Diya,Sharma,diya.sharma3770@example.com,+91-62565-91185,2019-10-24,female,"229, Park Avenue",Kolkata,West Bengal,India,700001,2025-07-11,Bronze,true
C003771,Lakshmi,Patel,lakshmi.patel3771@example.com,+91-64158-79317,2014-10-27,F,"911, Lake Road",Bengaluru,Karnataka,India,560001,2026-05-22,Bronze,true
C003772,Maya,Sharma,maya.sharma3772@example.com,+91-92804-26768,1986-06-11,Male,"910, Hill View",Chennai,Tamil Nadu,India,600001,2024-11-29,Silver,Y
C003773,Riya,Kapoor,riya.kapoor3773@example.com,+91-84206-60783,2014-11-09,Male,"930, Hill View",Austin,Texas,United States,78701,2022-03-23,Gold,false
C003774,Lakshmi,Mehta,lakshmi.mehta3774@example.com,+91-82050-30937,1991-11-03,M,"832, Station Road",Toronto,Ontario,Canada,M5H2N2,2025-12-16,Silver,Y
C003775,Ishaan,Mehta,ishaan.mehta3775@example.com,+91-80351-51662,2002-03-03,O,"913, Market Street",Kochi,Kerala,India,682001,2026-05-08,Silver,N
C003776,Neha,Verma,neha.verma3776@example.com,+91-81970-11405,1984-01-21,Male,"941, Lake Road",Toronto,Ontario,Canada,M5H2N2,2024-10-11,Bronze,1
C003777,Tara,Menon,tara.menon3777@example.com,+91-94006-32855,2014-06-06,female,"785, Station Road",Seattle,Washington,United States,98101,2024-12-18,Bronze,0
C003778,Sneha,Das,sneha.das3778@example.com,+91-85905-31075,1994-06-25,O,"179, Market Street",Kolkata,West Bengal,India,700001,2025-06-30,Platinum,Yes
C003779,Varun,Bose,varun.bose3779@example.com,+91-90927-80169,2013-09-09,Other,"683, Market Street",Kochi,Kerala,India,682001,2026-06-23,Platinum,Yes
C003780,Rohan,Pillai,rohan.pillai3780@example.com,+91-95955-67936,1982-07-05,Other,"878, Market Street",Pune,Maharashtra,India,411001,2023-08-21,Platinum,0
C003781,Rohan,Gupta,rohan.gupta3781@example.com,+91-82917-87260,2007-02-26,M,"738, Hill View",Toronto,Ontario,Canada,M5H2N2,2025-11-10,Platinum,No
C003782,Riya,Reddy,riya.reddy3782@example.com,ABC123,1978-12-05,male,"97, Station Road",Mumbai,Maharashtra,India,400001,2025-04-18,Gold,1
C003783,Dev,Sharma,dev.sharma3783@example.com,+91-63566-89888,1979-06-27,male,"549, Lake Road",Seattle,Washington,U.S.A.,98101,2024-02-07,Silver,Y
C003784,Aditya,Pillai,aditya.pillai3784@example.com,+91-71033-21164,1987-08-30,Other,"157, MG Road",Austin,Texas,United States,78701,2025-02-23,Platinum,false
C003785,Sneha,Joshi,sneha.joshi3785@example.com,+91-68499-87809,1993-08-23,F,"929, Park Avenue",Mumbai,Maharashtra,India,400001,2024-12-04,Gold,0
C003786,Arjun,Mehta,arjun.mehta3786@example.com,+91-82558-32918,2009-01-21,M,"944, Station Road",Pune,Maharashtra,India,411001,2023-01-31,Platinum,Yes
C003787,Dev,Menon,dev.menon3787@example.com,+91-85835-24615,2014-09-20,Male,"349, Park Avenue",Bengaluru,Karnataka,India,560001,2023-04-08,Bronze,0
C003788,Riya,Rao,riya.rao3788@example.com,+91-63126-67482,1993-09-21,male,"674, Hill View",London,England,United Kingdom,SW1A1AA,2024-08-21,Bronze,Yes
C003789,Lakshmi,Reddy,lakshmi.reddy3789@example.com,+91-95381-91709,1994-08-07,male,"12, Station Road",Kochi,Kerala,India,682001,2022-09-01,Bronze,No
C003790,Pooja,Rao,pooja.rao3790@example.com,+91-78793-98208,1988-07-09,Other,"981, MG Road",Kochi,Kerala,India,682001,2022-11-28,Gold,No
C003791,Pooja,Gupta,pooja.gupta3791@example.com,+91-87646-86813,2007-09-19,M,"354, Park Avenue",Kochi,Kerala,India,682001,2023-06-25,Platinum,0
C003792,Ananya,Pillai,ananya.pillai3792@example.com,+91-68057-60246,1989-03-04,F,"682, Hill View",Pune,Maharashtra,India,411001,31-02-2025,Bronze,true
C003793,Kavya,Mehta,kavya.mehta3793@example.com,+91-61775-89657,1980-03-09,male,"192, Park Avenue",Mumbai,Maharashtra,India,400001,2023-06-27,Platinum,Yes
C003794,Rohan,Patel,rohan.patel3794@example.com,+91-65690-71419,2012-02-06,male,"452, MG Road",Austin,Texas,United States,78701,2026-01-31,Bronze,No
C003795,Akash,Rao,akash.rao3795@example.com,+91-84650-21543,1989-12-04,F,"773, Lake Road",Austin,Texas,United States,78701,2025-06-11,Bronze,true
C003796,Diya,Sharma,diya.sharma3796@example.com,+91-88558-11213,2000-03-09,male,"84, Lake Road",Toronto,Ontario,Canada,M5H2N2,2022-08-12,Platinum,N
C003797,Sneha,Menon,sneha.menon3797@example.com,+91-87925-43937,1988-09-03,Male,"950, MG Road",Toronto,Ontario,Canada,M5H2N2,2022-07-08,Platinum,No
C003798,Nisha,Bose,nisha.bose3798@example.com,+91-68943-35801,1985-03-08,F,"34, Hill View",Austin,Texas,United States,78701,2023-11-30,Silver,Yes
C003799,Arjun,Iyer,arjun.iyer3799@example.com,+91-75635-99443,1981-03-03,male,"46, Lake Road",Kolkata,West Bengal,India,??,2025-05-19,Gold,Yes
C003800,Ira,Sharma,ira.sharma3800@example.com,+91-63228-65630,1983-12-31,M,"963, Lake Road",Kochi,Kerala,India,682001,2022-10-04,Platinum,1
C003801,Aarav,Kumar,aarav.kumar3801@example.com,+91-94663-33403,1999-02-09,M,"421, MG Road",Mumbai,Maharashtra,India,400001,2026-01-18,Platinum,Y
C003802,Dev,Iyer,dev.iyer3802@example.com,+91-63680-80437,2013-12-27,Male,"851, Park Avenue",Austin,Texas,United States,78701,2026-02-18,Bronze,Y
C003803,Akash,Shah,akash.shah3803@example.com,+91-95971-30373,2017-04-17,M,"882, Hill View",Austin,Texas,United States,78701,2022-03-17,Gold,false
C003804,Sanjay,Pillai,sanjay.pillai3804@example.com,+91-90796-94914,2005-09-10,Female,"934, MG Road",Hyderabad,Telangana,India,500001,2025-08-14,Bronze,0
C003805,Sneha,Kumar,sneha.kumar3805@example.com,+91-98766-99969,1998-10-19,Female,"863, MG Road",Kolkata,West Bengal,India,700001,2022-09-27,Gold,true
BAD3806,Aanya,Gupta,aanya.gupta3806@example.com,+91-78831-49581,2013-07-20,Male,"763, MG Road",Kochi,Kerala,India,682001,2025-10-22,Silver,No
C003807,Aanya,Das,Aanya.Das.invalid,+91-79552-74818,2000-04-06,O,"403, Park Avenue",Kolkata,West Bengal,India,700001,2023-01-14,Gold,true
C003808,Dev,Kapoor,dev.kapoor3808@example.com,+91-62987-72973,1991-08-08,female,"436, Lake Road",Pune,Maharashtra,India,411001,2024-12-19,Gold,Y
C003809,Neha,Joshi,neha.joshi3809@example.com,+91-84382-90751,1978-12-01,M,"924, Lake Road",Chennai,Tamil Nadu,India,600001,2024-09-26,Platinum,1
C003810,Varun,Pillai,varun.pillai3810@example.com,+91-96926-84871,1981-03-20,female,"798, Station Road",Austin,Texas,United States,78701,2025-06-15,Silver,0
C003811,Ira,Gupta,ira.gupta3811@example.com,+91-79348-28624,1989-08-17,Male,"467, Hill View",Hyderabad,Telangana,India,500001,2024-03-12,Silver,N
C003812,Kabir,Menon,kabir.menon3812@example.com,+91-92405-21507,1979-01-20,female,"914, Market Street",Kolkata,West Bengal,India,700001,2026-06-29,Platinum,true
C003813,Riya,Iyer,riya.iyer3813@example.com,+91-96843-56431,1982-03-27,Other,"617, Lake Road",Austin,Texas,United States,78701,2022-07-05,Gold,Y
C003814,Aarav,Rao,aarav.rao3814@example.com,+91-68030-38599,2003-10-09,male,"740, Station Road",Seattle,Washington,United States,98101,2023-02-10,Silver,Yes
C003815,Ira,Menon,ira.menon3815@example.com,+91-91256-93635,2016-12-14,female,"462, MG Road",Chennai,Tamil Nadu,India,600001,2023-05-18,Bronze,true
C003816,Zoya,Sharma,zoya.sharma3816@example.com,+91-93347-76649,2008-04-01,M,"629, Station Road",Seattle,Washington,United States,98101,2023-10-30,Platinum,Y
C003817,Pooja,Gupta,pooja.gupta3817@example.com,+91-98368-81277,1993-12-27,Male,"307, Park Avenue",Mumbai,Maharashtra,India,400001,2022-11-15,Bronze,No
C003818,Diya,Shah,diya.shah3818@example.com,+91-63774-36985,2013-10-17,O,"188, Lake Road",Kolkata,West Bengal,India,700001,2022-05-22,Platinum,No
C003819,Kabir,Kapoor,kabir.kapoor3819@example.com,+91-86940-37529,1984-10-27,male,"283, Station Road",Chennai,Tamil Nadu,India,600001,2024-12-12,Gold,N
C003820,Nisha,Menon,nisha.menon3820@example.com,+91-94727-66275,1980-02-18,M,"686, Market Street",Seattle,Washington,United States,98101,2026-06-05,Gold,0
C003821,Sanjay,Bose,sanjay.bose3821@example.com,+91-84550-91653,2004-05-24,F,"78, Market Street",Kochi,Kerala,India,682001,2024-03-11,Platinum,1
C003822,Rohan,Reddy,rohan.reddy3822@example.com,+91-97371-29234,2006-01-18,Female,"836, Hill View",Bengaluru,Karnataka,India,560001,2024-10-29,Gold,0
C003823,Maya,Shah,maya.shah3823@example.com,+91-85806-55011,2012-04-18,Other,"343, Lake Road",Kolkata,West Bengal,India,700001,2024-02-20,Platinum,1
C003824,Ananya,Das,ananya.das3824@example.com,+91-62260-25583,1999-02-12,female,"430, Market Street",Kochi,Kerala,India,682001,2024-05-15,Silver,1
C003825,Vikram,Jain,vikram.jain3825@example.com,+91-65210-45964,1987-12-17,Other,"489, MG Road",Pune,Maharashtra,India,411001,2022-12-16,Gold,No
C003826,Neha,Mehta,neha.mehta3826@example.com,+91-83298-23078,1982-04-08,Male,"421, MG Road",Mumbai,Maharashtra,India,400001,2023-04-30,Gold,Yes
C003827,Kavya,Das,kavya.das3827@example.com,+91-75783-34571,1985-03-16,M,"478, Market Street", PUNE ,Maharashtra,India,411001,2023-09-14,Silver,true
C003828,Ananya,Pillai,ananya.pillai3828@example.com,+91-83604-88242,2008-12-19,female,"137, Market Street",Chennai,Tamil Nadu,India,600001,2024-12-20,Gold,0
C003829,Zoya,Sharma,zoya.sharma3829@example.com,+91-79948-83375,1983-06-07,Other,"749, Hill View",Delhi,Delhi,India,110001,2023-11-19,Bronze,true
C003830,Neha,Joshi,neha.joshi3830@example.com,+91-72353-74698,1998-05-19,F,"984, Station Road",Austin,Texas,United States,78701,2025-12-26,Bronze,Y
C003831,Zoya,Joshi,zoya.joshi3831@example.com,+91-74927-84688,2019-11-24,female,"495, Lake Road",Austin,Texas,United States,78701,2024-07-07,Bronze,false
C003832,Rahul,Nair,rahul.nair3832@example.com,+91-74618-91321,2001-08-17,female,"51, Park Avenue",Delhi,Delhi,India,110001,2022-08-01,Gold,Yes
C003833,Priya,Bose,priya.bose3833@example.com,+91-68616-18572,2013-07-12,male,"435, MG Road",Toronto,Ontario,Canada,M5H2N2,2023-03-15,Bronze,0
C003834,Rohan,Menon,rohan.menon3834@example.com,+91-88529-33341,1994-01-24,Female,"470, Market Street",Austin,Texas,United States,78701,2023-11-18,Bronze,Y
C003835,Kavya,Reddy,kavya.reddy3835@example.com,+91-85312-28131,2002-09-11,male,"320, Station Road",Delhi,Delhi,India,110001,2022-04-20,Bronze,N
C003836,Ishaan,Verma,ishaan.verma3836@example.com,+91-73634-92553,1987-06-03,male,"41, Station Road",Kolkata,West Bengal,India,700001,2024-09-30,Silver,No
C003837,Priya,Rao,priya.rao3837@example.com,+91-60502-76215,2012-12-28,male,"964, MG Road",Hyderabad,Telangana,India,500001,2024-03-22,Platinum,false
C003838,Lakshmi,Reddy,lakshmi.reddy3838@example.com,+91-86825-63526,1984-09-19,O,"799, Park Avenue",Seattle,Washington,United States,98101,2022-12-07,Silver,1
C003839,Diya,Bose,diya.bose3839@example.com,+91-73466-80195,2016-01-09,female,"812, Lake Road",London,England,United Kingdom,SW1A1AA,2022-01-11,Silver,false
C003840,Priya,Iyer,priya.iyer3840@example.com,+91-87946-96279,2007-05-20,F,"259, Park Avenue",Kolkata,West Bengal,India,700001,2024-09-12,Gold,Yes
C003841,Ira,Jain,ira.jain3841@example.com,+91-89205-22979,2013-11-29,F,"943, Hill View",Chennai,Tamil Nadu,India,600001,2024-12-01,Bronze,true
C003842,,Rao,ananya.rao3842@example.com,+91-87955-74984,2000-11-04,O,"157, MG Road",Kochi,Kerala,India,682001,2023-12-18,Gold,Y
C003843,Aanya,Joshi,aanya.joshi3843@example.com,ABC123,1981-07-28,Male,"381, Lake Road",Kolkata,West Bengal,India,700001,2022-02-20,Silver,0
C003844,Meera,Bose,meera.bose3844@example.com,+91-62752-55169,1980-06-07,Female,"349, Station Road",Kolkata,West Bengal,India,700001,2023-01-04,Platinum,false
C003845,Akash,Bose,akash.bose3845@example.com,+91-66885-37159,1999-11-15,female,"498, Park Avenue",Delhi,Delhi,India,110001,2023-11-21,Gold,Yes
C003846,Aanya,Bose,aanya.bose3846@example.com,+91-90807-69101,1994-11-19,female,"272, Lake Road",Toronto,Ontario,Canada,M5H2N2,2022-04-16,Gold,N
C003847,Ira,Shah,ira.shah3847@example.com,+91-74041-89867,2009-06-08,male,"31, Station Road",Hyderabad,Telangana,India,500001,2025-08-16,Gold,Y
C003848,Varun,Singh,varun.singh3848@example.com,+91-84524-78438,2001-05-10,O,"509, Station Road",Delhi,Delhi,India,110001,2023-09-16,Bronze,true
C003849,Aarav,Singh,aarav.singh3849@example.com,+91-88140-60258,2004-12-20,male,"413, Lake Road",Kochi,Kerala,India,682001,2026-05-14,Silver,Yes
C003850,Akash,Mehta,akash.mehta3850@example.com,+91-94437-81971,2003-11-14,Other,"115, Hill View",Delhi,Delhi,India,110001,2025-07-08,Gold,No
C003851,Aditya,Rao,aditya.rao3851@example.com,+91-84363-88830,2004-09-25,M,"652, Market Street",Chennai,Tamil Nadu,India,600001,2025-12-28,Bronze,Y
C003852,Ananya,Das,ananya.das3852@example.com,+91-69467-96781,1986-05-01,female,"802, Hill View",Kolkata,West Bengal,India,700001,2025-11-05,Gold,N
C003853,Priya,Kapoor,priya.kapoor3853@example.com,+91-70169-94684,1994-04-27,male,"758, Lake Road",Mumbai,Maharashtra,India,400001,2024-01-21,Gold,false
C003854,Rahul,Reddy,Rahul.Reddy.invalid,+91-69876-30983,1979-06-17,male,"613, MG Road",Mumbai,Maharashtra,India,400001,2022-10-21,Gold,Yes
C003855,Zoya,Menon,zoya.menon3855@example.com,+91-88832-96712,1996-02-07,F,"23, Park Avenue",Mumbai,Maharashtra,India,400001,2022-01-11,Gold,No
C003856,Kavya,Mehta,kavya.mehta3856@example.com,+91-68738-92043,1979-08-23,Female,"444, Market Street",Mumbai,Maharashtra,India,400001,2024-10-10,Silver,1
C003857,Maya,Sharma,maya.sharma3857@example.com,+91-88802-54082,1991-09-18,Male,"260, Hill View",Delhi,Delhi,India,110001,2022-02-06,Platinum,true
C003858,Lakshmi,Singh,lakshmi.singh3858@example.com,+91-92819-33959,2000-02-19,Other,"195, Lake Road",Pune,Maharashtra,India,411001,2025-02-08,Bronze,No
C003859,Meera,Kapoor,meera.kapoor3859@example.com,+91-86991-60661,1987-04-14,O,"790, Market Street",Austin,Texas,United States,78701,2022-01-30,Gold,Yes
C003860,Maya,Rao,maya.rao3860@example.com,+91-76630-20086,2001-10-10,Other,"469, Lake Road",Toronto,Ontario,Canada,M5H2N2,2023-05-21,Silver,true
C003861,Sanjay,Singh,sanjay.singh3861@example.com,+91-97160-24493,1995-05-30,F,"453, Market Street",Kolkata,West Bengal,India,700001,2025-06-09,Gold,true
C003862,Kiran,Kapoor,kiran.kapoor3862@example.com,+91-93998-51530,1987-10-14,Female,"442, Park Avenue",Delhi,Delhi,India,110001,2023-07-27,Bronze,1
C003863,Akash,Chopra,akash.chopra3863@example.com,+91-68604-29033,1981-06-04,female,"59, MG Road",Chennai,Tamil Nadu,India,600001,2023-10-15,Bronze,1
C003864,Dev,Iyer,dev.iyer3864@example.com,+91-96295-94661,2008-03-11,O,"900, Park Avenue",Austin,Texas,United States,78701,2023-11-20,Gold,0
C003865,Akash,Joshi,akash.joshi3865@example.com,+91-99948-26122,1989-09-29,M,"450, Hill View",Mumbai,Maharashtra,India,400001,2025-02-07,Gold,Y
C003866,Vikram,Das,vikram.das3866@example.com,+91-93078-41827,2004-05-08,O,"670, Market Street",Hyderabad,Telangana,India,500001,2025-02-01,Gold,No
C003867,Varun,Joshi,varun.joshi3867@example.com,+91-61697-95105,1998-08-25,M,"23, Lake Road",Kolkata,West Bengal,India,700001,2023-02-20,Silver,0
C003868,Neha,Singh,neha.singh3868@example.com,+91-64776-15871,1989-11-22,M,"167, Station Road",Toronto,Ontario,Canada,M5H2N2,2024-04-21,Bronze,1
C003869,Rahul,Mehta,rahul.mehta3869@example.com,+91-63660-39646,2009-04-06,Other,"105, Lake Road",Chennai,Tamil Nadu,India,600001,2025-10-24,Bronze,Y
C003870,Neha,Menon,neha.menon3870@example.com,+91-62388-60523,1997-03-07,Female,"864, MG Road",Bengaluru,Karnataka,India,560001,2025-10-28,Bronze,No
C003871,Aditya,Pillai,aditya.pillai3871@example.com,+91-61443-92932,1986-02-08,O,"911, Park Avenue",Chennai,Tamil Nadu,India,600001,31-02-2025,Silver,N
C003872,Dev,Sharma,dev.sharma3872@example.com,+91-69362-99860,2015-03-11,female,"833, Hill View",Pune,Maharashtra,India,411001,2022-08-25,Platinum,Y
C003873,Vikram,Nair,vikram.nair3873@example.com,+91-81051-88426,1994-01-31,F,"608, Market Street",London,England,United Kingdom,SW1A1AA,2024-07-08,Gold,No
C003874,Nisha,Singh,nisha.singh3874@example.com,+91-78623-40751,1995-05-10,Male,"771, Market Street",Kochi,Kerala,India,682001,2025-10-26,Platinum,N
C003875,Sanjay,Das,sanjay.das3875@example.com,+91-93187-12793,1990-05-13,F,"500, Station Road",Austin,Texas,United States,78701,2023-06-12,Gold,false
C003876,Sneha,Shah,sneha.shah3876@example.com,+91-86849-65176,1988-10-04,Male,"615, Park Avenue",Kolkata,West Bengal,India,700001,2022-11-11,Gold,No
C003877,Varun,Menon,varun.menon3877@example.com,+91-60976-55422,1983-08-19,O,"84, Station Road",Hyderabad,Telangana,India,500001,2024-01-01,Gold,false
C003878,Ananya,Verma,ananya.verma3878@example.com,+91-86312-46951,1979-08-16,M,"825, Market Street",Chennai,Tamil Nadu,India,600001,2022-08-21,Gold,No
C003879,Ira,Singh,ira.singh3879@example.com,+91-98122-91071,2008-02-17,Male,"677, MG Road",Pune,Maharashtra,India,411001,2024-04-24,Gold,Yes
C003880,Nisha,Chopra,nisha.chopra3880@example.com,+91-85779-22187,1979-12-10,Female,"463, Station Road",Delhi,Delhi,U.S.A.,110001,2025-05-23,Bronze,true
C003881,Diya,Chopra,diya.chopra3881@example.com,+91-69631-15065,2008-07-31,Female,"838, Park Avenue",Kochi,Kerala,India,682001,2025-05-27,Platinum,N
C003882,Aanya,Jain,aanya.jain3882@example.com,+91-74333-20369,1982-09-04,female,"481, Market Street",Bengaluru,Karnataka,India,560001,2024-03-18,Bronze,Yes
C003883,Aanya,Gupta,aanya.gupta3883@example.com,+91-60222-68015,2003-02-16,F,"797, Market Street",Hyderabad,Telangana,India,500001,2025-06-04,Bronze,0
C003884,Rahul,Bose,rahul.bose3884@example.com,+91-75063-37367,1982-12-13,F,"868, Hill View",Kolkata,West Bengal,India,700001,2025-11-13,Bronze,Y
C003885,Sanjay,Patel,sanjay.patel3885@example.com,+91-83486-14587,1988-05-22,Other,"926, Hill View",Austin,Texas,United States,78701,2025-12-25,Bronze,No
C003886,Arjun,Pillai,arjun.pillai3886@example.com,+91-72704-39228,1998-08-27,O,"792, Lake Road",Pune,Maharashtra,India,411001,2022-02-20,Gold,Yes
C003887,Zoya,Shah,zoya.shah3887@example.com,+91-75143-66559,2016-10-26,O,"398, MG Road",Chennai,Tamil Nadu,India,600001,2025-02-02,Silver,false
C003888,Dev,Kumar,dev.kumar3888@example.com,+91-77874-61579,2018-03-29,Other,"459, Park Avenue",Kochi,Kerala,India,682001,2024-08-28,Silver,N
C003889,Riya,Nair,riya.nair3889@example.com,+91-98029-41477,1980-07-02,female,"715, Station Road",Seattle,Washington,United States,98101,2025-09-17,Silver,No
C003890,Aditya,Patel,aditya.patel3890@example.com,+91-83383-22825,2004-01-27,M,"667, Lake Road",Delhi,Delhi,India,110001,2025-04-29,Gold,N
C003891,Akash,Chopra,akash.chopra3891@example.com,+91-65931-99783,1982-03-28,O,"663, MG Road",Hyderabad,Telangana,India,500001,2022-07-05,Bronze,true
C003892,Neha,Jain,neha.jain3892@example.com,+91-68401-37073,1980-01-27,F,"35, Hill View",Chennai,Tamil Nadu,India,600001,2022-02-07,Bronze,1
C003893,Ishaan,Iyer,ishaan.iyer3893@example.com,+91-84316-51049,1990-09-04,F,"192, Market Street",Toronto,Ontario,Canada,M5H2N2,2024-02-27,Gold,true
C003894,Lakshmi,Pillai,lakshmi.pillai3894@example.com,+91-60496-50258,2011-10-30,Female,"323, Park Avenue",Delhi,Delhi,India,110001,2023-02-25,Gold,Y
C003895,Diya,Menon,diya.menon3895@example.com,+91-87275-21912,1989-08-21,Other,"248, Hill View",Delhi,Delhi,India,110001,2024-11-24,Silver,Yes
C003896,Kiran,Joshi,kiran.joshi3896@example.com,+91-87666-22271,2014-09-05,Male,"389, MG Road",Chennai,Tamil Nadu,India,600001,2026-06-17,Bronze,true
C003897,Sanjay,Reddy,sanjay.reddy3897@example.com,+91-79077-62208,2018-06-05,M,"507, Station Road",Delhi,Delhi,India,110001,2024-04-12,Silver,Y
C003898,Ananya,Das,ananya.das3898@example.com,+91-93091-30902,2016-05-09,female,"525, MG Road",Hyderabad,Telangana,India,500001,2025-01-04,Bronze,1
C003899,Kabir,Sharma,kabir.sharma3899@example.com,+91-95016-31140,1988-01-09,female,"334, Hill View",Kochi,Kerala,India,682001,2023-01-19,Silver,Y
C003900,Lakshmi,Gupta,lakshmi.gupta3900@example.com,+91-77472-55636,2012-01-28,Male,"690, Lake Road",Toronto,Ontario,Canada,M5H2N2,2025-05-13,Bronze,0
C003901,Maya,Sharma,Maya.Sharma.invalid,+91-90360-50603,1999-09-22,female,"887, Park Avenue",Kolkata,West Bengal,India,700001,2023-05-20,Platinum,Y
C003902,Lakshmi,Rao,lakshmi.rao3902@example.com,+91-74290-87919,1986-09-02,Female,"750, Hill View",Seattle,Washington,United States,98101,2023-02-04,Silver,true
C003903,Nisha,Singh,nisha.singh3903@example.com,+91-77038-34237,2006-11-25,Male,"64, Park Avenue",Austin,Texas,United States,78701,2023-02-04,Platinum,Y
C003904,Aarav,Reddy,aarav.reddy3904@example.com,ABC123,1982-04-05,female,"53, Park Avenue",London,England,United Kingdom,SW1A1AA,2022-02-02,Bronze,N
C003905,Ishaan,Jain,ishaan.jain3905@example.com,+91-89343-74853,2004-10-22,Other,"967, Station Road",Bengaluru,Karnataka,India,560001,2024-10-26,Silver,false
C003906,Ananya,Reddy,ananya.reddy3906@example.com,+91-80415-44507,1998-04-19,male,"464, Market Street",Kochi,Kerala,India,682001,2022-10-04,Platinum,Y
C003907,Ishaan,Shah,ishaan.shah3907@example.com,+91-97391-31999,1987-03-31,male,"122, Lake Road",London,England,United Kingdom,SW1A1AA,2026-06-19,Silver,0
C003908,Nisha,Menon,nisha.menon3908@example.com,+91-85740-76858,2018-08-21,Female,"921, Lake Road",Kolkata,West Bengal,India,700001,2023-05-28,Bronze,Y
C003909,Sneha,Rao,sneha.rao3909@example.com,+91-90647-91156,2013-11-01,O,"738, Lake Road",Bengaluru,Karnataka,India,560001,2022-07-18,Platinum,0
C003910,Ira,Patel,ira.patel3910@example.com,+91-68598-94888,1985-07-12,male,"659, Station Road",Bengaluru,Karnataka,India,560001,2023-08-21,Gold,No
C003911,Neha,Verma,neha.verma3911@example.com,+91-86938-21844,1992-09-11,Other,"805, Market Street",Toronto,Ontario,Canada,M5H2N2,2023-01-23,Silver,false
C003912,Ananya,Nair,ananya.nair3912@example.com,+91-71817-22694,2001-05-18,Male,"158, Station Road",Austin,Texas,United States,78701,2025-07-16,Bronze,0
C003913,Ishaan,Bose,ishaan.bose3913@example.com,+91-82820-25335,1978-05-26,O,"227, Station Road",Pune,Maharashtra,India,411001,2024-07-24,Platinum,Yes
C003914,Kabir,Patel,kabir.patel3914@example.com,+91-85305-90779,2008-04-14,Male,"841, Lake Road",Bengaluru,Karnataka,India,560001,2026-03-17,Bronze,false
C003915,Neha,Reddy,neha.reddy3915@example.com,+91-60540-50139,2012-08-13,M,"735, Lake Road",Bengaluru,Karnataka,India,560001,2023-07-09,Platinum,No
C003916,Sneha,Iyer,sneha.iyer3916@example.com,+91-83254-84459,1991-08-25,female,"642, Station Road", SEATTLE ,Washington,United States,98101,2024-05-16,Platinum,N
C003917,Ishaan,Joshi,ishaan.joshi3917@example.com,+91-78706-56617,1993-07-25,Female,"48, Market Street",Bengaluru,Karnataka,India,560001,2025-08-23,Platinum,true
C003918,Varun,Jain,varun.jain3918@example.com,+91-62632-76301,1982-02-22,Other,"237, Park Avenue",Bengaluru,Karnataka,India,560001,2023-01-03,Silver,false
C003919,Arjun,Gupta,arjun.gupta3919@example.com,+91-93090-59350,1988-05-15,Female,"697, Park Avenue",Austin,Texas,United States,78701,2024-05-29,Platinum,1
C003920,Akash,Das,akash.das3920@example.com,+91-87543-35413,1995-03-06,male,"315, Market Street",Mumbai,Maharashtra,India,400001,2023-03-25,Gold,0
C003921,Kiran,Verma,kiran.verma3921@example.com,+91-79819-16917,2017-04-14,F,"594, Market Street",Delhi,Delhi,India,110001,2024-01-04,Bronze,false
C003922,Sneha,Das,sneha.das3922@example.com,+91-89186-65596,1992-08-04,Male,"92, Lake Road",Bengaluru,Karnataka,India,560001,2025-03-20,Gold,true
C003923,Lakshmi,Verma,lakshmi.verma3923@example.com,+91-70265-97638,1989-06-29,male,"259, Station Road",Seattle,Washington,United States,98101,2025-02-19,Gold,No
C003924,Ishaan,Bose,ishaan.bose3924@example.com,+91-70847-38812,2002-03-20,Female,"876, MG Road",Kochi,Kerala,India,682001,2025-09-12,Silver,N
C003925,Kiran,Jain,kiran.jain3925@example.com,+91-86369-43103,2018-07-29,M,"632, Hill View",Mumbai,Maharashtra,India,400001,2023-01-04,VIP,No
C003926,Aditya,Joshi,aditya.joshi3926@example.com,+91-64858-30159,2016-03-18,Female,"206, Lake Road",Chennai,Tamil Nadu,India,600001,2025-08-22,Silver,true
C003927,Ishaan,Shah,ishaan.shah3927@example.com,+91-86898-38636,1985-04-26,F,"586, Lake Road",Mumbai,Maharashtra,India,400001,2026-01-12,Silver,No
C003928,Kiran,Patel,kiran.patel3928@example.com,+91-75202-61066,2003-03-11,male,"233, MG Road",Mumbai,Maharashtra,India,400001,2026-03-18,Bronze,Y
C003929,Ira,Menon,ira.menon3929@example.com,+91-71886-95017,1982-01-06,male,"639, Station Road",Austin,Texas,United States,78701,2023-12-20,Silver,false
C003930,Aarav,Patel,aarav.patel3930@example.com,+91-84325-95902,1997-02-27,Female,"72, Hill View",Kolkata,West Bengal,India,??,2025-11-06,Bronze,Yes
C003931,Priya,Jain,priya.jain3931@example.com,+91-97301-33124,1996-05-18,M,"761, Market Street",Toronto,Ontario,Canada,M5H2N2,2026-04-01,Platinum,1
C003932,Ira,Joshi,ira.joshi3932@example.com,+91-68096-20565,1995-01-23,Other,"941, Park Avenue",Kochi,Kerala,India,682001,2026-06-19,Silver,Yes
C003933,Tara,Bose,tara.bose3933@example.com,+91-94425-12863,2019-03-22,Male,"590, Hill View",Pune,Maharashtra,India,411001,2022-11-24,Platinum,true
C003934,Kiran,Kapoor,kiran.kapoor3934@example.com,+91-94496-90982,2011-09-09,male,"686, Lake Road",Chennai,Tamil Nadu,India,600001,2026-02-26,Platinum,false
C003935,Varun,Nair,varun.nair3935@example.com,+91-86763-93719,1982-01-08,male,"615, MG Road",Chennai,Tamil Nadu,India,600001,2022-08-03,Platinum,0
C003936,Lakshmi,Menon,lakshmi.menon3936@example.com,+91-89255-14398,2013-07-08,male,"213, Market Street",Seattle,Washington,United States,98101,2022-03-09,Bronze,true
C003937,Sanjay,Nair,sanjay.nair3937@example.com,+91-88099-64517,1985-04-27,Male,"80, Hill View",Toronto,Ontario,Canada,M5H2N2,2026-01-31,Silver,0
C003938,Pooja,Shah,pooja.shah3938@example.com,+91-74196-45495,1985-04-02,M,"16, Market Street",Bengaluru,Karnataka,India,560001,2024-03-26,Bronze,N
C003939,Sneha,Rao,sneha.rao3939@example.com,+91-64416-52842,2006-11-06,Other,"313, Park Avenue",Toronto,Ontario,Canada,M5H2N2,2022-10-08,Gold,false
C003940,Manoj,Menon,manoj.menon3940@example.com,+91-65105-64329,1981-02-06,M,"932, Hill View",Hyderabad,Telangana,India,500001,2024-03-16,Platinum,0
C003941,Ishaan,Mehta,ishaan.mehta3941@example.com,+91-71595-68271,1998-10-29,Female,"491, MG Road",Toronto,Ontario,Canada,M5H2N2,2026-02-01,Gold,Y
C003942,Varun,Mehta,varun.mehta3942@example.com,+91-61626-76359,2007-01-11,F,"819, Hill View",Austin,Texas,United States,78701,2023-12-02,Platinum,No
C003943,Lakshmi,Das,lakshmi.das3943@example.com,+91-93888-26366,2010-06-12,M,"452, Market Street",Delhi,Delhi,India,110001,2025-07-22,Silver,Y
C003944,Rohan,Menon,rohan.menon3944@example.com,+91-89438-40281,2018-03-13,O,"887, Station Road",Hyderabad,Telangana,India,500001,2026-02-06,Silver,false
C003945,Arjun,Reddy,arjun.reddy3945@example.com,+91-92801-35611,1994-12-21,Male,"435, MG Road",Seattle,Washington,United States,98101,2023-04-04,Platinum,Y
C003946,Kiran,Menon,kiran.menon3946@example.com,+91-86004-53888,2008-12-20,O,"483, Park Avenue",Hyderabad,Telangana,India,500001,2026-04-05,Gold,false
C003947,Ananya,Verma,ananya.verma3947@example.com,+91-71714-55605,2005-09-29,male,"179, MG Road",Pune,Maharashtra,India,411001,2022-03-06,Platinum,false
C003948,Dev,Rao,Dev.Rao.invalid,+91-72577-11150,2004-08-30,male,"193, Station Road",Hyderabad,Telangana,India,500001,2025-10-26,Platinum,1
C003949,Ishaan,Mehta,ishaan.mehta3949@example.com,+91-98890-76284,1997-03-13,M,"426, Station Road",Chennai,Tamil Nadu,India,600001,2025-02-06,Gold,No
C003950,Vikram,Rao,vikram.rao3950@example.com,+91-92711-34492,1992-10-04,F,"657, Station Road",Mumbai,Maharashtra,India,400001,31-02-2025,Silver,No
C003951,Dev,Pillai,dev.pillai3951@example.com,+91-82759-34947,1990-09-01,M,"219, Market Street",London,England,United Kingdom,SW1A1AA,2022-08-24,Platinum,N
C003952,Zoya,Kapoor,zoya.kapoor3952@example.com,+91-64622-78981,2009-01-25,M,"784, MG Road",Bengaluru,Karnataka,India,560001,2022-12-31,Platinum,false
C003953,Kavya,Das,kavya.das3953@example.com,+91-82640-75401,2010-03-05,O,"889, Market Street",Seattle,Washington,United States,98101,2025-05-03,Gold,false
C003954,Ira,Iyer,ira.iyer3954@example.com,+91-65475-43583,1995-03-09,female,"206, Hill View",Seattle,Washington,United States,98101,2024-04-07,Bronze,Yes
C003955,,Iyer,tara.iyer3955@example.com,+91-88985-88374,1991-06-15,Other,"744, Park Avenue",Toronto,Ontario,Canada,M5H2N2,2024-09-29,Platinum,true
C003956,Rahul,Chopra,rahul.chopra3956@example.com,+91-96585-89495,2017-11-24,Male,"827, MG Road",Hyderabad,Telangana,India,500001,2023-10-18,Silver,true
C003957,Pooja,Shah,pooja.shah3957@example.com,+91-82657-73526,1983-01-07,F,"580, Lake Road",Austin,Texas,United States,78701,2023-10-15,Silver,true
C003958,Lakshmi,Das,lakshmi.das3958@example.com,+91-78295-40404,2018-02-06,Female,"967, Park Avenue",London,England,United Kingdom,SW1A1AA,2025-10-06,Gold,Yes
C003959,Kiran,Joshi,kiran.joshi3959@example.com,+91-99288-17297,2000-07-16,Other,"696, Station Road",Chennai,Tamil Nadu,India,600001,2024-01-03,Gold,No
C003960,Manoj,Nair,manoj.nair3960@example.com,+91-67409-13998,2004-05-13,O,"280, MG Road",Delhi,Delhi,India,110001,2023-06-14,Silver,0
C003961,Ananya,Das,ananya.das3961@example.com,+91-90157-17040,2001-07-15,F,"206, Station Road",London,England,United Kingdom,SW1A1AA,2024-02-14,Bronze,0
C003962,Rahul,Nair,rahul.nair3962@example.com,+91-73090-80305,2003-09-23,Other,"915, MG Road",Mumbai,Maharashtra,India,400001,2025-08-25,Platinum,0
C003963,Ira,Das,ira.das3963@example.com,+91-62790-66929,2015-10-06,male,"774, Market Street",Pune,Maharashtra,India,411001,2024-05-17,Platinum,Yes
C003964,Arjun,Chopra,arjun.chopra3964@example.com,+91-76158-36334,2010-11-26,Female,"287, Market Street",Chennai,Tamil Nadu,India,600001,2025-04-23,Gold,true
C003965,Pooja,Gupta,pooja.gupta3965@example.com,ABC123,2005-08-11,male,"482, MG Road",Delhi,Delhi,India,110001,2024-01-28,Bronze,Yes
C003966,Ira,Bose,ira.bose3966@example.com,+91-81589-57479,1993-01-08,O,"531, Market Street",Toronto,Ontario,Canada,M5H2N2,2022-02-27,Bronze,1
C003967,Lakshmi,Verma,lakshmi.verma3967@example.com,+91-78507-46787,2004-04-06,female,"56, Market Street",Pune,Maharashtra,India,411001,2025-06-21,Silver,1
C003968,Ananya,Kapoor,ananya.kapoor3968@example.com,+91-93826-46464,1988-02-26,F,"453, Station Road",Mumbai,Maharashtra,India,400001,2025-07-13,Silver,0
C003969,Aanya,Sharma,aanya.sharma3969@example.com,+91-65646-13881,1981-11-26,Female,"288, Hill View",Chennai,Tamil Nadu,India,600001,2025-12-08,Bronze,1
C003970,Diya,Mehta,diya.mehta3970@example.com,+91-60839-27065,1995-08-20,M,"189, Station Road",Austin,Texas,United States,78701,2022-05-17,Gold,false
C003971,Sneha,Nair,sneha.nair3971@example.com,+91-79017-14108,1985-08-13,O,"65, Market Street",Mumbai,Maharashtra,India,400001,2023-01-27,Gold,N
C003972,Nisha,Bose,nisha.bose3972@example.com,+91-86408-13321,1981-11-22,Other,"658, Hill View",London,England,United Kingdom,SW1A1AA,2023-10-19,Silver,0
C003973,Ananya,Pillai,ananya.pillai3973@example.com,+91-62063-47849,1983-04-11,F,"160, Station Road",Austin,Texas,United States,78701,2022-02-22,Gold,N
C003974,Maya,Kumar,maya.kumar3974@example.com,+91-92243-56006,2006-03-18,Female,"145, MG Road",Pune,Maharashtra,India,411001,2022-03-11,Silver,N
C003975,Ananya,Sharma,ananya.sharma3975@example.com,+91-75592-30704,2013-01-02,male,"183, Lake Road",Kolkata,West Bengal,India,700001,2023-11-25,Gold,0
C003976,Zoya,Joshi,zoya.joshi3976@example.com,+91-75325-94755,1988-04-06,Other,"450, Market Street",Pune,Maharashtra,India,411001,2024-07-22,Silver,Yes
C003977,Sanjay,Verma,sanjay.verma3977@example.com,+91-67475-41419,2008-10-13,male,"879, Hill View",Chennai,Tamil Nadu,U.S.A.,600001,2022-09-25,Silver,true
C003978,Neha,Joshi,neha.joshi3978@example.com,+91-95466-81686,2003-10-06,Female,"509, Station Road",Seattle,Washington,United States,98101,2024-10-12,Silver,true
BAD3979,Rohan,Chopra,rohan.chopra3979@example.com,+91-93587-81836,2008-07-14,O,"281, Market Street",Seattle,Washington,United States,98101,2024-05-03,Gold,false
C003980,Aanya,Rao,aanya.rao3980@example.com,+91-86559-59169,1984-02-22,Female,"120, Lake Road",Bengaluru,Karnataka,India,560001,2023-07-25,Bronze,1
C003981,Varun,Patel,varun.patel3981@example.com,+91-89595-69228,1992-07-17,male,"558, MG Road",Delhi,Delhi,India,110001,2023-02-26,Gold,true
C003982,Meera,Mehta,meera.mehta3982@example.com,+91-61448-74546,2007-01-28,F,"399, Market Street",Toronto,Ontario,Canada,M5H2N2,2023-11-19,Platinum,N
C003983,Manoj,Joshi,manoj.joshi3983@example.com,+91-62330-26973,2005-07-25,Female,"237, Hill View",Pune,Maharashtra,India,411001,2023-01-21,Platinum,false
C003984,Maya,Chopra,maya.chopra3984@example.com,+91-96156-81468,2013-09-04,F,"748, Lake Road",Kolkata,West Bengal,India,700001,2025-08-07,Silver,false
C003985,Kabir,Reddy,kabir.reddy3985@example.com,+91-92761-28376,2000-07-25,female,"5, Hill View",Seattle,Washington,United States,98101,2023-12-22,Gold,Yes
C003986,Manoj,Reddy,manoj.reddy3986@example.com,+91-96117-93165,1997-05-17,M,"254, Station Road",Austin,Texas,United States,78701,2024-04-23,Platinum,false
C003987,Pooja,Menon,pooja.menon3987@example.com,+91-68532-75299,1998-02-14,Female,"653, Market Street",Chennai,Tamil Nadu,India,600001,2023-03-02,Gold,Yes
C003988,Sneha,Kapoor,sneha.kapoor3988@example.com,+91-89341-63772,1981-05-08,Female,"496, Lake Road",London,England,United Kingdom,SW1A1AA,2023-04-28,Gold,No
C003989,Aditya,Bose,aditya.bose3989@example.com,+91-63351-24325,2009-04-16,Other,"486, Lake Road",Mumbai,Maharashtra,India,400001,2026-02-28,Bronze,Yes
C003990,Aditya,Singh,aditya.singh3990@example.com,+91-97574-63040,2000-03-30,male,"573, Station Road",Chennai,Tamil Nadu,India,600001,2025-11-22,Gold,1
C003991,Manoj,Verma,manoj.verma3991@example.com,+91-99692-70634,1994-12-24,M,"577, Park Avenue",Kolkata,West Bengal,India,700001,2023-01-02,Bronze,1
C003992,Sanjay,Kapoor,sanjay.kapoor3992@example.com,+91-73435-75026,2002-03-21,Female,"378, Station Road",Seattle,Washington,United States,98101,2023-04-11,Silver,Y
C003993,Pooja,Reddy,pooja.reddy3993@example.com,+91-89331-71712,2005-12-23,F,"887, Park Avenue",Bengaluru,Karnataka,India,560001,2026-04-13,Gold,No
C003994,Sneha,Reddy,sneha.reddy3994@example.com,+91-89061-57195,1987-09-09,O,"575, Market Street",Chennai,Tamil Nadu,India,600001,2023-07-27,Platinum,0
C003995,Dev,Mehta,Dev.Mehta.invalid,+91-69017-82701,2013-11-30,Male,"76, Lake Road",London,England,United Kingdom,SW1A1AA,2026-04-30,Platinum,Yes
C003996,Neha,Nair,neha.nair3996@example.com,+91-79093-91164,2009-06-08,male,"994, MG Road",Delhi,Delhi,India,110001,2024-07-25,Silver,1
C003997,Lakshmi,Kumar,lakshmi.kumar3997@example.com,+91-61090-44363,1980-11-01,O,"283, Lake Road",London,England,United Kingdom,SW1A1AA,2025-12-03,Platinum,Yes
C003998,Zoya,Chopra,zoya.chopra3998@example.com,+91-63801-79111,1995-08-22,F,"854, Lake Road",Bengaluru,Karnataka,India,560001,2022-02-18,Platinum,Yes
C003999,Diya,Iyer,diya.iyer3999@example.com,+91-71874-26320,1997-09-23,male,"247, MG Road",Toronto,Ontario,Canada,M5H2N2,2026-05-10,Gold,false
C004000,Vikram,Jain,vikram.jain4000@example.com,+91-92123-37771,2009-07-08,O,"300, Park Avenue",Pune,Maharashtra,India,411001,2023-05-31,Silver,No
C004001,Nisha,Bose,nisha.bose4001@example.com,+91-81197-67314,2013-09-15,O,"953, Park Avenue",Bengaluru,Karnataka,India,560001,2024-10-22,Bronze,1
C004002,Zoya,Jain,zoya.jain4002@example.com,+91-60349-48497,1985-09-04,F,"183, Hill View",London,England,United Kingdom,SW1A1AA,2023-04-09,Gold,true
C004003,Diya,Kumar,diya.kumar4003@example.com,+91-89926-77318,2003-05-15,female,"446, MG Road",Mumbai,Maharashtra,India,400001,2023-02-03,Silver,N
C004004,Nisha,Rao,nisha.rao4004@example.com,+91-64782-85084,2013-02-24,Male,"134, Station Road",London,England,United Kingdom,SW1A1AA,2022-01-09,Platinum,false
C004005,Sneha,Jain,sneha.jain4005@example.com,+91-71099-16537,2004-11-12,F,"210, Lake Road", HYDERABAD ,Telangana,India,500001,2024-12-31,Silver,0
C004006,Kabir,Chopra,kabir.chopra4006@example.com,+91-68326-94386,1991-04-11,M,"513, Station Road",Delhi,Delhi,India,110001,2024-06-13,Bronze,No
C004007,Aditya,Nair,aditya.nair4007@example.com,+91-78055-27564,1979-01-24,M,"976, MG Road",Seattle,Washington,United States,98101,2025-07-27,Gold,N
C004008,Lakshmi,Bose,lakshmi.bose4008@example.com,+91-75364-27467,1983-08-10,Other,"401, Park Avenue",Toronto,Ontario,Canada,M5H2N2,2025-04-04,Gold,Yes
C004009,Varun,Mehta,varun.mehta4009@example.com,+91-61551-48651,1999-03-12,O,"440, Lake Road",Seattle,Washington,United States,98101,2025-08-08,Gold,Y
C004010,Arjun,Bose,arjun.bose4010@example.com,+91-91902-32212,2009-05-02,F,"699, Station Road",Mumbai,Maharashtra,India,400001,2024-01-17,Gold,No
C004011,Rahul,Mehta,rahul.mehta4011@example.com,+91-92082-76061,2014-03-24,Female,"147, Hill View",Mumbai,Maharashtra,India,400001,2023-03-19,Platinum,N
C004012,Pooja,Nair,pooja.nair4012@example.com,+91-92733-15854,2013-07-05,Female,"280, Park Avenue",London,England,United Kingdom,SW1A1AA,2024-11-07,Silver,Y
C004013,Vikram,Reddy,vikram.reddy4013@example.com,+91-82814-58621,1985-12-16,F,"805, Station Road",Pune,Maharashtra,India,411001,2022-08-06,Gold,N
C004014,Riya,Iyer,riya.iyer4014@example.com,+91-71091-56677,1997-03-23,F,"30, Hill View",Kochi,Kerala,India,682001,2022-09-18,Gold,0
C004015,Ananya,Das,ananya.das4015@example.com,+91-96938-16328,1979-06-25,Male,"919, MG Road",Austin,Texas,United States,78701,2022-03-07,Bronze,false
C004016,Manoj,Verma,manoj.verma4016@example.com,+91-82027-45535,2015-10-02,O,"340, Hill View",Pune,Maharashtra,India,411001,2022-11-06,Gold,true
C004017,Diya,Kumar,diya.kumar4017@example.com,+91-63194-66224,2002-03-24,O,"294, Market Street",London,England,United Kingdom,SW1A1AA,2022-05-13,Platinum,N
C004018,Rohan,Nair,rohan.nair4018@example.com,+91-68403-97218,1995-07-31,Other,"841, Hill View",Bengaluru,Karnataka,India,560001,2025-03-14,Silver,N
C004019,Rahul,Reddy,rahul.reddy4019@example.com,+91-90255-19269,2014-09-08,O,"111, MG Road",Kochi,Kerala,India,682001,2022-01-22,Gold,false
C004020,Maya,Rao,maya.rao4020@example.com,+91-91125-32726,1978-05-31,Other,"75, Lake Road",Austin,Texas,United States,78701,2022-11-18,Platinum,N
C004021,Neha,Jain,neha.jain4021@example.com,+91-76104-62772,1978-10-22,Male,"558, Hill View",Austin,Texas,United States,78701,2023-09-04,Gold,true
C004022,Diya,Das,diya.das4022@example.com,+91-97847-66292,2004-12-01,O,"611, Hill View",Chennai,Tamil Nadu,India,600001,2023-07-31,Silver,false
C004023,Dev,Nair,dev.nair4023@example.com,+91-74886-65267,2006-10-11,F,"105, Park Avenue",Chennai,Tamil Nadu,India,600001,2023-06-14,Silver,false
C004024,Rahul,Menon,rahul.menon4024@example.com,+91-73252-43608,2007-04-26,M,"617, Lake Road",Austin,Texas,United States,78701,2025-02-26,Platinum,0
C004025,Meera,Nair,meera.nair4025@example.com,+91-61745-51075,2008-01-03,Other,"542, Market Street",London,England,United Kingdom,SW1A1AA,2025-10-14,Platinum,false
C004026,Rahul,Das,rahul.das4026@example.com,ABC123,2014-02-27,male,"995, MG Road",Toronto,Ontario,Canada,M5H2N2,2026-03-06,Platinum,0
C004027,Aanya,Patel,aanya.patel4027@example.com,+91-80635-13723,2004-01-10,Other,"526, Market Street",Austin,Texas,United States,78701,2026-01-03,Platinum,true
C004028,Lakshmi,Gupta,lakshmi.gupta4028@example.com,+91-87941-41529,1993-06-07,Male,"793, Hill View",Hyderabad,Telangana,India,500001,2023-08-05,Bronze,N
C004029,Akash,Das,akash.das4029@example.com,+91-82622-32043,1979-03-10,M,"282, Market Street",Kolkata,West Bengal,India,700001,31-02-2025,Gold,0
C004030,Dev,Iyer,dev.iyer4030@example.com,+91-90576-98548,1989-11-04,O,"320, MG Road",Seattle,Washington,United States,98101,2025-12-14,Platinum,N
C004031,Priya,Patel,priya.patel4031@example.com,+91-86322-85495,1994-02-26,M,"623, Park Avenue",Mumbai,Maharashtra,India,400001,2026-05-17,Gold,false
C004032,Ananya,Chopra,ananya.chopra4032@example.com,+91-69776-34921,1982-01-09,Male,"869, Lake Road",Seattle,Washington,United States,98101,2023-03-23,Gold,true
C004033,Priya,Shah,priya.shah4033@example.com,+91-89955-72779,2007-01-23,Male,"747, Lake Road",Seattle,Washington,United States,98101,2023-02-26,Silver,N
C004034,Riya,Patel,riya.patel4034@example.com,+91-75177-32559,1993-12-19,Other,"733, Lake Road",London,England,United Kingdom,SW1A1AA,2022-06-15,Platinum,Y
C004035,Rahul,Patel,rahul.patel4035@example.com,+91-96009-68718,2009-03-13,male,"63, Lake Road",Hyderabad,Telangana,India,500001,2024-09-30,Gold,Y
C004036,Tara,Jain,tara.jain4036@example.com,+91-88568-75475,2003-06-03,Female,"503, MG Road",Seattle,Washington,United States,98101,2024-02-15,Bronze,0
C004037,Zoya,Gupta,zoya.gupta4037@example.com,+91-98632-46685,2012-10-18,Other,"952, Lake Road",Austin,Texas,United States,78701,2024-09-13,Platinum,No
C004038,Rohan,Singh,rohan.singh4038@example.com,+91-67347-89230,2011-12-02,O,"128, Hill View",Bengaluru,Karnataka,India,560001,2025-11-28,Bronze,Y
C004039,Nisha,Shah,nisha.shah4039@example.com,+91-74397-13363,2014-10-25,Other,"753, Station Road",Seattle,Washington,United States,98101,2022-03-22,Silver,0
C004040,Pooja,Gupta,pooja.gupta4040@example.com,+91-97749-43576,1996-03-05,male,"658, Lake Road",Toronto,Ontario,Canada,M5H2N2,2024-07-11,Gold,N
C004041,Nisha,Chopra,nisha.chopra4041@example.com,+91-99595-66608,1992-12-15,Other,"622, Park Avenue",London,England,United Kingdom,SW1A1AA,2025-05-11,Gold,No
C004042,Maya,Chopra,Maya.Chopra.invalid,+91-75576-97390,2014-03-21,O,"95, Station Road",Mumbai,Maharashtra,India,400001,2026-04-06,Silver,No
C004043,Rohan,Verma,rohan.verma4043@example.com,+91-90332-97834,1986-12-12,Other,"884, MG Road",Hyderabad,Telangana,India,500001,2025-12-25,Gold,false
C004044,Ananya,Das,ananya.das4044@example.com,+91-76891-70432,2013-06-29,F,"765, Park Avenue",Pune,Maharashtra,India,411001,2025-12-03,Silver,0
C004045,Dev,Patel,dev.patel4045@example.com,+91-84084-33355,1996-03-20,Other,"331, Lake Road",Delhi,Delhi,India,110001,2023-05-26,Silver,No
C004046,Aditya,Verma,aditya.verma4046@example.com,+91-91349-13468,1998-09-22,female,"890, MG Road",Toronto,Ontario,Canada,M5H2N2,2026-03-28,Platinum,1
C004047,Ira,Jain,ira.jain4047@example.com,+91-70930-71937,2000-06-06,Female,"906, Park Avenue",Pune,Maharashtra,India,411001,2024-09-22,Gold,true
C004048,Arjun,Joshi,arjun.joshi4048@example.com,+91-85086-92726,1988-03-22,female,"721, Hill View",Seattle,Washington,United States,98101,2022-11-14,Silver,0
C004049,Kavya,Mehta,kavya.mehta4049@example.com,+91-79470-97523,2007-10-23,F,"51, Market Street",Seattle,Washington,United States,98101,2025-02-10,Silver,Yes
C004050,Nisha,Shah,nisha.shah4050@example.com,+91-94403-29789,1986-11-28,O,"537, Lake Road",Seattle,Washington,United States,98101,2022-06-01,Platinum,false
C004051,Rahul,Joshi,rahul.joshi4051@example.com,+91-63556-77944,1990-09-20,male,"133, Lake Road",Kolkata,West Bengal,India,700001,2024-05-26,Gold,Y
C004052,Ishaan,Jain,ishaan.jain4052@example.com,+91-96851-43997,2003-10-17,O,"847, MG Road",Kolkata,West Bengal,India,700001,2026-05-20,Platinum,Y
C004053,Kabir,Sharma,kabir.sharma4053@example.com,+91-74100-16850,1996-12-01,male,"997, Market Street",Bengaluru,Karnataka,India,560001,2023-04-19,Platinum,Yes
C004054,Meera,Iyer,meera.iyer4054@example.com,+91-67848-72915,2011-01-11,M,"505, Hill View",Delhi,Delhi,India,110001,2025-07-12,Platinum,false
C004055,Maya,Singh,maya.singh4055@example.com,+91-92046-23054,2009-09-29,M,"869, Lake Road",Mumbai,Maharashtra,India,400001,2025-01-21,Platinum,true
C004056,Ananya,Bose,ananya.bose4056@example.com,+91-93106-91950,2016-07-30,O,"503, Lake Road",London,England,United Kingdom,SW1A1AA,2022-04-23,Silver,true
C004057,Ananya,Menon,ananya.menon4057@example.com,+91-83477-85565,1985-02-27,M,"839, Hill View",Toronto,Ontario,Canada,M5H2N2,2025-06-15,Silver,N
C004058,Aditya,Gupta,aditya.gupta4058@example.com,+91-96044-32703,1993-04-13,Female,"314, MG Road",London,England,United Kingdom,SW1A1AA,2025-04-14,Bronze,1
C004059,Akash,Gupta,akash.gupta4059@example.com,+91-76208-41525,1978-04-07,Male,"144, Lake Road",Austin,Texas,United States,78701,2023-03-04,Platinum,No
C004060,Sneha,Joshi,sneha.joshi4060@example.com,+91-99837-33474,1999-05-19,Male,"178, Station Road",Chennai,Tamil Nadu,India,600001,2026-01-17,Platinum,true
C004061,Ishaan,Sharma,ishaan.sharma4061@example.com,+91-95338-16723,2018-03-23,Female,"212, Station Road",Kolkata,West Bengal,India,??,2022-09-27,Platinum,No
C004062,Kavya,Joshi,kavya.joshi4062@example.com,+91-80416-91085,2008-03-12,F,"971, Park Avenue",Austin,Texas,United States,78701,2022-11-06,Silver,1
C004063,Diya,Kumar,diya.kumar4063@example.com,+91-62301-11910,1978-03-05,Male,"925, Market Street",London,England,United Kingdom,SW1A1AA,2023-06-14,Platinum,false
C004064,Maya,Nair,maya.nair4064@example.com,+91-77713-32394,1985-06-23,Male,"893, Market Street",Delhi,Delhi,India,110001,2024-01-23,Bronze,Y
C004065,Zoya,Bose,zoya.bose4065@example.com,+91-77580-31103,1990-04-05,F,"994, Park Avenue",Chennai,Tamil Nadu,India,600001,2023-10-30,Silver,Yes
C004066,Diya,Gupta,diya.gupta4066@example.com,+91-86193-24033,1994-02-13,female,"467, Hill View",Kolkata,West Bengal,India,700001,2026-03-29,Silver,Y
C004067,Pooja,Pillai,pooja.pillai4067@example.com,+91-99022-22489,1987-04-13,F,"718, Station Road",Austin,Texas,United States,78701,2022-08-24,Platinum,Y
C004068,,Menon,pooja.menon4068@example.com,+91-94249-97333,1983-06-13,male,"254, Lake Road",Kochi,Kerala,India,682001,2025-10-31,Silver,0
C004069,Manoj,Joshi,manoj.joshi4069@example.com,+91-79606-25020,1995-03-03,Female,"934, Hill View",Delhi,Delhi,India,110001,2022-05-20,Platinum,0
C004070,Rohan,Das,rohan.das4070@example.com,+91-80448-71430,2008-04-08,Male,"99, Park Avenue",Seattle,Washington,United States,98101,2026-04-12,Bronze,N
C004071,Tara,Iyer,tara.iyer4071@example.com,+91-61950-52442,2015-06-07,O,"974, Park Avenue",Pune,Maharashtra,India,411001,2022-04-03,Bronze,N
C004072,Ishaan,Rao,ishaan.rao4072@example.com,+91-75608-73062,1987-08-02,Male,"514, Park Avenue",Mumbai,Maharashtra,India,400001,2025-06-01,Silver,0
C004073,Akash,Iyer,akash.iyer4073@example.com,+91-92680-73149,1992-09-20,female,"376, Park Avenue",Kolkata,West Bengal,India,700001,2023-07-18,Silver,Y
C004074,Rohan,Sharma,rohan.sharma4074@example.com,+91-97047-99191,2011-03-03,M,"177, Park Avenue",Toronto,Ontario,U.S.A.,M5H2N2,2023-11-05,Bronze,false
C004075,Kavya,Das,kavya.das4075@example.com,+91-72943-16036,1981-08-26,Female,"188, Station Road",Chennai,Tamil Nadu,India,600001,2024-06-29,Bronze,Yes
C004076,Riya,Joshi,riya.joshi4076@example.com,+91-95974-37832,2001-11-26,O,"967, Lake Road",Delhi,Delhi,India,110001,2023-06-23,Platinum,N
C004077,Akash,Reddy,akash.reddy4077@example.com,+91-63212-44463,2003-04-21,Female,"398, Park Avenue",Kochi,Kerala,India,682001,2022-11-15,Silver,false
C004078,Pooja,Reddy,pooja.reddy4078@example.com,+91-84764-33017,2001-01-28,Other,"680, Lake Road",Mumbai,Maharashtra,India,400001,2022-12-29,Platinum,1
C004079,Aditya,Menon,aditya.menon4079@example.com,+91-90848-69456,1993-10-21,F,"89, Station Road",Delhi,Delhi,India,110001,2025-05-21,Silver,Yes
C004080,Lakshmi,Menon,lakshmi.menon4080@example.com,+91-66183-18942,1988-09-12,female,"389, Station Road",Bengaluru,Karnataka,India,560001,2024-03-06,Platinum,1
C004081,Pooja,Patel,pooja.patel4081@example.com,+91-97035-93454,1996-05-29,Other,"31, Lake Road",Kochi,Kerala,India,682001,2026-01-01,Bronze,0
C004082,Zoya,Sharma,zoya.sharma4082@example.com,+91-75834-53232,1994-12-04,Other,"207, Station Road",Toronto,Ontario,Canada,M5H2N2,2025-07-25,VIP,Y
C004083,Ananya,Sharma,ananya.sharma4083@example.com,+91-80404-12200,1983-10-12,female,"71, Hill View",Delhi,Delhi,India,110001,2023-02-23,Platinum,Yes
C004084,Neha,Chopra,neha.chopra4084@example.com,+91-77291-58419,2004-12-09,Male,"443, Station Road",Seattle,Washington,United States,98101,2025-09-18,Bronze,0
C004085,Pooja,Chopra,pooja.chopra4085@example.com,+91-93151-54594,2008-10-20,male,"546, Station Road",Hyderabad,Telangana,India,500001,2023-12-31,Bronze,Y
C004086,Manoj,Reddy,manoj.reddy4086@example.com,+91-67818-37121,2012-04-07,Other,"449, Lake Road",Toronto,Ontario,Canada,M5H2N2,2024-04-20,Platinum,N
C004087,Aarav,Rao,aarav.rao4087@example.com,ABC123,1993-09-14,Male,"890, Hill View",Chennai,Tamil Nadu,India,600001,2025-07-29,Platinum,0
C004088,Aditya,Gupta,aditya.gupta4088@example.com,+91-73341-81701,2007-04-17,F,"72, Market Street",London,England,United Kingdom,SW1A1AA,2024-12-19,Platinum,false
C004089,Kavya,Sharma,Kavya.Sharma.invalid,+91-61366-74507,2000-03-16,Female,"706, Lake Road",Hyderabad,Telangana,India,500001,2023-07-28,Silver,false
C004090,Priya,Nair,priya.nair4090@example.com,+91-70545-48221,2005-07-24,male,"223, Market Street",Hyderabad,Telangana,India,500001,2025-12-15,Bronze,1
C004091,Diya,Mehta,diya.mehta4091@example.com,+91-61675-49528,1996-05-04,Male,"386, Park Avenue",Kolkata,West Bengal,India,700001,2023-08-02,Silver,0
C004092,Priya,Menon,priya.menon4092@example.com,+91-75984-64893,1980-12-05,Other,"8, Lake Road",Kochi,Kerala,India,682001,2023-11-18,Silver,1
C004093,Riya,Das,riya.das4093@example.com,+91-86743-39718,1984-07-27,O,"29, Hill View",Delhi,Delhi,India,110001,2023-03-09,Silver,true
C004094,Sanjay,Patel,sanjay.patel4094@example.com,+91-76455-49461,1992-11-12,M,"851, Lake Road", BENGALURU ,Karnataka,India,560001,2023-10-16,Silver,No
C004095,Aarav,Sharma,aarav.sharma4095@example.com,+91-67520-80777,1997-06-28,Other,"582, MG Road",Mumbai,Maharashtra,India,400001,2022-08-17,Bronze,1
C004096,Diya,Bose,diya.bose4096@example.com,+91-80936-13910,2005-12-03,Male,"490, Hill View",Austin,Texas,United States,78701,2025-04-12,Bronze,Y
C004097,Meera,Bose,meera.bose4097@example.com,+91-78138-55710,2017-12-25,Female,"226, MG Road",Seattle,Washington,United States,98101,2023-07-04,Platinum,false
C004098,Pooja,Nair,pooja.nair4098@example.com,+91-85511-43468,1992-08-17,M,"183, Park Avenue",Seattle,Washington,United States,98101,2022-09-30,Gold,true
C004099,Vikram,Sharma,vikram.sharma4099@example.com,+91-89396-27141,2019-09-12,male,"677, MG Road",Seattle,Washington,United States,98101,2024-03-10,Platinum,false
C004100,Manoj,Menon,manoj.menon4100@example.com,+91-65944-36437,2011-07-11,Male,"299, Market Street",Seattle,Washington,United States,98101,2023-01-18,Bronze,1
C004101,Priya,Nair,priya.nair4101@example.com,+91-89735-55258,1996-11-20,female,"886, Station Road",Pune,Maharashtra,India,411001,2022-08-07,Platinum,false
C004102,Kavya,Shah,kavya.shah4102@example.com,+91-96935-77996,2010-05-10,male,"756, Market Street",Austin,Texas,United States,78701,2026-05-18,Silver,1
C004103,Rahul,Sharma,rahul.sharma4103@example.com,+91-82659-21201,2016-08-17,O,"992, Market Street",Seattle,Washington,United States,98101,2023-11-23,Bronze,No
C004104,Aditya,Verma,aditya.verma4104@example.com,+91-81547-73024,1995-12-27,O,"592, Lake Road",Mumbai,Maharashtra,India,400001,2025-02-03,Bronze,true
C004105,Manoj,Mehta,manoj.mehta4105@example.com,+91-63926-78387,1985-08-13,Other,"879, Market Street",Seattle,Washington,United States,98101,2024-02-27,Platinum,true
C004106,Varun,Jain,varun.jain4106@example.com,+91-91293-86041,2013-08-08,Male,"59, Lake Road",Pune,Maharashtra,India,411001,2023-04-01,Platinum,false
C004107,Aanya,Kumar,aanya.kumar4107@example.com,+91-72866-51685,1994-06-14,male,"676, Park Avenue",Pune,Maharashtra,India,411001,2023-01-03,Platinum,No
C004108,Kiran,Reddy,kiran.reddy4108@example.com,+91-98196-67860,1991-04-27,Female,"302, Hill View",Austin,Texas,United States,78701,31-02-2025,Gold,false
C004109,Arjun,Pillai,arjun.pillai4109@example.com,+91-62561-95605,1979-07-21,Male,"132, Station Road",Mumbai,Maharashtra,India,400001,2023-08-20,Gold,No
C004110,Akash,Shah,akash.shah4110@example.com,+91-72904-24060,1986-03-10,O,"924, Hill View",Chennai,Tamil Nadu,India,600001,2026-05-07,Silver,false
C004111,Rahul,Singh,rahul.singh4111@example.com,+91-71068-97804,2006-10-01,M,"67, Lake Road",Pune,Maharashtra,India,411001,2023-05-09,Silver,0
C004112,Sneha,Kumar,sneha.kumar4112@example.com,+91-65560-44315,1998-04-13,M,"610, MG Road",Austin,Texas,United States,78701,2022-11-11,Bronze,Yes
C004113,Varun,Reddy,varun.reddy4113@example.com,+91-84888-97831,2004-01-24,male,"307, Hill View",London,England,United Kingdom,SW1A1AA,2024-05-12,Silver,Y
C004114,Riya,Patel,riya.patel4114@example.com,+91-97858-90215,2008-02-27,male,"571, Park Avenue",Mumbai,Maharashtra,India,400001,2023-08-23,Silver,true
C004115,Kavya,Singh,kavya.singh4115@example.com,+91-75171-88477,2013-01-19,Male,"927, MG Road",London,England,United Kingdom,SW1A1AA,2023-07-02,Platinum,false
C004116,Riya,Verma,riya.verma4116@example.com,+91-87661-99446,2001-08-26,O,"179, Hill View",Kolkata,West Bengal,India,700001,2024-12-20,Gold,1
C004117,Ishaan,Gupta,ishaan.gupta4117@example.com,+91-79403-96034,2007-09-23,Male,"937, MG Road",Delhi,Delhi,India,110001,2023-09-09,Silver,Y
C004118,Sanjay,Verma,sanjay.verma4118@example.com,+91-86078-94685,1978-02-12,male,"226, Lake Road",Austin,Texas,United States,78701,2024-06-26,Bronze,Yes
C004119,Riya,Menon,riya.menon4119@example.com,+91-65582-17987,2000-01-13,female,"298, Lake Road",London,England,United Kingdom,SW1A1AA,2024-11-06,Silver,N
C004120,Ananya,Nair,ananya.nair4120@example.com,+91-75246-88168,1989-03-18,M,"450, Station Road",Pune,Maharashtra,India,411001,2023-06-30,Gold,Y
C004121,Sneha,Reddy,sneha.reddy4121@example.com,+91-99409-65607,2002-04-20,Female,"207, Station Road",Bengaluru,Karnataka,India,560001,2025-07-30,Silver,Yes
C004122,Kiran,Shah,kiran.shah4122@example.com,+91-78896-47049,1997-12-16,Male,"161, MG Road",Kochi,Kerala,India,682001,2022-08-02,Gold,N
C004123,Rohan,Iyer,rohan.iyer4123@example.com,+91-85116-59088,1987-10-02,O,"338, Lake Road",Seattle,Washington,United States,98101,2023-05-02,Gold,0
C004124,Meera,Joshi,meera.joshi4124@example.com,+91-86864-96501,1985-07-16,O,"665, Hill View",Chennai,Tamil Nadu,India,600001,2024-04-15,Platinum,0
C004125,Arjun,Mehta,arjun.mehta4125@example.com,+91-77835-27776,2012-10-17,M,"52, MG Road",Kolkata,West Bengal,India,700001,2025-11-08,Platinum,Y
C004126,Priya,Patel,priya.patel4126@example.com,+91-68169-59138,2005-01-31,O,"190, Hill View",Delhi,Delhi,India,110001,2025-10-23,Platinum,1
C004127,Aanya,Nair,aanya.nair4127@example.com,+91-66129-10044,1979-09-06,O,"832, MG Road",Austin,Texas,United States,78701,2023-06-15,Silver,Yes
C004128,Sneha,Menon,sneha.menon4128@example.com,+91-93225-50130,1983-02-07,Female,"75, Station Road",Bengaluru,Karnataka,India,560001,2026-04-02,Platinum,Yes
C004129,Akash,Iyer,akash.iyer4129@example.com,+91-80716-52051,2016-08-05,O,"606, Market Street",Austin,Texas,United States,78701,2022-06-17,Silver,Y
C004130,Pooja,Das,pooja.das4130@example.com,+91-97198-46069,2007-12-31,male,"349, Park Avenue",Hyderabad,Telangana,India,500001,2024-03-22,Silver,0
C004131,Aanya,Kumar,aanya.kumar4131@example.com,+91-85993-68755,2007-08-09,F,"137, Park Avenue",Mumbai,Maharashtra,India,400001,2024-03-08,Bronze,Y
C004132,Lakshmi,Gupta,lakshmi.gupta4132@example.com,+91-79767-10287,1982-11-10,female,"215, Market Street",Kolkata,West Bengal,India,700001,2022-06-30,Platinum,false
C004133,Rahul,Singh,rahul.singh4133@example.com,+91-94805-57079,2012-07-04,Other,"974, Lake Road",Kolkata,West Bengal,India,700001,2022-08-09,Platinum,Yes
C004134,Maya,Das,maya.das4134@example.com,+91-95412-81836,2012-09-12,Other,"904, Station Road",Hyderabad,Telangana,India,500001,2023-08-02,Gold,N
C004135,Aditya,Reddy,aditya.reddy4135@example.com,+91-76456-78720,2002-02-07,M,"964, Market Street",Pune,Maharashtra,India,411001,2025-10-11,Platinum,Yes
C004136,Manoj,Menon,Manoj.Menon.invalid,+91-91320-72822,1993-07-23,male,"514, MG Road",Toronto,Ontario,Canada,M5H2N2,2022-04-25,Gold,1
C004137,Aarav,Reddy,aarav.reddy4137@example.com,+91-67730-48589,1997-11-08,Female,"587, Lake Road",Pune,Maharashtra,India,411001,2022-05-02,Bronze,N
C004138,Tara,Sharma,tara.sharma4138@example.com,+91-92945-85390,2002-11-21,O,"832, Market Street",Pune,Maharashtra,India,411001,2023-06-04,Platinum,1
C004139,Varun,Joshi,varun.joshi4139@example.com,+91-95752-13737,2017-08-04,male,"168, Hill View",Toronto,Ontario,Canada,M5H2N2,2025-02-21,Silver,0
C004140,Sanjay,Nair,sanjay.nair4140@example.com,+91-82984-29354,2010-12-03,M,"16, Market Street",Austin,Texas,United States,78701,2026-06-17,Gold,Y
C004141,Riya,Verma,riya.verma4141@example.com,+91-73376-29834,1979-10-06,Female,"328, Market Street",Kochi,Kerala,India,682001,2023-07-14,Bronze,false
C004142,Rohan,Nair,rohan.nair4142@example.com,+91-73077-99820,1992-07-07,male,"17, Market Street",Chennai,Tamil Nadu,India,600001,2023-04-25,Bronze,1
C004143,Aarav,Menon,aarav.menon4143@example.com,+91-98581-38057,1988-07-15,Male,"376, Market Street",Austin,Texas,United States,78701,2024-05-11,Platinum,N
C004144,Ira,Verma,ira.verma4144@example.com,+91-77110-90631,2014-01-31,male,"935, Lake Road",Bengaluru,Karnataka,India,560001,2023-05-15,Platinum,false
C004145,Rahul,Kumar,rahul.kumar4145@example.com,+91-66786-64884,1991-02-07,O,"218, Station Road",London,England,United Kingdom,SW1A1AA,2022-03-10,Gold,false
C004146,Meera,Kapoor,meera.kapoor4146@example.com,+91-99647-84901,1998-05-13,Other,"644, Park Avenue",Hyderabad,Telangana,India,500001,2024-07-12,Platinum,No
C004147,Akash,Chopra,akash.chopra4147@example.com,+91-67641-93547,2000-10-15,O,"92, Station Road",Chennai,Tamil Nadu,India,600001,2022-03-29,Bronze,N
C004148,Manoj,Mehta,manoj.mehta4148@example.com,ABC123,1992-09-19,Male,"422, Park Avenue",Bengaluru,Karnataka,India,560001,2023-08-25,Gold,Y
C004149,Kavya,Singh,kavya.singh4149@example.com,+91-72436-50368,1995-02-16,female,"607, Market Street",Chennai,Tamil Nadu,India,600001,2022-11-15,Gold,false
C004150,Lakshmi,Bose,lakshmi.bose4150@example.com,+91-88430-38243,2013-11-05,Male,"619, Station Road",Kochi,Kerala,India,682001,2022-08-15,Platinum,N
C004151,Maya,Sharma,maya.sharma4151@example.com,+91-61104-65381,1979-08-04,O,"298, Station Road",London,England,United Kingdom,SW1A1AA,2026-03-06,Silver,N
BAD4152,Riya,Nair,riya.nair4152@example.com,+91-80813-37884,1978-07-08,Male,"784, Lake Road",Hyderabad,Telangana,India,500001,2024-01-12,Platinum,Y
C004153,Rohan,Menon,rohan.menon4153@example.com,+91-79379-49538,2019-02-11,Other,"255, Park Avenue",Kolkata,West Bengal,India,700001,2023-07-14,Bronze,false
C004154,Pooja,Bose,pooja.bose4154@example.com,+91-98450-18906,1999-02-23,F,"183, MG Road",Chennai,Tamil Nadu,India,600001,2024-07-23,Platinum,false
C004155,Pooja,Singh,pooja.singh4155@example.com,+91-97185-36265,2011-09-11,F,"608, Station Road",London,England,United Kingdom,SW1A1AA,2024-09-13,Gold,true
C004156,Aanya,Shah,aanya.shah4156@example.com,+91-76119-23314,1986-02-21,Female,"696, Hill View",London,England,United Kingdom,SW1A1AA,2025-02-08,Gold,Yes
C004157,Arjun,Rao,arjun.rao4157@example.com,+91-89527-77543,1978-05-18,female,"168, Lake Road",London,England,United Kingdom,SW1A1AA,2025-06-19,Gold,Yes
C004158,Kavya,Singh,kavya.singh4158@example.com,+91-61144-19790,1982-11-30,Female,"918, Market Street",Chennai,Tamil Nadu,India,600001,2025-09-06,Bronze,Y
C004159,Rohan,Joshi,rohan.joshi4159@example.com,+91-97680-74883,1998-02-11,O,"924, Station Road",Delhi,Delhi,India,110001,2025-06-10,Platinum,1
C004160,Diya,Sharma,diya.sharma4160@example.com,+91-99295-41230,2013-05-26,male,"4, MG Road",Kochi,Kerala,India,682001,2025-12-31,Platinum,false
C004161,Lakshmi,Nair,lakshmi.nair4161@example.com,+91-70801-19094,1987-03-17,F,"577, Park Avenue",Chennai,Tamil Nadu,India,600001,2023-01-01,Platinum,false
C004162,Kavya,Jain,kavya.jain4162@example.com,+91-76748-76531,1981-03-25,male,"786, Park Avenue",Chennai,Tamil Nadu,India,600001,2025-01-19,Gold,false
C004163,Dev,Singh,dev.singh4163@example.com,+91-72391-13026,1986-10-08,O,"604, Station Road",Austin,Texas,United States,78701,2025-04-06,Silver,N
C004164,Zoya,Rao,zoya.rao4164@example.com,+91-85029-76067,1983-07-07,F,"987, Hill View",Kochi,Kerala,India,682001,2022-09-12,Bronze,true
C004165,Ishaan,Das,ishaan.das4165@example.com,+91-78598-74836,1980-07-09,Other,"230, Lake Road",Kochi,Kerala,India,682001,2023-11-18,Gold,false
C004166,Rahul,Bose,rahul.bose4166@example.com,+91-85156-22885,2007-05-13,F,"844, Station Road",Bengaluru,Karnataka,India,560001,2024-12-29,Bronze,1
C004167,Maya,Shah,maya.shah4167@example.com,+91-82323-24716,2005-10-28,Other,"84, Hill View",Chennai,Tamil Nadu,India,600001,2023-12-18,Silver,Yes
C004168,Maya,Nair,maya.nair4168@example.com,+91-64500-92037,2002-08-09,Other,"447, MG Road",Delhi,Delhi,India,110001,2024-08-16,Silver,true
C004169,Priya,Gupta,priya.gupta4169@example.com,+91-91491-68911,1999-06-20,O,"618, Market Street",Delhi,Delhi,India,110001,2024-10-27,Platinum,Y
C004170,Priya,Rao,priya.rao4170@example.com,+91-83733-50943,1989-09-05,Female,"871, MG Road",Chennai,Tamil Nadu,India,600001,2022-11-25,Gold,true
C004171,Vikram,Mehta,vikram.mehta4171@example.com,+91-73799-84920,1988-03-09,M,"762, MG Road",Kochi,Kerala,U.S.A.,682001,2022-03-09,Bronze,0
C004172,Rohan,Das,rohan.das4172@example.com,+91-70395-69248,1989-05-15,Other,"636, Lake Road",Mumbai,Maharashtra,India,400001,2024-10-29,Bronze,Yes
C004173,Kiran,Jain,kiran.jain4173@example.com,+91-75642-62106,1992-12-26,male,"736, Market Street",Pune,Maharashtra,India,411001,2025-01-13,Gold,No
C004174,Dev,Kumar,dev.kumar4174@example.com,+91-98466-65979,1980-06-10,F,"594, Market Street",Seattle,Washington,United States,98101,2025-07-28,Silver,N
C004175,Vikram,Nair,vikram.nair4175@example.com,+91-78187-77235,2009-10-29,O,"772, Station Road",Bengaluru,Karnataka,India,560001,2026-05-04,Platinum,1
C004176,Rahul,Joshi,rahul.joshi4176@example.com,+91-85798-91329,1989-09-21,female,"595, Park Avenue",Austin,Texas,United States,78701,2023-07-23,Silver,Y
C004177,Maya,Rao,maya.rao4177@example.com,+91-99300-55281,2018-03-21,F,"432, Market Street",Kolkata,West Bengal,India,700001,2022-10-14,Gold,Y
C004178,Priya,Nair,priya.nair4178@example.com,+91-62245-20273,1979-11-22,Male,"856, Market Street",Austin,Texas,United States,78701,2022-11-12,Silver,1
C004179,Ira,Nair,ira.nair4179@example.com,+91-99930-66898,2009-11-05,F,"207, Station Road",Seattle,Washington,United States,98101,2026-04-27,Gold,Yes
C004180,Kavya,Pillai,kavya.pillai4180@example.com,+91-98142-65636,2009-12-29,male,"659, Park Avenue",Kochi,Kerala,India,682001,2025-10-30,Platinum,0
C004181,,Shah,vikram.shah4181@example.com,+91-82272-44415,1995-07-15,Male,"870, Park Avenue",Austin,Texas,United States,78701,2023-09-29,Bronze,1
C004182,Meera,Reddy,meera.reddy4182@example.com,+91-97831-46392,1978-12-24,M,"941, MG Road",Seattle,Washington,United States,98101,2023-04-12,Gold,0
C004183,Sneha,Mehta,Sneha.Mehta.invalid,+91-69275-32673,1983-06-10,O,"749, Market Street", LONDON ,England,United Kingdom,SW1A1AA,2024-01-16,Silver,Y
C004184,Vikram,Menon,vikram.menon4184@example.com,+91-81068-83108,1992-08-08,female,"111, Hill View",Delhi,Delhi,India,110001,2024-02-08,Silver,0
C004185,Akash,Patel,akash.patel4185@example.com,+91-71368-39571,2014-02-13,male,"463, Market Street",Seattle,Washington,United States,98101,2022-09-11,Bronze,1
C004186,Lakshmi,Singh,lakshmi.singh4186@example.com,+91-62551-28865,1988-09-04,Other,"370, Park Avenue",Seattle,Washington,United States,98101,2024-04-02,Silver,1
C004187,Aanya,Menon,aanya.menon4187@example.com,+91-80180-93667,2019-10-18,O,"254, Hill View",Delhi,Delhi,India,110001,31-02-2025,Bronze,1
C004188,Manoj,Joshi,manoj.joshi4188@example.com,+91-63586-21623,2000-01-08,O,"318, Hill View",Chennai,Tamil Nadu,India,600001,2022-06-17,Bronze,true
C004189,Tara,Gupta,tara.gupta4189@example.com,+91-83691-50956,2017-11-27,O,"783, Park Avenue",Kolkata,West Bengal,India,700001,2023-04-22,Bronze,Y
C004190,Rohan,Rao,rohan.rao4190@example.com,+91-82915-76857,2002-01-14,F,"794, Station Road",Kolkata,West Bengal,India,700001,2024-09-20,Silver,1
C004191,Rohan,Pillai,rohan.pillai4191@example.com,+91-76439-99144,2007-12-04,male,"158, Station Road",Delhi,Delhi,India,110001,2023-11-14,Bronze,Y
C004192,Diya,Iyer,diya.iyer4192@example.com,+91-64386-88221,1983-10-07,female,"466, MG Road",Hyderabad,Telangana,India,??,2023-02-10,Silver,0
C004193,Manoj,Menon,manoj.menon4193@example.com,+91-73617-26134,2004-01-06,Female,"262, MG Road",Toronto,Ontario,Canada,M5H2N2,2023-11-06,Bronze,false
C004194,Riya,Singh,riya.singh4194@example.com,+91-76683-34870,2003-05-17,Other,"294, Station Road",Kolkata,West Bengal,India,700001,2025-09-01,Silver,true
C004195,Sneha,Menon,sneha.menon4195@example.com,+91-89828-43122,2009-04-21,Other,"503, Lake Road",Bengaluru,Karnataka,India,560001,2026-06-11,Gold,1
C004196,Pooja,Kumar,pooja.kumar4196@example.com,+91-71307-62182,1996-11-18,female,"806, MG Road",Seattle,Washington,United States,98101,2025-03-17,Platinum,No
C004197,Sanjay,Pillai,sanjay.pillai4197@example.com,+91-74677-58071,1998-02-26,F,"474, Market Street",London,England,United Kingdom,SW1A1AA,2025-01-20,Bronze,0
C004198,Kavya,Chopra,kavya.chopra4198@example.com,+91-91411-39287,2017-09-08,M,"852, Hill View",Delhi,Delhi,India,110001,2022-02-05,Silver,N
C004199,Kabir,Reddy,kabir.reddy4199@example.com,+91-67463-76152,2012-04-16,O,"475, MG Road",Delhi,Delhi,India,110001,2023-07-14,Bronze,true
C004200,Tara,Pillai,tara.pillai4200@example.com,+91-99145-87980,1996-07-19,M,"201, Hill View",Bengaluru,Karnataka,India,560001,2023-08-18,Platinum,Yes
C004201,Vikram,Singh,vikram.singh4201@example.com,+91-94400-50104,2012-05-23,O,"42, MG Road",Delhi,Delhi,India,110001,2022-08-18,Platinum,N
C004202,Maya,Bose,maya.bose4202@example.com,+91-71944-75875,2003-02-15,Male,"162, Market Street",Chennai,Tamil Nadu,India,600001,2025-07-08,Silver,0
C004203,Tara,Nair,tara.nair4203@example.com,+91-66350-58157,2013-09-30,Other,"746, Lake Road",Kochi,Kerala,India,682001,2024-11-27,Platinum,Yes
C004204,Arjun,Patel,arjun.patel4204@example.com,+91-62640-30341,1993-10-03,male,"901, Market Street",Delhi,Delhi,India,110001,2024-12-23,Gold,Yes
C004205,Tara,Kumar,tara.kumar4205@example.com,+91-83593-97421,2016-12-15,Female,"899, Lake Road",Mumbai,Maharashtra,India,400001,2023-02-04,Platinum,1
C004206,Arjun,Gupta,arjun.gupta4206@example.com,+91-79529-30925,1993-01-23,male,"259, MG Road",Seattle,Washington,United States,98101,2026-03-21,Gold,N
C004207,Ananya,Shah,ananya.shah4207@example.com,+91-94292-69505,1999-10-12,male,"50, Park Avenue",Bengaluru,Karnataka,India,560001,2023-12-20,Platinum,true
C004208,Zoya,Shah,zoya.shah4208@example.com,+91-76732-41199,2011-05-13,female,"194, Hill View",Delhi,Delhi,India,110001,2022-09-16,Platinum,Yes
C004209,Sanjay,Menon,sanjay.menon4209@example.com,ABC123,1978-12-04,M,"960, MG Road",Kochi,Kerala,India,682001,2024-01-07,Bronze,No
C004210,Manoj,Mehta,manoj.mehta4210@example.com,+91-81591-30140,1995-06-10,O,"899, Market Street",Bengaluru,Karnataka,India,560001,2025-05-28,Bronze,false
C004211,Ira,Bose,ira.bose4211@example.com,+91-62023-56270,1995-03-04,Male,"770, MG Road",London,England,United Kingdom,SW1A1AA,2025-04-29,Gold,true
C004212,Kavya,Menon,kavya.menon4212@example.com,+91-83149-83203,2012-06-07,Female,"175, Hill View",London,England,United Kingdom,SW1A1AA,2025-07-23,Platinum,0
C004213,Zoya,Nair,zoya.nair4213@example.com,+91-84479-52272,1983-12-29,female,"619, Hill View",Kochi,Kerala,India,682001,2023-02-02,Platinum,1
C004214,Diya,Gupta,diya.gupta4214@example.com,+91-65053-13444,2016-02-26,Male,"89, Station Road",Hyderabad,Telangana,India,500001,2023-12-23,Gold,1
C004215,Priya,Menon,priya.menon4215@example.com,+91-69706-72914,2002-05-03,Male,"493, Lake Road",Kochi,Kerala,India,682001,2024-06-17,Silver,true
C004216,Ishaan,Das,ishaan.das4216@example.com,+91-77098-22049,2015-01-08,M,"627, Hill View",London,England,United Kingdom,SW1A1AA,2023-05-02,Bronze,1
C004217,Ishaan,Menon,ishaan.menon4217@example.com,+91-71281-99706,2000-11-12,Other,"233, Park Avenue",Bengaluru,Karnataka,India,560001,2023-05-28,Platinum,0
C004218,Kiran,Kumar,kiran.kumar4218@example.com,+91-82213-12494,1992-10-08,F,"992, Market Street",Delhi,Delhi,India,110001,2023-07-07,Gold,0
C004219,Zoya,Mehta,zoya.mehta4219@example.com,+91-79418-25537,2016-08-08,Other,"694, Park Avenue",London,England,United Kingdom,SW1A1AA,2023-09-22,Gold,false
C004220,Tara,Patel,tara.patel4220@example.com,+91-79009-23236,1981-02-02,female,"18, Station Road",London,England,United Kingdom,SW1A1AA,2023-01-02,Gold,1
C004221,Sanjay,Kapoor,sanjay.kapoor4221@example.com,+91-66063-10724,2017-07-06,Female,"608, Station Road",Hyderabad,Telangana,India,500001,2025-05-19,Bronze,true
C004222,Sanjay,Kumar,sanjay.kumar4222@example.com,+91-61461-50853,1985-05-13,F,"219, Lake Road",Hyderabad,Telangana,India,500001,2026-01-30,Bronze,false
C004223,Rohan,Kapoor,rohan.kapoor4223@example.com,+91-93472-50100,1992-07-18,female,"853, MG Road",Delhi,Delhi,India,110001,2024-12-02,Platinum,No
C004224,Ira,Shah,ira.shah4224@example.com,+91-77623-66383,2016-03-27,female,"863, Market Street",Seattle,Washington,United States,98101,2022-04-20,Gold,1
C004225,Vikram,Verma,vikram.verma4225@example.com,+91-83663-15658,1986-12-12,male,"976, Lake Road",Chennai,Tamil Nadu,India,600001,2026-04-04,Gold,Yes
C004226,Kabir,Kumar,kabir.kumar4226@example.com,+91-76142-87830,1995-09-27,F,"172, Hill View",Kolkata,West Bengal,India,700001,2025-06-08,Platinum,0
C004227,Kavya,Das,kavya.das4227@example.com,+91-83774-88451,2008-01-22,F,"102, Market Street",Delhi,Delhi,India,110001,2025-09-16,Silver,1
C004228,Aarav,Gupta,aarav.gupta4228@example.com,+91-71366-90937,2001-07-10,Female,"718, Lake Road",Pune,Maharashtra,India,411001,2022-06-16,Silver,true
C004229,Vikram,Gupta,vikram.gupta4229@example.com,+91-99022-87969,1996-07-24,O,"440, Park Avenue",Toronto,Ontario,Canada,M5H2N2,2024-09-12,Platinum,Yes
C004230,Akash,Jain,Akash.Jain.invalid,+91-75777-81541,1979-11-07,female,"796, Lake Road",Pune,Maharashtra,India,411001,2022-01-26,Silver,false
C004231,Neha,Jain,neha.jain4231@example.com,+91-63560-14344,1987-05-02,Female,"938, Market Street",Kochi,Kerala,India,682001,2024-04-09,Platinum,1
C004232,Nisha,Iyer,nisha.iyer4232@example.com,+91-63853-18908,1983-02-08,Male,"204, Station Road",Kolkata,West Bengal,India,700001,2024-10-30,Platinum,false
C004233,Riya,Mehta,riya.mehta4233@example.com,+91-96862-92324,1980-11-23,male,"60, Lake Road",Hyderabad,Telangana,India,500001,2023-09-06,Gold,No
C004234,Sneha,Jain,sneha.jain4234@example.com,+91-76143-14342,2011-10-22,F,"759, MG Road",Toronto,Ontario,Canada,M5H2N2,2024-02-17,Gold,true
C004235,Sanjay,Kumar,sanjay.kumar4235@example.com,+91-69673-15473,1981-12-11,female,"784, Park Avenue",Mumbai,Maharashtra,India,400001,2025-12-30,Platinum,true
C004236,Pooja,Joshi,pooja.joshi4236@example.com,+91-79795-55644,1999-08-02,female,"381, Park Avenue",Seattle,Washington,United States,98101,2022-11-28,Bronze,0
C004237,Dev,Pillai,dev.pillai4237@example.com,+91-61854-64478,2008-10-22,Female,"864, Park Avenue",Kochi,Kerala,India,682001,2025-03-20,Silver,false
C004238,Lakshmi,Kapoor,lakshmi.kapoor4238@example.com,+91-83630-33828,1992-10-29,O,"729, Hill View",London,England,United Kingdom,SW1A1AA,2022-05-19,Platinum,Y
C004239,Aditya,Nair,aditya.nair4239@example.com,+91-72033-42707,1978-04-27,M,"452, MG Road",London,England,United Kingdom,SW1A1AA,2023-04-14,VIP,N
C004240,Ira,Kumar,ira.kumar4240@example.com,+91-88391-81040,2018-09-01,Other,"457, Park Avenue",Kolkata,West Bengal,India,700001,2023-04-26,Gold,Y
C004241,Ishaan,Das,ishaan.das4241@example.com,+91-73576-10665,1983-11-01,M,"796, Market Street",Hyderabad,Telangana,India,500001,2025-09-29,Platinum,true
C004242,Lakshmi,Sharma,lakshmi.sharma4242@example.com,+91-66380-90387,2008-05-11,Female,"182, Lake Road",Austin,Texas,United States,78701,2025-12-15,Gold,Y
C004243,Lakshmi,Pillai,lakshmi.pillai4243@example.com,+91-81170-48905,2005-12-25,Female,"892, Hill View",Hyderabad,Telangana,India,500001,2026-05-03,Silver,No
C004244,Diya,Mehta,diya.mehta4244@example.com,+91-99255-18999,1987-04-21,O,"513, Hill View",London,England,United Kingdom,SW1A1AA,2025-05-03,Gold,true
C004245,Varun,Sharma,varun.sharma4245@example.com,+91-61566-60994,1996-06-01,Other,"409, Station Road",Seattle,Washington,United States,98101,2024-01-04,Platinum,Y
C004246,Sneha,Verma,sneha.verma4246@example.com,+91-86884-92622,1997-12-29,female,"780, Hill View",Austin,Texas,United States,78701,2022-06-17,Gold,false
C004247,Vikram,Verma,vikram.verma4247@example.com,+91-90253-55036,1990-03-20,M,"458, MG Road",Delhi,Delhi,India,110001,2026-06-13,Silver,Y
C004248,Aanya,Iyer,aanya.iyer4248@example.com,+91-81807-50118,1981-04-03,female,"447, Lake Road",Pune,Maharashtra,India,411001,2026-01-31,Bronze,N
C004249,Aarav,Das,aarav.das4249@example.com,+91-99359-39533,2014-07-08,M,"20, Park Avenue",Kolkata,West Bengal,India,700001,2022-03-31,Silver,0
C004250,Priya,Singh,priya.singh4250@example.com,+91-92094-35710,2013-03-22,M,"156, Station Road",Pune,Maharashtra,India,411001,2024-04-28,Gold,Y
C004251,Arjun,Kapoor,arjun.kapoor4251@example.com,+91-91742-45482,1991-09-11,F,"767, Market Street",Kochi,Kerala,India,682001,2025-07-08,Bronze,1
C004252,Varun,Iyer,varun.iyer4252@example.com,+91-82576-75701,1998-06-23,O,"561, Park Avenue",Pune,Maharashtra,India,411001,2022-02-24,Platinum,0
C004253,Sneha,Menon,sneha.menon4253@example.com,+91-88240-49964,2013-11-30,Female,"971, MG Road",Pune,Maharashtra,India,411001,2024-11-16,Bronze,Yes
C004254,Tara,Rao,tara.rao4254@example.com,+91-99288-30434,1978-06-11,F,"60, Hill View",Kochi,Kerala,India,682001,2024-09-21,Gold,false
C004255,Arjun,Chopra,arjun.chopra4255@example.com,+91-82235-32925,1984-12-18,F,"713, Hill View",Delhi,Delhi,India,110001,2026-01-11,Silver,1
C004256,Tara,Mehta,tara.mehta4256@example.com,+91-71140-91715,2011-12-22,Other,"146, Hill View",Mumbai,Maharashtra,India,400001,2025-08-07,Gold,1
C004257,Ishaan,Mehta,ishaan.mehta4257@example.com,+91-93620-24822,1984-10-21,female,"257, MG Road",Kochi,Kerala,India,682001,2025-11-16,Platinum,1
C004258,Aarav,Shah,aarav.shah4258@example.com,+91-95465-96255,1993-02-10,female,"210, Park Avenue",Hyderabad,Telangana,India,500001,2025-01-26,Bronze,N
C004259,Sneha,Nair,sneha.nair4259@example.com,+91-70015-30396,2009-05-02,F,"915, Station Road",Kochi,Kerala,India,682001,2023-07-13,Silver,No
C004260,Riya,Mehta,riya.mehta4260@example.com,+91-79863-23474,2017-08-23,Female,"157, Hill View",Toronto,Ontario,Canada,M5H2N2,2025-02-18,Bronze,No
C004261,Zoya,Mehta,zoya.mehta4261@example.com,+91-60978-23907,2005-05-08,F,"545, Hill View",Kochi,Kerala,India,682001,2022-12-24,Silver,No
C004262,Akash,Bose,akash.bose4262@example.com,+91-73292-58533,1999-06-19,Male,"569, Station Road",Austin,Texas,United States,78701,2023-04-30,Bronze,true
C004263,Aditya,Pillai,aditya.pillai4263@example.com,+91-88836-52428,2005-08-09,Male,"451, Park Avenue",Toronto,Ontario,Canada,M5H2N2,2025-05-04,Gold,1
C004264,Kabir,Shah,kabir.shah4264@example.com,+91-69942-26945,1981-04-27,female,"878, Lake Road",Mumbai,Maharashtra,India,400001,2024-12-07,Silver,Yes
C004265,Zoya,Gupta,zoya.gupta4265@example.com,+91-64621-39883,1982-01-03,Female,"276, Lake Road",Toronto,Ontario,Canada,M5H2N2,2025-04-06,Bronze,Y
C004266,Varun,Mehta,varun.mehta4266@example.com,+91-85488-31391,2005-01-11,male,"742, Lake Road",Delhi,Delhi,India,110001,31-02-2025,Platinum,0
C004267,Nisha,Pillai,nisha.pillai4267@example.com,+91-78245-88358,2006-03-17,female,"96, Station Road",Delhi,Delhi,India,110001,2025-09-06,Platinum,Yes
C004268,Maya,Joshi,maya.joshi4268@example.com,+91-86019-35492,1991-02-22,male,"189, Market Street",Toronto,Ontario,U.S.A.,M5H2N2,2022-12-02,Platinum,Yes
C004269,Rohan,Sharma,rohan.sharma4269@example.com,+91-65497-42117,1980-12-03,Other,"276, Market Street",Kolkata,West Bengal,India,700001,2024-08-04,Bronze,N
C004270,Zoya,Gupta,zoya.gupta4270@example.com,ABC123,2010-01-08,M,"386, Lake Road",Kolkata,West Bengal,India,700001,2024-04-17,Bronze,No
C004271,Aanya,Kumar,aanya.kumar4271@example.com,+91-89197-33008,2005-06-17,Other,"873, Hill View",Kolkata,West Bengal,India,700001,2024-04-09,Gold,No
C004272,Varun,Chopra,varun.chopra4272@example.com,+91-77449-56896,2009-01-07,female,"795, Station Road", PUNE ,Maharashtra,India,411001,2024-07-24,Silver,0
C004273,Aarav,Iyer,aarav.iyer4273@example.com,+91-95052-44823,1995-08-09,Female,"395, Lake Road",Kochi,Kerala,India,682001,2025-06-21,Platinum,true
C004274,Pooja,Reddy,pooja.reddy4274@example.com,+91-64174-95396,1993-11-30,M,"932, MG Road",Delhi,Delhi,India,110001,2022-02-07,Bronze,No
C004275,Pooja,Bose,pooja.bose4275@example.com,+91-95953-41182,1983-11-21,O,"44, Lake Road",Toronto,Ontario,Canada,M5H2N2,2025-03-21,Bronze,0
C004276,Zoya,Das,zoya.das4276@example.com,+91-83953-57832,1987-06-19,male,"154, Park Avenue",Chennai,Tamil Nadu,India,600001,2022-07-03,Platinum,Y
C004277,Varun,Joshi,Varun.Joshi.invalid,+91-94079-82636,1978-03-23,F,"644, Market Street",Kochi,Kerala,India,682001,2025-09-29,Platinum,Y
C004278,Priya,Patel,priya.patel4278@example.com,+91-76356-14549,2000-07-24,male,"82, Park Avenue",Delhi,Delhi,India,110001,2022-03-30,Gold,Y
C004279,Manoj,Iyer,manoj.iyer4279@example.com,+91-97456-43687,1991-09-13,Male,"424, Station Road",Hyderabad,Telangana,India,500001,2024-11-23,Bronze,false
C004280,Tara,Mehta,tara.mehta4280@example.com,+91-79712-58139,2000-11-16,O,"350, MG Road",Kochi,Kerala,India,682001,2025-03-03,Platinum,Yes
C004281,Ananya,Iyer,ananya.iyer4281@example.com,+91-64450-89853,2003-11-09,Female,"611, Hill View",Kolkata,West Bengal,India,700001,2025-04-24,Bronze,N
C004282,Aditya,Bose,aditya.bose4282@example.com,+91-88653-16114,1987-05-28,male,"500, Lake Road",Austin,Texas,United States,78701,2025-12-28,Bronze,true
C004283,Sneha,Pillai,sneha.pillai4283@example.com,+91-82191-39591,1984-10-05,male,"585, Station Road",Seattle,Washington,United States,98101,2024-09-13,Platinum,N
C004284,Diya,Menon,diya.menon4284@example.com,+91-85293-68398,2010-01-23,Female,"31, Park Avenue",Mumbai,Maharashtra,India,400001,2023-01-15,Silver,Yes
C004285,Dev,Kumar,dev.kumar4285@example.com,+91-62895-53838,1985-12-05,Female,"921, Market Street",Pune,Maharashtra,India,411001,2022-07-10,Platinum,Y
C004286,Kavya,Rao,kavya.rao4286@example.com,+91-63381-26279,1979-07-03,F,"453, Market Street",Hyderabad,Telangana,India,500001,2022-01-05,Gold,Yes
C004287,Zoya,Iyer,zoya.iyer4287@example.com,+91-68558-59131,2019-03-25,male,"498, MG Road",Austin,Texas,United States,78701,2025-10-30,Platinum,Yes
C004288,Akash,Kumar,akash.kumar4288@example.com,+91-78285-52980,1984-10-01,Other,"920, Market Street",Austin,Texas,United States,78701,2023-09-07,Gold,N
C004289,Sneha,Joshi,sneha.joshi4289@example.com,+91-69331-45522,2008-08-09,M,"864, Hill View",Toronto,Ontario,Canada,M5H2N2,2025-01-12,Gold,1
C004290,Riya,Das,riya.das4290@example.com,+91-99880-67664,2010-09-28,female,"914, Station Road",Delhi,Delhi,India,110001,2023-04-15,Silver,Yes
C004291,Aditya,Verma,aditya.verma4291@example.com,+91-81997-85322,2003-11-04,F,"512, MG Road",Mumbai,Maharashtra,India,400001,2023-04-08,Silver,0
C004292,Manoj,Mehta,manoj.mehta4292@example.com,+91-74028-23732,2009-06-18,F,"291, Station Road",Seattle,Washington,United States,98101,2025-07-21,Silver,Yes
C004293,Rohan,Nair,rohan.nair4293@example.com,+91-66564-94666,1987-07-03,Other,"364, Station Road",Bengaluru,Karnataka,India,560001,2022-04-01,Gold,Y
C004294,,Patel,nisha.patel4294@example.com,+91-69598-70049,1991-10-27,O,"794, Market Street",Seattle,Washington,United States,98101,2025-10-30,Silver,Yes
C004295,Diya,Gupta,diya.gupta4295@example.com,+91-68837-12727,1990-01-13,F,"198, Market Street",Bengaluru,Karnataka,India,560001,2022-05-06,Platinum,No
C004296,Ananya,Jain,ananya.jain4296@example.com,+91-92050-99802,1982-10-22,Male,"441, Hill View",Austin,Texas,United States,78701,2024-05-01,Platinum,N
C004297,Diya,Iyer,diya.iyer4297@example.com,+91-77523-76836,2018-05-01,female,"118, Station Road",Hyderabad,Telangana,India,500001,2024-12-30,Bronze,false
C004298,Sneha,Iyer,sneha.iyer4298@example.com,+91-97722-79054,2001-07-07,male,"552, Park Avenue",Kochi,Kerala,India,682001,2024-10-24,Gold,Yes
C004299,Aditya,Reddy,aditya.reddy4299@example.com,+91-63985-64806,1998-09-03,male,"968, Station Road",London,England,United Kingdom,SW1A1AA,2026-03-10,Gold,0
C004300,Kabir,Rao,kabir.rao4300@example.com,+91-76843-89453,1997-12-11,Other,"262, Market Street",Toronto,Ontario,Canada,M5H2N2,2024-05-27,Silver,N
C004301,Arjun,Singh,arjun.singh4301@example.com,+91-67590-46477,1991-08-10,Male,"820, Hill View",Bengaluru,Karnataka,India,560001,2024-02-26,Silver,Yes
C004302,Manoj,Jain,manoj.jain4302@example.com,+91-63367-77208,1983-10-15,Other,"585, Station Road",London,England,United Kingdom,SW1A1AA,2024-01-12,Bronze,false
C004303,Dev,Verma,dev.verma4303@example.com,+91-73237-39793,2013-04-23,male,"46, Lake Road",London,England,United Kingdom,SW1A1AA,2024-03-04,Silver,Y
C004304,Arjun,Pillai,arjun.pillai4304@example.com,+91-79113-76533,2011-03-12,M,"847, Station Road",Hyderabad,Telangana,India,500001,2022-09-21,Bronze,true
C004305,Maya,Nair,maya.nair4305@example.com,+91-63311-12902,1994-07-04,F,"824, Park Avenue",Kochi,Kerala,India,682001,2025-09-12,Gold,N
C004306,Riya,Pillai,riya.pillai4306@example.com,+91-94850-79112,1997-10-30,Female,"890, Park Avenue",Austin,Texas,United States,78701,2025-06-24,Silver,Y
C004307,Sneha,Bose,sneha.bose4307@example.com,+91-78769-86612,1980-02-26,F,"47, Park Avenue",Hyderabad,Telangana,India,500001,2022-04-11,Gold,true
C004308,Aarav,Patel,aarav.patel4308@example.com,+91-91928-74670,1983-11-07,O,"177, MG Road",Mumbai,Maharashtra,India,400001,2023-08-06,Silver,Yes
C004309,Zoya,Kumar,zoya.kumar4309@example.com,+91-98743-58406,2017-08-15,Other,"687, Station Road",Pune,Maharashtra,India,411001,2022-06-15,Silver,Yes
C004310,Vikram,Kumar,vikram.kumar4310@example.com,+91-75933-61226,1990-12-09,Other,"998, Market Street",Pune,Maharashtra,India,411001,2022-11-27,Bronze,No
C004311,Rahul,Rao,rahul.rao4311@example.com,+91-73533-50928,2003-10-14,F,"142, Park Avenue",Toronto,Ontario,Canada,M5H2N2,2024-12-07,Silver,true
C004312,Priya,Shah,priya.shah4312@example.com,+91-80639-49332,1983-10-03,male,"828, MG Road",Austin,Texas,United States,78701,2024-04-17,Gold,0
C004313,Kabir,Pillai,kabir.pillai4313@example.com,+91-63948-22831,1994-01-06,male,"591, Station Road",Pune,Maharashtra,India,411001,2022-01-16,Bronze,0
C004314,Ishaan,Chopra,ishaan.chopra4314@example.com,+91-89284-95945,2001-07-23,Female,"639, Station Road",Austin,Texas,United States,78701,2023-12-09,Silver,false
C004315,Ishaan,Reddy,ishaan.reddy4315@example.com,+91-70355-74499,1988-09-25,Other,"875, Hill View",Seattle,Washington,United States,98101,2022-10-13,Silver,N
C004316,Aarav,Chopra,aarav.chopra4316@example.com,+91-86021-20702,1997-08-19,Other,"794, Hill View",Hyderabad,Telangana,India,500001,2024-05-05,Silver,Yes
C004317,Rohan,Kapoor,rohan.kapoor4317@example.com,+91-73606-68982,1991-01-28,Other,"331, Park Avenue",Bengaluru,Karnataka,India,560001,2026-06-12,Bronze,Yes
C004318,Vikram,Rao,vikram.rao4318@example.com,+91-72858-81808,2001-03-09,Male,"141, Hill View",Hyderabad,Telangana,India,500001,2025-05-04,Silver,Yes
C004319,Kavya,Iyer,kavya.iyer4319@example.com,+91-81321-13196,2009-10-07,Male,"829, Market Street",Toronto,Ontario,Canada,M5H2N2,2023-06-12,Platinum,1
C004320,Akash,Shah,akash.shah4320@example.com,+91-64289-42283,1992-08-11,M,"537, MG Road",Austin,Texas,United States,78701,2022-04-04,Bronze,N
C004321,Aarav,Iyer,aarav.iyer4321@example.com,+91-87457-96565,1980-05-24,Other,"770, Market Street",Toronto,Ontario,Canada,M5H2N2,2023-03-01,Bronze,1
C004322,Akash,Rao,akash.rao4322@example.com,+91-71475-49168,1996-03-23,M,"249, Lake Road",London,England,United Kingdom,SW1A1AA,2024-12-28,Silver,1
C004323,Rahul,Gupta,rahul.gupta4323@example.com,+91-82797-50270,1998-11-25,male,"73, Park Avenue",Pune,Maharashtra,India,??,2025-02-18,Bronze,Yes
C004324,Neha,Joshi,Neha.Joshi.invalid,+91-70396-79721,2001-02-28,Male,"754, Station Road",Bengaluru,Karnataka,India,560001,2022-11-09,Silver,Y
BAD4325,Kavya,Sharma,kavya.sharma4325@example.com,+91-86729-47951,2011-03-18,O,"520, MG Road",Toronto,Ontario,Canada,M5H2N2,2025-02-02,Platinum,1
C004326,Riya,Sharma,riya.sharma4326@example.com,+91-85048-92184,1992-03-06,Male,"841, Lake Road",Hyderabad,Telangana,India,500001,2024-10-05,Gold,1
C004327,Riya,Gupta,riya.gupta4327@example.com,+91-95352-44599,2018-09-21,male,"283, MG Road",London,England,United Kingdom,SW1A1AA,2024-03-29,Silver,true
C004328,Riya,Joshi,riya.joshi4328@example.com,+91-92127-54375,2015-03-12,Male,"523, Station Road",Mumbai,Maharashtra,India,400001,2026-06-13,Bronze,Yes
C004329,Akash,Shah,akash.shah4329@example.com,+91-86011-90682,1999-10-16,F,"186, Market Street",Kolkata,West Bengal,India,700001,2024-02-05,Platinum,true
C004330,Tara,Kumar,tara.kumar4330@example.com,+91-90523-32581,2008-06-05,female,"636, Market Street",Austin,Texas,United States,78701,2022-11-15,Silver,No
C004331,Kabir,Reddy,kabir.reddy4331@example.com,ABC123,2011-06-15,O,"171, Hill View",Mumbai,Maharashtra,India,400001,2025-10-06,Gold,Yes
C004332,Aditya,Kumar,aditya.kumar4332@example.com,+91-72501-36700,2014-11-13,O,"972, Station Road",Mumbai,Maharashtra,India,400001,2026-03-22,Silver,true
C004333,Aanya,Patel,aanya.patel4333@example.com,+91-84627-82341,1983-08-30,female,"638, Lake Road",Chennai,Tamil Nadu,India,600001,2022-11-10,Silver,false
C004334,Nisha,Rao,nisha.rao4334@example.com,+91-84618-10541,2008-11-04,Female,"443, Station Road",Seattle,Washington,United States,98101,2023-11-02,Platinum,0
C004335,Meera,Bose,meera.bose4335@example.com,+91-64253-68608,1991-03-08,Male,"327, Park Avenue",Delhi,Delhi,India,110001,2023-11-15,Silver,1
C004336,Ishaan,Shah,ishaan.shah4336@example.com,+91-65676-51617,1991-04-07,M,"74, Lake Road",Seattle,Washington,United States,98101,2022-02-16,Bronze,true
C004337,Ishaan,Das,ishaan.das4337@example.com,+91-76492-98480,1988-11-11,M,"655, Park Avenue",Mumbai,Maharashtra,India,400001,2026-01-16,Gold,Y
C004338,Ishaan,Menon,ishaan.menon4338@example.com,+91-81963-50243,2010-02-18,Female,"57, Station Road",Bengaluru,Karnataka,India,560001,2024-04-05,Gold,N
C004339,Manoj,Bose,manoj.bose4339@example.com,+91-87279-78665,1983-04-14,O,"4, Station Road",Hyderabad,Telangana,India,500001,2022-05-25,Platinum,Y
C004340,Meera,Chopra,meera.chopra4340@example.com,+91-93817-47025,2006-10-11,female,"576, Lake Road",Hyderabad,Telangana,India,500001,2024-01-27,Gold,Yes
C004341,Aditya,Chopra,aditya.chopra4341@example.com,+91-93845-91211,1995-07-11,female,"29, Park Avenue",Hyderabad,Telangana,India,500001,2023-06-29,Platinum,false
C004342,Varun,Iyer,varun.iyer4342@example.com,+91-72998-98775,2003-11-19,O,"139, Hill View",Austin,Texas,United States,78701,2023-12-17,Silver,No
C004343,Kiran,Kumar,kiran.kumar4343@example.com,+91-71443-81792,1993-01-13,O,"235, MG Road",Mumbai,Maharashtra,India,400001,2023-06-11,Platinum,N
C004344,Ananya,Nair,ananya.nair4344@example.com,+91-99502-42510,2007-04-10,O,"394, Lake Road",Toronto,Ontario,Canada,M5H2N2,2024-11-02,Bronze,Y
C004345,Zoya,Jain,zoya.jain4345@example.com,+91-89762-65179,1982-08-02,Female,"536, Lake Road",Kolkata,West Bengal,India,700001,31-02-2025,Platinum,N
C004346,Pooja,Das,pooja.das4346@example.com,+91-89175-92630,1981-05-28,O,"114, MG Road",Kolkata,West Bengal,India,700001,2022-07-04,Gold,false
C004347,Dev,Patel,dev.patel4347@example.com,+91-91444-49822,1988-05-26,male,"856, Hill View",Pune,Maharashtra,India,411001,2023-05-08,Gold,true
C004348,Aditya,Nair,aditya.nair4348@example.com,+91-94470-31955,1980-08-14,M,"818, Station Road",Kochi,Kerala,India,682001,2025-05-01,Bronze,0
C004349,Pooja,Bose,pooja.bose4349@example.com,+91-90843-12971,1999-01-14,Female,"714, Lake Road",Bengaluru,Karnataka,India,560001,2023-01-07,Bronze,N
C004350,Nisha,Singh,nisha.singh4350@example.com,+91-76978-30627,1995-09-19,male,"233, Station Road",Kolkata,West Bengal,India,700001,2026-06-14,Gold,0
C004351,Tara,Iyer,tara.iyer4351@example.com,+91-72485-26622,2012-11-11,M,"789, Lake Road",Kolkata,West Bengal,India,700001,2022-09-30,Platinum,0
C004352,Dev,Bose,dev.bose4352@example.com,+91-79164-29327,2012-07-27,M,"867, Market Street",Seattle,Washington,United States,98101,2024-07-27,Silver,1
C004353,Kiran,Shah,kiran.shah4353@example.com,+91-63103-20351,2016-10-19,female,"481, MG Road",Hyderabad,Telangana,India,500001,2025-07-12,Gold,No
C004354,Kabir,Patel,kabir.patel4354@example.com,+91-98550-80399,1987-06-09,M,"710, Station Road",Kolkata,West Bengal,India,700001,2024-04-03,Platinum,Y
C004355,Dev,Das,dev.das4355@example.com,+91-62958-40530,1995-03-05,male,"911, Lake Road",Seattle,Washington,United States,98101,2023-06-12,Bronze,1
C004356,Ishaan,Shah,ishaan.shah4356@example.com,+91-98255-28712,1984-01-11,Other,"105, Park Avenue",Delhi,Delhi,India,110001,2024-10-13,Platinum,false
C004357,Varun,Reddy,varun.reddy4357@example.com,+91-67878-51721,1993-02-10,O,"855, Park Avenue",Kolkata,West Bengal,India,700001,2022-03-22,Platinum,false
C004358,Sneha,Iyer,sneha.iyer4358@example.com,+91-77196-37577,1987-11-12,female,"410, Hill View",Chennai,Tamil Nadu,India,600001,2026-05-31,Silver,true
C004359,Kavya,Chopra,kavya.chopra4359@example.com,+91-72798-16546,1983-11-15,O,"598, MG Road",Seattle,Washington,United States,98101,2024-01-09,Bronze,false
C004360,Zoya,Mehta,zoya.mehta4360@example.com,+91-68480-14660,2014-06-12,Other,"949, Hill View",Seattle,Washington,United States,98101,2022-03-17,Gold,No
C004361,Kavya,Menon,kavya.menon4361@example.com,+91-76209-38257,1986-12-18,female,"277, Hill View", SEATTLE ,Washington,United States,98101,2025-12-18,Silver,Y
C004362,Kavya,Gupta,kavya.gupta4362@example.com,+91-72279-73912,2007-05-27,O,"209, Market Street",Delhi,Delhi,India,110001,2022-09-11,Platinum,Y
C004363,Arjun,Nair,arjun.nair4363@example.com,+91-81002-34956,1992-07-15,Other,"98, Park Avenue",Bengaluru,Karnataka,India,560001,2023-11-17,Bronze,1
C004364,Aarav,Kapoor,aarav.kapoor4364@example.com,+91-73261-95981,1998-12-24,Female,"251, Hill View",Kolkata,West Bengal,India,700001,2025-09-14,Gold,Y
C004365,Aditya,Chopra,aditya.chopra4365@example.com,+91-95589-38847,1979-10-25,female,"245, Lake Road",Delhi,Delhi,U.S.A.,110001,2022-07-13,Platinum,N
C004366,Kavya,Joshi,kavya.joshi4366@example.com,+91-87182-53763,2011-07-03,Female,"987, Station Road",Toronto,Ontario,Canada,M5H2N2,2025-09-02,Silver,No
C004367,Ananya,Shah,ananya.shah4367@example.com,+91-97953-24204,1982-05-27,Male,"388, Park Avenue",Austin,Texas,United States,78701,2024-10-22,Gold,Y
C004368,Rahul,Pillai,rahul.pillai4368@example.com,+91-87816-47890,1991-05-16,female,"407, MG Road",Chennai,Tamil Nadu,India,600001,2024-06-01,Gold,N
C004369,Riya,Patel,riya.patel4369@example.com,+91-64425-82219,1986-10-27,Male,"757, Lake Road",Seattle,Washington,United States,98101,2025-10-20,Silver,Y
C004370,Meera,Gupta,meera.gupta4370@example.com,+91-88284-39418,1987-04-02,O,"592, Park Avenue",Hyderabad,Telangana,India,500001,2025-10-15,Platinum,0
C004371,Aarav,Menon,Aarav.Menon.invalid,+91-69216-76111,1983-07-19,male,"261, Lake Road",Pune,Maharashtra,India,411001,2023-03-16,Silver,true
C004372,Zoya,Joshi,zoya.joshi4372@example.com,+91-67428-23066,2000-07-08,Female,"206, MG Road",Kochi,Kerala,India,682001,2023-12-11,Platinum,Yes
C004373,Meera,Kumar,meera.kumar4373@example.com,+91-77918-41759,2017-03-03,Male,"329, Market Street",London,England,United Kingdom,SW1A1AA,2025-08-06,Gold,No
C004374,Ira,Kumar,ira.kumar4374@example.com,+91-72652-24059,1982-01-24,female,"532, MG Road",Kochi,Kerala,India,682001,2026-05-01,Bronze,Y
C004375,Tara,Singh,tara.singh4375@example.com,+91-92536-92550,2012-02-07,Female,"982, Market Street",Hyderabad,Telangana,India,500001,2024-11-01,Silver,false
C004376,Pooja,Das,pooja.das4376@example.com,+91-88137-86547,1991-03-15,Male,"890, Market Street",Bengaluru,Karnataka,India,560001,2024-05-18,Silver,Yes
C004377,Kabir,Pillai,kabir.pillai4377@example.com,+91-65550-57025,2005-08-04,male,"88, Hill View",Austin,Texas,United States,78701,2022-10-02,Bronze,true
C004378,Riya,Sharma,riya.sharma4378@example.com,+91-61866-51877,1994-12-15,M,"22, Station Road",London,England,United Kingdom,SW1A1AA,2023-06-08,Platinum,false
C004379,Neha,Iyer,neha.iyer4379@example.com,+91-99929-67239,1997-11-01,F,"131, Hill View",Seattle,Washington,United States,98101,2025-08-07,Silver,1
C004380,Nisha,Jain,nisha.jain4380@example.com,+91-94928-52099,2018-04-09,male,"703, Market Street",Pune,Maharashtra,India,411001,2023-11-27,Gold,0
C004381,Manoj,Iyer,manoj.iyer4381@example.com,+91-70529-42384,1995-05-01,female,"801, Station Road",Mumbai,Maharashtra,India,400001,2026-06-25,Platinum,true
C004382,Ira,Jain,ira.jain4382@example.com,+91-87850-13700,1994-12-19,Female,"99, Market Street",Chennai,Tamil Nadu,India,600001,2025-08-27,Bronze,0
C004383,Maya,Nair,maya.nair4383@example.com,+91-70836-66841,2015-01-14,male,"50, Station Road",Toronto,Ontario,Canada,M5H2N2,2023-09-03,Silver,N
C004384,Lakshmi,Mehta,lakshmi.mehta4384@example.com,+91-67800-65468,2010-06-16,F,"392, MG Road",Toronto,Ontario,Canada,M5H2N2,2023-11-25,Gold,false
C004385,Pooja,Iyer,pooja.iyer4385@example.com,+91-81276-28093,2005-09-05,female,"305, Market Street",Toronto,Ontario,Canada,M5H2N2,2023-10-13,Platinum,N
C004386,Neha,Kapoor,neha.kapoor4386@example.com,+91-77625-20368,2001-12-26,Male,"118, Lake Road",London,England,United Kingdom,SW1A1AA,2022-07-29,Bronze,0
C004387,Kavya,Reddy,kavya.reddy4387@example.com,+91-82598-25730,2002-03-07,F,"469, Hill View",Seattle,Washington,United States,98101,2022-09-11,Gold,Yes
C004388,Lakshmi,Kapoor,lakshmi.kapoor4388@example.com,+91-91166-68003,2009-09-09,male,"228, Market Street",Seattle,Washington,United States,98101,2025-11-12,Bronze,Yes
C004389,Aarav,Kapoor,aarav.kapoor4389@example.com,+91-81341-43950,2011-08-17,female,"942, Market Street",Kochi,Kerala,India,682001,2023-05-16,Silver,0
C004390,Pooja,Pillai,pooja.pillai4390@example.com,+91-69830-99355,1983-04-18,M,"603, Lake Road",Mumbai,Maharashtra,India,400001,2024-03-13,Silver,N
C004391,Aanya,Kumar,aanya.kumar4391@example.com,+91-99347-31242,2012-01-06,Male,"601, Park Avenue",Mumbai,Maharashtra,India,400001,2024-07-20,Silver,0
C004392,Dev,Kapoor,dev.kapoor4392@example.com,ABC123,1992-11-03,F,"878, Hill View",Austin,Texas,United States,78701,2022-04-14,Silver,1
C004393,Pooja,Bose,pooja.bose4393@example.com,+91-93411-61399,1997-12-07,M,"462, Lake Road",Kochi,Kerala,India,682001,2026-04-04,Gold,N
C004394,Akash,Das,akash.das4394@example.com,+91-60534-26640,1991-12-28,O,"643, Lake Road",Kolkata,West Bengal,India,700001,2025-10-12,Bronze,Y
C004395,Lakshmi,Joshi,lakshmi.joshi4395@example.com,+91-94147-38476,2018-06-24,M,"504, Park Avenue",London,England,United Kingdom,SW1A1AA,2026-04-16,Silver,N
C004396,Ira,Nair,ira.nair4396@example.com,+91-84326-66114,1978-01-17,Other,"377, MG Road",London,England,United Kingdom,SW1A1AA,2025-11-07,VIP,0
C004397,Tara,Menon,tara.menon4397@example.com,+91-75108-77960,1993-08-23,Female,"724, MG Road",Delhi,Delhi,India,110001,2022-02-21,Platinum,1
C004398,Maya,Rao,maya.rao4398@example.com,+91-98815-30055,1978-02-01,Other,"705, Station Road",Chennai,Tamil Nadu,India,600001,2023-06-17,Bronze,0
C004399,Priya,Verma,priya.verma4399@example.com,+91-99789-68360,1991-04-21,F,"756, Lake Road",Pune,Maharashtra,India,411001,2022-12-08,Platinum,1
C004400,Sanjay,Rao,sanjay.rao4400@example.com,+91-67540-76083,1985-05-26,F,"582, Lake Road",Mumbai,Maharashtra,India,400001,2024-10-20,Silver,1
C004401,Arjun,Patel,arjun.patel4401@example.com,+91-91174-19974,1991-05-14,Other,"431, MG Road",London,England,United Kingdom,SW1A1AA,2026-06-22,Platinum,Y
C004402,Ishaan,Pillai,ishaan.pillai4402@example.com,+91-99448-94718,2002-10-15,Male,"540, Park Avenue",Hyderabad,Telangana,India,500001,2023-02-19,Bronze,false
C004403,Ira,Singh,ira.singh4403@example.com,+91-69549-62293,1983-12-15,F,"155, Lake Road",Kolkata,West Bengal,India,700001,2026-02-19,Bronze,Y
C004404,Ananya,Bose,ananya.bose4404@example.com,+91-77556-27432,1996-05-08,O,"676, MG Road",Mumbai,Maharashtra,India,400001,2026-04-03,Platinum,true
C004405,Priya,Reddy,priya.reddy4405@example.com,+91-82646-24144,2006-08-08,male,"33, Park Avenue",Austin,Texas,United States,78701,2022-06-13,Gold,0
C004406,Manoj,Das,manoj.das4406@example.com,+91-90244-80777,2017-01-22,Other,"225, Hill View",Kolkata,West Bengal,India,700001,2022-10-06,Bronze,Yes
C004407,,Das,diya.das4407@example.com,+91-79788-88953,2016-12-20,female,"503, Station Road",Chennai,Tamil Nadu,India,600001,2024-09-21,Platinum,0
C004408,Kiran,Patel,kiran.patel4408@example.com,+91-89563-91229,1982-09-17,Other,"355, Station Road",Seattle,Washington,United States,98101,2024-08-25,Bronze,Y
C004409,Ishaan,Das,ishaan.das4409@example.com,+91-80803-35493,1995-04-27,Male,"912, Hill View",Hyderabad,Telangana,India,500001,2022-05-13,Bronze,No
C004410,Akash,Nair,akash.nair4410@example.com,+91-65996-21456,1982-11-27,male,"955, Park Avenue",Delhi,Delhi,India,110001,2026-04-24,Platinum,Y
C004411,Tara,Kumar,tara.kumar4411@example.com,+91-62803-55534,2012-06-19,O,"439, Lake Road",Kolkata,West Bengal,India,700001,2024-10-05,Bronze,Y
C004412,Ishaan,Joshi,ishaan.joshi4412@example.com,+91-83617-63136,2019-04-26,M,"197, Park Avenue",Hyderabad,Telangana,India,500001,2023-05-16,Bronze,No
C004413,Ananya,Singh,ananya.singh4413@example.com,+91-73641-77732,1985-10-18,Female,"810, Market Street",Chennai,Tamil Nadu,India,600001,2022-10-04,Gold,false
C004414,Kavya,Menon,kavya.menon4414@example.com,+91-87410-62395,2014-08-10,male,"756, Park Avenue",Toronto,Ontario,Canada,M5H2N2,2022-06-18,Silver,No
C004415,Aanya,Bose,aanya.bose4415@example.com,+91-88732-14675,2019-08-21,O,"472, Market Street",Seattle,Washington,United States,98101,2023-10-11,Gold,No
C004416,Varun,Rao,varun.rao4416@example.com,+91-62310-80661,1986-05-20,Other,"86, Hill View",London,England,United Kingdom,SW1A1AA,2025-06-10,Gold,Y
C004417,Pooja,Verma,pooja.verma4417@example.com,+91-68832-32718,2000-09-30,Female,"385, Hill View",London,England,United Kingdom,SW1A1AA,2025-09-25,Bronze,false
C004418,Rahul,Iyer,Rahul.Iyer.invalid,+91-86179-14143,1987-06-24,Male,"151, Station Road",Toronto,Ontario,Canada,M5H2N2,2024-06-16,Bronze,Yes
C004419,Meera,Gupta,meera.gupta4419@example.com,+91-95321-21468,2016-04-28,O,"734, Station Road",Austin,Texas,United States,78701,2023-01-11,Platinum,false
C004420,Ira,Singh,ira.singh4420@example.com,+91-73757-54405,2004-10-20,Female,"724, MG Road",Seattle,Washington,United States,98101,2024-03-24,Platinum,false
C004421,Vikram,Chopra,vikram.chopra4421@example.com,+91-92630-83520,1994-04-21,O,"634, Station Road",Chennai,Tamil Nadu,India,600001,2023-02-25,Silver,0
C004422,Arjun,Bose,arjun.bose4422@example.com,+91-60273-75461,1982-10-10,male,"578, Hill View",Pune,Maharashtra,India,411001,2024-06-19,Platinum,Y
C004423,Rohan,Rao,rohan.rao4423@example.com,+91-67875-29386,2019-03-27,Other,"352, Market Street",Kolkata,West Bengal,India,700001,2025-11-27,Bronze,No
C004424,Tara,Singh,tara.singh4424@example.com,+91-93601-93842,1988-08-16,Female,"323, Hill View",Toronto,Ontario,Canada,M5H2N2,31-02-2025,Platinum,1
C004425,Ira,Chopra,ira.chopra4425@example.com,+91-71735-70300,2005-05-30,male,"586, Hill View",Kolkata,West Bengal,India,700001,2022-07-27,Gold,Yes
C004426,Sneha,Mehta,sneha.mehta4426@example.com,+91-65333-77737,1993-12-10,O,"645, MG Road",Kochi,Kerala,India,682001,2024-03-18,Gold,No
C004427,Neha,Menon,neha.menon4427@example.com,+91-63775-22807,2004-02-12,Male,"645, Park Avenue",Delhi,Delhi,India,110001,2025-09-07,Platinum,Yes
C004428,Vikram,Kumar,vikram.kumar4428@example.com,+91-86481-21543,2019-09-10,female,"662, Market Street",Chennai,Tamil Nadu,India,600001,2025-03-19,Platinum,Y
C004429,Kabir,Gupta,kabir.gupta4429@example.com,+91-93761-66220,2015-06-15,F,"467, Market Street",Toronto,Ontario,Canada,M5H2N2,2025-01-26,Platinum,1
C004430,Nisha,Jain,nisha.jain4430@example.com,+91-83624-33711,1990-04-27,F,"51, Lake Road",Pune,Maharashtra,India,411001,2025-10-02,Platinum,N
C004431,Vikram,Menon,vikram.menon4431@example.com,+91-88023-79137,1993-10-02,M,"591, Station Road",Kochi,Kerala,India,682001,2023-03-11,Platinum,No
C004432,Neha,Joshi,neha.joshi4432@example.com,+91-86447-87879,2001-11-23,O,"472, Hill View",Austin,Texas,United States,78701,2023-06-22,Gold,false
C004433,Ira,Gupta,ira.gupta4433@example.com,+91-93283-92338,2016-07-28,O,"295, Lake Road",Kochi,Kerala,India,682001,2025-10-27,Silver,Yes
C004434,Rahul,Bose,rahul.bose4434@example.com,+91-80258-80173,2017-07-23,F,"381, Hill View",Kolkata,West Bengal,India,700001,2024-04-14,Platinum,Yes
C004435,Vikram,Rao,vikram.rao4435@example.com,+91-75332-25630,1990-02-12,Other,"292, Park Avenue",Delhi,Delhi,India,110001,2024-11-30,Gold,0
C004436,Ira,Pillai,ira.pillai4436@example.com,+91-62331-77637,1989-10-29,F,"662, Park Avenue",London,England,United Kingdom,SW1A1AA,2024-09-18,Silver,false
C004437,Riya,Sharma,riya.sharma4437@example.com,+91-74343-19720,2018-07-12,F,"706, Market Street",Austin,Texas,United States,78701,2024-08-16,Gold,1
C004438,Tara,Sharma,tara.sharma4438@example.com,+91-88151-33054,2019-06-24,female,"972, Park Avenue",Delhi,Delhi,India,110001,2024-11-04,Platinum,N
C004439,Aarav,Menon,aarav.menon4439@example.com,+91-65369-95387,1997-04-06,Female,"591, Lake Road",Seattle,Washington,United States,98101,2022-12-14,Gold,false
C004440,Priya,Das,priya.das4440@example.com,+91-71608-27600,1990-09-01,Other,"380, Lake Road",Toronto,Ontario,Canada,M5H2N2,2024-09-03,Silver,false
C004441,Ananya,Bose,ananya.bose4441@example.com,+91-95823-42499,2009-04-07,M,"719, MG Road",Mumbai,Maharashtra,India,400001,2023-01-20,Gold,N
C004442,Varun,Shah,varun.shah4442@example.com,+91-63363-26773,1983-07-17,O,"298, Lake Road",Pune,Maharashtra,India,411001,2022-09-01,Bronze,1
C004443,Tara,Verma,tara.verma4443@example.com,+91-67350-50705,1979-10-08,O,"679, MG Road",Mumbai,Maharashtra,India,400001,2026-04-09,Silver,Y
C004444,Lakshmi,Menon,lakshmi.menon4444@example.com,+91-63155-46564,1984-07-12,female,"46, Park Avenue",Pune,Maharashtra,India,411001,2024-07-01,Bronze,0
C004445,Riya,Patel,riya.patel4445@example.com,+91-62526-51603,1980-01-27,Male,"133, Station Road",Chennai,Tamil Nadu,India,600001,2023-08-20,Platinum,Y
C004446,Rahul,Shah,rahul.shah4446@example.com,+91-80492-42503,1981-05-30,F,"865, Hill View",Chennai,Tamil Nadu,India,600001,2023-04-07,Silver,true
C004447,Rohan,Mehta,rohan.mehta4447@example.com,+91-88485-90266,1992-01-14,F,"964, Station Road",London,England,United Kingdom,SW1A1AA,2024-08-28,Platinum,false
C004448,Kabir,Jain,kabir.jain4448@example.com,+91-81946-82428,1980-09-24,female,"581, Hill View",Seattle,Washington,United States,98101,2025-04-07,Platinum,1
C004449,Varun,Sharma,varun.sharma4449@example.com,+91-98273-64738,1988-11-19,M,"959, Hill View",Mumbai,Maharashtra,India,400001,2022-12-25,Bronze,Y
C004450,Diya,Nair,diya.nair4450@example.com,+91-92652-94229,1991-12-25,male,"806, Hill View", HYDERABAD ,Telangana,India,500001,2023-11-11,Platinum,true
C004451,Aarav,Verma,aarav.verma4451@example.com,+91-84851-94084,2004-08-06,F,"562, Hill View",London,England,United Kingdom,SW1A1AA,2024-09-18,Gold,Y
C004452,Zoya,Iyer,zoya.iyer4452@example.com,+91-72491-54178,2008-08-26,F,"787, Lake Road",Bengaluru,Karnataka,India,560001,2024-03-17,Gold,0
C004453,Rahul,Nair,rahul.nair4453@example.com,ABC123,2011-03-15,M,"350, MG Road",Toronto,Ontario,Canada,M5H2N2,2025-06-03,Bronze,true
C004454,Tara,Kumar,tara.kumar4454@example.com,+91-63180-61642,2017-05-28,O,"806, Market Street",Delhi,Delhi,India,??,2023-08-10,Bronze,1
C004455,Riya,Gupta,riya.gupta4455@example.com,+91-96112-94628,1992-08-02,female,"575, Market Street",Pune,Maharashtra,India,411001,2023-12-13,Bronze,N
C004456,Kabir,Das,kabir.das4456@example.com,+91-93086-60773,2005-03-11,male,"626, Hill View",Kochi,Kerala,India,682001,2022-06-22,Silver,Yes
C004457,Kiran,Sharma,kiran.sharma4457@example.com,+91-97366-11602,1988-11-25,Male,"409, MG Road",Chennai,Tamil Nadu,India,600001,2022-07-13,Silver,0
C004458,Nisha,Shah,nisha.shah4458@example.com,+91-67360-81627,2009-08-16,M,"993, Market Street",London,England,United Kingdom,SW1A1AA,2024-08-17,Gold,No
C004459,Maya,Kumar,maya.kumar4459@example.com,+91-81305-43857,2012-05-18,O,"728, Lake Road",Chennai,Tamil Nadu,India,600001,2026-04-18,Gold,0
C004460,Zoya,Das,zoya.das4460@example.com,+91-85152-58751,2007-10-29,female,"729, Hill View",London,England,United Kingdom,SW1A1AA,2022-03-12,Gold,N
C004461,Sanjay,Kumar,sanjay.kumar4461@example.com,+91-61537-66117,2014-03-28,Female,"856, Hill View",Seattle,Washington,United States,98101,2025-06-21,Platinum,Yes
C004462,Vikram,Mehta,vikram.mehta4462@example.com,+91-74919-72178,1985-09-11,female,"634, MG Road",Pune,Maharashtra,U.S.A.,411001,2024-05-10,Platinum,No
C004463,Aditya,Joshi,aditya.joshi4463@example.com,+91-73950-39076,1993-03-03,Male,"815, Park Avenue",Toronto,Ontario,Canada,M5H2N2,2026-01-05,Platinum,Y
C004464,Kiran,Gupta,kiran.gupta4464@example.com,+91-62699-44635,2002-02-22,male,"601, MG Road",Austin,Texas,United States,78701,2023-07-27,Platinum,true
C004465,Ishaan,Chopra,Ishaan.Chopra.invalid,+91-90264-27597,2005-06-12,male,"753, Market Street",Seattle,Washington,United States,98101,2025-06-19,Bronze,0
C004466,Rahul,Joshi,rahul.joshi4466@example.com,+91-76830-83348,2011-12-29,male,"582, Station Road",Delhi,Delhi,India,110001,2024-12-01,Platinum,N
C004467,Tara,Singh,tara.singh4467@example.com,+91-82164-97572,1985-10-30,female,"262, Park Avenue",Delhi,Delhi,India,110001,2023-06-16,Silver,true
C004468,Vikram,Rao,vikram.rao4468@example.com,+91-96812-29714,1978-07-20,F,"595, MG Road",Pune,Maharashtra,India,411001,2026-02-09,Gold,false
C004469,Lakshmi,Patel,lakshmi.patel4469@example.com,+91-62247-24438,1978-11-21,Female,"599, Market Street",Kochi,Kerala,India,682001,2023-08-15,Silver,N
C004470,Ira,Shah,ira.shah4470@example.com,+91-94722-92584,1983-11-12,O,"948, MG Road",Hyderabad,Telangana,India,500001,2022-08-15,Bronze,false
C004471,Manoj,Chopra,manoj.chopra4471@example.com,+91-99863-96679,1987-12-08,Other,"265, Market Street",Hyderabad,Telangana,India,500001,2022-07-20,Gold,N
C004472,Pooja,Joshi,pooja.joshi4472@example.com,+91-89875-58617,2000-03-07,Female,"291, Park Avenue",Hyderabad,Telangana,India,500001,2025-11-24,Silver,N
C004473,Aditya,Verma,aditya.verma4473@example.com,+91-77026-78188,2006-09-01,female,"28, Market Street",Kolkata,West Bengal,India,700001,2025-03-05,Bronze,true
C004474,Rohan,Nair,rohan.nair4474@example.com,+91-70561-60343,2010-08-20,Female,"59, Hill View",London,England,United Kingdom,SW1A1AA,2025-03-23,Gold,0
C004475,Sneha,Joshi,sneha.joshi4475@example.com,+91-95920-54533,1982-06-22,male,"595, MG Road",Mumbai,Maharashtra,India,400001,2025-04-03,Bronze,1
C004476,Pooja,Rao,pooja.rao4476@example.com,+91-80330-37828,1994-07-23,M,"437, Hill View",Austin,Texas,United States,78701,2024-09-26,Platinum,0
C004477,Kiran,Patel,kiran.patel4477@example.com,+91-77513-68553,1989-01-11,male,"187, Market Street",Hyderabad,Telangana,India,500001,2023-10-31,Platinum,1
C004478,Rohan,Verma,rohan.verma4478@example.com,+91-71481-12316,1988-01-05,F,"354, Hill View",Mumbai,Maharashtra,India,400001,2022-12-07,Bronze,false
C004479,Arjun,Singh,arjun.singh4479@example.com,+91-77676-65837,2015-11-08,Other,"996, Park Avenue",Kochi,Kerala,India,682001,2024-07-28,Silver,Y
C004480,Aditya,Reddy,aditya.reddy4480@example.com,+91-95601-10504,2012-10-21,M,"302, Station Road",Austin,Texas,United States,78701,2026-04-03,Bronze,Y
C004481,Kabir,Singh,kabir.singh4481@example.com,+91-63548-38460,1990-02-11,female,"710, Lake Road",Seattle,Washington,United States,98101,2022-05-15,Platinum,No
C004482,Zoya,Patel,zoya.patel4482@example.com,+91-74979-48948,1986-03-18,Other,"172, Park Avenue",Seattle,Washington,United States,98101,2023-06-05,Gold,1
C004483,Diya,Menon,diya.menon4483@example.com,+91-80678-54528,2014-08-17,Other,"157, Park Avenue",Bengaluru,Karnataka,India,560001,2024-01-07,Silver,Y
C004484,Kavya,Kumar,kavya.kumar4484@example.com,+91-60552-91608,2006-07-02,Female,"872, Market Street",Mumbai,Maharashtra,India,400001,2022-06-11,Bronze,No
C004485,Nisha,Patel,nisha.patel4485@example.com,+91-99069-29800,2007-02-26,female,"234, Park Avenue",London,England,United Kingdom,SW1A1AA,2022-04-12,Bronze,0
C004486,Kiran,Reddy,kiran.reddy4486@example.com,+91-94172-83143,2000-11-27,O,"863, Hill View",Seattle,Washington,United States,98101,2023-05-14,Bronze,1
C004487,Aditya,Menon,aditya.menon4487@example.com,+91-93473-68069,2019-01-07,O,"606, Park Avenue",Austin,Texas,United States,78701,2023-10-02,Platinum,true
C004488,Nisha,Singh,nisha.singh4488@example.com,+91-64200-45276,2003-11-01,O,"328, Hill View",Hyderabad,Telangana,India,500001,2023-09-23,Gold,No
C004489,Meera,Nair,meera.nair4489@example.com,+91-73887-51112,1999-10-27,Male,"210, Hill View",Hyderabad,Telangana,India,500001,2022-10-23,Gold,N
C004490,Aarav,Chopra,aarav.chopra4490@example.com,+91-92637-78312,1991-12-24,male,"799, Hill View",Delhi,Delhi,India,110001,2025-09-05,Silver,Y
C004491,Maya,Shah,maya.shah4491@example.com,+91-98467-47702,1985-05-20,Other,"710, Hill View",Pune,Maharashtra,India,411001,2024-10-08,Bronze,false
C004492,Rohan,Iyer,rohan.iyer4492@example.com,+91-66963-79642,1978-07-25,Other,"355, Hill View",Kolkata,West Bengal,India,700001,2022-07-06,Bronze,Yes
C004493,Sanjay,Shah,sanjay.shah4493@example.com,+91-86840-99601,2014-06-23,Male,"857, Market Street",Mumbai,Maharashtra,India,400001,2022-04-20,Bronze,Y
C004494,Manoj,Patel,manoj.patel4494@example.com,+91-67597-44567,1978-03-23,M,"790, Hill View",Kochi,Kerala,India,682001,2022-07-21,Gold,N
C004495,Varun,Nair,varun.nair4495@example.com,+91-84055-84051,2000-01-09,female,"584, Market Street",Hyderabad,Telangana,India,500001,2025-05-17,Platinum,true
C004496,Maya,Shah,maya.shah4496@example.com,+91-72604-83468,2002-04-01,F,"199, Lake Road",Delhi,Delhi,India,110001,2024-04-13,Gold,Yes
C004497,Ananya,Nair,ananya.nair4497@example.com,+91-77181-13989,2017-09-22,Male,"139, Station Road",Mumbai,Maharashtra,India,400001,2025-01-17,Platinum,1
BAD4498,Kabir,Reddy,kabir.reddy4498@example.com,+91-61653-42468,1996-07-29,F,"604, Lake Road",Chennai,Tamil Nadu,India,600001,2024-09-06,Silver,No
C004499,Varun,Kapoor,varun.kapoor4499@example.com,+91-64600-32943,2017-07-07,Female,"705, Lake Road",Chennai,Tamil Nadu,India,600001,2023-05-06,Gold,0
C004500,Manoj,Menon,manoj.menon4500@example.com,+91-84119-56606,2011-03-05,female,"335, Hill View",Austin,Texas,United States,78701,2025-08-23,Bronze,1
C004501,Ananya,Iyer,ananya.iyer4501@example.com,+91-83194-68053,1980-04-30,F,"872, Lake Road",Kochi,Kerala,India,682001,2022-06-15,Platinum,N
C004502,Riya,Mehta,riya.mehta4502@example.com,+91-61222-25115,2015-11-30,female,"475, Hill View",Hyderabad,Telangana,India,500001,2022-02-24,Gold,Yes
C004503,Priya,Joshi,priya.joshi4503@example.com,+91-92012-90744,1992-11-11,Other,"696, Lake Road",Seattle,Washington,United States,98101,31-02-2025,Platinum,Yes
C004504,Dev,Pillai,dev.pillai4504@example.com,+91-63678-21454,2002-08-24,Other,"678, Station Road",Seattle,Washington,United States,98101,2022-10-05,Bronze,Y
C004505,Kabir,Joshi,kabir.joshi4505@example.com,+91-83247-31106,2010-09-12,male,"280, Park Avenue",Austin,Texas,United States,78701,2025-09-13,Platinum,Y
C004506,Meera,Kumar,meera.kumar4506@example.com,+91-89717-72440,1984-06-23,male,"202, Lake Road",Pune,Maharashtra,India,411001,2024-07-29,Platinum,No
C004507,Manoj,Kapoor,manoj.kapoor4507@example.com,+91-90127-60281,1998-10-13,male,"890, Station Road",Hyderabad,Telangana,India,500001,2025-07-27,Platinum,false
C004508,Lakshmi,Chopra,lakshmi.chopra4508@example.com,+91-75888-40859,2013-09-12,Other,"976, Hill View",Toronto,Ontario,Canada,M5H2N2,2023-11-24,Bronze,Yes
C004509,Kiran,Bose,kiran.bose4509@example.com,+91-63179-41151,1994-11-02,Male,"832, Park Avenue",Hyderabad,Telangana,India,500001,2022-02-04,Platinum,false
C004510,Ishaan,Chopra,ishaan.chopra4510@example.com,+91-87516-49737,1989-07-05,O,"423, Park Avenue",Kochi,Kerala,India,682001,2026-03-01,Gold,No
C004511,Arjun,Menon,arjun.menon4511@example.com,+91-73234-90261,2017-04-10,male,"462, Station Road",Mumbai,Maharashtra,India,400001,2023-08-12,Silver,No
C004512,Ira,Kapoor,Ira.Kapoor.invalid,+91-77534-41024,1980-01-17,F,"589, Market Street",Kolkata,West Bengal,India,700001,2023-11-22,Silver,1
C004513,Aditya,Das,aditya.das4513@example.com,+91-62199-68117,2009-03-21,female,"587, Market Street",Toronto,Ontario,Canada,M5H2N2,2025-11-30,Platinum,No
C004514,Ishaan,Mehta,ishaan.mehta4514@example.com,ABC123,2003-03-13,Male,"650, Station Road",Seattle,Washington,United States,98101,2025-03-14,Gold,N
C004515,Rahul,Singh,rahul.singh4515@example.com,+91-79104-93651,1992-03-10,F,"427, Hill View",Pune,Maharashtra,India,411001,2022-10-08,Platinum,Y
C004516,Rahul,Patel,rahul.patel4516@example.com,+91-73969-14337,1978-09-05,M,"96, Park Avenue",Chennai,Tamil Nadu,India,600001,2025-10-10,Silver,0
C004517,Pooja,Joshi,pooja.joshi4517@example.com,+91-92624-23793,2016-05-25,Male,"618, Park Avenue",Austin,Texas,United States,78701,2023-07-05,Bronze,false
C004518,Rohan,Menon,rohan.menon4518@example.com,+91-64476-54319,1979-07-20,F,"931, Station Road",Kolkata,West Bengal,India,700001,2026-02-27,Gold,N
C004519,Vikram,Bose,vikram.bose4519@example.com,+91-84010-93687,1985-10-31,M,"146, Station Road",Toronto,Ontario,Canada,M5H2N2,2023-07-17,Bronze,false
C004520,,Nair,rahul.nair4520@example.com,+91-87397-66309,1982-07-11,female,"312, Station Road",Mumbai,Maharashtra,India,400001,2023-03-19,Platinum,1
C004521,Kavya,Singh,kavya.singh4521@example.com,+91-98238-96059,1995-11-25,male,"38, MG Road",Pune,Maharashtra,India,411001,2022-07-25,Silver,0
C004522,Vikram,Rao,vikram.rao4522@example.com,+91-65092-84171,1987-09-13,O,"529, Station Road",Seattle,Washington,United States,98101,2023-10-02,Gold,0
C004523,Maya,Bose,maya.bose4523@example.com,+91-94002-28080,1993-10-04,O,"529, Park Avenue",Pune,Maharashtra,India,411001,2025-09-21,Platinum,false
C004524,Kavya,Shah,kavya.shah4524@example.com,+91-71916-74143,2001-10-26,Male,"818, Market Street",Mumbai,Maharashtra,India,400001,2024-10-06,Platinum,N
C004525,Tara,Reddy,tara.reddy4525@example.com,+91-83718-28925,2015-08-24,female,"799, Park Avenue",Seattle,Washington,United States,98101,2026-01-27,Gold,1
C004526,Vikram,Jain,vikram.jain4526@example.com,+91-88493-95916,2013-05-09,O,"416, MG Road",Chennai,Tamil Nadu,India,600001,2026-02-19,Gold,Y
C004527,Tara,Shah,tara.shah4527@example.com,+91-77270-29145,2017-11-21,Male,"159, MG Road",Seattle,Washington,United States,98101,2022-11-14,Silver,false
C004528,Aarav,Kapoor,aarav.kapoor4528@example.com,+91-60841-54505,2006-04-06,O,"582, Station Road",Toronto,Ontario,Canada,M5H2N2,2025-09-05,Platinum,Yes
C004529,Meera,Kapoor,meera.kapoor4529@example.com,+91-98138-32869,1996-07-31,Female,"971, Lake Road",Austin,Texas,United States,78701,2022-07-02,Platinum,Yes
C004530,Ira,Sharma,ira.sharma4530@example.com,+91-92930-78999,2013-12-26,female,"668, Station Road",Chennai,Tamil Nadu,India,600001,2024-10-17,Silver,0
C004531,Kiran,Gupta,kiran.gupta4531@example.com,+91-96108-58237,2006-07-19,male,"252, Market Street",Kolkata,West Bengal,India,700001,2022-08-13,Gold,true
C004532,Neha,Chopra,neha.chopra4532@example.com,+91-68757-12602,2017-06-23,Female,"137, Station Road",Delhi,Delhi,India,110001,2025-05-07,Bronze,Y
C004533,Akash,Mehta,akash.mehta4533@example.com,+91-98324-38703,1983-10-15,Male,"505, Lake Road",Delhi,Delhi,India,110001,2025-10-03,Gold,No
C004534,Aanya,Bose,aanya.bose4534@example.com,+91-92293-18948,1988-01-19,Male,"390, Park Avenue",Bengaluru,Karnataka,India,560001,2023-05-30,Gold,false
C004535,Arjun,Kumar,arjun.kumar4535@example.com,+91-75578-46878,2007-06-12,Other,"464, MG Road",Toronto,Ontario,Canada,M5H2N2,2024-11-12,Platinum,1
C004536,Sanjay,Kapoor,sanjay.kapoor4536@example.com,+91-91539-25930,2004-08-01,O,"649, Hill View",Seattle,Washington,United States,98101,2022-12-08,Platinum,N
C004537,Ishaan,Das,ishaan.das4537@example.com,+91-91069-65691,1983-12-30,F,"724, MG Road",Austin,Texas,United States,78701,2022-07-12,Platinum,Yes
C004538,Kabir,Iyer,kabir.iyer4538@example.com,+91-91208-35796,2000-01-31,male,"863, Market Street",London,England,United Kingdom,SW1A1AA,2022-03-17,Bronze,N
C004539,Akash,Nair,akash.nair4539@example.com,+91-62273-24782,2007-05-06,F,"860, Hill View", BENGALURU ,Karnataka,India,560001,2026-03-12,Bronze,0
C004540,Rohan,Kapoor,rohan.kapoor4540@example.com,+91-85110-69819,1993-08-30,O,"302, Market Street",London,England,United Kingdom,SW1A1AA,2022-07-08,Platinum,N
C004541,Varun,Chopra,varun.chopra4541@example.com,+91-77517-71901,2017-11-07,Female,"630, Hill View",Kolkata,West Bengal,India,700001,2022-05-29,Silver,0
C004542,Kabir,Das,kabir.das4542@example.com,+91-72279-85344,2007-06-22,male,"359, Hill View",Seattle,Washington,United States,98101,2022-03-18,Bronze,1
C004543,Sanjay,Chopra,sanjay.chopra4543@example.com,+91-81378-47676,2006-09-25,Other,"187, MG Road",Pune,Maharashtra,India,411001,2022-04-30,Gold,No
C004544,Kavya,Shah,kavya.shah4544@example.com,+91-99713-34687,1990-07-23,Male,"623, MG Road",Kochi,Kerala,India,682001,2024-12-31,Bronze,0
C004545,Arjun,Mehta,arjun.mehta4545@example.com,+91-68557-31513,2015-11-06,Female,"174, Market Street",London,England,United Kingdom,SW1A1AA,2023-10-10,Bronze,false
C004546,Arjun,Kumar,arjun.kumar4546@example.com,+91-97246-67717,1989-03-20,F,"304, MG Road",Kolkata,West Bengal,India,700001,2024-10-24,Platinum,0
C004547,Sneha,Joshi,sneha.joshi4547@example.com,+91-68757-64229,1996-10-01,Male,"210, MG Road",Mumbai,Maharashtra,India,400001,2024-02-20,Platinum,1
C004548,Manoj,Sharma,manoj.sharma4548@example.com,+91-92027-61603,2016-12-27,Male,"459, Hill View",Delhi,Delhi,India,110001,2023-06-28,Platinum,Y
C004549,Zoya,Shah,zoya.shah4549@example.com,+91-68905-55590,1999-06-09,M,"173, MG Road",Kolkata,West Bengal,India,700001,2024-01-28,Gold,true
C004550,Meera,Sharma,meera.sharma4550@example.com,+91-97339-91246,1985-08-14,Female,"815, MG Road",Seattle,Washington,United States,98101,2023-11-17,Silver,Yes
C004551,Diya,Iyer,diya.iyer4551@example.com,+91-63883-63085,2006-02-04,male,"289, Lake Road",Toronto,Ontario,Canada,M5H2N2,2023-06-25,Silver,1
C004552,Dev,Mehta,dev.mehta4552@example.com,+91-66115-55099,1986-09-24,M,"94, Market Street",Toronto,Ontario,Canada,M5H2N2,2024-11-02,Silver,Yes
C004553,Varun,Das,varun.das4553@example.com,+91-74493-28603,1986-07-24,M,"511, Lake Road",Austin,Texas,United States,78701,2022-10-14,VIP,Yes
C004554,Kiran,Mehta,kiran.mehta4554@example.com,+91-79716-32278,1993-08-07,female,"797, Station Road",Toronto,Ontario,Canada,M5H2N2,2023-11-21,Platinum,No
C004555,Nisha,Menon,nisha.menon4555@example.com,+91-89871-62851,2018-07-04,F,"117, Hill View",Pune,Maharashtra,India,411001,2025-03-26,Bronze,Y
C004556,Neha,Sharma,neha.sharma4556@example.com,+91-85536-54379,2015-05-28,M,"497, Hill View",Toronto,Ontario,Canada,M5H2N2,2023-12-04,Gold,No
C004557,Arjun,Kapoor,arjun.kapoor4557@example.com,+91-83787-48492,1985-04-08,O,"131, Park Avenue",Pune,Maharashtra,India,411001,2026-02-23,Bronze,1
C004558,Ira,Bose,ira.bose4558@example.com,+91-80324-55926,2004-06-02,female,"54, MG Road",Pune,Maharashtra,India,411001,2023-04-01,Bronze,0
C004559,Pooja,Singh,Pooja.Singh.invalid,+91-99459-18186,2005-12-18,male,"204, Station Road",Seattle,Washington,U.S.A.,98101,2024-04-12,Gold,1
C004560,Ananya,Sharma,ananya.sharma4560@example.com,+91-77644-39831,2019-07-08,O,"240, Park Avenue",Seattle,Washington,United States,98101,2025-09-26,Platinum,No
C004561,Zoya,Rao,zoya.rao4561@example.com,+91-76899-38732,1978-10-16,male,"239, Station Road",Pune,Maharashtra,India,411001,2023-08-03,Platinum,No
C004562,Sanjay,Mehta,sanjay.mehta4562@example.com,+91-73949-74181,2004-08-09,O,"645, MG Road",London,England,United Kingdom,SW1A1AA,2024-06-29,Platinum,N
C004563,Kiran,Kapoor,kiran.kapoor4563@example.com,+91-76623-58603,2013-01-26,Male,"209, Market Street",Mumbai,Maharashtra,India,400001,2025-04-05,Bronze,Yes
C004564,Tara,Singh,tara.singh4564@example.com,+91-96074-46864,1999-04-21,Other,"142, Park Avenue",Chennai,Tamil Nadu,India,600001,2025-10-08,Silver,Y
C004565,Sanjay,Joshi,sanjay.joshi4565@example.com,+91-70216-66787,2005-10-15,Other,"610, Hill View",Chennai,Tamil Nadu,India,600001,2023-06-26,Platinum,Yes
C004566,Rahul,Jain,rahul.jain4566@example.com,+91-93890-41026,1998-02-03,O,"988, MG Road",London,England,United Kingdom,SW1A1AA,2025-10-30,Gold,Yes
C004567,Zoya,Joshi,zoya.joshi4567@example.com,+91-88440-80106,1992-04-05,M,"728, MG Road",Kochi,Kerala,India,682001,2026-03-29,Bronze,No
C004568,Akash,Joshi,akash.joshi4568@example.com,+91-66615-20220,1996-02-06,M,"527, Lake Road",Pune,Maharashtra,India,411001,2026-05-13,Silver,No
C004569,Aditya,Chopra,aditya.chopra4569@example.com,+91-82463-54787,1981-03-06,female,"332, Hill View",Delhi,Delhi,India,110001,2026-04-01,Gold,true
C004570,Arjun,Chopra,arjun.chopra4570@example.com,+91-75753-47953,2007-06-24,F,"89, Lake Road",Kochi,Kerala,India,682001,2026-03-29,Platinum,No
C004571,Riya,Das,riya.das4571@example.com,+91-70522-38247,2011-09-14,M,"721, Hill View",Austin,Texas,United States,78701,2025-01-30,Silver,false
C004572,Maya,Pillai,maya.pillai4572@example.com,+91-86893-92403,2019-01-04,Female,"799, Market Street",Seattle,Washington,United States,98101,2023-07-02,Bronze,true
C004573,Tara,Kumar,tara.kumar4573@example.com,+91-62894-38480,2001-10-05,male,"930, Market Street",Toronto,Ontario,Canada,M5H2N2,2025-07-30,Bronze,true
C004574,Sanjay,Joshi,sanjay.joshi4574@example.com,+91-61565-97234,1990-11-07,F,"981, Park Avenue",Chennai,Tamil Nadu,India,600001,2025-10-26,Gold,Yes
C004575,Neha,Das,neha.das4575@example.com,ABC123,1987-10-21,Female,"512, Station Road",Bengaluru,Karnataka,India,560001,2023-07-20,Silver,N
C004576,Meera,Rao,meera.rao4576@example.com,+91-83113-21922,1980-11-08,Male,"478, Station Road",London,England,United Kingdom,SW1A1AA,2022-01-14,Silver,true
C004577,Vikram,Singh,vikram.singh4577@example.com,+91-66979-86021,1987-01-15,M,"941, Hill View",Austin,Texas,United States,78701,2022-03-04,Silver,true
C004578,Ishaan,Bose,ishaan.bose4578@example.com,+91-78360-42604,2014-01-01,Female,"283, Hill View",Delhi,Delhi,India,110001,2023-03-02,Platinum,1
C004579,Nisha,Das,nisha.das4579@example.com,+91-74100-43272,2007-06-08,Female,"451, Market Street",Chennai,Tamil Nadu,India,600001,2025-04-26,Platinum,true
C004580,Aanya,Bose,aanya.bose4580@example.com,+91-78360-13651,2009-02-07,Female,"362, Park Avenue",Austin,Texas,United States,78701,2024-02-19,Gold,Yes
C004581,Dev,Bose,dev.bose4581@example.com,+91-99857-13124,1981-06-19,M,"369, MG Road",Chennai,Tamil Nadu,India,600001,2022-08-10,Gold,0
C004582,Aarav,Mehta,aarav.mehta4582@example.com,+91-82469-69745,1994-05-01,M,"901, MG Road",Pune,Maharashtra,India,411001,31-02-2025,Bronze,No
C004583,Diya,Rao,diya.rao4583@example.com,+91-94869-76900,1983-10-09,female,"183, Lake Road",Mumbai,Maharashtra,India,400001,2023-01-06,Gold,N
C004584,Tara,Kumar,tara.kumar4584@example.com,+91-80932-59512,2008-10-25,Male,"859, Market Street",Toronto,Ontario,Canada,M5H2N2,2025-05-04,Platinum,Y
C004585,Ananya,Menon,ananya.menon4585@example.com,+91-92980-78071,2005-10-10,female,"723, Station Road",Austin,Texas,United States,??,2023-10-22,Bronze,false
C004586,Pooja,Singh,pooja.singh4586@example.com,+91-86102-54587,1978-10-28,Female,"459, MG Road",Toronto,Ontario,Canada,M5H2N2,2024-10-26,Platinum,No
C004587,Lakshmi,Patel,lakshmi.patel4587@example.com,+91-88977-89163,1994-11-11,F,"724, Market Street",Hyderabad,Telangana,India,500001,2025-10-17,Gold,false
C004588,Kavya,Pillai,kavya.pillai4588@example.com,+91-63617-26599,2006-02-06,male,"793, Park Avenue",Kolkata,West Bengal,India,700001,2023-12-17,Bronze,N
C004589,Varun,Nair,varun.nair4589@example.com,+91-85740-79472,1996-06-18,Other,"987, Market Street",Chennai,Tamil Nadu,India,600001,2024-07-21,Silver,No
C004590,Arjun,Sharma,arjun.sharma4590@example.com,+91-64634-12974,2003-08-01,female,"419, Lake Road",London,England,United Kingdom,SW1A1AA,2024-08-04,Gold,false
C004591,Lakshmi,Gupta,lakshmi.gupta4591@example.com,+91-84206-15304,2009-01-06,O,"42, Park Avenue",Bengaluru,Karnataka,India,560001,2022-11-17,Platinum,Y
C004592,Aarav,Gupta,aarav.gupta4592@example.com,+91-69076-87159,2006-05-25,male,"377, Lake Road",Austin,Texas,United States,78701,2026-03-06,Gold,1
C004593,Sanjay,Menon,sanjay.menon4593@example.com,+91-60896-91097,1989-01-02,O,"968, Hill View",Seattle,Washington,United States,98101,2025-05-30,Gold,Y
C004594,Rahul,Singh,rahul.singh4594@example.com,+91-75036-80101,1999-10-12,F,"189, Hill View",Hyderabad,Telangana,India,500001,2026-01-10,Gold,Yes
C004595,Ananya,Bose,ananya.bose4595@example.com,+91-71889-22130,2002-02-25,Female,"9, Station Road",Pune,Maharashtra,India,411001,2023-09-03,Gold,0
C004596,Pooja,Shah,pooja.shah4596@example.com,+91-85948-35353,2010-06-13,female,"868, Park Avenue",Kochi,Kerala,India,682001,2026-02-21,Silver,Yes
C004597,Aanya,Sharma,aanya.sharma4597@example.com,+91-70296-17437,1983-08-13,F,"464, Station Road",Austin,Texas,United States,78701,2023-01-17,Platinum,No
C004598,Meera,Das,meera.das4598@example.com,+91-70540-32760,1991-01-14,F,"615, Park Avenue",Chennai,Tamil Nadu,India,600001,2022-08-19,Gold,1
C004599,Meera,Kapoor,meera.kapoor4599@example.com,+91-73271-35120,2005-07-19,Female,"38, Lake Road",Kolkata,West Bengal,India,700001,2023-12-16,Bronze,Y
C004600,Rahul,Mehta,rahul.mehta4600@example.com,+91-61055-91176,2017-12-06,male,"68, Park Avenue",Kochi,Kerala,India,682001,2024-04-14,Platinum,false
C004601,Riya,Patel,riya.patel4601@example.com,+91-74007-64991,2019-05-11,Female,"781, Station Road",Toronto,Ontario,Canada,M5H2N2,2025-12-30,Platinum,N
C004602,Vikram,Das,vikram.das4602@example.com,+91-98092-41442,1991-11-13,Male,"405, Market Street",London,England,United Kingdom,SW1A1AA,2025-12-18,Platinum,true
C004603,Kavya,Iyer,kavya.iyer4603@example.com,+91-70358-84116,2019-06-07,Female,"970, Lake Road",Kolkata,West Bengal,India,700001,2023-09-08,Bronze,true
C004604,Aditya,Iyer,aditya.iyer4604@example.com,+91-79730-57560,1999-10-21,O,"396, Lake Road",Mumbai,Maharashtra,India,400001,2024-09-23,Platinum,N
C004605,Ananya,Pillai,ananya.pillai4605@example.com,+91-93640-92249,2000-07-19,male,"304, Market Street",Austin,Texas,United States,78701,2022-12-01,Platinum,false
C004606,Sanjay,Joshi,Sanjay.Joshi.invalid,+91-72925-53321,1985-03-11,Other,"526, Park Avenue",Chennai,Tamil Nadu,India,600001,2025-07-13,Bronze,0
C004607,Pooja,Kumar,pooja.kumar4607@example.com,+91-95191-32468,2011-04-28,F,"742, MG Road",Delhi,Delhi,India,110001,2025-11-07,Gold,No
C004608,Riya,Kapoor,riya.kapoor4608@example.com,+91-95836-11687,1984-12-29,female,"477, MG Road",Mumbai,Maharashtra,India,400001,2023-01-19,Gold,false
C004609,Varun,Patel,varun.patel4609@example.com,+91-62288-56804,1997-04-21,O,"102, Market Street",Kolkata,West Bengal,India,700001,2022-03-27,Bronze,false
C004610,Riya,Rao,riya.rao4610@example.com,+91-76383-51347,1978-05-04,F,"42, Lake Road",Bengaluru,Karnataka,India,560001,2024-12-01,Silver,1
C004611,Kiran,Chopra,kiran.chopra4611@example.com,+91-61588-11803,1993-05-14,Female,"15, Market Street",Toronto,Ontario,Canada,M5H2N2,2023-02-07,Platinum,Y
C004612,Rahul,Pillai,rahul.pillai4612@example.com,+91-94057-29313,1989-03-28,F,"181, Park Avenue",Delhi,Delhi,India,110001,2024-04-03,Bronze,Y
C004613,Aditya,Nair,aditya.nair4613@example.com,+91-87098-98596,1997-04-04,Other,"865, Station Road",London,England,United Kingdom,SW1A1AA,2023-01-18,Platinum,true
C004614,Ananya,Shah,ananya.shah4614@example.com,+91-76875-76236,1992-07-22,male,"373, Hill View",Seattle,Washington,United States,98101,2023-12-02,Silver,No
C004615,Manoj,Nair,manoj.nair4615@example.com,+91-61143-52999,2011-12-28,female,"250, Lake Road",Austin,Texas,United States,78701,2025-10-10,Silver,1
C004616,Nisha,Reddy,nisha.reddy4616@example.com,+91-80600-68502,2017-07-18,Female,"934, MG Road",Pune,Maharashtra,India,411001,2024-05-09,Silver,No
C004617,Aditya,Verma,aditya.verma4617@example.com,+91-62432-68071,2019-01-20,F,"727, Park Avenue",Seattle,Washington,United States,98101,2025-07-19,Silver,N
C004618,Priya,Das,priya.das4618@example.com,+91-81838-86748,1989-04-20,male,"157, Market Street",London,England,United Kingdom,SW1A1AA,2025-08-02,Platinum,Y
C004619,Pooja,Jain,pooja.jain4619@example.com,+91-81490-50795,2001-01-28,Male,"258, MG Road",Kolkata,West Bengal,India,700001,2025-04-22,Platinum,Yes
C004620,Sanjay,Joshi,sanjay.joshi4620@example.com,+91-87566-72008,1990-04-25,Male,"642, Market Street",Hyderabad,Telangana,India,500001,2026-06-16,Bronze,Y
C004621,Aarav,Patel,aarav.patel4621@example.com,+91-84621-98964,1988-01-30,female,"343, Market Street",Bengaluru,Karnataka,India,560001,2025-06-06,Platinum,false
C004622,Lakshmi,Kumar,lakshmi.kumar4622@example.com,+91-83205-51211,2009-08-27,Male,"385, MG Road",Chennai,Tamil Nadu,India,600001,2025-10-18,Platinum,Yes
C004623,Diya,Verma,diya.verma4623@example.com,+91-69410-61637,1987-08-30,male,"346, Lake Road",Kolkata,West Bengal,India,700001,2023-07-27,Bronze,0
C004624,Kiran,Kumar,kiran.kumar4624@example.com,+91-90716-74599,2006-01-24,O,"78, Park Avenue",Chennai,Tamil Nadu,India,600001,2022-04-29,Silver,No
C004625,Riya,Singh,riya.singh4625@example.com,+91-81708-36185,1980-11-01,Other,"803, Market Street",Chennai,Tamil Nadu,India,600001,2023-02-25,Silver,false
C004626,Kabir,Rao,kabir.rao4626@example.com,+91-93171-85329,1980-01-27,O,"571, Market Street",London,England,United Kingdom,SW1A1AA,2022-03-22,Silver,Y
C004627,Nisha,Bose,nisha.bose4627@example.com,+91-97705-62015,1995-06-28,F,"842, Lake Road",Chennai,Tamil Nadu,India,600001,2024-05-14,Silver,0
C004628,Ishaan,Reddy,ishaan.reddy4628@example.com,+91-74721-18129,1983-11-17,Other,"364, Lake Road", KOLKATA ,West Bengal,India,700001,2022-10-29,Silver,No
C004629,Diya,Sharma,diya.sharma4629@example.com,+91-78981-70795,1995-02-09,Male,"62, Station Road",Austin,Texas,United States,78701,2023-09-09,Bronze,1
C004630,Kavya,Rao,kavya.rao4630@example.com,+91-87290-43356,1997-06-21,O,"627, Hill View",Mumbai,Maharashtra,India,400001,2025-06-12,Gold,N
C004631,Lakshmi,Chopra,lakshmi.chopra4631@example.com,+91-95484-97284,1994-02-27,female,"677, Lake Road",Kochi,Kerala,India,682001,2025-05-22,Platinum,Y
C004632,Manoj,Verma,manoj.verma4632@example.com,+91-68655-42492,2014-09-25,M,"77, Park Avenue",Chennai,Tamil Nadu,India,600001,2022-02-13,Silver,Y
C004633,,Verma,kiran.verma4633@example.com,+91-94079-43504,1986-12-08,O,"833, Lake Road",Kochi,Kerala,India,682001,2022-07-03,Silver,Yes
C004634,Ishaan,Joshi,ishaan.joshi4634@example.com,+91-70558-73942,1993-08-08,O,"94, Market Street",London,England,United Kingdom,SW1A1AA,2025-06-22,Silver,1
C004635,Sanjay,Singh,sanjay.singh4635@example.com,+91-68798-14415,2011-01-27,Male,"491, Station Road",Austin,Texas,United States,78701,2026-01-27,Platinum,1
C004636,Aditya,Sharma,aditya.sharma4636@example.com,ABC123,1998-07-13,Other,"416, Hill View",Chennai,Tamil Nadu,India,600001,2023-11-24,Gold,false
C004637,Arjun,Sharma,arjun.sharma4637@example.com,+91-60115-55692,2008-11-28,Male,"883, MG Road",London,England,United Kingdom,SW1A1AA,2025-03-11,Platinum,false
C004638,Rohan,Kapoor,rohan.kapoor4638@example.com,+91-71494-25623,2009-06-18,male,"620, Station Road",Toronto,Ontario,Canada,M5H2N2,2023-04-09,Platinum,No
C004639,Pooja,Reddy,pooja.reddy4639@example.com,+91-99819-44549,1982-10-27,M,"768, Lake Road",Hyderabad,Telangana,India,500001,2023-03-20,Silver,N
C004640,Neha,Rao,neha.rao4640@example.com,+91-88133-70968,1985-06-20,Female,"928, MG Road",London,England,United Kingdom,SW1A1AA,2023-04-29,Silver,true
C004641,Maya,Shah,maya.shah4641@example.com,+91-73247-11084,1981-07-17,female,"993, Park Avenue",London,England,United Kingdom,SW1A1AA,2022-03-06,Platinum,Yes
C004642,Varun,Nair,varun.nair4642@example.com,+91-91271-31371,2010-09-06,Male,"932, Hill View",Kochi,Kerala,India,682001,2025-11-16,Platinum,0
C004643,Maya,Gupta,maya.gupta4643@example.com,+91-94747-68099,1981-03-19,Male,"589, Lake Road",Chennai,Tamil Nadu,India,600001,2024-03-16,Gold,1
C004644,Lakshmi,Joshi,lakshmi.joshi4644@example.com,+91-95173-83179,1999-01-13,male,"593, Station Road",London,England,United Kingdom,SW1A1AA,2022-02-13,Bronze,Y
C004645,Rohan,Shah,rohan.shah4645@example.com,+91-62655-67648,1995-01-16,Female,"391, Station Road",Kolkata,West Bengal,India,700001,2025-10-31,Bronze,false
C004646,Tara,Kumar,tara.kumar4646@example.com,+91-64329-12513,2006-04-16,O,"399, Market Street",Mumbai,Maharashtra,India,400001,2022-12-30,Bronze,No
C004647,Zoya,Gupta,zoya.gupta4647@example.com,+91-89804-71893,2017-02-04,M,"112, Market Street",Pune,Maharashtra,India,411001,2022-07-08,Gold,0
C004648,Ishaan,Das,ishaan.das4648@example.com,+91-82211-98175,1985-04-22,Male,"619, Hill View",Seattle,Washington,United States,98101,2024-06-04,Gold,0
C004649,Ishaan,Reddy,ishaan.reddy4649@example.com,+91-64740-29292,1982-03-10,Other,"888, Lake Road",Toronto,Ontario,Canada,M5H2N2,2025-03-24,Gold,Y
C004650,Manoj,Kumar,manoj.kumar4650@example.com,+91-94103-11050,1988-11-30,Other,"827, Lake Road",Seattle,Washington,United States,98101,2022-07-18,Silver,No
C004651,Akash,Kumar,akash.kumar4651@example.com,+91-93961-68996,1983-05-16,Male,"541, MG Road",Bengaluru,Karnataka,India,560001,2023-10-16,Gold,false
C004652,Akash,Menon,akash.menon4652@example.com,+91-90544-12993,2002-08-10,Female,"333, Market Street",Kochi,Kerala,India,682001,2024-04-08,Gold,No
C004653,Dev,Bose,Dev.Bose.invalid,+91-64708-68914,2007-09-28,O,"213, MG Road",Delhi,Delhi,India,110001,2024-10-07,Platinum,No
C004654,Varun,Verma,varun.verma4654@example.com,+91-96487-90542,2002-12-24,Other,"629, MG Road",Toronto,Ontario,Canada,M5H2N2,2022-02-22,Silver,false
C004655,Aarav,Verma,aarav.verma4655@example.com,+91-78326-20612,2013-12-18,M,"808, Lake Road",London,England,United Kingdom,SW1A1AA,2022-10-10,Gold,N
C004656,Ishaan,Mehta,ishaan.mehta4656@example.com,+91-72647-19685,1984-04-07,F,"203, Lake Road",Austin,Texas,U.S.A.,78701,2024-11-13,Bronze,0
C004657,Priya,Singh,priya.singh4657@example.com,+91-90688-92014,2004-03-12,female,"820, Station Road",London,England,United Kingdom,SW1A1AA,2026-04-24,Gold,1
C004658,Aarav,Shah,aarav.shah4658@example.com,+91-76416-21790,1997-02-18,Male,"813, Park Avenue",Austin,Texas,United States,78701,2024-03-14,Bronze,Yes
C004659,Ishaan,Mehta,ishaan.mehta4659@example.com,+91-70170-12020,1981-10-22,Female,"952, MG Road",Kolkata,West Bengal,India,700001,2022-02-24,Gold,0
C004660,Maya,Jain,maya.jain4660@example.com,+91-98105-37658,2008-07-05,Other,"675, Hill View",Kolkata,West Bengal,India,700001,2024-11-15,Platinum,No
C004661,Rahul,Menon,rahul.menon4661@example.com,+91-84484-75284,2001-04-07,Other,"668, Park Avenue",Bengaluru,Karnataka,India,560001,31-02-2025,Bronze,Yes
C004662,Aditya,Verma,aditya.verma4662@example.com,+91-80608-41283,1987-08-15,Female,"646, Hill View",London,England,United Kingdom,SW1A1AA,2026-04-09,Gold,false
C004663,Meera,Bose,meera.bose4663@example.com,+91-68922-34578,1992-05-09,F,"212, Park Avenue",Mumbai,Maharashtra,India,400001,2024-07-23,Bronze,Y
C004664,Akash,Sharma,akash.sharma4664@example.com,+91-79317-17369,1984-09-22,O,"599, Hill View",Kolkata,West Bengal,India,700001,2022-11-16,Bronze,N
C004665,Kiran,Das,kiran.das4665@example.com,+91-98477-68921,1998-03-19,M,"101, Hill View",Delhi,Delhi,India,110001,2022-02-01,Platinum,Yes
C004666,Diya,Patel,diya.patel4666@example.com,+91-90249-85797,2000-11-24,male,"344, Park Avenue",Austin,Texas,United States,78701,2024-02-13,Bronze,0
C004667,Aarav,Bose,aarav.bose4667@example.com,+91-69169-28930,2004-07-10,Male,"31, Station Road",Toronto,Ontario,Canada,M5H2N2,2025-09-28,Silver,Yes
C004668,Diya,Pillai,diya.pillai4668@example.com,+91-98609-44688,1981-09-01,male,"524, Park Avenue",Mumbai,Maharashtra,India,400001,2022-06-30,Bronze,Y
C004669,Sneha,Verma,sneha.verma4669@example.com,+91-84850-48697,1980-10-27,female,"771, MG Road",Kolkata,West Bengal,India,700001,2022-10-07,Gold,Y
C004670,Pooja,Joshi,pooja.joshi4670@example.com,+91-95199-58204,2017-11-29,Female,"114, Lake Road",Chennai,Tamil Nadu,India,600001,2026-05-05,Gold,Yes
BAD4671,Arjun,Shah,arjun.shah4671@example.com,+91-79767-11209,2013-09-11,O,"705, Lake Road",London,England,United Kingdom,SW1A1AA,2024-01-20,Platinum,false
C004672,Riya,Bose,riya.bose4672@example.com,+91-82520-99280,2017-01-17,O,"499, MG Road",Bengaluru,Karnataka,India,560001,2023-07-26,Bronze,N
C004673,Tara,Verma,tara.verma4673@example.com,+91-80748-56403,1989-04-17,O,"500, Station Road",Chennai,Tamil Nadu,India,600001,2022-06-01,Gold,1
C004674,Manoj,Nair,manoj.nair4674@example.com,+91-72551-31894,2011-03-06,Female,"747, MG Road",Kolkata,West Bengal,India,700001,2025-03-22,Gold,true
C004675,Tara,Verma,tara.verma4675@example.com,+91-69995-22047,1985-08-03,F,"849, Lake Road",Kochi,Kerala,India,682001,2022-10-11,Silver,Y
C004676,Diya,Mehta,diya.mehta4676@example.com,+91-85111-73821,2005-02-28,Female,"83, Station Road",Toronto,Ontario,Canada,M5H2N2,2024-01-06,Bronze,Y
C004677,Kabir,Verma,kabir.verma4677@example.com,+91-72674-29829,2019-11-28,Other,"72, Park Avenue",Toronto,Ontario,Canada,M5H2N2,2025-04-23,Bronze,true
C004678,Riya,Rao,riya.rao4678@example.com,+91-77802-51779,2014-04-08,M,"219, MG Road",London,England,United Kingdom,SW1A1AA,2024-05-06,Platinum,false
C004679,Meera,Jain,meera.jain4679@example.com,+91-70311-86068,2001-02-27,female,"975, MG Road",Hyderabad,Telangana,India,500001,2026-05-24,Bronze,Y
C004680,Akash,Reddy,akash.reddy4680@example.com,+91-71777-75301,1988-07-02,Male,"215, Hill View",Kolkata,West Bengal,India,700001,2023-08-27,Gold,0
C004681,Kiran,Chopra,kiran.chopra4681@example.com,+91-87940-65928,2018-08-10,male,"638, Station Road",Seattle,Washington,United States,98101,2023-04-30,Platinum,0
C004682,Kiran,Das,kiran.das4682@example.com,+91-99826-85563,2013-03-28,F,"823, Hill View",Kolkata,West Bengal,India,700001,2026-02-21,Platinum,N
C004683,Meera,Verma,meera.verma4683@example.com,+91-86134-16032,1989-12-24,female,"670, Hill View",Kochi,Kerala,India,682001,2024-10-21,Gold,1
C004684,Tara,Menon,tara.menon4684@example.com,+91-65230-78510,1983-12-13,Male,"837, Lake Road",Kolkata,West Bengal,India,700001,2025-02-26,Platinum,No
C004685,Ananya,Das,ananya.das4685@example.com,+91-77589-34093,1993-01-15,Other,"511, MG Road",Kochi,Kerala,India,682001,2023-04-29,Gold,Yes
C004686,Kabir,Jain,kabir.jain4686@example.com,+91-90347-81722,2009-02-09,female,"990, Park Avenue",Bengaluru,Karnataka,India,560001,2022-05-14,Bronze,N
C004687,Kavya,Kapoor,kavya.kapoor4687@example.com,+91-98708-15797,2001-08-30,female,"750, Lake Road",Bengaluru,Karnataka,India,560001,2024-07-29,Gold,No
C004688,Lakshmi,Menon,lakshmi.menon4688@example.com,+91-71264-36494,2009-08-22,Male,"138, Hill View",Kolkata,West Bengal,India,700001,2025-02-15,Bronze,Y
C004689,Ira,Menon,ira.menon4689@example.com,+91-92033-64165,2013-05-27,Female,"184, Market Street",Kolkata,West Bengal,India,700001,2025-02-18,Silver,true
C004690,Neha,Singh,neha.singh4690@example.com,+91-74396-92930,2017-08-30,Other,"718, Lake Road",Bengaluru,Karnataka,India,560001,2023-04-10,Platinum,1
C004691,Maya,Menon,maya.menon4691@example.com,+91-83719-18000,1986-08-14,O,"284, Market Street",Kolkata,West Bengal,India,700001,2025-11-09,Platinum,1
C004692,Priya,Shah,priya.shah4692@example.com,+91-62504-36502,2003-11-20,Male,"241, Park Avenue",Seattle,Washington,United States,98101,2024-08-06,Platinum,false
C004693,Ananya,Reddy,ananya.reddy4693@example.com,+91-64018-19815,2018-11-23,Female,"981, Park Avenue",Pune,Maharashtra,India,411001,2025-12-08,Platinum,Y
C004694,Diya,Bose,diya.bose4694@example.com,+91-77230-65642,2011-10-01,male,"901, MG Road",London,England,United Kingdom,SW1A1AA,2024-03-27,Gold,0
C004695,Akash,Verma,akash.verma4695@example.com,+91-97179-34389,2011-03-31,F,"324, Lake Road",Kolkata,West Bengal,India,700001,2023-09-16,Gold,Yes
C004696,Pooja,Patel,pooja.patel4696@example.com,+91-73697-40378,1980-02-23,M,"363, Lake Road",Chennai,Tamil Nadu,India,600001,2022-02-07,Gold,Yes
C004697,Neha,Singh,neha.singh4697@example.com,ABC123,1988-10-25,F,"760, Lake Road",Pune,Maharashtra,India,411001,2024-02-09,Bronze,No
C004698,Aanya,Jain,aanya.jain4698@example.com,+91-80962-25693,2012-04-08,female,"300, Station Road",Kochi,Kerala,India,682001,2025-01-31,Gold,Y
C004699,Riya,Das,riya.das4699@example.com,+91-90175-58998,1989-02-28,Female,"455, Market Street",Chennai,Tamil Nadu,India,600001,2022-01-02,Bronze,true
C004700,Aanya,Sharma,Aanya.Sharma.invalid,+91-84119-97780,2010-06-01,Female,"940, Park Avenue",Pune,Maharashtra,India,411001,2023-08-04,Platinum,Yes
C004701,Diya,Kumar,diya.kumar4701@example.com,+91-97975-33188,1979-09-18,O,"553, Market Street",Delhi,Delhi,India,110001,2022-06-22,Gold,No
C004702,Ananya,Sharma,ananya.sharma4702@example.com,+91-69026-80730,1998-08-29,male,"657, Market Street",Austin,Texas,United States,78701,2025-12-04,Silver,1
C004703,Maya,Bose,maya.bose4703@example.com,+91-78909-40389,2016-11-28,Male,"476, Lake Road",Kochi,Kerala,India,682001,2022-08-20,Silver,No
C004704,Sanjay,Jain,sanjay.jain4704@example.com,+91-91670-16758,2008-03-07,Male,"986, Park Avenue",London,England,United Kingdom,SW1A1AA,2025-10-02,Silver,false
C004705,Arjun,Mehta,arjun.mehta4705@example.com,+91-75786-76517,1997-09-08,Other,"556, Station Road",Chennai,Tamil Nadu,India,600001,2024-01-29,Bronze,0
C004706,Tara,Chopra,tara.chopra4706@example.com,+91-60717-57844,2002-11-30,M,"393, Hill View",Bengaluru,Karnataka,India,560001,2022-02-27,Silver,0
C004707,Aditya,Rao,aditya.rao4707@example.com,+91-84324-76937,1999-01-15,Other,"956, Lake Road",Toronto,Ontario,Canada,M5H2N2,2024-01-23,Platinum,0
C004708,Aarav,Pillai,aarav.pillai4708@example.com,+91-98118-33253,2016-07-16,female,"825, Station Road",Bengaluru,Karnataka,India,560001,2025-07-13,Platinum,true
C004709,Ishaan,Nair,ishaan.nair4709@example.com,+91-92479-89208,2001-06-14,female,"45, Station Road",Seattle,Washington,United States,98101,2024-01-30,Platinum,N
C004710,Manoj,Mehta,manoj.mehta4710@example.com,+91-97110-81733,2002-04-01,female,"707, Market Street",Seattle,Washington,United States,98101,2024-07-04,VIP,0
C004711,Kabir,Sharma,kabir.sharma4711@example.com,+91-73600-49654,2017-05-28,O,"643, Lake Road",London,England,United Kingdom,SW1A1AA,2024-07-05,Gold,0
C004712,Rahul,Reddy,rahul.reddy4712@example.com,+91-87271-62754,1981-12-20,female,"459, Station Road",Seattle,Washington,United States,98101,2024-06-18,Platinum,false
C004713,Meera,Gupta,meera.gupta4713@example.com,+91-65785-63491,1984-12-18,Other,"941, Park Avenue",Pune,Maharashtra,India,411001,2026-06-16,Bronze,0
C004714,Sneha,Das,sneha.das4714@example.com,+91-92888-76969,2015-02-28,M,"631, Park Avenue",Seattle,Washington,United States,98101,2026-05-11,Bronze,0
C004715,Zoya,Sharma,zoya.sharma4715@example.com,+91-99138-18574,1987-01-30,female,"876, Lake Road",Pune,Maharashtra,India,411001,2023-04-29,Platinum,Yes
C004716,Sneha,Reddy,sneha.reddy4716@example.com,+91-96289-60950,2006-06-15,O,"668, Station Road",Kochi,Kerala,India,??,2022-08-13,Platinum,Y
C004717,Lakshmi,Rao,lakshmi.rao4717@example.com,+91-72732-33192,2009-10-22,female,"582, Park Avenue", PUNE ,Maharashtra,India,411001,2022-02-11,Silver,N
C004718,Vikram,Das,vikram.das4718@example.com,+91-97490-32602,1992-01-16,O,"657, Hill View",London,England,United Kingdom,SW1A1AA,2025-04-17,Silver,true
C004719,Priya,Rao,priya.rao4719@example.com,+91-77407-78651,1988-11-07,male,"517, Lake Road",Austin,Texas,United States,78701,2023-05-06,Platinum,No
C004720,Pooja,Menon,pooja.menon4720@example.com,+91-75950-81626,1980-05-02,male,"783, Station Road",Austin,Texas,United States,78701,2022-12-15,Silver,Yes
C004721,Vikram,Iyer,vikram.iyer4721@example.com,+91-60933-64734,1986-01-24,female,"784, Hill View",Chennai,Tamil Nadu,India,600001,2025-12-07,Platinum,N
C004722,Manoj,Joshi,manoj.joshi4722@example.com,+91-74085-97105,2012-12-17,F,"602, Market Street",Mumbai,Maharashtra,India,400001,2022-05-05,Gold,false
C004723,Rahul,Rao,rahul.rao4723@example.com,+91-96318-76151,1983-10-16,Other,"327, Station Road",Kochi,Kerala,India,682001,2023-03-13,Platinum,Y
C004724,Rahul,Reddy,rahul.reddy4724@example.com,+91-67839-57338,2017-10-13,O,"769, Market Street",Toronto,Ontario,Canada,M5H2N2,2022-01-24,Platinum,No
C004725,Aarav,Iyer,aarav.iyer4725@example.com,+91-68349-95587,1998-02-28,Female,"858, Park Avenue",Kolkata,West Bengal,India,700001,2026-05-06,Bronze,Yes
C004726,Maya,Chopra,maya.chopra4726@example.com,+91-81728-71866,1994-05-08,male,"447, MG Road",Kolkata,West Bengal,India,700001,2022-05-31,Bronze,Y
C004727,Diya,Kumar,diya.kumar4727@example.com,+91-62117-98258,2017-04-16,F,"234, Hill View",Chennai,Tamil Nadu,India,600001,2025-02-17,Platinum,false
C004728,Akash,Das,akash.das4728@example.com,+91-82957-32822,1981-03-26,Male,"694, Market Street",Mumbai,Maharashtra,India,400001,2024-08-27,Gold,0
C004729,Aditya,Iyer,aditya.iyer4729@example.com,+91-74978-18244,1991-03-09,male,"845, Lake Road",Seattle,Washington,United States,98101,2024-04-13,Bronze,Y
C004730,Arjun,Iyer,arjun.iyer4730@example.com,+91-76106-94291,1979-11-23,Female,"500, Market Street",London,England,United Kingdom,SW1A1AA,2024-03-27,Gold,true
C004731,Zoya,Jain,zoya.jain4731@example.com,+91-78746-38541,2006-03-05,O,"528, Park Avenue",Hyderabad,Telangana,India,500001,2022-04-04,Bronze,No
C004732,Meera,Jain,meera.jain4732@example.com,+91-96202-61684,1982-05-11,F,"968, Park Avenue",Mumbai,Maharashtra,India,400001,2025-06-01,Bronze,0
C004733,Tara,Reddy,tara.reddy4733@example.com,+91-68150-26083,1990-02-24,Female,"274, Park Avenue",Kochi,Kerala,India,682001,2022-11-23,Gold,1
C004734,Aarav,Reddy,aarav.reddy4734@example.com,+91-62901-36222,2006-02-08,Male,"901, Market Street",Chennai,Tamil Nadu,India,600001,2023-12-26,Bronze,true
C004735,Sneha,Das,sneha.das4735@example.com,+91-85056-12441,1990-07-05,Other,"625, Market Street",Delhi,Delhi,India,110001,2024-11-04,Silver,1
C004736,Pooja,Bose,pooja.bose4736@example.com,+91-70562-52665,1981-05-19,O,"242, MG Road",London,England,United Kingdom,SW1A1AA,2022-11-05,Bronze,0
C004737,Varun,Kumar,varun.kumar4737@example.com,+91-89602-49516,2002-08-18,M,"982, MG Road",Hyderabad,Telangana,India,500001,2024-04-08,Gold,Y
C004738,Manoj,Verma,manoj.verma4738@example.com,+91-86073-73869,1979-08-26,M,"242, MG Road",Bengaluru,Karnataka,India,560001,2026-01-06,Bronze,No
C004739,Priya,Bose,priya.bose4739@example.com,+91-77428-88761,1983-07-20,Female,"901, Lake Road",Kochi,Kerala,India,682001,2023-11-02,Bronze,1
C004740,Pooja,Mehta,pooja.mehta4740@example.com,+91-61121-30334,1987-01-15,O,"93, MG Road",Delhi,Delhi,India,110001,31-02-2025,Bronze,1
C004741,Akash,Pillai,akash.pillai4741@example.com,+91-70739-13220,2007-02-08,Female,"466, MG Road",Seattle,Washington,United States,98101,2022-12-30,Bronze,false
C004742,Tara,Kapoor,tara.kapoor4742@example.com,+91-93213-65260,1987-09-10,Male,"312, Market Street",Mumbai,Maharashtra,India,400001,2022-07-22,Gold,No
C004743,Sneha,Nair,sneha.nair4743@example.com,+91-96687-38554,2014-10-27,O,"491, Station Road",Seattle,Washington,United States,98101,2025-01-21,Gold,Yes
C004744,Kavya,Joshi,kavya.joshi4744@example.com,+91-73317-20012,2017-07-25,Female,"787, Lake Road",Austin,Texas,United States,78701,2026-01-17,Bronze,0
C004745,Neha,Patel,neha.patel4745@example.com,+91-94952-98706,2009-12-20,Other,"590, Park Avenue",Delhi,Delhi,India,110001,2024-01-03,Bronze,0
C004746,,Menon,arjun.menon4746@example.com,+91-84940-63480,1989-05-18,Other,"370, Hill View",London,England,United Kingdom,SW1A1AA,2024-03-16,Silver,1
C004747,Varun,Reddy,Varun.Reddy.invalid,+91-93754-80852,1993-11-12,M,"768, Market Street",Mumbai,Maharashtra,India,400001,2022-08-27,Silver,false
C004748,Aarav,Menon,aarav.menon4748@example.com,+91-93054-37463,1983-09-11,male,"898, Station Road",Chennai,Tamil Nadu,India,600001,2023-07-15,Silver,0
C004749,Aarav,Mehta,aarav.mehta4749@example.com,+91-79338-36356,1979-05-04,Male,"566, Lake Road",Pune,Maharashtra,India,411001,2023-08-31,Gold,true
C004750,Maya,Rao,maya.rao4750@example.com,+91-73177-71299,1996-09-21,O,"293, Lake Road",Delhi,Delhi,India,110001,2023-06-08,Gold,true
C004751,Aarav,Patel,aarav.patel4751@example.com,+91-97581-93674,2010-08-16,Other,"787, Hill View",Pune,Maharashtra,India,411001,2023-03-22,Gold,false
C004752,Neha,Mehta,neha.mehta4752@example.com,+91-67465-91485,1987-05-14,O,"807, Station Road",Seattle,Washington,United States,98101,2025-06-22,Bronze,1
C004753,Pooja,Nair,pooja.nair4753@example.com,+91-95107-13684,1985-07-01,Female,"868, Station Road",London,England,U.S.A.,SW1A1AA,2025-12-06,Platinum,0
C004754,Kabir,Bose,kabir.bose4754@example.com,+91-98663-93214,1981-05-26,Female,"425, Lake Road",Austin,Texas,United States,78701,2022-05-08,Silver,true
C004755,Vikram,Verma,vikram.verma4755@example.com,+91-90463-51400,2013-04-03,O,"709, Park Avenue",Bengaluru,Karnataka,India,560001,2025-10-28,Platinum,No
C004756,Kiran,Rao,kiran.rao4756@example.com,+91-90070-83884,1999-11-12,Male,"697, Park Avenue",Austin,Texas,United States,78701,2025-06-03,Bronze,0
C004757,Ishaan,Iyer,ishaan.iyer4757@example.com,+91-74600-50996,2018-03-13,male,"315, MG Road",Pune,Maharashtra,India,411001,2022-02-14,Bronze,0
C004758,Kavya,Mehta,kavya.mehta4758@example.com,ABC123,2009-09-14,male,"4, Park Avenue",Austin,Texas,United States,78701,2026-03-01,Gold,No
C004759,Diya,Chopra,diya.chopra4759@example.com,+91-69373-89626,2013-12-22,M,"569, Hill View",Kochi,Kerala,India,682001,2026-05-07,Bronze,1
C004760,Aanya,Rao,aanya.rao4760@example.com,+91-92613-42812,1989-01-31,male,"960, Hill View",London,England,United Kingdom,SW1A1AA,2024-08-08,Bronze,Y
C004761,Kabir,Das,kabir.das4761@example.com,+91-91186-81520,1982-12-21,Other,"324, Park Avenue",Austin,Texas,United States,78701,2024-11-09,Platinum,false
C004762,Manoj,Pillai,manoj.pillai4762@example.com,+91-61755-25676,2002-08-12,female,"479, MG Road",Bengaluru,Karnataka,India,560001,2022-02-25,Platinum,false
C004763,Riya,Gupta,riya.gupta4763@example.com,+91-70481-94304,1997-08-03,O,"278, Station Road",Kolkata,West Bengal,India,700001,2024-07-21,Platinum,false
C004764,Rahul,Iyer,rahul.iyer4764@example.com,+91-63564-93383,2008-04-01,M,"63, Market Street",Hyderabad,Telangana,India,500001,2024-05-06,Platinum,N
C004765,Tara,Iyer,tara.iyer4765@example.com,+91-92897-98600,2007-05-21,F,"812, Lake Road",Chennai,Tamil Nadu,India,600001,2025-02-28,Bronze,1
C004766,Riya,Verma,riya.verma4766@example.com,+91-89175-35133,2009-04-03,O,"720, Hill View",Seattle,Washington,United States,98101,2022-09-16,Platinum,N
C004767,Neha,Menon,neha.menon4767@example.com,+91-65025-75631,1995-08-03,F,"556, Lake Road",Mumbai,Maharashtra,India,400001,2023-10-14,Bronze,Y
C004768,Riya,Pillai,riya.pillai4768@example.com,+91-70063-73291,2006-12-21,male,"359, Park Avenue",Chennai,Tamil Nadu,India,600001,2023-12-16,Silver,false
C004769,Aarav,Reddy,aarav.reddy4769@example.com,+91-81825-28248,2012-08-12,F,"687, Park Avenue",Pune,Maharashtra,India,411001,2023-10-10,Gold,1
C004770,Diya,Kumar,diya.kumar4770@example.com,+91-64602-80931,2003-05-14,O,"95, MG Road",Seattle,Washington,United States,98101,2026-01-14,Gold,1
C004771,Priya,Reddy,priya.reddy4771@example.com,+91-84456-51698,2013-03-20,O,"883, Station Road",Pune,Maharashtra,India,411001,2025-08-16,Gold,false
C004772,Aanya,Menon,aanya.menon4772@example.com,+91-85774-68249,1984-06-02,female,"46, Lake Road",Kochi,Kerala,India,682001,2024-09-21,Platinum,false
C004773,Riya,Gupta,riya.gupta4773@example.com,+91-80712-11751,2006-10-17,male,"525, Station Road",Seattle,Washington,United States,98101,2026-01-26,Bronze,0
C004774,Arjun,Pillai,arjun.pillai4774@example.com,+91-64691-87550,1983-09-18,Male,"74, Lake Road",Austin,Texas,United States,78701,2024-05-05,Platinum,true
C004775,Pooja,Nair,pooja.nair4775@example.com,+91-88315-58211,2009-07-11,O,"906, Lake Road",Bengaluru,Karnataka,India,560001,2024-08-18,Silver,false
C004776,Zoya,Gupta,zoya.gupta4776@example.com,+91-79999-79707,1999-08-28,Female,"794, MG Road",Pune,Maharashtra,India,411001,2022-07-29,Gold,1
C004777,Tara,Kumar,tara.kumar4777@example.com,+91-83590-35835,1992-03-14,M,"417, Station Road",Bengaluru,Karnataka,India,560001,2025-11-03,Platinum,0
C004778,Akash,Sharma,akash.sharma4778@example.com,+91-89365-63311,2012-05-01,F,"974, Market Street",Pune,Maharashtra,India,411001,2026-02-04,Gold,true
C004779,Sanjay,Rao,sanjay.rao4779@example.com,+91-84995-97855,1982-11-03,Female,"279, Park Avenue",Mumbai,Maharashtra,India,400001,2022-03-16,Gold,0
C004780,Aarav,Das,aarav.das4780@example.com,+91-64012-25404,1994-06-18,F,"683, Park Avenue",Toronto,Ontario,Canada,M5H2N2,2024-09-10,Gold,Yes
C004781,Arjun,Bose,arjun.bose4781@example.com,+91-63373-95065,2019-06-18,Female,"151, Park Avenue",Seattle,Washington,United States,98101,2023-04-23,Gold,1
C004782,Kavya,Patel,kavya.patel4782@example.com,+91-78942-98755,1998-07-02,F,"413, Market Street",Bengaluru,Karnataka,India,560001,2026-04-19,Silver,0
C004783,Manoj,Menon,manoj.menon4783@example.com,+91-67776-93833,2014-09-12,O,"214, Lake Road",Pune,Maharashtra,India,411001,2024-05-18,Bronze,Y
C004784,Aarav,Mehta,aarav.mehta4784@example.com,+91-61683-12139,2019-08-18,Male,"371, Park Avenue",Pune,Maharashtra,India,411001,2026-04-17,Gold,Yes
C004785,Zoya,Reddy,zoya.reddy4785@example.com,+91-68519-90526,1979-04-27,Other,"476, Station Road",Delhi,Delhi,India,110001,2022-01-06,Silver,No
C004786,Zoya,Nair,zoya.nair4786@example.com,+91-74135-67742,1990-10-15,F,"15, Hill View",Chennai,Tamil Nadu,India,600001,2025-11-28,Gold,Y
C004787,Zoya,Kapoor,zoya.kapoor4787@example.com,+91-90562-58139,1980-12-01,F,"238, Lake Road",Bengaluru,Karnataka,India,560001,2023-10-26,Platinum,1
C004788,Manoj,Kumar,manoj.kumar4788@example.com,+91-75405-55151,2004-10-29,O,"796, Hill View",Toronto,Ontario,Canada,M5H2N2,2025-03-06,Bronze,N
C004789,Diya,Das,diya.das4789@example.com,+91-95836-98669,2001-05-05,F,"650, Park Avenue",London,England,United Kingdom,SW1A1AA,2025-05-03,Silver,false
C004790,Pooja,Reddy,pooja.reddy4790@example.com,+91-86727-66085,2019-04-16,M,"145, Market Street",Kochi,Kerala,India,682001,2025-09-25,Gold,Y
C004791,Maya,Shah,maya.shah4791@example.com,+91-93146-27982,2009-04-04,female,"966, Market Street",Seattle,Washington,United States,98101,2026-02-06,Silver,false
C004792,Diya,Menon,diya.menon4792@example.com,+91-75627-89607,2018-02-18,O,"518, Lake Road",Toronto,Ontario,Canada,M5H2N2,2023-03-08,Gold,1
C004793,Zoya,Gupta,zoya.gupta4793@example.com,+91-72662-13497,2003-03-21,Male,"983, Station Road",Bengaluru,Karnataka,India,560001,2025-02-18,Bronze,0
C004794,Aditya,Singh,Aditya.Singh.invalid,+91-83996-17445,2010-06-29,male,"402, Lake Road",Kochi,Kerala,India,682001,2022-01-10,Bronze,1
C004795,Kiran,Gupta,kiran.gupta4795@example.com,+91-76773-80837,1980-08-28,Male,"855, Park Avenue",Kochi,Kerala,India,682001,2026-05-18,Bronze,Y
C004796,Dev,Bose,dev.bose4796@example.com,+91-80709-53409,2014-07-23,Other,"107, Station Road",Pune,Maharashtra,India,411001,2025-06-12,Bronze,No
C004797,Ishaan,Rao,ishaan.rao4797@example.com,+91-93443-64913,2017-04-16,female,"962, MG Road",Toronto,Ontario,Canada,M5H2N2,2023-05-02,Silver,N
C004798,Dev,Chopra,dev.chopra4798@example.com,+91-97554-34856,1978-05-13,Male,"998, MG Road",Mumbai,Maharashtra,India,400001,2022-04-14,Silver,Y
C004799,Kabir,Jain,kabir.jain4799@example.com,+91-87330-52124,2005-11-15,female,"78, MG Road",Bengaluru,Karnataka,India,560001,2022-02-25,Gold,Yes
C004800,Priya,Chopra,priya.chopra4800@example.com,+91-75268-22019,2017-10-29,male,"382, Station Road",Austin,Texas,United States,78701,2026-01-26,Bronze,true
C004801,Rahul,Verma,rahul.verma4801@example.com,+91-76810-38708,1987-01-07,female,"980, MG Road",Toronto,Ontario,Canada,M5H2N2,2024-11-19,Bronze,N
C004802,Sanjay,Joshi,sanjay.joshi4802@example.com,+91-79047-94251,2014-01-30,Female,"193, Park Avenue",Seattle,Washington,United States,98101,2022-07-26,Gold,No
C004803,Ishaan,Menon,ishaan.menon4803@example.com,+91-66927-12465,1986-01-21,Female,"366, Park Avenue",Kochi,Kerala,India,682001,2022-12-21,Bronze,0
C004804,Ishaan,Verma,ishaan.verma4804@example.com,+91-87839-56655,1988-02-17,female,"463, Station Road",Kolkata,West Bengal,India,700001,2023-12-08,Silver,0
C004805,Ishaan,Iyer,ishaan.iyer4805@example.com,+91-63321-20603,1996-01-31,M,"200, Lake Road",Delhi,Delhi,India,110001,2022-03-08,Platinum,N
C004806,Rohan,Reddy,rohan.reddy4806@example.com,+91-88995-96391,1978-01-19,M,"415, Hill View", HYDERABAD ,Telangana,India,500001,2022-10-11,Gold,1
C004807,Kavya,Kumar,kavya.kumar4807@example.com,+91-82853-90014,2015-12-30,male,"69, Station Road",Hyderabad,Telangana,India,500001,2024-11-20,Silver,Yes
C004808,Ira,Mehta,ira.mehta4808@example.com,+91-77883-38946,2007-10-12,Male,"184, Park Avenue",Mumbai,Maharashtra,India,400001,2024-02-24,Silver,Y
C004809,Manoj,Gupta,manoj.gupta4809@example.com,+91-75296-63473,2013-03-26,M,"38, Station Road",Mumbai,Maharashtra,India,400001,2025-06-24,Gold,Yes
C004810,Ira,Sharma,ira.sharma4810@example.com,+91-93023-73174,2004-12-22,M,"451, Station Road",Pune,Maharashtra,India,411001,2023-02-08,Platinum,true
C004811,Nisha,Menon,nisha.menon4811@example.com,+91-71489-20363,1993-11-14,Other,"672, Hill View",London,England,United Kingdom,SW1A1AA,2025-12-20,Platinum,true
C004812,Manoj,Das,manoj.das4812@example.com,+91-83654-25718,2005-10-06,female,"101, Hill View",Toronto,Ontario,Canada,M5H2N2,2023-11-04,Silver,0
C004813,Maya,Pillai,maya.pillai4813@example.com,+91-97272-24223,2002-08-13,Female,"66, Station Road",Seattle,Washington,United States,98101,2023-01-03,Platinum,No
C004814,Zoya,Patel,zoya.patel4814@example.com,+91-72665-94730,2005-09-05,Male,"282, Lake Road",Kochi,Kerala,India,682001,2026-03-06,Bronze,Y
C004815,Aditya,Reddy,aditya.reddy4815@example.com,+91-98968-51141,2018-08-21,Other,"581, Park Avenue",Kolkata,West Bengal,India,700001,2023-12-30,Silver,Y
C004816,Manoj,Mehta,manoj.mehta4816@example.com,+91-68495-94483,2002-06-09,male,"695, Market Street",London,England,United Kingdom,SW1A1AA,2026-05-28,Platinum,false
C004817,Akash,Verma,akash.verma4817@example.com,+91-94176-54887,2000-12-13,O,"573, Park Avenue",London,England,United Kingdom,SW1A1AA,2022-09-17,Gold,true
C004818,Aarav,Menon,aarav.menon4818@example.com,+91-60766-11277,2005-11-16,O,"728, Market Street",Pune,Maharashtra,India,411001,2024-02-29,Bronze,false
C004819,Ananya,Menon,ananya.menon4819@example.com,ABC123,2010-07-18,F,"817, Lake Road",Mumbai,Maharashtra,India,400001,31-02-2025,Gold,0
C004820,Lakshmi,Das,lakshmi.das4820@example.com,+91-62019-63002,2001-11-04,M,"496, Hill View",Hyderabad,Telangana,India,500001,2025-04-16,Gold,N
C004821,Zoya,Iyer,zoya.iyer4821@example.com,+91-74188-93586,2014-01-19,F,"113, Park Avenue",London,England,United Kingdom,SW1A1AA,2023-04-05,Platinum,0
C004822,Diya,Verma,diya.verma4822@example.com,+91-97610-99544,2015-12-21,female,"528, Station Road",Pune,Maharashtra,India,411001,2022-10-01,Bronze,Yes
C004823,Zoya,Chopra,zoya.chopra4823@example.com,+91-90481-75371,2003-02-12,female,"527, MG Road",Kolkata,West Bengal,India,700001,2024-01-20,Gold,true
C004824,Nisha,Nair,nisha.nair4824@example.com,+91-85849-38147,1993-07-28,Female,"29, Park Avenue",Kolkata,West Bengal,India,700001,2022-04-02,Gold,false
C004825,Ishaan,Sharma,ishaan.sharma4825@example.com,+91-99644-93680,1996-04-20,M,"547, MG Road",London,England,United Kingdom,SW1A1AA,2022-06-23,Silver,N
C004826,Neha,Patel,neha.patel4826@example.com,+91-77431-87383,1982-12-30,F,"896, Hill View",Kochi,Kerala,India,682001,2024-11-03,Platinum,true
C004827,Manoj,Kumar,manoj.kumar4827@example.com,+91-87633-34234,2003-06-18,O,"539, Lake Road",Delhi,Delhi,India,110001,2024-08-20,Bronze,Y
C004828,Meera,Iyer,meera.iyer4828@example.com,+91-74470-23960,1980-04-24,Male,"818, Hill View",Seattle,Washington,United States,98101,2023-06-09,Gold,No
C004829,Ananya,Jain,ananya.jain4829@example.com,+91-82113-22691,2004-12-22,Other,"739, Station Road",London,England,United Kingdom,SW1A1AA,2025-03-13,Platinum,false
C004830,Ira,Menon,ira.menon4830@example.com,+91-74639-76142,2009-02-18,Male,"964, Station Road",Mumbai,Maharashtra,India,400001,2024-07-31,Platinum,true
C004831,Kavya,Gupta,kavya.gupta4831@example.com,+91-71994-16757,2007-08-15,M,"24, Lake Road",London,England,United Kingdom,SW1A1AA,2025-04-28,Bronze,Y
C004832,Kavya,Gupta,kavya.gupta4832@example.com,+91-96807-11138,2011-02-07,female,"97, Park Avenue",Delhi,Delhi,India,110001,2025-12-07,Silver,N
C004833,Nisha,Nair,nisha.nair4833@example.com,+91-86048-25130,2011-10-28,Female,"438, Lake Road",Toronto,Ontario,Canada,M5H2N2,2023-11-27,Gold,0
C004834,Rahul,Nair,rahul.nair4834@example.com,+91-80939-79395,1995-03-09,Female,"183, MG Road",Kochi,Kerala,India,682001,2024-04-19,Silver,false
C004835,Vikram,Kumar,vikram.kumar4835@example.com,+91-73660-58262,2011-03-04,female,"184, Hill View",Kolkata,West Bengal,India,700001,2022-01-19,Bronze,false
C004836,Riya,Rao,riya.rao4836@example.com,+91-71715-90095,1988-06-18,F,"796, MG Road",Seattle,Washington,United States,98101,2023-02-17,Platinum,0
C004837,Aarav,Das,aarav.das4837@example.com,+91-99689-83833,1993-11-16,Other,"61, Lake Road",London,England,United Kingdom,SW1A1AA,2023-05-18,Platinum,No
C004838,Sanjay,Patel,sanjay.patel4838@example.com,+91-95112-42417,2019-01-28,O,"467, Hill View",Austin,Texas,United States,78701,2024-02-02,Silver,0
C004839,Arjun,Rao,arjun.rao4839@example.com,+91-94528-87796,2002-06-15,F,"827, MG Road",Kolkata,West Bengal,India,700001,2023-04-24,Gold,true
C004840,Nisha,Mehta,nisha.mehta4840@example.com,+91-69261-16382,2013-10-11,Male,"421, Station Road",Seattle,Washington,United States,98101,2023-06-12,Platinum,N
C004841,Diya,Shah,Diya.Shah.invalid,+91-99311-62980,2011-03-04,Female,"667, MG Road",Hyderabad,Telangana,India,500001,2026-03-20,Gold,Y
C004842,Ishaan,Bose,ishaan.bose4842@example.com,+91-90336-16875,1994-10-27,M,"923, Park Avenue",Austin,Texas,United States,78701,2024-06-19,Gold,N
C004843,Nisha,Patel,nisha.patel4843@example.com,+91-92383-43319,2001-04-08,F,"52, Lake Road",Kolkata,West Bengal,India,700001,2026-01-09,Silver,Yes
BAD4844,Riya,Pillai,riya.pillai4844@example.com,+91-91055-83064,1992-08-12,Other,"832, Lake Road",Seattle,Washington,United States,98101,2024-07-12,Gold,true
C004845,Aditya,Singh,aditya.singh4845@example.com,+91-68577-85617,1995-07-02,O,"522, Station Road",Seattle,Washington,United States,98101,2026-05-31,Bronze,Yes
C004846,Riya,Das,riya.das4846@example.com,+91-76545-11979,1984-11-24,O,"718, Market Street",London,England,United Kingdom,SW1A1AA,2023-05-27,Platinum,Yes
C004847,Aanya,Menon,aanya.menon4847@example.com,+91-99013-48881,1983-10-20,female,"153, Market Street",Hyderabad,Telangana,India,??,2025-11-15,Silver,1
C004848,Nisha,Nair,nisha.nair4848@example.com,+91-64079-10387,2014-02-23,Other,"460, Station Road",Kolkata,West Bengal,India,700001,2022-09-08,Gold,1
C004849,Vikram,Rao,vikram.rao4849@example.com,+91-77892-97705,2004-06-01,M,"386, Park Avenue",Hyderabad,Telangana,India,500001,2025-06-06,Platinum,true
C004850,Varun,Rao,varun.rao4850@example.com,+91-82855-18535,2007-12-11,O,"923, Market Street",Pune,Maharashtra,U.S.A.,411001,2023-04-06,Platinum,N
C004851,Diya,Pillai,diya.pillai4851@example.com,+91-79778-65444,2016-01-16,Other,"347, MG Road",Seattle,Washington,United States,98101,2023-04-28,Platinum,Yes
C004852,Arjun,Rao,arjun.rao4852@example.com,+91-79305-93819,1981-03-02,Other,"524, Lake Road",Seattle,Washington,United States,98101,2022-12-30,Bronze,No
C004853,Aarav,Reddy,aarav.reddy4853@example.com,+91-97583-25415,2008-07-17,male,"651, Park Avenue",Mumbai,Maharashtra,India,400001,2026-02-27,Silver,true
C004854,Meera,Kapoor,meera.kapoor4854@example.com,+91-86134-48142,1984-05-25,Male,"683, MG Road",Seattle,Washington,United States,98101,2022-09-25,Silver,Y
C004855,Aanya,Nair,aanya.nair4855@example.com,+91-80673-51909,2011-07-27,O,"563, Lake Road",Austin,Texas,United States,78701,2024-04-30,Platinum,false
C004856,Manoj,Kumar,manoj.kumar4856@example.com,+91-69548-36058,1984-06-27,O,"266, Market Street",Pune,Maharashtra,India,411001,2023-04-21,Platinum,1
C004857,Varun,Das,varun.das4857@example.com,+91-70168-63915,1985-08-06,female,"983, MG Road",Hyderabad,Telangana,India,500001,2022-11-28,Bronze,Yes
C004858,Tara,Mehta,tara.mehta4858@example.com,+91-61123-53762,1992-01-03,F,"797, Lake Road",Seattle,Washington,United States,98101,2025-06-04,Platinum,false
C004859,,Iyer,pooja.iyer4859@example.com,+91-68178-13298,1985-07-19,Female,"732, MG Road",Hyderabad,Telangana,India,500001,2022-02-27,Silver,N
C004860,Ananya,Nair,ananya.nair4860@example.com,+91-84106-45236,2011-04-22,Female,"256, Lake Road",Mumbai,Maharashtra,India,400001,2022-11-14,Platinum,0
C004861,Tara,Pillai,tara.pillai4861@example.com,+91-80081-50445,2015-09-15,Female,"755, Park Avenue",London,England,United Kingdom,SW1A1AA,2022-08-09,Silver,No
C004862,Kabir,Gupta,kabir.gupta4862@example.com,+91-86343-83085,2003-05-21,O,"367, Market Street",Pune,Maharashtra,India,411001,2025-09-24,Platinum,true
C004863,Zoya,Pillai,zoya.pillai4863@example.com,+91-83901-88730,1982-08-09,male,"257, Lake Road",Austin,Texas,United States,78701,2025-02-12,Platinum,0
C004864,Aditya,Reddy,aditya.reddy4864@example.com,+91-98900-41562,1993-04-01,male,"39, Hill View",Hyderabad,Telangana,India,500001,2025-07-01,Bronze,true
C004865,Arjun,Mehta,arjun.mehta4865@example.com,+91-62711-38286,1988-08-12,O,"679, Hill View",London,England,United Kingdom,SW1A1AA,2022-04-13,Bronze,Yes
C004866,Ananya,Joshi,ananya.joshi4866@example.com,+91-89005-33729,2006-04-25,Male,"575, MG Road",London,England,United Kingdom,SW1A1AA,2025-12-13,Platinum,Yes
C004867,Kiran,Kumar,kiran.kumar4867@example.com,+91-61414-83666,2003-10-12,O,"365, MG Road",Hyderabad,Telangana,India,500001,2023-04-06,VIP,Yes
C004868,Vikram,Kumar,vikram.kumar4868@example.com,+91-65238-83942,2010-03-18,female,"136, Station Road",Bengaluru,Karnataka,India,560001,2022-02-03,Gold,No
C004869,Rohan,Nair,rohan.nair4869@example.com,+91-99852-92478,1990-07-18,F,"415, Station Road",Bengaluru,Karnataka,India,560001,2025-01-10,Silver,Y
C004870,Neha,Joshi,neha.joshi4870@example.com,+91-82160-51740,2018-07-09,Other,"210, Park Avenue",Austin,Texas,United States,78701,2026-04-17,Silver,0
C004871,Dev,Singh,dev.singh4871@example.com,+91-92848-47563,1994-04-26,female,"116, Hill View",Austin,Texas,United States,78701,2023-09-20,Silver,1
C004872,Kavya,Reddy,kavya.reddy4872@example.com,+91-97335-12001,1994-06-02,male,"621, Park Avenue",Kochi,Kerala,India,682001,2024-11-20,Silver,Yes
C004873,Diya,Shah,diya.shah4873@example.com,+91-73990-48070,2001-06-11,Male,"996, Market Street",London,England,United Kingdom,SW1A1AA,2024-01-20,Gold,1
C004874,Kavya,Kapoor,kavya.kapoor4874@example.com,+91-86195-69600,2010-12-11,Other,"930, Hill View",Pune,Maharashtra,India,411001,2024-07-04,Gold,false
C004875,Ira,Menon,ira.menon4875@example.com,+91-66938-29852,1981-01-31,Male,"688, Market Street",Kochi,Kerala,India,682001,2023-10-30,Platinum,1
C004876,Arjun,Mehta,arjun.mehta4876@example.com,+91-94656-66392,1989-03-28,O,"510, MG Road",Mumbai,Maharashtra,India,400001,2024-08-12,Bronze,true
C004877,Rahul,Sharma,rahul.sharma4877@example.com,+91-60051-48895,1988-10-06,F,"141, Lake Road",Seattle,Washington,United States,98101,2025-10-14,Bronze,Yes
C004878,Ananya,Gupta,ananya.gupta4878@example.com,+91-93468-92006,2009-03-10,male,"202, Hill View",Mumbai,Maharashtra,India,400001,2025-08-23,Gold,false
C004879,Ananya,Singh,ananya.singh4879@example.com,+91-65653-32700,1983-08-11,male,"289, Park Avenue",Austin,Texas,United States,78701,2024-08-30,Silver,0
C004880,Vikram,Verma,vikram.verma4880@example.com,ABC123,1978-07-02,Other,"802, Hill View",Bengaluru,Karnataka,India,560001,2022-01-13,Platinum,0
C004881,Rohan,Chopra,rohan.chopra4881@example.com,+91-78540-73186,1998-08-12,Male,"668, Market Street",Delhi,Delhi,India,110001,2024-10-09,Silver,false
C004882,Pooja,Sharma,pooja.sharma4882@example.com,+91-81147-66419,1981-03-02,Other,"90, Lake Road",Kolkata,West Bengal,India,700001,2026-02-14,Bronze,Y
C004883,Priya,Verma,priya.verma4883@example.com,+91-94496-59214,2000-11-11,female,"969, Lake Road",Pune,Maharashtra,India,411001,2022-04-03,Platinum,Y
C004884,Maya,Kumar,maya.kumar4884@example.com,+91-66566-87408,2001-06-10,female,"735, Market Street",Austin,Texas,United States,78701,2024-08-30,Gold,N
C004885,Tara,Das,tara.das4885@example.com,+91-61268-28110,2019-08-31,Other,"348, Park Avenue",Kochi,Kerala,India,682001,2026-03-06,Silver,Yes
C004886,Meera,Rao,meera.rao4886@example.com,+91-65284-36759,2015-04-07,male,"46, Park Avenue",Seattle,Washington,United States,98101,2025-06-29,Gold,N
C004887,Aanya,Chopra,aanya.chopra4887@example.com,+91-74616-90103,1989-05-24,F,"211, Lake Road",Bengaluru,Karnataka,India,560001,2025-02-21,Silver,1
C004888,Pooja,Singh,Pooja.Singh.invalid,+91-73596-33365,1995-11-12,Female,"796, Station Road",Austin,Texas,United States,78701,2025-10-09,Bronze,No
C004889,Nisha,Das,nisha.das4889@example.com,+91-99763-16386,2008-10-19,Other,"7, Market Street",Hyderabad,Telangana,India,500001,2026-04-11,Platinum,0
C004890,Sneha,Patel,sneha.patel4890@example.com,+91-67797-99212,2001-06-08,Other,"567, Hill View",Toronto,Ontario,Canada,M5H2N2,2026-03-24,Gold,0
C004891,Meera,Patel,meera.patel4891@example.com,+91-93817-52815,1988-03-10,Male,"728, Market Street",Kolkata,West Bengal,India,700001,2025-04-06,Bronze,Y
C004892,Ananya,Menon,ananya.menon4892@example.com,+91-70375-59753,1982-03-19,O,"592, MG Road",Delhi,Delhi,India,110001,2026-06-28,Platinum,false
C004893,Zoya,Sharma,zoya.sharma4893@example.com,+91-98627-45842,2015-05-21,Female,"455, Park Avenue",Hyderabad,Telangana,India,500001,2022-10-01,Gold,true
C004894,Maya,Menon,maya.menon4894@example.com,+91-83147-42777,1987-08-28,F,"998, Lake Road",Mumbai,Maharashtra,India,400001,2026-01-10,Gold,0
C004895,Sneha,Kumar,sneha.kumar4895@example.com,+91-61305-98838,1993-06-07,Other,"603, Hill View", HYDERABAD ,Telangana,India,500001,2022-08-28,Silver,Yes
C004896,Meera,Shah,meera.shah4896@example.com,+91-65967-20485,1983-11-19,male,"503, Park Avenue",Hyderabad,Telangana,India,500001,2023-02-09,Platinum,true
C004897,Pooja,Sharma,pooja.sharma4897@example.com,+91-80661-70426,1979-01-30,Other,"112, Station Road",Mumbai,Maharashtra,India,400001,2024-10-21,Gold,0
C004898,Neha,Verma,neha.verma4898@example.com,+91-73195-15078,2017-06-10,F,"284, Station Road",Hyderabad,Telangana,India,500001,31-02-2025,Bronze,Y
C004899,Ishaan,Gupta,ishaan.gupta4899@example.com,+91-98075-87700,2006-10-06,F,"917, Market Street",Austin,Texas,United States,78701,2024-04-07,Silver,1
C004900,Kabir,Iyer,kabir.iyer4900@example.com,+91-76590-86486,1992-06-25,M,"733, Hill View",Bengaluru,Karnataka,India,560001,2025-09-11,Platinum,0
C004901,Ishaan,Shah,ishaan.shah4901@example.com,+91-93357-64008,2007-07-10,female,"596, Station Road",Delhi,Delhi,India,110001,2023-04-02,Platinum,N
C004902,Sanjay,Mehta,sanjay.mehta4902@example.com,+91-64674-98660,2001-08-20,F,"823, Hill View",Bengaluru,Karnataka,India,560001,2023-09-20,Bronze,false
C004903,Riya,Iyer,riya.iyer4903@example.com,+91-94028-94686,2016-10-02,female,"259, MG Road",Delhi,Delhi,India,110001,2026-04-28,Gold,Yes
C004904,Sanjay,Iyer,sanjay.iyer4904@example.com,+91-80575-65681,1997-03-11,O,"650, Station Road",Seattle,Washington,United States,98101,2025-06-13,Gold,Yes
C004905,Ananya,Patel,ananya.patel4905@example.com,+91-63603-17420,2006-08-07,Female,"591, Market Street",Kochi,Kerala,India,682001,2024-08-02,Gold,Y
C004906,Varun,Sharma,varun.sharma4906@example.com,+91-82180-14158,1981-05-14,O,"377, Station Road",Delhi,Delhi,India,110001,2023-10-07,Bronze,Y
C004907,Riya,Pillai,riya.pillai4907@example.com,+91-99036-29532,1984-03-15,male,"428, Hill View",Seattle,Washington,United States,98101,2023-10-09,Platinum,Yes
C004908,Tara,Reddy,tara.reddy4908@example.com,+91-64428-22697,2015-02-03,O,"331, Park Avenue",Bengaluru,Karnataka,India,560001,2022-07-02,Platinum,No
C004909,Rahul,Bose,rahul.bose4909@example.com,+91-98290-49967,1979-07-03,F,"328, Park Avenue",Mumbai,Maharashtra,India,400001,2025-09-23,Bronze,1
C004910,Sanjay,Menon,sanjay.menon4910@example.com,+91-98165-80626,1995-12-08,O,"1, Hill View",Pune,Maharashtra,India,411001,2023-12-24,Bronze,Y
C004911,Lakshmi,Jain,lakshmi.jain4911@example.com,+91-72331-88227,2016-08-19,Female,"599, Market Street",Chennai,Tamil Nadu,India,600001,2023-06-15,Platinum,false
C004912,Ira,Joshi,ira.joshi4912@example.com,+91-91114-45988,1981-11-21,Other,"946, Station Road",Seattle,Washington,United States,98101,2025-05-05,Bronze,1
C004913,Riya,Jain,riya.jain4913@example.com,+91-90167-96995,1998-02-13,F,"890, MG Road",Pune,Maharashtra,India,411001,2025-03-02,Silver,Y
C004914,Tara,Gupta,tara.gupta4914@example.com,+91-89180-86659,1984-01-03,Other,"37, Station Road",Pune,Maharashtra,India,411001,2022-05-29,Silver,Y
C004915,Nisha,Kumar,nisha.kumar4915@example.com,+91-95806-89508,2010-11-02,female,"51, Lake Road",Mumbai,Maharashtra,India,400001,2022-03-07,Silver,1
C004916,Priya,Nair,priya.nair4916@example.com,+91-66972-42464,1986-07-10,Other,"66, Hill View",Kochi,Kerala,India,682001,2026-05-11,Platinum,false
C004917,Varun,Verma,varun.verma4917@example.com,+91-63554-76493,1979-09-02,Female,"192, Park Avenue",Delhi,Delhi,India,110001,2024-12-31,Gold,N
C004918,Pooja,Jain,pooja.jain4918@example.com,+91-76730-69026,2013-03-02,Other,"710, Station Road",London,England,United Kingdom,SW1A1AA,2023-03-08,Silver,Y
C004919,Pooja,Jain,pooja.jain4919@example.com,+91-83739-65067,2004-05-26,F,"35, Lake Road",Seattle,Washington,United States,98101,2025-09-06,Bronze,No
C004920,Ananya,Pillai,ananya.pillai4920@example.com,+91-75485-96919,1981-11-27,O,"801, Lake Road",Bengaluru,Karnataka,India,560001,2025-02-10,Gold,No
C004921,Dev,Verma,dev.verma4921@example.com,+91-70454-80892,1991-02-01,Male,"747, MG Road",Kolkata,West Bengal,India,700001,2023-06-22,Bronze,N
C004922,Akash,Jain,akash.jain4922@example.com,+91-78175-55600,2000-11-14,male,"980, Lake Road",Seattle,Washington,United States,98101,2024-04-14,Platinum,0
C004923,Diya,Mehta,diya.mehta4923@example.com,+91-72591-67826,1992-08-04,F,"497, Lake Road",Hyderabad,Telangana,India,500001,2026-04-10,Gold,No
C004924,Maya,Das,maya.das4924@example.com,+91-76627-71666,2005-08-31,Other,"102, MG Road",Kochi,Kerala,India,682001,2025-06-19,Gold,0
C004925,Pooja,Patel,pooja.patel4925@example.com,+91-78351-43524,1985-03-20,Male,"466, Park Avenue",Kochi,Kerala,India,682001,2026-05-18,Platinum,N
C004926,Tara,Pillai,tara.pillai4926@example.com,+91-81842-76825,2015-12-15,O,"117, Park Avenue",Delhi,Delhi,India,110001,2026-02-25,Gold,Yes
C004927,Meera,Singh,meera.singh4927@example.com,+91-80959-25315,1997-06-18,Other,"436, Market Street",Seattle,Washington,United States,98101,2025-08-04,Silver,N
C004928,Riya,Das,riya.das4928@example.com,+91-99749-15635,2018-04-30,Male,"490, Hill View",London,England,United Kingdom,SW1A1AA,2023-05-31,Bronze,false
C004929,Pooja,Patel,pooja.patel4929@example.com,+91-82019-39687,1990-05-02,M,"606, Hill View",Austin,Texas,United States,78701,2025-11-06,Bronze,Yes
C004930,Manoj,Mehta,manoj.mehta4930@example.com,+91-60572-16809,1987-08-31,Other,"38, Park Avenue",Toronto,Ontario,Canada,M5H2N2,2025-01-13,Bronze,0
C004931,Diya,Menon,diya.menon4931@example.com,+91-66872-86948,1994-04-22,female,"459, Station Road",Austin,Texas,United States,78701,2023-02-15,Silver,No
C004932,Nisha,Joshi,nisha.joshi4932@example.com,+91-88944-11777,2016-03-09,female,"188, Market Street",Kolkata,West Bengal,India,700001,2025-08-23,Platinum,Y
C004933,Aanya,Iyer,aanya.iyer4933@example.com,+91-66783-46503,1984-04-01,male,"510, Station Road",Seattle,Washington,United States,98101,2022-03-02,Silver,true
C004934,Kabir,Verma,kabir.verma4934@example.com,+91-76834-86997,2002-07-29,Other,"938, Lake Road",Kochi,Kerala,India,682001,2022-02-06,Bronze,Y
C004935,Sanjay,Sharma,Sanjay.Sharma.invalid,+91-81242-32151,2019-10-16,O,"17, MG Road",Kolkata,West Bengal,India,700001,2023-03-25,Platinum,false
C004936,Kiran,Kapoor,kiran.kapoor4936@example.com,+91-67416-88210,1992-04-16,Other,"970, MG Road",Austin,Texas,United States,78701,2026-04-14,Platinum,0
C004937,Ira,Mehta,ira.mehta4937@example.com,+91-63500-94671,2003-12-20,Male,"334, Park Avenue",Hyderabad,Telangana,India,500001,2024-06-19,Platinum,true
C004938,Sanjay,Kumar,sanjay.kumar4938@example.com,+91-84546-76551,1986-10-21,Female,"828, Market Street",London,England,United Kingdom,SW1A1AA,2026-03-10,Platinum,0
C004939,Sanjay,Gupta,sanjay.gupta4939@example.com,+91-78632-37445,2004-10-09,F,"415, MG Road",Austin,Texas,United States,78701,2023-11-12,Silver,1
C004940,Rahul,Nair,rahul.nair4940@example.com,+91-63241-26047,1979-04-18,Male,"391, Market Street",Bengaluru,Karnataka,India,560001,2022-09-24,Platinum,N
C004941,Kiran,Mehta,kiran.mehta4941@example.com,ABC123,2017-12-29,O,"608, Market Street",Seattle,Washington,United States,98101,2023-02-18,Silver,false
C004942,Rahul,Bose,rahul.bose4942@example.com,+91-87508-34194,1998-07-09,female,"380, Hill View",Toronto,Ontario,Canada,M5H2N2,2023-12-19,Silver,1
C004943,Ishaan,Menon,ishaan.menon4943@example.com,+91-84427-48113,2013-04-12,male,"256, Park Avenue",Seattle,Washington,United States,98101,2022-09-14,Platinum,true
C004944,Akash,Pillai,akash.pillai4944@example.com,+91-87438-18834,2016-06-19,male,"905, Market Street",Pune,Maharashtra,India,411001,2022-07-11,Silver,false
C004945,Diya,Kapoor,diya.kapoor4945@example.com,+91-90363-11180,2014-02-01,F,"6, Lake Road",Hyderabad,Telangana,India,500001,2022-07-30,Gold,true
C004946,Vikram,Gupta,vikram.gupta4946@example.com,+91-94898-98513,2003-01-23,male,"946, Hill View",Seattle,Washington,United States,98101,2024-10-25,Bronze,true
C004947,Riya,Bose,riya.bose4947@example.com,+91-82074-12407,2012-06-08,female,"165, Market Street",Toronto,Ontario,U.S.A.,M5H2N2,2026-05-06,Platinum,1
C004948,Ira,Rao,ira.rao4948@example.com,+91-67204-58030,1989-03-21,Other,"247, Station Road",Seattle,Washington,United States,98101,2022-04-27,Platinum,No
C004949,Dev,Joshi,dev.joshi4949@example.com,+91-96591-65686,1981-07-02,male,"732, Lake Road",Kochi,Kerala,India,682001,2026-01-18,Platinum,false
C004950,Neha,Pillai,neha.pillai4950@example.com,+91-86850-80123,1985-07-05,Female,"564, Station Road",Kolkata,West Bengal,India,700001,2025-12-27,Bronze,0
C004951,Vikram,Kapoor,vikram.kapoor4951@example.com,+91-79423-32373,1996-09-01,female,"666, Market Street",Delhi,Delhi,India,110001,2024-02-22,Bronze,Yes
C004952,Sneha,Mehta,sneha.mehta4952@example.com,+91-80596-93418,1987-04-18,M,"584, Hill View",Pune,Maharashtra,India,411001,2024-03-24,Gold,false
C004953,Kavya,Kapoor,kavya.kapoor4953@example.com,+91-66935-68765,1988-06-07,Female,"503, Station Road",Toronto,Ontario,Canada,M5H2N2,2022-08-04,Silver,0
C004954,Zoya,Mehta,zoya.mehta4954@example.com,+91-96671-29505,2007-01-13,F,"319, Market Street",Bengaluru,Karnataka,India,560001,2024-06-25,Gold,1
C004955,Aditya,Bose,aditya.bose4955@example.com,+91-71221-34363,2009-01-24,Other,"540, Lake Road",Kochi,Kerala,India,682001,2023-11-29,Platinum,true
C004956,Arjun,Nair,arjun.nair4956@example.com,+91-98223-19098,1991-10-22,Female,"752, Market Street",Hyderabad,Telangana,India,500001,2023-04-30,Bronze,0
C004957,Pooja,Joshi,pooja.joshi4957@example.com,+91-77331-61567,2001-07-20,Female,"859, Hill View",Seattle,Washington,United States,98101,2022-07-06,Gold,No
C004958,Aditya,Bose,aditya.bose4958@example.com,+91-62670-50917,1991-04-19,Other,"322, Hill View",Toronto,Ontario,Canada,M5H2N2,2024-06-19,Silver,Yes
C004959,Pooja,Sharma,pooja.sharma4959@example.com,+91-83572-36435,1992-10-04,Other,"952, Park Avenue",Austin,Texas,United States,78701,2022-07-20,Bronze,N
C004960,Maya,Verma,maya.verma4960@example.com,+91-95813-64833,2012-03-06,M,"939, Market Street",Pune,Maharashtra,India,411001,2022-12-09,Gold,0
C004961,Manoj,Gupta,manoj.gupta4961@example.com,+91-79625-35768,2013-05-14,F,"529, Park Avenue",Austin,Texas,United States,78701,2025-10-25,Bronze,true
C004962,Sanjay,Mehta,sanjay.mehta4962@example.com,+91-81065-63351,1980-04-30,female,"75, MG Road",Chennai,Tamil Nadu,India,600001,2026-01-06,Silver,1
C004963,Kabir,Mehta,kabir.mehta4963@example.com,+91-67996-84496,2000-02-22,F,"190, Hill View",London,England,United Kingdom,SW1A1AA,2023-12-04,Bronze,false
C004964,Ananya,Iyer,ananya.iyer4964@example.com,+91-89407-44948,1982-08-12,male,"364, Market Street",Kolkata,West Bengal,India,700001,2023-06-15,Bronze,1
C004965,Tara,Reddy,tara.reddy4965@example.com,+91-86760-47473,1978-12-12,Male,"477, Market Street",Kolkata,West Bengal,India,700001,2023-12-13,Platinum,N
C004966,Varun,Pillai,varun.pillai4966@example.com,+91-99229-10204,2016-08-19,Other,"139, Park Avenue",Kochi,Kerala,India,682001,2026-01-30,Silver,Yes
C004967,Diya,Singh,diya.singh4967@example.com,+91-88502-60405,2013-07-31,Female,"284, Park Avenue",Pune,Maharashtra,India,411001,2023-07-26,Bronze,Y
C004968,Pooja,Jain,pooja.jain4968@example.com,+91-93130-16136,2017-01-18,Other,"153, MG Road",Bengaluru,Karnataka,India,560001,2024-08-22,Gold,false
C004969,Sneha,Patel,sneha.patel4969@example.com,+91-83460-62165,2015-10-31,Other,"493, Lake Road",Austin,Texas,United States,78701,2023-12-29,Bronze,0
C004970,Sneha,Singh,sneha.singh4970@example.com,+91-80709-43244,1998-10-25,M,"697, Station Road",Kochi,Kerala,India,682001,2025-01-01,Bronze,0
C004971,Riya,Gupta,riya.gupta4971@example.com,+91-96342-18675,2002-12-10,Other,"954, Station Road",Mumbai,Maharashtra,India,400001,2023-07-24,Silver,No
C004972,,Verma,sanjay.verma4972@example.com,+91-94936-34020,2002-09-21,male,"882, Park Avenue",Kolkata,West Bengal,India,700001,2023-02-24,Gold,1
C004973,Zoya,Nair,zoya.nair4973@example.com,+91-94458-87471,2006-12-02,male,"138, MG Road",Kochi,Kerala,India,682001,2024-09-15,Gold,No
C004974,Varun,Joshi,varun.joshi4974@example.com,+91-63877-99790,1998-04-24,F,"44, MG Road",Delhi,Delhi,India,110001,2024-05-22,Gold,Y
C004975,Aditya,Chopra,aditya.chopra4975@example.com,+91-61619-95208,2003-01-03,Male,"875, MG Road",Kochi,Kerala,India,682001,2022-02-27,Bronze,true
C004976,Manoj,Patel,manoj.patel4976@example.com,+91-70865-69929,2018-08-23,Other,"449, Park Avenue",Pune,Maharashtra,India,411001,2026-02-06,Bronze,false
C004977,Maya,Gupta,maya.gupta4977@example.com,+91-84945-58031,1989-07-21,Other,"148, Hill View",Austin,Texas,United States,78701,31-02-2025,Silver,false
C004978,Arjun,Mehta,arjun.mehta4978@example.com,+91-75750-67469,2003-03-25,female,"67, Market Street",Bengaluru,Karnataka,India,??,2025-07-04,Bronze,N
C004979,Dev,Joshi,dev.joshi4979@example.com,+91-83517-46623,2013-06-29,Other,"976, Hill View",Bengaluru,Karnataka,India,560001,2026-03-17,Bronze,false
C004980,Zoya,Rao,zoya.rao4980@example.com,+91-97447-19912,1981-10-28,Male,"342, Hill View",Chennai,Tamil Nadu,India,600001,2026-01-09,Platinum,N
C004981,Meera,Reddy,meera.reddy4981@example.com,+91-77032-52797,1996-02-14,Female,"864, MG Road",Mumbai,Maharashtra,India,400001,2022-03-14,Silver,false
C004982,Tara,Bose,Tara.Bose.invalid,+91-95337-34171,2006-07-24,F,"814, Market Street",Hyderabad,Telangana,India,500001,2023-01-03,Gold,1
C004983,Aditya,Sharma,aditya.sharma4983@example.com,+91-96394-66587,1997-01-17,female,"233, Lake Road",Toronto,Ontario,Canada,M5H2N2,2026-06-04,Platinum,Yes
C004984,Priya,Rao,priya.rao4984@example.com,+91-97901-95594,1995-03-24,F,"28, Hill View", KOCHI ,Kerala,India,682001,2024-03-26,Bronze,Yes
C004985,Akash,Gupta,akash.gupta4985@example.com,+91-82528-74652,1986-08-05,O,"152, MG Road",Bengaluru,Karnataka,India,560001,2025-07-29,Bronze,Yes
C004986,Rahul,Pillai,rahul.pillai4986@example.com,+91-64803-65347,2007-10-01,Other,"806, MG Road",Seattle,Washington,United States,98101,2024-05-12,Platinum,No
C004987,Rahul,Pillai,rahul.pillai4987@example.com,+91-81413-73190,1986-09-02,M,"465, Park Avenue",Kolkata,West Bengal,India,700001,2022-02-22,Platinum,Yes
C004988,Aanya,Rao,aanya.rao4988@example.com,+91-84082-59918,2005-05-30,O,"394, Lake Road",London,England,United Kingdom,SW1A1AA,2026-01-23,Silver,N
C004989,Meera,Singh,meera.singh4989@example.com,+91-68008-73019,2005-06-13,Other,"435, Station Road",Mumbai,Maharashtra,India,400001,2023-12-03,Gold,false
C004990,Kabir,Jain,kabir.jain4990@example.com,+91-97633-56999,1987-06-19,female,"433, Lake Road",Austin,Texas,United States,78701,2026-05-17,Gold,No
C004991,Neha,Shah,neha.shah4991@example.com,+91-91526-75195,2002-12-23,F,"431, Park Avenue",Kolkata,West Bengal,India,700001,2022-04-14,Gold,true
C004992,Riya,Reddy,riya.reddy4992@example.com,+91-95988-71739,1995-01-04,O,"371, Hill View",Kolkata,West Bengal,India,700001,2024-09-03,Gold,Y
C004993,Sanjay,Das,sanjay.das4993@example.com,+91-88227-37334,2017-02-19,male,"787, Market Street",Mumbai,Maharashtra,India,400001,2025-05-31,Platinum,No
C004994,Rohan,Kumar,rohan.kumar4994@example.com,+91-63227-76692,2006-11-30,female,"932, Lake Road",Toronto,Ontario,Canada,M5H2N2,2026-02-28,Platinum,true
C004995,Meera,Sharma,meera.sharma4995@example.com,+91-70166-95035,1983-09-03,F,"110, Hill View",Kolkata,West Bengal,India,700001,2025-01-15,Bronze,No
C004996,Nisha,Kumar,nisha.kumar4996@example.com,+91-89251-87654,1980-05-26,Other,"69, Station Road",Toronto,Ontario,Canada,M5H2N2,2024-10-18,Bronze,true
C004997,Varun,Mehta,varun.mehta4997@example.com,+91-78717-96549,1984-06-04,F,"815, Market Street",Austin,Texas,United States,78701,2026-06-19,Platinum,Y
C004998,Dev,Nair,dev.nair4998@example.com,+91-72118-72229,2001-08-13,female,"512, MG Road",Mumbai,Maharashtra,India,400001,2025-11-15,Platinum,false
C004999,Arjun,Pillai,arjun.pillai4999@example.com,+91-93996-30597,2018-05-29,Female,"358, Market Street",Austin,Texas,United States,78701,2023-04-18,Bronze,Yes
C005000,Lakshmi,Joshi,lakshmi.joshi5000@example.com,+91-66914-13999,2005-08-17,female,"570, Hill View",Toronto,Ontario,Canada,M5H2N2,2024-09-16,Platinum,false
C005001,Sanjay,Pillai,sanjay.pillai5001@example.com,+91-83912-56841,1980-04-28,M,"225, Lake Road",Bengaluru,Karnataka,India,560001,2026-03-07,Gold,Y
C005002,Maya,Singh,maya.singh5002@example.com,ABC123,2003-12-24,Other,"966, MG Road",Kochi,Kerala,India,682001,2024-09-04,Silver,N
C005003,Varun,Reddy,varun.reddy5003@example.com,+91-74817-93910,2016-04-23,M,"668, Park Avenue",Bengaluru,Karnataka,India,560001,2024-11-13,Bronze,true
C005004,Varun,Joshi,varun.joshi5004@example.com,+91-83080-98883,2018-04-13,Male,"765, MG Road",Kochi,Kerala,India,682001,2024-01-23,Platinum,N
C005005,Neha,Reddy,neha.reddy5005@example.com,+91-71901-92820,2014-07-26,M,"741, Park Avenue",Pune,Maharashtra,India,411001,2022-04-16,Gold,Yes
C005006,Arjun,Verma,arjun.verma5006@example.com,+91-71673-60463,1986-11-05,Male,"83, Lake Road",Delhi,Delhi,India,110001,2025-09-13,Platinum,Yes
C005007,Priya,Gupta,priya.gupta5007@example.com,+91-77443-78532,1987-07-27,Female,"805, Market Street",Chennai,Tamil Nadu,India,600001,2023-11-22,Bronze,0
C005008,Ira,Joshi,ira.joshi5008@example.com,+91-96236-36533,1982-11-28,Male,"686, Hill View",Toronto,Ontario,Canada,M5H2N2,2026-06-22,Bronze,1
C005009,Sneha,Bose,sneha.bose5009@example.com,+91-81443-82076,2018-03-24,Male,"591, MG Road",Pune,Maharashtra,India,411001,2025-06-13,Bronze,0
C005010,Akash,Sharma,akash.sharma5010@example.com,+91-80494-95234,2011-12-28,Female,"447, Lake Road",Pune,Maharashtra,India,411001,2023-06-14,Silver,Y
C005011,Pooja,Jain,pooja.jain5011@example.com,+91-66553-16417,2012-04-23,M,"454, Station Road",Pune,Maharashtra,India,411001,2022-06-17,Gold,Y
C005012,Dev,Mehta,dev.mehta5012@example.com,+91-98519-87496,2019-04-18,Female,"651, Station Road",London,England,United Kingdom,SW1A1AA,2023-01-18,Bronze,false
C005013,Sneha,Kumar,sneha.kumar5013@example.com,+91-92482-64947,1996-06-02,Female,"202, Station Road",Delhi,Delhi,India,110001,2026-01-19,Gold,1
C005014,Nisha,Patel,nisha.patel5014@example.com,+91-97808-78045,2002-02-17,Female,"803, Market Street",Hyderabad,Telangana,India,500001,2024-11-10,Platinum,Yes
C005015,Aarav,Kapoor,aarav.kapoor5015@example.com,+91-92551-62055,2004-10-14,Female,"371, Park Avenue",Austin,Texas,United States,78701,2025-07-14,Gold,false
C005016,Rahul,Bose,rahul.bose5016@example.com,+91-68879-22953,1988-07-01,Other,"134, Station Road",Kolkata,West Bengal,India,700001,2022-07-04,Platinum,true
BAD5017,Aanya,Mehta,aanya.mehta5017@example.com,+91-83778-35797,2011-03-31,O,"821, Hill View",Austin,Texas,United States,78701,2025-12-14,Gold,Y
C005018,Lakshmi,Pillai,lakshmi.pillai5018@example.com,+91-81517-82487,2003-09-04,O,"604, MG Road",Seattle,Washington,United States,98101,2022-01-25,Platinum,1
C005019,Aanya,Jain,aanya.jain5019@example.com,+91-71615-28952,1988-10-29,Male,"241, Park Avenue",Austin,Texas,United States,78701,2022-01-26,Platinum,No
C005020,Priya,Gupta,priya.gupta5020@example.com,+91-85218-33790,1985-12-09,O,"526, Lake Road",Bengaluru,Karnataka,India,560001,2022-02-24,Platinum,0
C005021,Pooja,Gupta,pooja.gupta5021@example.com,+91-79176-59394,2015-10-12,F,"830, Park Avenue",Pune,Maharashtra,India,411001,2023-07-25,Silver,1
C005022,Vikram,Chopra,vikram.chopra5022@example.com,+91-92326-78768,2006-05-26,Male,"852, Lake Road",Pune,Maharashtra,India,411001,2025-03-07,Bronze,false
C005023,Kiran,Shah,kiran.shah5023@example.com,+91-91927-28238,1994-02-07,Female,"645, Station Road",Pune,Maharashtra,India,411001,2023-06-10,Bronze,1
C005024,Diya,Kapoor,diya.kapoor5024@example.com,+91-69618-36181,2009-12-20,male,"83, Hill View",Chennai,Tamil Nadu,India,600001,2025-05-06,VIP,0
C005025,Sneha,Verma,sneha.verma5025@example.com,+91-66471-27438,2000-09-13,female,"109, MG Road",Austin,Texas,United States,78701,2024-06-26,Platinum,false
C005026,Lakshmi,Kapoor,lakshmi.kapoor5026@example.com,+91-65754-44517,2011-02-12,Female,"847, Station Road",Austin,Texas,United States,78701,2024-03-24,Platinum,1
C005027,Aditya,Reddy,aditya.reddy5027@example.com,+91-72792-70473,2011-09-28,Male,"908, Station Road",Seattle,Washington,United States,98101,2024-01-07,Silver,Yes
C005028,Akash,Shah,akash.shah5028@example.com,+91-82875-74464,1983-11-18,female,"977, Lake Road",Toronto,Ontario,Canada,M5H2N2,2022-08-04,Platinum,false
C005029,Vikram,Das,Vikram.Das.invalid,+91-88510-47968,1984-03-25,F,"893, Park Avenue",Toronto,Ontario,Canada,M5H2N2,2023-11-17,Silver,false
C005030,Manoj,Pillai,manoj.pillai5030@example.com,+91-77103-24740,1993-11-22,Other,"734, Lake Road",Chennai,Tamil Nadu,India,600001,2024-11-27,Silver,1
C005031,Riya,Singh,riya.singh5031@example.com,+91-61012-84807,1982-06-14,female,"721, Lake Road",Pune,Maharashtra,India,411001,2026-02-03,Platinum,Yes
C005032,Kabir,Nair,kabir.nair5032@example.com,+91-86604-85677,1996-05-22,F,"355, Park Avenue",Austin,Texas,United States,78701,2024-10-04,Bronze,Y
C005033,Kabir,Gupta,kabir.gupta5033@example.com,+91-67004-61529,2015-07-12,Male,"15, Hill View",Mumbai,Maharashtra,India,400001,2025-05-11,Platinum,1
C005034,Nisha,Kapoor,nisha.kapoor5034@example.com,+91-84036-78797,1979-08-11,O,"405, Station Road",Seattle,Washington,United States,98101,2023-02-20,Silver,true
C005035,Diya,Shah,diya.shah5035@example.com,+91-70745-92253,1978-02-14,Female,"177, Station Road",Pune,Maharashtra,India,411001,2022-05-14,Platinum,N
C005036,Sneha,Gupta,sneha.gupta5036@example.com,+91-90499-71244,2016-04-28,Female,"432, Lake Road",Pune,Maharashtra,India,411001,2026-06-18,Platinum,No
C005037,Priya,Mehta,priya.mehta5037@example.com,+91-78268-90004,1992-02-13,male,"4, Market Street",Delhi,Delhi,India,110001,2024-01-14,Bronze,Y
C005038,Kabir,Nair,kabir.nair5038@example.com,+91-69959-58353,1999-01-15,M,"15, Park Avenue",Chennai,Tamil Nadu,India,600001,2023-01-03,Platinum,No
C005039,Lakshmi,Verma,lakshmi.verma5039@example.com,+91-98734-43170,1980-01-22,M,"178, Lake Road",Bengaluru,Karnataka,India,560001,2024-05-06,Gold,No
C005040,Diya,Mehta,diya.mehta5040@example.com,+91-60036-30683,1981-11-24,Female,"72, MG Road",Austin,Texas,United States,78701,2026-03-15,Gold,true
C005041,Kabir,Patel,kabir.patel5041@example.com,+91-78078-54003,1997-06-16,Other,"309, Park Avenue",Delhi,Delhi,India,110001,2024-11-06,Platinum,false
C005042,Kavya,Chopra,kavya.chopra5042@example.com,+91-79527-11011,2017-05-01,male,"579, Hill View",Chennai,Tamil Nadu,India,600001,2024-04-23,Bronze,false
C005043,Manoj,Iyer,manoj.iyer5043@example.com,+91-95052-84004,2007-10-26,male,"653, MG Road",Hyderabad,Telangana,India,500001,2026-04-16,Platinum,true
C005044,Riya,Singh,riya.singh5044@example.com,+91-94362-63444,1992-08-21,O,"955, Station Road",Seattle,Washington,U.S.A.,98101,2024-02-10,Silver,1
C005045,Priya,Nair,priya.nair5045@example.com,+91-63796-46796,1985-07-21,Male,"937, MG Road",Toronto,Ontario,Canada,M5H2N2,2025-01-18,Platinum,0
C005046,Kiran,Kapoor,kiran.kapoor5046@example.com,+91-78594-98425,1980-11-05,Female,"742, Market Street",Chennai,Tamil Nadu,India,600001,2022-07-11,Gold,N
C005047,Pooja,Sharma,pooja.sharma5047@example.com,+91-86941-29702,1992-08-31,male,"515, Hill View",Toronto,Ontario,Canada,M5H2N2,2024-04-23,Gold,Y
C005048,Vikram,Shah,vikram.shah5048@example.com,+91-73710-98650,2013-08-02,M,"241, Station Road",Pune,Maharashtra,India,411001,2023-07-04,Gold,true
C005049,Nisha,Shah,nisha.shah5049@example.com,+91-81700-91881,2006-08-05,M,"854, Park Avenue",Austin,Texas,United States,78701,2025-02-07,Bronze,true
C005050,Nisha,Reddy,nisha.reddy5050@example.com,+91-81645-18087,2000-10-19,O,"447, Lake Road",Hyderabad,Telangana,India,500001,2023-03-12,Bronze,true
C005051,Priya,Shah,priya.shah5051@example.com,+91-61709-84797,2001-09-05,Other,"128, Park Avenue",Delhi,Delhi,India,110001,2023-01-29,Platinum,Y
C005052,Aditya,Rao,aditya.rao5052@example.com,+91-61852-86438,1979-04-16,Female,"992, Park Avenue",Pune,Maharashtra,India,411001,2026-04-10,Silver,Y
C005053,Priya,Verma,priya.verma5053@example.com,+91-95799-70513,2007-06-13,Other,"704, Station Road",Mumbai,Maharashtra,India,400001,2025-01-13,Silver,N
C005054,Ira,Das,ira.das5054@example.com,+91-60067-11580,1983-10-02,Other,"562, Station Road",Delhi,Delhi,India,110001,2025-03-29,Silver,true
C005055,Maya,Gupta,maya.gupta5055@example.com,+91-96323-64185,1996-06-03,M,"534, Market Street",Bengaluru,Karnataka,India,560001,2026-02-26,Gold,Yes
C005056,Meera,Gupta,meera.gupta5056@example.com,+91-70550-75306,2006-07-13,F,"177, Station Road",Kolkata,West Bengal,India,700001,31-02-2025,Bronze,Y
C005057,Arjun,Mehta,arjun.mehta5057@example.com,+91-73044-37308,1991-10-10,Other,"519, MG Road",Hyderabad,Telangana,India,500001,2025-11-24,Bronze,Yes
C005058,Dev,Joshi,dev.joshi5058@example.com,+91-88915-48089,2014-03-20,M,"50, Station Road",Kochi,Kerala,India,682001,2023-08-05,Silver,false
C005059,Maya,Pillai,maya.pillai5059@example.com,+91-89927-30465,2016-01-28,Male,"72, Market Street",Seattle,Washington,United States,98101,2024-09-07,Bronze,Yes
C005060,Ishaan,Bose,ishaan.bose5060@example.com,+91-61621-43610,1994-10-24,F,"540, Station Road",Mumbai,Maharashtra,India,400001,2024-11-19,Silver,Yes
C005061,Sanjay,Patel,sanjay.patel5061@example.com,+91-70059-58351,2003-08-26,F,"39, Station Road",Bengaluru,Karnataka,India,560001,2025-05-30,Silver,Yes
C005062,Kabir,Kumar,kabir.kumar5062@example.com,+91-82546-88055,1992-02-04,male,"877, Station Road",Austin,Texas,United States,78701,2026-04-10,Platinum,0
C005063,Sneha,Verma,sneha.verma5063@example.com,ABC123,2014-07-08,Male,"655, Park Avenue",Chennai,Tamil Nadu,India,600001,2024-05-05,Bronze,N
C005064,Rohan,Rao,rohan.rao5064@example.com,+91-74101-13361,2015-07-31,female,"242, MG Road",Kolkata,West Bengal,India,700001,2024-08-30,Silver,Y
C005065,Kavya,Gupta,kavya.gupta5065@example.com,+91-91614-76861,1997-07-03,M,"464, Park Avenue",Hyderabad,Telangana,India,500001,2022-10-02,Bronze,1
C005066,Pooja,Joshi,pooja.joshi5066@example.com,+91-63501-32056,1986-08-10,M,"199, Station Road",Chennai,Tamil Nadu,India,600001,2023-10-27,Gold,1
C005067,Aditya,Patel,aditya.patel5067@example.com,+91-81958-64368,2016-12-11,M,"142, Market Street",Hyderabad,Telangana,India,500001,2022-05-02,Bronze,true
C005068,Rahul,Gupta,rahul.gupta5068@example.com,+91-77376-20540,2008-01-16,Female,"167, Station Road",Mumbai,Maharashtra,India,400001,2024-05-05,Silver,Yes
C005069,Akash,Iyer,akash.iyer5069@example.com,+91-71468-60727,2009-09-21,O,"918, Park Avenue",Austin,Texas,United States,78701,2023-09-01,Gold,Yes
C005070,Akash,Kapoor,akash.kapoor5070@example.com,+91-68522-13324,1992-01-27,Female,"966, MG Road",Kolkata,West Bengal,India,700001,2022-05-07,Platinum,true
C005071,Diya,Nair,diya.nair5071@example.com,+91-92606-38709,1992-03-01,M,"252, Market Street",Delhi,Delhi,India,110001,2025-07-01,Silver,N
C005072,Aarav,Sharma,aarav.sharma5072@example.com,+91-77899-75793,2015-07-24,F,"426, Lake Road",Delhi,Delhi,India,110001,2023-12-27,Gold,Y
C005073,Pooja,Reddy,pooja.reddy5073@example.com,+91-99884-60654,2006-11-03,M,"527, Lake Road", MUMBAI ,Maharashtra,India,400001,2024-12-09,Platinum,N
C005074,Diya,Mehta,diya.mehta5074@example.com,+91-90843-89983,2011-09-24,Other,"311, Hill View",Bengaluru,Karnataka,India,560001,2025-08-15,Platinum,Y
C005075,Lakshmi,Shah,lakshmi.shah5075@example.com,+91-83333-75078,2000-09-07,M,"745, Market Street",Chennai,Tamil Nadu,India,600001,2022-06-03,Bronze,true
C005076,Sneha,Mehta,Sneha.Mehta.invalid,+91-86467-53506,2004-12-13,O,"980, Market Street",Seattle,Washington,United States,98101,2024-07-09,Platinum,false
C005077,Lakshmi,Jain,lakshmi.jain5077@example.com,+91-98845-43889,1998-04-24,Male,"558, MG Road",Bengaluru,Karnataka,India,560001,2022-09-15,Silver,N
C005078,Rahul,Nair,rahul.nair5078@example.com,+91-95130-45323,1985-05-11,O,"954, Station Road",Austin,Texas,United States,78701,2026-04-03,Silver,0
C005079,Maya,Menon,maya.menon5079@example.com,+91-68292-98719,1993-02-19,Other,"187, Lake Road",Mumbai,Maharashtra,India,400001,2024-01-28,Bronze,Yes
C005080,Ananya,Shah,ananya.shah5080@example.com,+91-99642-22138,2005-12-08,female,"810, Market Street",Austin,Texas,United States,78701,2022-07-03,Silver,0
C005081,Tara,Pillai,tara.pillai5081@example.com,+91-81639-60327,1997-08-16,F,"297, Hill View",Bengaluru,Karnataka,India,560001,2023-06-30,Platinum,Yes
C005082,Zoya,Mehta,zoya.mehta5082@example.com,+91-62258-49197,1979-07-28,Female,"772, Hill View",Bengaluru,Karnataka,India,560001,2025-08-16,Gold,Yes
C005083,Priya,Jain,priya.jain5083@example.com,+91-88443-80323,2016-11-10,Male,"993, Market Street",Bengaluru,Karnataka,India,560001,2022-12-05,Platinum,1
C005084,Rahul,Verma,rahul.verma5084@example.com,+91-68986-18606,1985-08-01,Female,"643, Lake Road",Kolkata,West Bengal,India,700001,2025-01-27,Gold,Y
C005085,,Bose,aarav.bose5085@example.com,+91-60932-77658,1989-12-18,male,"138, Station Road",Bengaluru,Karnataka,India,560001,2025-01-25,Platinum,false
C005086,Diya,Gupta,diya.gupta5086@example.com,+91-69589-43526,1996-09-22,male,"493, MG Road",Hyderabad,Telangana,India,500001,2025-02-16,Bronze,false
C005087,Arjun,Chopra,arjun.chopra5087@example.com,+91-76218-21626,1992-03-16,male,"642, Hill View",Toronto,Ontario,Canada,M5H2N2,2023-03-09,Platinum,Yes
C005088,Pooja,Pillai,pooja.pillai5088@example.com,+91-63839-74773,2015-02-06,female,"805, Park Avenue",Pune,Maharashtra,India,411001,2022-09-30,Silver,1
C005089,Zoya,Rao,zoya.rao5089@example.com,+91-62548-48845,1978-12-27,Other,"239, Market Street",Pune,Maharashtra,India,411001,2023-09-19,Silver,Yes
C005090,Kavya,Nair,kavya.nair5090@example.com,+91-73606-61076,1997-02-06,Female,"976, Lake Road",Delhi,Delhi,India,110001,2023-09-16,Bronze,0
C005091,Aanya,Singh,aanya.singh5091@example.com,+91-75941-93601,1999-03-03,F,"346, Hill View",Bengaluru,Karnataka,India,560001,2024-08-02,Platinum,Yes
C005092,Kavya,Sharma,kavya.sharma5092@example.com,+91-72487-49466,2016-11-18,Other,"866, Lake Road",Seattle,Washington,United States,98101,2025-11-09,Platinum,0
C005093,Rohan,Chopra,rohan.chopra5093@example.com,+91-96144-74478,2015-01-10,female,"707, MG Road",Bengaluru,Karnataka,India,560001,2024-07-17,Bronze,true
C005094,Aditya,Bose,aditya.bose5094@example.com,+91-79563-86657,1991-12-30,male,"746, Park Avenue",Bengaluru,Karnataka,India,560001,2025-11-30,Bronze,Yes
C005095,Vikram,Iyer,vikram.iyer5095@example.com,+91-98066-10057,2018-08-29,M,"611, Station Road",Toronto,Ontario,Canada,M5H2N2,2023-03-17,Platinum,Yes
C005096,Meera,Kapoor,meera.kapoor5096@example.com,+91-64265-72120,2002-11-05,M,"748, Lake Road",Austin,Texas,United States,78701,2025-05-23,Platinum,1
C005097,Aditya,Mehta,aditya.mehta5097@example.com,+91-85655-63220,2013-10-02,Male,"757, Station Road",Seattle,Washington,United States,98101,2024-03-12,Bronze,No
C005098,Vikram,Gupta,vikram.gupta5098@example.com,+91-68187-85687,2000-12-12,O,"731, MG Road",Toronto,Ontario,Canada,M5H2N2,2025-05-27,Bronze,true
C005099,Varun,Kapoor,varun.kapoor5099@example.com,+91-96299-37502,1999-01-06,Male,"584, Station Road",Kolkata,West Bengal,India,700001,2023-03-04,Gold,Yes
C005100,Lakshmi,Chopra,lakshmi.chopra5100@example.com,+91-64584-65120,2003-06-25,Female,"116, Lake Road",Kochi,Kerala,India,682001,2025-09-01,Silver,Y
C005101,Kavya,Chopra,kavya.chopra5101@example.com,+91-78103-99656,1987-09-28,Male,"824, MG Road",Kochi,Kerala,India,682001,2026-01-08,Silver,false
C005102,Rohan,Sharma,rohan.sharma5102@example.com,+91-76155-79922,2008-09-09,male,"343, Park Avenue",Chennai,Tamil Nadu,India,600001,2024-12-17,Gold,false
C005103,Meera,Gupta,meera.gupta5103@example.com,+91-82608-20845,1983-02-15,M,"995, Market Street",Bengaluru,Karnataka,India,560001,2024-05-22,Platinum,false
C005104,Arjun,Mehta,arjun.mehta5104@example.com,+91-78274-81152,1993-07-24,Female,"426, Park Avenue",Kochi,Kerala,India,682001,2024-06-19,Gold,false
C005105,Aarav,Menon,aarav.menon5105@example.com,+91-70015-80946,1979-10-10,Female,"885, Hill View",Kolkata,West Bengal,India,700001,2026-05-28,Silver,Y
C005106,Nisha,Chopra,nisha.chopra5106@example.com,+91-61436-84133,1988-07-10,female,"260, Lake Road",Seattle,Washington,United States,98101,2025-07-05,Gold,1
C005107,Rohan,Jain,rohan.jain5107@example.com,+91-68441-76774,2015-05-03,male,"146, Park Avenue",Austin,Texas,United States,78701,2023-05-12,Gold,No
C005108,Varun,Sharma,varun.sharma5108@example.com,+91-97360-30829,2013-05-24,M,"70, Market Street",Hyderabad,Telangana,India,500001,2025-02-14,Bronze,Y
C005109,Meera,Shah,meera.shah5109@example.com,+91-65719-30111,1986-01-07,male,"633, Hill View",Delhi,Delhi,India,??,2023-05-07,Gold,N
C005110,Maya,Kapoor,maya.kapoor5110@example.com,+91-62301-22871,2007-11-19,M,"954, Park Avenue",Seattle,Washington,United States,98101,2024-02-05,Silver,No
C005111,Kavya,Joshi,kavya.joshi5111@example.com,+91-82048-60982,2003-04-01,Other,"74, Station Road",Austin,Texas,United States,78701,2024-02-18,Gold,0
C005112,Rahul,Pillai,rahul.pillai5112@example.com,+91-75452-50947,2010-08-18,F,"786, Park Avenue",Bengaluru,Karnataka,India,560001,2022-04-02,Silver,Yes
C005113,Aanya,Chopra,aanya.chopra5113@example.com,+91-63009-84599,1981-04-17,O,"852, MG Road",London,England,United Kingdom,SW1A1AA,2025-06-17,Gold,Yes
C005114,Ishaan,Das,ishaan.das5114@example.com,+91-84069-17266,2013-04-27,O,"815, Hill View",Pune,Maharashtra,India,411001,2022-10-21,Platinum,Yes
C005115,Neha,Singh,neha.singh5115@example.com,+91-72802-19986,2011-08-22,F,"65, Market Street",Hyderabad,Telangana,India,500001,2022-09-11,Gold,Yes
C005116,Varun,Reddy,varun.reddy5116@example.com,+91-73801-92578,1998-07-21,Male,"743, MG Road",London,England,United Kingdom,SW1A1AA,2024-10-01,Silver,true
C005117,Ishaan,Nair,ishaan.nair5117@example.com,+91-99662-36180,1979-03-13,F,"790, Market Street",Kolkata,West Bengal,India,700001,2024-06-15,Silver,Y
C005118,Rahul,Jain,rahul.jain5118@example.com,+91-99199-45200,1997-05-13,F,"277, MG Road",Austin,Texas,United States,78701,2024-04-14,Bronze,false
C005119,Maya,Verma,maya.verma5119@example.com,+91-66486-43878,1986-04-26,Male,"624, MG Road",Kolkata,West Bengal,India,700001,2022-06-02,Silver,true
C005120,Varun,Gupta,varun.gupta5120@example.com,+91-82078-20142,2011-12-11,female,"361, Market Street",Mumbai,Maharashtra,India,400001,2025-03-11,Gold,0
C005121,Tara,Jain,tara.jain5121@example.com,+91-91828-11169,2004-02-28,Female,"564, MG Road",Hyderabad,Telangana,India,500001,2024-06-28,Silver,false
C005122,Riya,Gupta,riya.gupta5122@example.com,+91-78819-15996,1988-10-15,male,"1, Hill View",London,England,United Kingdom,SW1A1AA,2022-12-25,Platinum,1
C005123,Neha,Kapoor,Neha.Kapoor.invalid,+91-64494-40207,2000-03-21,Female,"613, Hill View",Toronto,Ontario,Canada,M5H2N2,2024-03-25,Bronze,Yes
C005124,Manoj,Bose,manoj.bose5124@example.com,ABC123,1996-04-18,Female,"502, MG Road",Kochi,Kerala,India,682001,2022-07-09,Bronze,Y
C005125,Tara,Mehta,tara.mehta5125@example.com,+91-82512-50374,2004-08-09,male,"53, Lake Road",Bengaluru,Karnataka,India,560001,2022-11-01,Platinum,No
C005126,Kavya,Iyer,kavya.iyer5126@example.com,+91-67988-42433,1996-11-16,M,"152, Station Road",Toronto,Ontario,Canada,M5H2N2,2024-09-02,Platinum,true
C005127,Sneha,Bose,sneha.bose5127@example.com,+91-99138-22853,1982-07-21,M,"405, Hill View",London,England,United Kingdom,SW1A1AA,2026-05-07,Platinum,N
C005128,Kiran,Nair,kiran.nair5128@example.com,+91-69094-58162,1980-06-23,Male,"397, MG Road",Hyderabad,Telangana,India,500001,2024-10-21,Bronze,false
C005129,Sanjay,Patel,sanjay.patel5129@example.com,+91-93912-39142,2002-02-23,M,"276, Park Avenue",Pune,Maharashtra,India,411001,2023-02-16,Silver,Yes
C005130,Manoj,Kapoor,manoj.kapoor5130@example.com,+91-94941-40909,2018-10-09,Female,"882, MG Road",Kolkata,West Bengal,India,700001,2024-04-25,Bronze,true
C005131,Lakshmi,Shah,lakshmi.shah5131@example.com,+91-62594-76562,2016-05-21,Other,"493, Hill View",London,England,United Kingdom,SW1A1AA,2022-02-18,Gold,Yes
C005132,Tara,Singh,tara.singh5132@example.com,+91-92661-44116,1999-08-20,Female,"294, MG Road",Mumbai,Maharashtra,India,400001,2022-08-22,Platinum,0
C005133,Varun,Menon,varun.menon5133@example.com,+91-64251-31600,2007-09-27,F,"342, Station Road",Kolkata,West Bengal,India,700001,2024-03-11,Bronze,Y
C005134,Dev,Joshi,dev.joshi5134@example.com,+91-81775-40196,1979-08-24,male,"105, MG Road",Kolkata,West Bengal,India,700001,2025-03-22,Platinum,1
C005135,Priya,Jain,priya.jain5135@example.com,+91-93191-52171,2001-09-28,Male,"666, Lake Road",Kolkata,West Bengal,India,700001,31-02-2025,Silver,false
C005136,Sneha,Verma,sneha.verma5136@example.com,+91-96646-41488,1980-07-29,Female,"716, Hill View",Toronto,Ontario,Canada,M5H2N2,2026-05-17,Bronze,1
C005137,Rahul,Shah,rahul.shah5137@example.com,+91-75069-24529,1995-12-17,M,"94, MG Road",Austin,Texas,United States,78701,2024-07-11,Silver,Yes
C005138,Vikram,Joshi,vikram.joshi5138@example.com,+91-75123-49365,1980-03-30,Other,"48, MG Road",Toronto,Ontario,Canada,M5H2N2,2025-09-02,Bronze,No
C005139,Akash,Chopra,akash.chopra5139@example.com,+91-96686-64317,1997-02-27,O,"69, Station Road",Seattle,Washington,United States,98101,2023-09-03,Silver,1
C005140,Aanya,Mehta,aanya.mehta5140@example.com,+91-72950-71502,1986-06-29,M,"931, Hill View",Bengaluru,Karnataka,India,560001,2023-01-29,Silver,Y
C005141,Vikram,Jain,vikram.jain5141@example.com,+91-75865-11133,1978-05-10,Male,"225, Hill View",Chennai,Tamil Nadu,U.S.A.,600001,2023-07-01,Platinum,false
C005142,Manoj,Kapoor,manoj.kapoor5142@example.com,+91-87337-31709,1985-08-15,M,"851, Park Avenue",Delhi,Delhi,India,110001,2023-05-10,Silver,0
C005143,Kabir,Sharma,kabir.sharma5143@example.com,+91-86772-40511,1983-05-28,F,"872, Station Road",Mumbai,Maharashtra,India,400001,2024-02-09,Gold,1
C005144,Neha,Iyer,neha.iyer5144@example.com,+91-85794-68007,1987-02-26,Male,"471, Park Avenue",Toronto,Ontario,Canada,M5H2N2,2024-07-30,Gold,0
C005145,Lakshmi,Pillai,lakshmi.pillai5145@example.com,+91-62964-71193,2016-02-22,Other,"76, Station Road",Delhi,Delhi,India,110001,2024-09-05,Platinum,Yes
C005146,Aarav,Singh,aarav.singh5146@example.com,+91-71813-56969,1999-07-13,Other,"154, MG Road",London,England,United Kingdom,SW1A1AA,2026-01-06,Gold,No
C005147,Ananya,Singh,ananya.singh5147@example.com,+91-92049-73150,1998-10-30,F,"271, Hill View",Chennai,Tamil Nadu,India,600001,2022-10-20,Platinum,Yes
C005148,Zoya,Patel,zoya.patel5148@example.com,+91-77052-91363,1993-12-22,F,"539, Market Street",London,England,United Kingdom,SW1A1AA,2022-09-02,Bronze,N
C005149,Akash,Singh,akash.singh5149@example.com,+91-75644-57276,2003-06-02,Other,"771, Park Avenue",Austin,Texas,United States,78701,2022-08-29,Silver,true
C005150,Riya,Mehta,riya.mehta5150@example.com,+91-60069-99063,2007-10-28,F,"569, MG Road",Toronto,Ontario,Canada,M5H2N2,2025-05-19,Silver,1
C005151,Aarav,Verma,aarav.verma5151@example.com,+91-65731-17971,1983-10-21,female,"910, Park Avenue",London,England,United Kingdom,SW1A1AA,2026-04-01,Silver,false
C005152,Arjun,Menon,arjun.menon5152@example.com,+91-93378-57509,2019-06-27,O,"506, Lake Road",Austin,Texas,United States,78701,2024-05-17,Gold,Y
C005153,Nisha,Gupta,nisha.gupta5153@example.com,+91-87774-68159,2004-06-01,Male,"106, Station Road",London,England,United Kingdom,SW1A1AA,2024-05-26,Platinum,Yes
C005154,Tara,Gupta,tara.gupta5154@example.com,+91-62409-16901,2000-12-10,male,"583, MG Road",Kolkata,West Bengal,India,700001,2022-12-27,Gold,N
C005155,Kavya,Sharma,kavya.sharma5155@example.com,+91-69775-83832,1989-02-15,Female,"76, Market Street",Hyderabad,Telangana,India,500001,2023-10-01,Bronze,false
C005156,Tara,Nair,tara.nair5156@example.com,+91-66344-54847,1984-07-28,O,"919, Station Road",London,England,United Kingdom,SW1A1AA,2022-10-09,Silver,Yes
C005157,Varun,Kapoor,varun.kapoor5157@example.com,+91-96630-84889,1992-05-30,male,"587, Station Road",Chennai,Tamil Nadu,India,600001,2022-10-30,Gold,N
C005158,Dev,Shah,dev.shah5158@example.com,+91-65132-68408,1981-10-13,female,"515, Market Street",Hyderabad,Telangana,India,500001,2025-04-08,Gold,false
C005159,Rohan,Reddy,rohan.reddy5159@example.com,+91-88043-79855,1993-11-30,Male,"991, Lake Road",Kochi,Kerala,India,682001,2023-08-11,Bronze,N
C005160,Pooja,Mehta,pooja.mehta5160@example.com,+91-67231-38980,2005-04-16,Other,"359, Park Avenue",Seattle,Washington,United States,98101,2023-06-05,Gold,false
C005161,Meera,Iyer,meera.iyer5161@example.com,+91-67999-32878,1979-04-06,male,"20, MG Road",Hyderabad,Telangana,India,500001,2024-07-14,Bronze,0
C005162,Kabir,Singh,kabir.singh5162@example.com,+91-65337-30257,1988-04-08,F,"148, MG Road", CHENNAI ,Tamil Nadu,India,600001,2024-01-28,Silver,true
C005163,Sanjay,Patel,sanjay.patel5163@example.com,+91-70375-84194,1978-11-11,F,"137, Hill View",Mumbai,Maharashtra,India,400001,2025-08-02,Platinum,No
C005164,Maya,Sharma,maya.sharma5164@example.com,+91-66421-70101,2017-03-14,female,"294, Market Street",Bengaluru,Karnataka,India,560001,2025-07-09,Bronze,No
C005165,Lakshmi,Nair,lakshmi.nair5165@example.com,+91-77740-72722,2010-10-31,M,"246, MG Road",Chennai,Tamil Nadu,India,600001,2022-11-09,Silver,Yes
C005166,Tara,Jain,tara.jain5166@example.com,+91-60304-95323,1990-05-09,O,"972, Hill View",Hyderabad,Telangana,India,500001,2026-04-02,Silver,false
C005167,Rahul,Singh,rahul.singh5167@example.com,+91-83007-31116,2014-08-21,Other,"628, Park Avenue",Austin,Texas,United States,78701,2022-02-04,Bronze,Y
C005168,Neha,Singh,neha.singh5168@example.com,+91-93753-38922,2013-01-14,male,"186, Park Avenue",Chennai,Tamil Nadu,India,600001,2022-10-16,Bronze,true
C005169,Varun,Das,varun.das5169@example.com,+91-95159-23553,2009-02-23,male,"20, Station Road",Austin,Texas,United States,78701,2025-04-07,Bronze,0
C005170,Neha,Verma,Neha.Verma.invalid,+91-94597-64296,1999-08-16,Female,"933, Lake Road",Chennai,Tamil Nadu,India,600001,2022-07-05,Bronze,Y
C005171,Aditya,Mehta,aditya.mehta5171@example.com,+91-88280-52231,2013-04-20,Female,"536, MG Road",Kolkata,West Bengal,India,700001,2024-03-08,Gold,Yes
C005172,Priya,Das,priya.das5172@example.com,+91-82379-76331,2004-09-08,M,"306, Station Road",Delhi,Delhi,India,110001,2022-03-16,Gold,Yes
C005173,Nisha,Verma,nisha.verma5173@example.com,+91-68399-74497,1986-01-28,O,"911, Station Road",Chennai,Tamil Nadu,India,600001,2022-06-12,Bronze,true
C005174,Kabir,Das,kabir.das5174@example.com,+91-85516-35822,1991-05-25,M,"698, Market Street",Kochi,Kerala,India,682001,2024-11-19,Silver,true
C005175,Ishaan,Iyer,ishaan.iyer5175@example.com,+91-75804-44960,2002-05-02,Other,"496, Station Road",Pune,Maharashtra,India,411001,2022-09-21,Gold,Yes
C005176,Akash,Gupta,akash.gupta5176@example.com,+91-74411-32216,2000-09-15,male,"404, MG Road",London,England,United Kingdom,SW1A1AA,2023-12-31,Platinum,1
C005177,Rohan,Kapoor,rohan.kapoor5177@example.com,+91-72289-88690,1992-01-15,M,"299, Market Street",Pune,Maharashtra,India,411001,2024-10-30,Silver,Y
C005178,Vikram,Jain,vikram.jain5178@example.com,+91-60078-62254,1991-11-12,female,"693, Park Avenue",Mumbai,Maharashtra,India,400001,2024-01-13,Bronze,true
C005179,Kabir,Sharma,kabir.sharma5179@example.com,+91-95435-94639,1995-09-11,Male,"225, Park Avenue",Kochi,Kerala,India,682001,2024-08-06,Gold,true
C005180,Arjun,Chopra,arjun.chopra5180@example.com,+91-95701-96304,2018-07-29,Male,"281, Station Road",Bengaluru,Karnataka,India,560001,2026-01-15,Gold,false
C005181,Kiran,Joshi,kiran.joshi5181@example.com,+91-83719-55275,1986-06-09,O,"509, MG Road",Austin,Texas,United States,78701,2023-02-06,VIP,No
C005182,Aarav,Mehta,aarav.mehta5182@example.com,+91-96579-69257,1998-01-04,Other,"406, Market Street",Pune,Maharashtra,India,411001,2026-03-09,Silver,true
C005183,Neha,Bose,neha.bose5183@example.com,+91-94209-50551,2001-09-11,male,"423, Hill View",Chennai,Tamil Nadu,India,600001,2022-09-26,Bronze,Y
C005184,Maya,Kumar,maya.kumar5184@example.com,+91-78233-91110,1991-06-10,O,"267, MG Road",Kochi,Kerala,India,682001,2024-07-07,Platinum,No
C005185,Akash,Nair,akash.nair5185@example.com,ABC123,1999-09-14,female,"371, Hill View",Toronto,Ontario,Canada,M5H2N2,2025-02-23,Platinum,1
C005186,Kavya,Singh,kavya.singh5186@example.com,+91-82810-97218,1997-11-18,F,"235, MG Road",Kolkata,West Bengal,India,700001,2023-11-03,Silver,No
C005187,Aarav,Shah,aarav.shah5187@example.com,+91-67607-93234,1990-07-19,female,"331, Market Street",London,England,United Kingdom,SW1A1AA,2026-05-19,Platinum,false
C005188,Rohan,Jain,rohan.jain5188@example.com,+91-75636-92042,2012-09-07,female,"501, Market Street",Toronto,Ontario,Canada,M5H2N2,2024-01-25,Platinum,Yes
C005189,Manoj,Mehta,manoj.mehta5189@example.com,+91-98098-99364,1995-10-11,Female,"762, Lake Road",Delhi,Delhi,India,110001,2026-02-18,Gold,0
BAD5190,Aditya,Mehta,aditya.mehta5190@example.com,+91-73515-22097,2009-07-14,male,"347, Station Road",Kochi,Kerala,India,682001,2023-07-21,Gold,0
C005191,Nisha,Jain,nisha.jain5191@example.com,+91-82649-18029,1989-07-20,F,"316, Hill View",Toronto,Ontario,Canada,M5H2N2,2024-02-25,Silver,true
C005192,Vikram,Iyer,vikram.iyer5192@example.com,+91-65798-11739,2008-09-20,Female,"863, Market Street",Hyderabad,Telangana,India,500001,2023-06-14,Gold,0
C005193,Sneha,Mehta,sneha.mehta5193@example.com,+91-82981-69667,2015-03-16,male,"966, MG Road",Delhi,Delhi,India,110001,2024-11-02,Platinum,true
C005194,Akash,Patel,akash.patel5194@example.com,+91-71584-85834,2009-04-17,Other,"340, MG Road",Hyderabad,Telangana,India,500001,2026-02-07,Gold,false
C005195,Ananya,Singh,ananya.singh5195@example.com,+91-91868-70377,2008-02-22,Female,"15, MG Road",Kochi,Kerala,India,682001,2022-07-10,Platinum,Yes
C005196,Arjun,Reddy,arjun.reddy5196@example.com,+91-67112-54889,1999-07-05,male,"168, Station Road",Mumbai,Maharashtra,India,400001,2023-11-13,Gold,Yes
C005197,Akash,Menon,akash.menon5197@example.com,+91-64154-63363,2012-02-24,F,"712, Market Street",Toronto,Ontario,Canada,M5H2N2,2022-01-20,Silver,No
C005198,,Mehta,ira.mehta5198@example.com,+91-78976-79358,1980-10-08,Male,"242, Hill View",Austin,Texas,United States,78701,2023-07-14,Gold,No
C005199,Ananya,Chopra,ananya.chopra5199@example.com,+91-80071-83100,2009-02-14,F,"596, Lake Road",Bengaluru,Karnataka,India,560001,2024-12-30,Bronze,false
C005200,Meera,Mehta,meera.mehta5200@example.com,+91-73763-61891,1979-11-06,male,"7, Hill View",Austin,Texas,United States,78701,2024-04-19,Gold,0
C005201,Manoj,Iyer,manoj.iyer5201@example.com,+91-91319-92813,2011-02-05,Male,"265, MG Road",Kochi,Kerala,India,682001,2026-05-01,Gold,false
C005202,Tara,Menon,tara.menon5202@example.com,+91-77751-34658,1993-11-15,M,"197, Market Street",Delhi,Delhi,India,110001,2025-09-11,Gold,Yes
C005203,Vikram,Mehta,vikram.mehta5203@example.com,+91-97862-31767,1986-06-14,O,"629, Station Road",Bengaluru,Karnataka,India,560001,2024-03-15,Bronze,Yes
C005204,Zoya,Kumar,zoya.kumar5204@example.com,+91-82631-71233,2010-02-26,female,"606, MG Road",Kolkata,West Bengal,India,700001,2026-02-22,Platinum,true
C005205,Tara,Das,tara.das5205@example.com,+91-71843-28252,1982-03-03,F,"167, Lake Road",Hyderabad,Telangana,India,500001,2022-05-16,Silver,false
C005206,Maya,Verma,maya.verma5206@example.com,+91-88370-70949,1978-04-01,M,"868, Station Road",Pune,Maharashtra,India,411001,2025-04-02,Gold,N
C005207,Zoya,Kumar,zoya.kumar5207@example.com,+91-60215-70636,2015-08-10,Other,"591, Lake Road",Delhi,Delhi,India,110001,2023-11-28,Silver,0
C005208,Aditya,Sharma,aditya.sharma5208@example.com,+91-85725-16426,2005-12-01,F,"696, Market Street",Seattle,Washington,United States,98101,2023-08-20,Gold,false
C005209,Varun,Joshi,varun.joshi5209@example.com,+91-65980-24129,1983-10-19,male,"918, MG Road",Kolkata,West Bengal,India,700001,2022-11-14,Bronze,Yes
C005210,Aditya,Patel,aditya.patel5210@example.com,+91-79474-51815,2017-11-03,M,"101, MG Road",Seattle,Washington,United States,98101,2025-06-12,Gold,Yes
C005211,Ishaan,Verma,ishaan.verma5211@example.com,+91-84120-42193,1981-10-09,female,"95, Station Road",Delhi,Delhi,India,110001,2022-04-07,Platinum,No
C005212,Sneha,Nair,sneha.nair5212@example.com,+91-92605-68510,1993-12-30,Female,"666, Park Avenue",Kochi,Kerala,India,682001,2024-11-11,Silver,Yes
C005213,Lakshmi,Das,lakshmi.das5213@example.com,+91-80557-75347,2003-06-14,Male,"255, MG Road",Pune,Maharashtra,India,411001,2025-10-15,Gold,No
C005214,Lakshmi,Chopra,lakshmi.chopra5214@example.com,+91-74402-17889,1979-12-01,Female,"497, MG Road",Bengaluru,Karnataka,India,560001,31-02-2025,Silver,false
C005215,Ananya,Chopra,ananya.chopra5215@example.com,+91-63131-41321,2009-08-03,Female,"942, MG Road",Austin,Texas,United States,78701,2026-06-02,Silver,0
C005216,Tara,Rao,tara.rao5216@example.com,+91-74971-63857,1979-09-03,O,"154, Park Avenue",Toronto,Ontario,Canada,M5H2N2,2024-12-07,Silver,false
C005217,Rohan,Shah,Rohan.Shah.invalid,+91-86617-34533,1998-11-28,Male,"477, Park Avenue",Pune,Maharashtra,India,411001,2025-07-03,Silver,Y
C005218,Priya,Kapoor,priya.kapoor5218@example.com,+91-79129-97858,1988-02-18,Other,"732, MG Road",Austin,Texas,United States,78701,2023-10-17,Platinum,true
C005219,Meera,Sharma,meera.sharma5219@example.com,+91-62964-50554,1991-02-16,female,"470, Market Street",Pune,Maharashtra,India,411001,2024-09-06,Gold,1
C005220,Diya,Mehta,diya.mehta5220@example.com,+91-67855-96549,1985-04-26,F,"968, MG Road",Mumbai,Maharashtra,India,400001,2026-02-28,Bronze,Y
C005221,Pooja,Patel,pooja.patel5221@example.com,+91-91359-82541,1995-12-20,male,"193, Market Street",London,England,United Kingdom,SW1A1AA,2025-01-26,Platinum,1
C005222,Kabir,Singh,kabir.singh5222@example.com,+91-95690-91637,2000-08-07,F,"821, Lake Road",Delhi,Delhi,India,110001,2023-07-14,Gold,1
C005223,Akash,Verma,akash.verma5223@example.com,+91-72784-19618,2003-01-30,female,"898, MG Road",Mumbai,Maharashtra,India,400001,2024-09-24,Platinum,Yes
C005224,Aanya,Mehta,aanya.mehta5224@example.com,+91-61449-38169,2004-01-15,F,"581, MG Road",Chennai,Tamil Nadu,India,600001,2022-05-05,Platinum,Yes
C005225,Sanjay,Kapoor,sanjay.kapoor5225@example.com,+91-80602-99602,2006-07-21,Male,"48, Market Street",Bengaluru,Karnataka,India,560001,2025-03-20,Bronze,false
C005226,Riya,Nair,riya.nair5226@example.com,+91-78939-96794,2014-12-30,male,"828, Station Road",Kochi,Kerala,India,682001,2024-03-15,Bronze,0
C005227,Diya,Kumar,diya.kumar5227@example.com,+91-85623-77010,2016-10-05,female,"237, Market Street",Toronto,Ontario,Canada,M5H2N2,2024-11-12,Silver,N
C005228,Kavya,Shah,kavya.shah5228@example.com,+91-87438-19252,2006-09-18,Female,"913, Market Street",Kolkata,West Bengal,India,700001,2023-01-26,Gold,No
C005229,Ira,Reddy,ira.reddy5229@example.com,+91-86179-87441,1987-09-21,male,"378, Station Road",Toronto,Ontario,Canada,M5H2N2,2026-01-29,Platinum,Y
C005230,Maya,Das,maya.das5230@example.com,+91-73859-59375,1989-04-20,Other,"84, Park Avenue",London,England,United Kingdom,SW1A1AA,2026-04-25,Bronze,1
C005231,Aditya,Gupta,aditya.gupta5231@example.com,+91-99016-21201,1991-11-16,Other,"469, Hill View",Hyderabad,Telangana,India,500001,2025-06-16,Bronze,true
C005232,Rahul,Jain,rahul.jain5232@example.com,+91-70633-63226,1991-09-15,Female,"91, Lake Road",Hyderabad,Telangana,India,500001,2022-11-06,Gold,false
C005233,Kavya,Mehta,kavya.mehta5233@example.com,+91-74963-17868,2016-07-21,M,"685, Park Avenue",Pune,Maharashtra,India,411001,2022-06-01,Bronze,N
C005234,Sneha,Singh,sneha.singh5234@example.com,+91-96017-55607,1987-08-29,F,"782, Hill View",Bengaluru,Karnataka,India,560001,2022-05-11,Bronze,N
C005235,Neha,Iyer,neha.iyer5235@example.com,+91-75759-39364,2010-07-14,O,"180, Station Road",Austin,Texas,United States,78701,2022-08-28,Silver,1
C005236,Arjun,Kumar,arjun.kumar5236@example.com,+91-87012-83673,2009-11-26,Female,"357, Lake Road",Mumbai,Maharashtra,India,400001,2024-04-07,Platinum,No
C005237,Ira,Kumar,ira.kumar5237@example.com,+91-89067-34729,2008-05-02,M,"562, Station Road",Toronto,Ontario,Canada,M5H2N2,2025-07-23,Gold,N
C005238,Dev,Kumar,dev.kumar5238@example.com,+91-91003-18457,2001-02-03,O,"972, Station Road",Pune,Maharashtra,U.S.A.,411001,2024-11-09,Silver,Yes
C005239,Ishaan,Patel,ishaan.patel5239@example.com,+91-81456-64124,1981-09-22,F,"33, Hill View",Bengaluru,Karnataka,India,560001,2022-11-14,Silver,true
C005240,Manoj,Bose,manoj.bose5240@example.com,+91-80825-32710,2011-10-06,female,"430, Park Avenue",Mumbai,Maharashtra,India,??,2023-09-07,Gold,Yes
C005241,Aanya,Kumar,aanya.kumar5241@example.com,+91-89783-44974,2001-06-09,O,"764, Station Road",Seattle,Washington,United States,98101,2026-03-21,Silver,No
C005242,Sneha,Rao,sneha.rao5242@example.com,+91-79797-36643,2007-03-10,Male,"553, Market Street",Seattle,Washington,United States,98101,2026-02-14,Bronze,No
C005243,Arjun,Chopra,arjun.chopra5243@example.com,+91-63768-77951,2000-08-21,Female,"958, Market Street",Austin,Texas,United States,78701,2025-01-25,Bronze,1
C005244,Kabir,Rao,kabir.rao5244@example.com,+91-65740-81344,2006-09-10,O,"19, Station Road",Kochi,Kerala,India,682001,2022-03-28,Platinum,1
C005245,Manoj,Pillai,manoj.pillai5245@example.com,+91-83598-70565,1989-08-22,male,"841, MG Road",Hyderabad,Telangana,India,500001,2024-09-15,Gold,1
C005246,Ananya,Patel,ananya.patel5246@example.com,ABC123,1995-01-09,O,"469, Lake Road",Toronto,Ontario,Canada,M5H2N2,2023-06-30,Silver,false
C005247,Diya,Rao,diya.rao5247@example.com,+91-94187-13155,1983-12-16,Other,"492, Station Road",Kochi,Kerala,India,682001,2025-01-11,Silver,0
C005248,Manoj,Iyer,manoj.iyer5248@example.com,+91-95320-24293,2017-06-22,male,"505, Park Avenue",Mumbai,Maharashtra,India,400001,2025-06-28,Silver,No
C005249,Neha,Kapoor,neha.kapoor5249@example.com,+91-71509-87145,1996-03-16,Other,"328, Lake Road",Chennai,Tamil Nadu,India,600001,2022-11-25,Platinum,N
C005250,Manoj,Das,manoj.das5250@example.com,+91-60673-32898,1987-02-13,M,"730, Park Avenue",Delhi,Delhi,India,110001,2024-05-07,Gold,0
C005251,Aditya,Chopra,aditya.chopra5251@example.com,+91-80263-49470,2015-03-30,male,"543, Market Street", KOLKATA ,West Bengal,India,700001,2022-08-11,Gold,true
C005252,Akash,Verma,akash.verma5252@example.com,+91-85571-36120,1996-01-05,M,"150, MG Road",Kolkata,West Bengal,India,700001,2022-10-21,Bronze,Yes
C005253,Aanya,Rao,aanya.rao5253@example.com,+91-64574-68023,1998-01-28,female,"991, Hill View",Austin,Texas,United States,78701,2025-10-01,Silver,No
C005254,Priya,Shah,priya.shah5254@example.com,+91-71556-51528,2019-05-08,O,"334, Hill View",Kochi,Kerala,India,682001,2023-02-23,Silver,false
C005255,Vikram,Verma,vikram.verma5255@example.com,+91-70307-85323,1980-01-05,Female,"218, MG Road",Pune,Maharashtra,India,411001,2025-08-28,Silver,Y
C005256,Aarav,Mehta,aarav.mehta5256@example.com,+91-73327-14977,1999-10-26,Male,"5, Station Road",Seattle,Washington,United States,98101,2022-08-09,Silver,0
C005257,Manoj,Patel,manoj.patel5257@example.com,+91-61182-14086,2006-09-22,F,"506, Park Avenue",Austin,Texas,United States,78701,2023-12-18,Gold,1
C005258,Diya,Rao,diya.rao5258@example.com,+91-74187-96382,2013-02-06,O,"841, Station Road",Kolkata,West Bengal,India,700001,2024-01-08,Bronze,false
C005259,Vikram,Mehta,vikram.mehta5259@example.com,+91-99686-67287,2016-08-11,M,"491, Lake Road",Austin,Texas,United States,78701,2025-06-13,Gold,false
C005260,Riya,Das,riya.das5260@example.com,+91-91755-31276,1994-02-01,F,"872, Lake Road",Bengaluru,Karnataka,India,560001,2026-06-04,Gold,N
C005261,Arjun,Nair,arjun.nair5261@example.com,+91-92249-75688,2010-06-03,Other,"326, Market Street",Seattle,Washington,United States,98101,2023-09-28,Bronze,0
C005262,Kavya,Rao,kavya.rao5262@example.com,+91-86382-61682,1994-05-20,female,"392, Hill View",Pune,Maharashtra,India,411001,2024-01-18,Bronze,true
C005263,Nisha,Das,nisha.das5263@example.com,+91-79013-17645,2001-02-02,female,"184, Park Avenue",Hyderabad,Telangana,India,500001,2024-09-26,Platinum,No
C005264,Aarav,Gupta,Aarav.Gupta.invalid,+91-84392-26171,1994-03-30,M,"403, Park Avenue",Hyderabad,Telangana,India,500001,2022-09-19,Silver,false
C005265,Dev,Nair,dev.nair5265@example.com,+91-91932-95169,1987-02-07,female,"927, Market Street",Mumbai,Maharashtra,India,400001,2022-02-09,Platinum,1
C005266,Arjun,Menon,arjun.menon5266@example.com,+91-93116-59690,1995-09-21,O,"967, Lake Road",Kochi,Kerala,India,682001,2024-03-30,Bronze,Yes
C005267,Dev,Joshi,dev.joshi5267@example.com,+91-88426-77533,2013-07-13,Other,"425, Park Avenue",Kolkata,West Bengal,India,700001,2022-03-13,Gold,false
C005268,Akash,Kumar,akash.kumar5268@example.com,+91-97203-27726,1999-07-04,F,"214, Station Road",Chennai,Tamil Nadu,India,600001,2023-01-13,Bronze,true
C005269,Neha,Das,neha.das5269@example.com,+91-79264-70687,2001-08-17,O,"641, Park Avenue",Mumbai,Maharashtra,India,400001,2026-02-25,Bronze,1
C005270,Rohan,Patel,rohan.patel5270@example.com,+91-61021-64433,2001-02-26,F,"767, Market Street",Bengaluru,Karnataka,India,560001,2024-05-30,Silver,1
C005271,Tara,Jain,tara.jain5271@example.com,+91-75788-83719,1985-06-06,Female,"289, Hill View",Pune,Maharashtra,India,411001,2023-02-19,Gold,false
C005272,Kabir,Sharma,kabir.sharma5272@example.com,+91-83506-51150,2002-03-17,O,"668, Park Avenue",Pune,Maharashtra,India,411001,2023-05-06,Platinum,Yes
C005273,Akash,Chopra,akash.chopra5273@example.com,+91-97877-79596,1980-12-24,male,"295, Hill View",Mumbai,Maharashtra,India,400001,2023-11-30,Bronze,false
C005274,Aarav,Sharma,aarav.sharma5274@example.com,+91-70595-75542,1986-01-08,Female,"178, Station Road",Austin,Texas,United States,78701,2023-06-03,Silver,N
C005275,Sanjay,Sharma,sanjay.sharma5275@example.com,+91-91379-99319,2019-12-11,O,"215, Market Street",Hyderabad,Telangana,India,500001,2023-05-29,Gold,1
C005276,Kavya,Bose,kavya.bose5276@example.com,+91-76439-12234,1984-06-19,F,"561, Hill View",Toronto,Ontario,Canada,M5H2N2,2023-04-08,Bronze,N
C005277,Diya,Singh,diya.singh5277@example.com,+91-76732-73264,1995-08-22,Male,"849, Station Road",Austin,Texas,United States,78701,2024-05-19,Platinum,0
C005278,Akash,Sharma,akash.sharma5278@example.com,+91-71165-20798,2019-08-05,Other,"416, MG Road",Austin,Texas,United States,78701,2023-07-07,Gold,No
C005279,Pooja,Das,pooja.das5279@example.com,+91-62440-73294,2001-10-03,M,"812, Park Avenue",Chennai,Tamil Nadu,India,600001,2023-10-01,Silver,No
C005280,Nisha,Pillai,nisha.pillai5280@example.com,+91-93631-25469,1996-06-24,Other,"423, Lake Road",Chennai,Tamil Nadu,India,600001,2024-02-01,Gold,0
C005281,Pooja,Rao,pooja.rao5281@example.com,+91-73724-30152,1981-01-04,female,"275, MG Road",Kolkata,West Bengal,India,700001,2025-09-27,Platinum,N
C005282,Aditya,Chopra,aditya.chopra5282@example.com,+91-97947-67371,1985-06-19,female,"484, MG Road",Austin,Texas,United States,78701,2026-01-22,Bronze,N
C005283,Ira,Pillai,ira.pillai5283@example.com,+91-84644-62976,1998-07-29,Male,"96, Park Avenue",London,England,United Kingdom,SW1A1AA,2023-09-20,Bronze,Yes
C005284,Dev,Singh,dev.singh5284@example.com,+91-82984-43399,2007-09-23,F,"706, Station Road",Seattle,Washington,United States,98101,2026-05-16,Silver,No
C005285,Kabir,Kapoor,kabir.kapoor5285@example.com,+91-77976-73543,1980-05-24,F,"119, Hill View",Kochi,Kerala,India,682001,2024-12-01,Platinum,1
C005286,Sneha,Reddy,sneha.reddy5286@example.com,+91-99187-45008,1999-12-21,female,"705, Hill View",Kochi,Kerala,India,682001,2022-06-19,Gold,0
C005287,Ishaan,Nair,ishaan.nair5287@example.com,+91-85661-88456,2002-08-01,M,"186, Station Road",Toronto,Ontario,Canada,M5H2N2,2025-12-04,Gold,false
C005288,Vikram,Nair,vikram.nair5288@example.com,+91-89309-60379,2012-06-17,female,"314, Hill View",Mumbai,Maharashtra,India,400001,2024-06-03,Gold,true
C005289,Dev,Reddy,dev.reddy5289@example.com,+91-79910-22862,1980-12-17,O,"759, Park Avenue",Mumbai,Maharashtra,India,400001,2022-01-01,Bronze,No
C005290,Manoj,Reddy,manoj.reddy5290@example.com,+91-74563-21492,2016-01-24,male,"562, Lake Road",Kochi,Kerala,India,682001,2023-04-19,Bronze,Y
C005291,Aditya,Bose,aditya.bose5291@example.com,+91-71148-37674,2015-07-26,M,"265, Market Street",London,England,United Kingdom,SW1A1AA,2023-06-06,Platinum,Y
C005292,Rahul,Sharma,rahul.sharma5292@example.com,+91-90183-15257,2012-07-28,male,"556, Market Street",Delhi,Delhi,India,110001,2023-03-13,Silver,1
C005293,Sanjay,Das,sanjay.das5293@example.com,+91-99934-47275,1979-08-13,O,"207, Park Avenue",Kochi,Kerala,India,682001,31-02-2025,Platinum,No
C005294,Ishaan,Das,ishaan.das5294@example.com,+91-99637-83476,2005-03-26,M,"837, Hill View",Toronto,Ontario,Canada,M5H2N2,2026-05-20,Bronze,1
C005295,Ishaan,Nair,ishaan.nair5295@example.com,+91-94943-26968,1978-03-08,Female,"101, Market Street",Hyderabad,Telangana,India,500001,2023-03-10,Bronze,0
C005296,Ishaan,Verma,ishaan.verma5296@example.com,+91-79538-39816,1981-05-14,female,"341, MG Road",Kolkata,West Bengal,India,700001,2024-05-03,Silver,N
C005297,Sanjay,Das,sanjay.das5297@example.com,+91-99376-78447,1999-10-27,Other,"368, MG Road",Kolkata,West Bengal,India,700001,2024-03-02,Gold,Y
C005298,Kavya,Menon,kavya.menon5298@example.com,+91-66736-70138,2011-05-07,O,"583, Lake Road",Seattle,Washington,United States,98101,2026-04-13,Bronze,No
C005299,Meera,Menon,meera.menon5299@example.com,+91-72097-16989,1988-05-02,O,"748, MG Road",Kolkata,West Bengal,India,700001,2024-08-06,Silver,false
C005300,Akash,Singh,akash.singh5300@example.com,+91-63800-48373,1979-07-21,Other,"138, Park Avenue",Toronto,Ontario,Canada,M5H2N2,2025-11-09,Gold,Yes
C005301,Nisha,Kumar,nisha.kumar5301@example.com,+91-96047-57931,1990-10-13,male,"943, Lake Road",Hyderabad,Telangana,India,500001,2025-12-31,Bronze,0
C005302,Dev,Shah,dev.shah5302@example.com,+91-99900-92167,2004-10-31,Other,"777, MG Road",Austin,Texas,United States,78701,2024-06-01,Bronze,Y
C005303,Kavya,Joshi,kavya.joshi5303@example.com,+91-62259-13973,2007-07-18,Male,"591, Lake Road",Kochi,Kerala,India,682001,2022-08-29,Platinum,true
C005304,Riya,Rao,riya.rao5304@example.com,+91-63098-60633,1997-11-20,male,"493, Market Street",Hyderabad,Telangana,India,500001,2022-09-03,Bronze,false
C005305,Ira,Kumar,ira.kumar5305@example.com,+91-89089-98218,2019-09-17,male,"588, MG Road",Seattle,Washington,United States,98101,2024-03-10,Bronze,N
C005306,Ananya,Verma,ananya.verma5306@example.com,+91-79813-32378,2017-10-21,Other,"30, Station Road",Mumbai,Maharashtra,India,400001,2024-11-28,Platinum,Y
C005307,Tara,Kumar,tara.kumar5307@example.com,ABC123,2015-02-01,M,"292, Hill View",London,England,United Kingdom,SW1A1AA,2023-04-21,Gold,true
C005308,Rohan,Joshi,rohan.joshi5308@example.com,+91-83302-61275,1995-04-02,female,"791, Lake Road",Chennai,Tamil Nadu,India,600001,2025-12-08,Gold,true
C005309,Zoya,Das,zoya.das5309@example.com,+91-69164-95201,1990-11-01,male,"539, Lake Road",London,England,United Kingdom,SW1A1AA,2025-12-30,Silver,false
C005310,Ira,Kapoor,ira.kapoor5310@example.com,+91-89424-27604,2011-02-14,O,"671, MG Road",Kochi,Kerala,India,682001,2024-06-09,Bronze,0
C005311,,Verma,Manoj.Verma.invalid,+91-80886-53487,1998-09-27,female,"549, Park Avenue",Bengaluru,Karnataka,India,560001,2025-12-20,Silver,1
C005312,Zoya,Gupta,zoya.gupta5312@example.com,+91-68873-19207,2019-11-14,Female,"12, Hill View",Austin,Texas,United States,78701,2022-06-17,Silver,true
C005313,Aditya,Singh,aditya.singh5313@example.com,+91-66433-57691,2019-06-08,Other,"295, Hill View",Hyderabad,Telangana,India,500001,2025-10-27,Platinum,true
C005314,Riya,Singh,riya.singh5314@example.com,+91-76465-77605,1985-10-11,male,"580, Hill View",Chennai,Tamil Nadu,India,600001,2024-09-25,Bronze,true
C005315,Varun,Pillai,varun.pillai5315@example.com,+91-88527-66816,2017-10-28,Male,"619, Lake Road",Mumbai,Maharashtra,India,400001,2025-11-20,Silver,No
C005316,Manoj,Mehta,manoj.mehta5316@example.com,+91-81100-64363,1978-05-28,M,"198, Market Street",Pune,Maharashtra,India,411001,2024-01-06,Platinum,No
C005317,Dev,Patel,dev.patel5317@example.com,+91-62656-15954,1999-06-05,O,"164, Station Road",London,England,United Kingdom,SW1A1AA,2025-12-29,Bronze,1
C005318,Rohan,Iyer,rohan.iyer5318@example.com,+91-76153-54879,1988-07-06,Other,"663, Market Street",Toronto,Ontario,Canada,M5H2N2,2022-03-13,Gold,Y
C005319,Aarav,Kapoor,aarav.kapoor5319@example.com,+91-68873-72569,1978-06-02,female,"878, Market Street",Seattle,Washington,United States,98101,2023-01-24,Silver,Y
C005320,Tara,Patel,tara.patel5320@example.com,+91-84266-18810,2002-01-07,Other,"579, Station Road",Toronto,Ontario,Canada,M5H2N2,2026-02-22,Platinum,false
C005321,Tara,Verma,tara.verma5321@example.com,+91-69368-39223,1996-07-22,male,"385, Park Avenue",Pune,Maharashtra,India,411001,2025-04-14,Silver,No
C005322,Priya,Iyer,priya.iyer5322@example.com,+91-77605-34799,1987-04-16,O,"682, MG Road",Kolkata,West Bengal,India,700001,2023-05-04,Platinum,true
C005323,Vikram,Iyer,vikram.iyer5323@example.com,+91-86227-38831,1991-05-12,O,"681, Market Street",Mumbai,Maharashtra,India,400001,2026-04-12,Platinum,No
C005324,Nisha,Singh,nisha.singh5324@example.com,+91-77620-53329,1980-05-28,F,"305, Hill View",Pune,Maharashtra,India,411001,2024-10-15,Platinum,false
C005325,Sanjay,Iyer,sanjay.iyer5325@example.com,+91-94011-88530,2010-12-11,Other,"822, Park Avenue",Toronto,Ontario,Canada,M5H2N2,2022-08-12,Silver,No
C005326,Kabir,Jain,kabir.jain5326@example.com,+91-78477-64808,1986-07-02,F,"356, Hill View",Bengaluru,Karnataka,India,560001,2022-08-04,Platinum,Y
C005327,Manoj,Joshi,manoj.joshi5327@example.com,+91-67473-84796,1997-10-05,F,"810, MG Road",Kochi,Kerala,India,682001,2025-05-19,Platinum,N
C005328,Vikram,Bose,vikram.bose5328@example.com,+91-91335-41865,2017-05-19,Female,"485, Hill View",Bengaluru,Karnataka,India,560001,2024-04-01,Bronze,0
C005329,Kavya,Mehta,kavya.mehta5329@example.com,+91-70649-95793,2011-08-25,Other,"992, MG Road",Seattle,Washington,United States,98101,2024-08-01,Silver,0
C005330,Aditya,Iyer,aditya.iyer5330@example.com,+91-89105-86793,1987-01-04,Male,"246, Hill View",Kochi,Kerala,India,682001,2025-11-10,Silver,Yes
C005331,Meera,Mehta,meera.mehta5331@example.com,+91-94382-87950,2008-04-29,M,"724, Hill View",Kochi,Kerala,India,682001,2023-10-21,Bronze,true
C005332,Sanjay,Reddy,sanjay.reddy5332@example.com,+91-73156-31441,2009-09-11,female,"468, Market Street",Delhi,Delhi,India,110001,2024-04-10,Bronze,false
C005333,Dev,Kapoor,dev.kapoor5333@example.com,+91-93306-14811,1983-02-07,male,"402, Lake Road",Toronto,Ontario,Canada,M5H2N2,2025-09-26,Bronze,Yes
C005334,Diya,Patel,diya.patel5334@example.com,+91-61172-25029,1978-02-26,M,"861, MG Road",Seattle,Washington,United States,98101,2025-07-08,Gold,No
C005335,Aanya,Menon,aanya.menon5335@example.com,+91-92513-46252,1986-09-14,male,"976, Station Road",Kochi,Kerala,U.S.A.,682001,2026-03-23,Platinum,No
C005336,Nisha,Singh,nisha.singh5336@example.com,+91-81231-55794,2003-09-04,M,"769, Market Street",Seattle,Washington,United States,98101,2022-09-28,Silver,true
C005337,Kiran,Gupta,kiran.gupta5337@example.com,+91-77566-24205,2018-01-05,male,"463, Market Street",Austin,Texas,United States,78701,2024-01-24,Platinum,N
C005338,Rohan,Pillai,rohan.pillai5338@example.com,+91-73053-46003,2007-05-19,female,"279, Market Street",Hyderabad,Telangana,India,500001,2024-10-25,VIP,false
C005339,Aditya,Kapoor,aditya.kapoor5339@example.com,+91-99589-29868,2008-08-09,male,"741, Park Avenue",Mumbai,Maharashtra,India,400001,2022-01-11,Bronze,true
C005340,Vikram,Singh,vikram.singh5340@example.com,+91-65934-98809,1978-08-31,female,"475, Station Road", CHENNAI ,Tamil Nadu,India,600001,2022-11-21,Silver,false
C005341,Ishaan,Singh,ishaan.singh5341@example.com,+91-66768-18368,1992-10-20,Female,"355, Lake Road",Kochi,Kerala,India,682001,2023-05-07,Gold,0
C005342,Priya,Singh,priya.singh5342@example.com,+91-74891-59387,1980-02-17,male,"917, MG Road",Hyderabad,Telangana,India,500001,2025-05-05,Gold,Y
C005343,Priya,Das,priya.das5343@example.com,+91-64424-29782,1995-11-05,female,"962, Hill View",Hyderabad,Telangana,India,500001,2025-06-25,Platinum,Y
C005344,Neha,Nair,neha.nair5344@example.com,+91-88300-58273,1994-07-01,Male,"513, Hill View",London,England,United Kingdom,SW1A1AA,2024-01-16,Platinum,No
C005345,Ishaan,Nair,ishaan.nair5345@example.com,+91-62112-19177,1996-03-23,M,"94, Hill View",Bengaluru,Karnataka,India,560001,2022-10-02,Platinum,No
C005346,Lakshmi,Singh,lakshmi.singh5346@example.com,+91-80583-37863,1989-05-23,male,"877, Market Street",Seattle,Washington,United States,98101,2023-01-13,Gold,true
C005347,Manoj,Menon,manoj.menon5347@example.com,+91-81235-80450,1982-11-01,Male,"617, Park Avenue",Seattle,Washington,United States,98101,2022-12-13,Gold,Yes
C005348,Dev,Nair,dev.nair5348@example.com,+91-79662-48260,2003-03-05,O,"692, Market Street",Delhi,Delhi,India,110001,2022-07-18,Silver,N
C005349,Kiran,Gupta,kiran.gupta5349@example.com,+91-73395-72408,1998-04-05,Male,"956, Market Street",Delhi,Delhi,India,110001,2026-05-02,Gold,Y
C005350,Ira,Patel,ira.patel5350@example.com,+91-73958-67907,2004-04-13,F,"286, Hill View",London,England,United Kingdom,SW1A1AA,2026-06-05,Bronze,true
C005351,Aarav,Joshi,aarav.joshi5351@example.com,+91-62460-94119,1994-12-26,F,"256, MG Road",Mumbai,Maharashtra,India,400001,2025-03-15,Silver,No
C005352,Arjun,Rao,arjun.rao5352@example.com,+91-96459-97972,1985-04-13,M,"964, Station Road",Toronto,Ontario,Canada,M5H2N2,2023-02-18,Platinum,No
C005353,Riya,Patel,riya.patel5353@example.com,+91-80474-85647,1981-05-27,male,"716, MG Road",Chennai,Tamil Nadu,India,600001,2024-05-25,Platinum,N
C005354,Rohan,Iyer,rohan.iyer5354@example.com,+91-67417-39668,1996-05-20,female,"121, Market Street",Kochi,Kerala,India,682001,2023-04-29,Platinum,0
C005355,Sanjay,Nair,sanjay.nair5355@example.com,+91-77340-99213,2010-04-24,O,"709, Market Street",Hyderabad,Telangana,India,500001,2022-08-04,Gold,0
C005356,Kabir,Rao,kabir.rao5356@example.com,+91-91735-39243,1986-06-28,F,"740, Station Road",Chennai,Tamil Nadu,India,600001,2025-11-07,Silver,1
C005357,Dev,Patel,dev.patel5357@example.com,+91-60277-37180,2016-08-13,Other,"55, Station Road",Toronto,Ontario,Canada,M5H2N2,2025-07-18,Silver,N
C005358,Kavya,Jain,Kavya.Jain.invalid,+91-72944-48208,2005-12-23,M,"344, Hill View",Chennai,Tamil Nadu,India,600001,2023-01-27,Bronze,0
C005359,Aarav,Rao,aarav.rao5359@example.com,+91-97950-38388,1982-11-26,M,"532, Park Avenue",Seattle,Washington,United States,98101,2026-03-03,Bronze,1
C005360,Kiran,Reddy,kiran.reddy5360@example.com,+91-65952-11348,1995-05-18,Male,"55, Lake Road",Mumbai,Maharashtra,India,400001,2024-12-02,Gold,true
C005361,Diya,Pillai,diya.pillai5361@example.com,+91-87444-60829,2012-01-15,O,"339, Lake Road",Mumbai,Maharashtra,India,400001,2023-09-21,Gold,true
C005362,Varun,Gupta,varun.gupta5362@example.com,+91-79460-59250,2012-09-28,female,"87, Hill View",Hyderabad,Telangana,India,500001,2025-10-19,Platinum,N
BAD5363,Ira,Patel,ira.patel5363@example.com,+91-89129-20119,1983-09-01,Male,"849, Market Street",Delhi,Delhi,India,110001,2024-05-04,Bronze,true
C005364,Ira,Sharma,ira.sharma5364@example.com,+91-79054-61345,2000-04-09,Male,"912, Park Avenue",Chennai,Tamil Nadu,India,600001,2024-10-07,Silver,No
C005365,Kabir,Pillai,kabir.pillai5365@example.com,+91-60700-91952,2003-04-30,male,"516, Lake Road",Bengaluru,Karnataka,India,560001,2022-05-03,Silver,true
C005366,Diya,Nair,diya.nair5366@example.com,+91-76138-44719,2009-11-26,Male,"133, Market Street",Austin,Texas,United States,78701,2025-07-26,Silver,Y
C005367,Nisha,Bose,nisha.bose5367@example.com,+91-77415-88752,1996-06-15,Other,"394, Hill View",Kochi,Kerala,India,682001,2022-04-18,Bronze,true
C005368,Sanjay,Verma,sanjay.verma5368@example.com,ABC123,2000-03-21,female,"832, Lake Road",Bengaluru,Karnataka,India,560001,2022-01-01,Silver,0
C005369,Aditya,Kumar,aditya.kumar5369@example.com,+91-78176-85199,2011-06-28,F,"40, Lake Road",Chennai,Tamil Nadu,India,600001,2024-02-14,Gold,0
C005370,Ira,Nair,ira.nair5370@example.com,+91-66437-89521,1988-07-08,F,"911, Park Avenue",Kochi,Kerala,India,682001,2023-01-03,Bronze,No
C005371,Kabir,Jain,kabir.jain5371@example.com,+91-70485-88001,2010-02-04,O,"186, Market Street",London,England,United Kingdom,??,2022-10-23,Platinum,N
C005372,Varun,Gupta,varun.gupta5372@example.com,+91-99121-67698,1983-11-16,F,"319, Lake Road",Mumbai,Maharashtra,India,400001,31-02-2025,Gold,No
C005373,Priya,Das,priya.das5373@example.com,+91-86321-99740,1979-01-30,O,"307, Market Street",Kolkata,West Bengal,India,700001,2024-04-25,Silver,Y
C005374,Rohan,Reddy,rohan.reddy5374@example.com,+91-99381-13678,2002-02-28,Male,"845, Market Street",Delhi,Delhi,India,110001,2025-01-11,Silver,No
C005375,Aanya,Jain,aanya.jain5375@example.com,+91-91275-72477,1990-07-10,Female,"264, Park Avenue",Delhi,Delhi,India,110001,2025-06-07,Platinum,0
C005376,Priya,Gupta,priya.gupta5376@example.com,+91-82225-96961,2009-09-05,Female,"27, Park Avenue",Mumbai,Maharashtra,India,400001,2022-12-06,Gold,false
C005377,Vikram,Reddy,vikram.reddy5377@example.com,+91-62746-69061,2000-07-18,Female,"638, Station Road",Pune,Maharashtra,India,411001,2024-07-05,Silver,Y
C005378,Kabir,Kumar,kabir.kumar5378@example.com,+91-67277-13499,2006-07-26,F,"430, Lake Road",Seattle,Washington,United States,98101,2024-07-21,Silver,N
C005379,Manoj,Das,manoj.das5379@example.com,+91-70336-97076,1992-07-10,O,"636, Station Road",Bengaluru,Karnataka,India,560001,2024-10-07,Silver,No
C005380,Maya,Menon,maya.menon5380@example.com,+91-80780-86171,1982-02-04,M,"115, Lake Road",Kolkata,West Bengal,India,700001,2025-01-21,Gold,1
C005381,Varun,Nair,varun.nair5381@example.com,+91-97954-33855,1988-10-05,Male,"700, MG Road",Seattle,Washington,United States,98101,2024-05-07,Silver,Y
C005382,Rohan,Jain,rohan.jain5382@example.com,+91-85792-15479,2004-01-04,Female,"512, Market Street",Seattle,Washington,United States,98101,2024-01-23,Platinum,1
C005383,Zoya,Singh,zoya.singh5383@example.com,+91-77372-27699,2018-06-11,Male,"112, Market Street",Kochi,Kerala,India,682001,2024-05-30,Platinum,0
C005384,Aanya,Kumar,aanya.kumar5384@example.com,+91-90230-55276,2004-11-19,M,"684, Lake Road",Mumbai,Maharashtra,India,400001,2022-11-27,Bronze,Yes
C005385,Aarav,Das,aarav.das5385@example.com,+91-75141-20773,2018-03-07,O,"638, Lake Road",Toronto,Ontario,Canada,M5H2N2,2022-04-07,Gold,Yes
C005386,Ananya,Iyer,ananya.iyer5386@example.com,+91-83172-37396,1980-04-10,Male,"886, MG Road",Seattle,Washington,United States,98101,2026-01-31,Bronze,Yes
C005387,Meera,Shah,meera.shah5387@example.com,+91-60048-93203,1992-03-30,Male,"939, Hill View",Seattle,Washington,United States,98101,2024-04-13,Gold,Y
C005388,Neha,Chopra,neha.chopra5388@example.com,+91-92597-56354,1984-05-12,Female,"700, Lake Road",Kochi,Kerala,India,682001,2025-10-09,Silver,Yes
C005389,Manoj,Shah,manoj.shah5389@example.com,+91-79825-40327,1983-11-06,male,"238, Station Road",Toronto,Ontario,Canada,M5H2N2,2022-09-03,Gold,1
C005390,Rohan,Bose,rohan.bose5390@example.com,+91-63581-96717,1988-12-27,female,"136, Station Road",Kolkata,West Bengal,India,700001,2022-06-25,Bronze,false
C005391,Akash,Jain,akash.jain5391@example.com,+91-73551-31675,1996-05-23,Other,"175, Lake Road",Toronto,Ontario,Canada,M5H2N2,2022-12-25,Bronze,1
C005392,Sneha,Kumar,sneha.kumar5392@example.com,+91-95042-80928,1982-01-12,female,"505, Park Avenue",Delhi,Delhi,India,110001,2023-07-11,Gold,false
C005393,Manoj,Sharma,manoj.sharma5393@example.com,+91-66558-11314,1989-11-18,Male,"655, Park Avenue",Austin,Texas,United States,78701,2026-04-24,Gold,true
C005394,Meera,Reddy,meera.reddy5394@example.com,+91-72772-20762,1990-12-07,F,"216, MG Road",Pune,Maharashtra,India,411001,2024-11-01,Bronze,N
C005395,Sanjay,Verma,sanjay.verma5395@example.com,+91-64458-43047,2002-09-19,Other,"532, Station Road",Kolkata,West Bengal,India,700001,2024-02-19,Gold,Yes
C005396,Aarav,Kumar,aarav.kumar5396@example.com,+91-82351-27301,2012-12-27,Female,"64, Park Avenue",Bengaluru,Karnataka,India,560001,2025-10-19,Platinum,Y
C005397,Nisha,Rao,nisha.rao5397@example.com,+91-79234-13317,1979-09-03,O,"772, Market Street",Seattle,Washington,United States,98101,2022-10-15,Bronze,Yes
C005398,Dev,Joshi,dev.joshi5398@example.com,+91-98079-75770,2004-10-01,M,"563, Park Avenue",Kolkata,West Bengal,India,700001,2023-07-31,Silver,Yes
C005399,Pooja,Singh,pooja.singh5399@example.com,+91-90418-85497,2006-04-23,M,"472, Market Street",Toronto,Ontario,Canada,M5H2N2,2022-12-19,Silver,Y
C005400,Manoj,Kapoor,manoj.kapoor5400@example.com,+91-87554-90808,1984-07-13,M,"86, Hill View",Kochi,Kerala,India,682001,2023-03-10,Platinum,Y
C005401,Riya,Patel,riya.patel5401@example.com,+91-86370-88929,2000-04-07,Female,"750, Hill View",Bengaluru,Karnataka,India,560001,2026-04-02,Silver,false
C005402,Meera,Jain,meera.jain5402@example.com,+91-99530-35740,1995-12-04,male,"965, MG Road",Hyderabad,Telangana,India,500001,2023-03-26,Silver,N
C005403,Arjun,Sharma,arjun.sharma5403@example.com,+91-98048-24334,2008-05-16,F,"910, Hill View",Kolkata,West Bengal,India,700001,2022-04-13,Gold,true
C005404,Aanya,Gupta,aanya.gupta5404@example.com,+91-86224-98686,1994-12-30,Male,"528, Park Avenue",Chennai,Tamil Nadu,India,600001,2024-03-29,Gold,true
C005405,Aditya,Pillai,Aditya.Pillai.invalid,+91-71031-15412,2017-07-25,Female,"828, Station Road",Bengaluru,Karnataka,India,560001,2026-02-28,Gold,N
C005406,Kavya,Singh,kavya.singh5406@example.com,+91-96062-14348,1995-08-16,male,"94, Market Street",Chennai,Tamil Nadu,India,600001,2026-01-29,Silver,0
C005407,Aarav,Patel,aarav.patel5407@example.com,+91-65468-14651,1979-02-02,female,"613, Lake Road",Toronto,Ontario,Canada,M5H2N2,2025-06-17,Silver,false
C005408,Aditya,Das,aditya.das5408@example.com,+91-65874-71291,1999-09-04,O,"746, Market Street",Kochi,Kerala,India,682001,2025-01-23,Bronze,Yes
C005409,Sneha,Iyer,sneha.iyer5409@example.com,+91-67115-92035,1987-06-02,female,"455, Market Street",Toronto,Ontario,Canada,M5H2N2,2023-11-06,Gold,Y
C005410,Ananya,Menon,ananya.menon5410@example.com,+91-77227-41264,2016-08-24,M,"599, Hill View",Delhi,Delhi,India,110001,2023-08-12,Platinum,Yes
C005411,Aditya,Nair,aditya.nair5411@example.com,+91-77874-12168,2006-02-22,female,"360, Station Road",Pune,Maharashtra,India,411001,2025-04-26,Silver,true
C005412,Kavya,Gupta,kavya.gupta5412@example.com,+91-70997-74458,1987-02-14,Male,"894, Hill View",Pune,Maharashtra,India,411001,2024-06-21,Silver,1
C005413,Varun,Iyer,varun.iyer5413@example.com,+91-74260-82756,2003-05-21,M,"972, Hill View",Delhi,Delhi,India,110001,2024-07-04,Silver,0
C005414,Neha,Gupta,neha.gupta5414@example.com,+91-83036-41806,1985-02-19,Female,"758, Park Avenue",Hyderabad,Telangana,India,500001,2024-08-17,Silver,No
C005415,Arjun,Kapoor,arjun.kapoor5415@example.com,+91-91956-66747,1998-10-11,F,"659, Market Street",Seattle,Washington,United States,98101,2023-04-27,Platinum,false
C005416,Pooja,Singh,pooja.singh5416@example.com,+91-61648-58113,1983-12-07,Female,"630, Park Avenue",Chennai,Tamil Nadu,India,600001,2023-05-12,Silver,Y
C005417,Arjun,Rao,arjun.rao5417@example.com,+91-67937-60378,2001-01-24,female,"330, Lake Road",Kolkata,West Bengal,India,700001,2025-11-17,Gold,1
C005418,Neha,Jain,neha.jain5418@example.com,+91-86526-99356,2006-02-01,female,"701, Park Avenue",Kolkata,West Bengal,India,700001,2022-08-05,Gold,0
C005419,Nisha,Mehta,nisha.mehta5419@example.com,+91-81070-93095,1998-09-22,female,"605, Station Road",Kolkata,West Bengal,India,700001,2025-07-07,Gold,N
C005420,Diya,Gupta,diya.gupta5420@example.com,+91-97588-97352,1990-04-01,Female,"707, MG Road",Hyderabad,Telangana,India,500001,2024-04-11,Gold,1
C005421,Kiran,Gupta,kiran.gupta5421@example.com,+91-86204-65571,2015-05-17,Other,"691, MG Road",London,England,United Kingdom,SW1A1AA,2022-11-15,Silver,1
C005422,Aditya,Nair,aditya.nair5422@example.com,+91-93652-64899,2008-08-31,male,"205, Hill View",Pune,Maharashtra,India,411001,2026-06-12,Silver,false
C005423,Rahul,Joshi,rahul.joshi5423@example.com,+91-62743-77341,1989-04-12,male,"524, Hill View",Austin,Texas,United States,78701,2025-04-23,Bronze,true
C005424,,Patel,kabir.patel5424@example.com,+91-65317-60756,1978-08-19,male,"745, Park Avenue",Pune,Maharashtra,India,411001,2023-11-12,Gold,0
C005425,Varun,Joshi,varun.joshi5425@example.com,+91-99080-26585,2002-02-16,M,"531, Market Street",Kochi,Kerala,India,682001,2023-11-19,Bronze,Yes
C005426,Diya,Kapoor,diya.kapoor5426@example.com,+91-94186-95155,2000-08-12,Other,"846, Market Street",Bengaluru,Karnataka,India,560001,2024-10-18,Silver,true
C005427,Lakshmi,Reddy,lakshmi.reddy5427@example.com,+91-67166-51924,1995-05-25,Other,"172, MG Road",Kochi,Kerala,India,682001,2025-10-09,Gold,Y
C005428,Sneha,Pillai,sneha.pillai5428@example.com,+91-71149-42070,1983-09-25,Other,"417, Hill View",Mumbai,Maharashtra,India,400001,2023-12-27,Bronze,Y
C005429,Vikram,Sharma,vikram.sharma5429@example.com,ABC123,1982-06-02,female,"364, Market Street", AUSTIN ,Texas,United States,78701,2022-08-02,Gold,false
C005430,Kavya,Kumar,kavya.kumar5430@example.com,+91-99755-50593,2013-05-30,Male,"322, MG Road",Pune,Maharashtra,India,411001,2022-04-27,Bronze,1
C005431,Maya,Joshi,maya.joshi5431@example.com,+91-75338-54350,1984-08-02,M,"742, MG Road",Chennai,Tamil Nadu,India,600001,2025-07-03,Platinum,Y
C005432,Priya,Reddy,priya.reddy5432@example.com,+91-61599-58161,1979-07-06,Other,"961, Park Avenue",Toronto,Ontario,U.S.A.,M5H2N2,2024-02-02,Bronze,Y
C005433,Kavya,Chopra,kavya.chopra5433@example.com,+91-96857-88002,1989-03-12,O,"342, Market Street",Pune,Maharashtra,India,411001,2025-03-01,Platinum,N
C005434,Rahul,Das,rahul.das5434@example.com,+91-99541-13641,2010-10-23,Other,"688, Lake Road",Kolkata,West Bengal,India,700001,2022-05-19,Silver,No
C005435,Sneha,Bose,sneha.bose5435@example.com,+91-93614-69098,2006-07-14,Other,"629, MG Road",Hyderabad,Telangana,India,500001,2025-11-03,Platinum,Yes
C005436,Arjun,Bose,arjun.bose5436@example.com,+91-96586-90288,2014-08-18,M,"812, Lake Road",Pune,Maharashtra,India,411001,2023-05-30,Platinum,N
C005437,Meera,Iyer,meera.iyer5437@example.com,+91-93929-32900,1993-04-13,M,"987, Lake Road",Pune,Maharashtra,India,411001,2022-02-21,Gold,false
C005438,Dev,Verma,dev.verma5438@example.com,+91-67944-23392,2002-04-01,F,"525, Hill View",Kochi,Kerala,India,682001,2022-04-19,Bronze,false
C005439,Pooja,Mehta,pooja.mehta5439@example.com,+91-74496-52328,2006-02-14,female,"140, Station Road",Delhi,Delhi,India,110001,2022-04-18,Platinum,Y
C005440,Ishaan,Chopra,ishaan.chopra5440@example.com,+91-66758-51631,2008-09-06,F,"901, Lake Road",Seattle,Washington,United States,98101,2022-09-02,Gold,1
C005441,Manoj,Gupta,manoj.gupta5441@example.com,+91-65865-30474,1991-12-14,O,"841, Station Road",Mumbai,Maharashtra,India,400001,2023-05-07,Bronze,Y
C005442,Aditya,Menon,aditya.menon5442@example.com,+91-70974-95434,1986-08-24,Other,"952, MG Road",Kolkata,West Bengal,India,700001,2022-09-17,Bronze,1
C005443,Aditya,Joshi,aditya.joshi5443@example.com,+91-64460-48773,1980-07-18,Other,"214, Market Street",Kolkata,West Bengal,India,700001,2024-09-25,Silver,No
C005444,Vikram,Singh,vikram.singh5444@example.com,+91-92798-71240,2001-08-11,Other,"248, Hill View",Bengaluru,Karnataka,India,560001,2022-07-27,Silver,false
C005445,Ishaan,Shah,ishaan.shah5445@example.com,+91-84661-69814,1987-05-07,Other,"104, Lake Road",Toronto,Ontario,Canada,M5H2N2,2022-09-09,Gold,false
C005446,Ishaan,Kapoor,ishaan.kapoor5446@example.com,+91-88051-78055,1986-06-30,Female,"41, Station Road",Austin,Texas,United States,78701,2026-01-25,Platinum,Y
C005447,Diya,Sharma,diya.sharma5447@example.com,+91-60430-10470,1985-08-16,Other,"164, Lake Road",Bengaluru,Karnataka,India,560001,2025-09-15,Platinum,Y
C005448,Ishaan,Das,ishaan.das5448@example.com,+91-98201-12269,2013-03-21,male,"435, Station Road",Hyderabad,Telangana,India,500001,2022-10-19,Platinum,1
C005449,Ananya,Menon,ananya.menon5449@example.com,+91-76346-76009,1994-08-15,F,"86, Lake Road",Chennai,Tamil Nadu,India,600001,2025-04-19,Bronze,N
C005450,Zoya,Menon,zoya.menon5450@example.com,+91-72425-82040,2008-07-23,Other,"950, Market Street",Mumbai,Maharashtra,India,400001,2024-12-07,Platinum,N
C005451,Rohan,Shah,rohan.shah5451@example.com,+91-73816-21191,2016-06-18,female,"909, Market Street",Hyderabad,Telangana,India,500001,31-02-2025,Silver,Yes
C005452,Sneha,Chopra,Sneha.Chopra.invalid,+91-76206-93114,1999-08-13,Female,"632, Hill View",Seattle,Washington,United States,98101,2023-10-10,Silver,0
C005453,Rahul,Kapoor,rahul.kapoor5453@example.com,+91-77547-74117,1988-06-26,F,"138, Station Road",Delhi,Delhi,India,110001,2025-01-02,Bronze,false
C005454,Zoya,Pillai,zoya.pillai5454@example.com,+91-66610-81469,1983-02-02,Other,"570, Park Avenue",Kolkata,West Bengal,India,700001,2024-08-11,Bronze,1
C005455,Rohan,Patel,rohan.patel5455@example.com,+91-89026-70444,1992-11-05,O,"9, Station Road",Austin,Texas,United States,78701,2024-03-18,Silver,Yes
C005456,Aanya,Iyer,aanya.iyer5456@example.com,+91-94429-61749,1981-07-14,female,"314, Hill View",Delhi,Delhi,India,110001,2024-06-11,Gold,N
C005457,Pooja,Shah,pooja.shah5457@example.com,+91-62826-70150,1993-10-13,Male,"627, Hill View",Toronto,Ontario,Canada,M5H2N2,2026-05-12,Bronze,false
C005458,Vikram,Sharma,vikram.sharma5458@example.com,+91-88358-30100,2000-05-30,female,"814, Park Avenue",Kochi,Kerala,India,682001,2022-07-06,Gold,N
C005459,Riya,Gupta,riya.gupta5459@example.com,+91-60408-50595,1987-05-09,Other,"913, Park Avenue",Hyderabad,Telangana,India,500001,2024-02-29,Platinum,1
C005460,Meera,Das,meera.das5460@example.com,+91-80212-82742,1989-06-18,Male,"509, Market Street",Kochi,Kerala,India,682001,2023-03-21,Silver,No
C005461,Tara,Das,tara.das5461@example.com,+91-79676-72091,2001-08-05,M,"551, Market Street",Kolkata,West Bengal,India,700001,2024-03-31,Bronze,No
C005462,Varun,Joshi,varun.joshi5462@example.com,+91-92340-57807,1999-07-18,M,"702, Hill View",London,England,United Kingdom,SW1A1AA,2022-09-14,Silver,Yes
C005463,Rohan,Patel,rohan.patel5463@example.com,+91-71506-85439,1979-09-21,male,"128, Station Road",Toronto,Ontario,Canada,M5H2N2,2026-05-26,Silver,true
C005464,Aditya,Rao,aditya.rao5464@example.com,+91-79421-67197,2003-08-05,female,"104, Park Avenue",Chennai,Tamil Nadu,India,600001,2022-12-08,Gold,Y
C005465,Vikram,Gupta,vikram.gupta5465@example.com,+91-64082-70628,2016-04-12,M,"812, Lake Road",Hyderabad,Telangana,India,500001,2023-12-24,Bronze,1
C005466,Diya,Patel,diya.patel5466@example.com,+91-98604-59062,2001-10-15,Female,"821, Lake Road",Mumbai,Maharashtra,India,400001,2023-02-09,Platinum,Y
C005467,Dev,Mehta,dev.mehta5467@example.com,+91-75246-31457,1994-12-03,Male,"733, Market Street",Delhi,Delhi,India,110001,2024-12-24,Bronze,No
C005468,Rahul,Das,rahul.das5468@example.com,+91-74512-60177,1985-08-29,Female,"684, Market Street",Bengaluru,Karnataka,India,560001,2023-07-18,Gold,No
C005469,Diya,Bose,diya.bose5469@example.com,+91-64943-51517,2011-01-28,Male,"517, MG Road",Austin,Texas,United States,78701,2025-10-18,Bronze,false
C005470,Lakshmi,Sharma,lakshmi.sharma5470@example.com,+91-68336-78792,1997-09-11,Female,"152, Hill View",Austin,Texas,United States,78701,2024-01-26,Gold,1
C005471,Manoj,Mehta,manoj.mehta5471@example.com,+91-71714-86238,1995-10-10,F,"728, Lake Road",Toronto,Ontario,Canada,M5H2N2,2025-05-23,Bronze,true
C005472,Ishaan,Pillai,ishaan.pillai5472@example.com,+91-69092-43481,2014-07-23,M,"462, Market Street",Mumbai,Maharashtra,India,400001,2022-02-02,Silver,No
C005473,Ananya,Verma,ananya.verma5473@example.com,+91-66838-61012,1987-07-18,Other,"756, Lake Road",Kolkata,West Bengal,India,700001,2025-04-12,Platinum,true
C005474,Varun,Kumar,varun.kumar5474@example.com,+91-77206-64805,1994-07-24,F,"681, Hill View",Mumbai,Maharashtra,India,400001,2024-12-15,Gold,Yes
C005475,Kavya,Kumar,kavya.kumar5475@example.com,+91-71593-28220,1987-11-16,Female,"862, Hill View",Kochi,Kerala,India,682001,2023-11-08,Silver,Y
C005476,Varun,Menon,varun.menon5476@example.com,+91-81282-78940,2015-01-07,female,"440, Park Avenue",Chennai,Tamil Nadu,India,600001,2026-05-29,Platinum,true
C005477,Neha,Bose,neha.bose5477@example.com,+91-90497-47539,1987-04-04,O,"459, Station Road",Austin,Texas,United States,78701,2022-08-15,Platinum,0
C005478,Riya,Jain,riya.jain5478@example.com,+91-62609-66938,1980-08-28,Other,"314, Lake Road",Hyderabad,Telangana,India,500001,2025-05-27,Silver,false
C005479,Vikram,Gupta,vikram.gupta5479@example.com,+91-79755-95803,1991-01-15,male,"670, Park Avenue",Kochi,Kerala,India,682001,2022-10-26,Platinum,true
C005480,Neha,Reddy,neha.reddy5480@example.com,+91-90819-46169,2010-03-10,female,"257, Market Street",Bengaluru,Karnataka,India,560001,2024-05-11,Silver,1
C005481,Kiran,Menon,kiran.menon5481@example.com,+91-77161-92357,2019-05-18,Other,"496, Park Avenue",London,England,United Kingdom,SW1A1AA,2023-01-22,Gold,true
C005482,Kiran,Pillai,kiran.pillai5482@example.com,+91-63748-39605,1987-10-13,female,"5, Hill View",London,England,United Kingdom,SW1A1AA,2023-06-26,Silver,Yes
C005483,Neha,Shah,neha.shah5483@example.com,+91-70410-58555,1990-09-10,female,"70, Hill View",Kolkata,West Bengal,India,700001,2022-01-04,Bronze,N
C005484,Meera,Menon,meera.menon5484@example.com,+91-82923-63021,1994-11-16,Other,"229, Lake Road",Austin,Texas,United States,78701,2026-06-23,Bronze,1
C005485,Arjun,Jain,arjun.jain5485@example.com,+91-80386-95403,1982-10-17,female,"188, MG Road",London,England,United Kingdom,SW1A1AA,2026-02-12,Bronze,Y
C005486,Varun,Rao,varun.rao5486@example.com,+91-64392-20660,2001-05-06,male,"201, MG Road",Pune,Maharashtra,India,411001,2024-08-08,Silver,Y
C005487,Tara,Chopra,tara.chopra5487@example.com,+91-72914-29310,2015-08-08,O,"68, Hill View",Toronto,Ontario,Canada,M5H2N2,2026-06-13,Bronze,1
C005488,Aarav,Nair,aarav.nair5488@example.com,+91-78165-12070,2002-10-29,female,"365, Lake Road",Hyderabad,Telangana,India,500001,2023-03-16,Bronze,No
C005489,Vikram,Menon,vikram.menon5489@example.com,+91-89448-60398,1997-02-12,female,"430, Park Avenue",London,England,United Kingdom,SW1A1AA,2023-04-17,Platinum,N
C005490,Sanjay,Nair,sanjay.nair5490@example.com,ABC123,1988-03-10,male,"180, Station Road",Kochi,Kerala,India,682001,2022-08-06,Gold,true
C005491,Sanjay,Nair,sanjay.nair5491@example.com,+91-68678-78839,1992-02-13,Male,"780, Market Street",Austin,Texas,United States,78701,2023-04-27,Bronze,0
C005492,Ishaan,Shah,ishaan.shah5492@example.com,+91-79262-40697,1989-07-20,O,"633, Lake Road",Pune,Maharashtra,India,411001,2022-02-17,Platinum,N
C005493,Ananya,Sharma,ananya.sharma5493@example.com,+91-78313-78771,1981-12-31,F,"773, Station Road",Chennai,Tamil Nadu,India,600001,2026-01-24,Gold,Yes
C005494,Maya,Nair,maya.nair5494@example.com,+91-95079-35492,1999-07-14,F,"325, MG Road",Seattle,Washington,United States,98101,2025-12-14,Gold,Y
C005495,Ananya,Mehta,ananya.mehta5495@example.com,+91-72889-33690,1979-01-19,M,"85, MG Road",Kolkata,West Bengal,India,700001,2024-02-21,VIP,Yes
C005496,Aditya,Jain,aditya.jain5496@example.com,+91-83862-40055,1996-11-03,Male,"326, Station Road",Austin,Texas,United States,78701,2025-03-24,Platinum,Yes
C005497,Dev,Pillai,dev.pillai5497@example.com,+91-74799-49099,2002-05-22,O,"350, Market Street",Hyderabad,Telangana,India,500001,2022-03-18,Bronze,true
C005498,Varun,Pillai,varun.pillai5498@example.com,+91-93008-74613,2007-12-17,female,"50, Lake Road",Mumbai,Maharashtra,India,400001,2025-06-16,Platinum,N
C005499,Diya,Kapoor,Diya.Kapoor.invalid,+91-62033-41312,2002-01-04,O,"865, Park Avenue",Austin,Texas,United States,78701,2023-03-21,Platinum,true
C005500,Arjun,Nair,arjun.nair5500@example.com,+91-62446-56986,1994-03-19,M,"916, Station Road",Hyderabad,Telangana,India,500001,2025-04-13,Silver,true
C005501,Pooja,Chopra,pooja.chopra5501@example.com,+91-91557-37716,1984-07-05,Female,"442, Hill View",Hyderabad,Telangana,India,500001,2022-08-15,Gold,Yes
C005502,Tara,Gupta,tara.gupta5502@example.com,+91-89142-53619,1987-12-11,F,"454, Market Street",Kochi,Kerala,India,??,2023-12-23,Silver,1
C005503,Manoj,Gupta,manoj.gupta5503@example.com,+91-86597-80553,1998-01-27,M,"812, Park Avenue",Chennai,Tamil Nadu,India,600001,2022-09-07,Platinum,false
C005504,Rohan,Kapoor,rohan.kapoor5504@example.com,+91-90809-84906,2001-02-18,M,"660, Lake Road",Mumbai,Maharashtra,India,400001,2025-02-03,Platinum,true
C005505,Priya,Sharma,priya.sharma5505@example.com,+91-78789-12359,1991-10-21,O,"389, Hill View",Kochi,Kerala,India,682001,2024-07-15,Gold,false
C005506,Lakshmi,Joshi,lakshmi.joshi5506@example.com,+91-92240-88011,1985-05-15,Male,"403, MG Road",London,England,United Kingdom,SW1A1AA,2025-01-21,Gold,true
C005507,Lakshmi,Mehta,lakshmi.mehta5507@example.com,+91-89880-97195,1991-03-20,Female,"151, Park Avenue",Bengaluru,Karnataka,India,560001,2025-04-12,Silver,false
C005508,Nisha,Gupta,nisha.gupta5508@example.com,+91-78697-73275,1994-07-19,male,"719, Market Street",Hyderabad,Telangana,India,500001,2025-06-26,Gold,N
C005509,Lakshmi,Singh,lakshmi.singh5509@example.com,+91-66412-29665,1990-08-29,O,"695, Park Avenue",Hyderabad,Telangana,India,500001,2025-11-07,Platinum,true
C005510,Kavya,Iyer,kavya.iyer5510@example.com,+91-80126-91511,1995-03-18,male,"82, Park Avenue",Kochi,Kerala,India,682001,2024-07-18,Bronze,Yes
C005511,Riya,Menon,riya.menon5511@example.com,+91-67294-10066,2002-07-29,O,"975, Hill View",Seattle,Washington,United States,98101,2024-05-07,Platinum,0
C005512,Ananya,Das,ananya.das5512@example.com,+91-72760-62849,2012-11-22,Male,"414, Station Road",Chennai,Tamil Nadu,India,600001,2025-02-04,Gold,N
C005513,Kavya,Pillai,kavya.pillai5513@example.com,+91-99227-15536,1991-04-25,M,"506, Lake Road",Mumbai,Maharashtra,India,400001,2022-07-23,Gold,Y
C005514,Ira,Das,ira.das5514@example.com,+91-97118-53620,1985-02-24,female,"271, Market Street",Kolkata,West Bengal,India,700001,2022-01-20,Bronze,Y
C005515,Rohan,Kapoor,rohan.kapoor5515@example.com,+91-77542-18653,2005-06-28,Male,"109, Park Avenue",Bengaluru,Karnataka,India,560001,2024-01-27,Gold,1
C005516,Aanya,Pillai,aanya.pillai5516@example.com,+91-99025-20774,2017-06-08,F,"791, Lake Road",Mumbai,Maharashtra,India,400001,2024-03-08,Bronze,true
C005517,Aditya,Patel,aditya.patel5517@example.com,+91-68970-25096,1999-10-10,O,"657, Park Avenue",Mumbai,Maharashtra,India,400001,2022-06-25,Bronze,N
C005518,Sneha,Kumar,sneha.kumar5518@example.com,+91-82059-73847,2008-10-07,Other,"560, MG Road", TORONTO ,Ontario,Canada,M5H2N2,2025-05-12,Platinum,No
C005519,Kavya,Kapoor,kavya.kapoor5519@example.com,+91-98240-90807,1993-09-17,Male,"717, Park Avenue",Mumbai,Maharashtra,India,400001,2022-01-24,Silver,true
C005520,Sanjay,Kumar,sanjay.kumar5520@example.com,+91-65623-92452,1981-04-23,F,"107, Market Street",Bengaluru,Karnataka,India,560001,2023-10-01,Silver,No
C005521,Tara,Singh,tara.singh5521@example.com,+91-62677-95727,1994-05-01,O,"111, Lake Road",Delhi,Delhi,India,110001,2024-08-31,Bronze,Yes
C005522,Aditya,Das,aditya.das5522@example.com,+91-61315-41908,2008-04-22,Female,"970, Park Avenue",Toronto,Ontario,Canada,M5H2N2,2025-06-07,Bronze,0
C005523,Ishaan,Mehta,ishaan.mehta5523@example.com,+91-97169-39306,2016-07-16,male,"890, Lake Road",Hyderabad,Telangana,India,500001,2024-01-23,Platinum,true
C005524,Lakshmi,Nair,lakshmi.nair5524@example.com,+91-93861-53595,1999-02-24,O,"854, Park Avenue",Seattle,Washington,United States,98101,2024-07-30,Gold,false
C005525,Pooja,Das,pooja.das5525@example.com,+91-70178-65706,1999-07-13,Other,"747, Market Street",London,England,United Kingdom,SW1A1AA,2023-04-12,Platinum,N
C005526,Manoj,Chopra,manoj.chopra5526@example.com,+91-62970-31544,2013-07-26,M,"22, Park Avenue",Hyderabad,Telangana,India,500001,2023-01-12,Bronze,N
C005527,Rohan,Rao,rohan.rao5527@example.com,+91-92810-56306,1997-05-12,Male,"50, Park Avenue",Delhi,Delhi,India,110001,2026-03-28,Bronze,N
C005528,Rohan,Nair,rohan.nair5528@example.com,+91-73549-54856,2012-01-14,male,"63, Park Avenue",Austin,Texas,United States,78701,2023-05-13,Platinum,N
C005529,Varun,Nair,varun.nair5529@example.com,+91-96598-81869,1992-07-25,O,"623, MG Road",London,England,U.S.A.,SW1A1AA,2024-02-04,Bronze,0
C005530,Zoya,Jain,zoya.jain5530@example.com,+91-72420-67296,2000-06-15,F,"35, Lake Road",Hyderabad,Telangana,India,500001,31-02-2025,Silver,0
C005531,Aditya,Menon,aditya.menon5531@example.com,+91-89812-95368,1978-12-16,Male,"633, Park Avenue",Mumbai,Maharashtra,India,400001,2023-01-13,Bronze,false
C005532,Nisha,Patel,nisha.patel5532@example.com,+91-63960-29719,2002-05-06,Male,"117, Station Road",Seattle,Washington,United States,98101,2025-06-23,Silver,1
C005533,Nisha,Reddy,nisha.reddy5533@example.com,+91-87238-76288,2007-12-29,female,"235, Lake Road",Mumbai,Maharashtra,India,400001,2022-11-21,Bronze,N
C005534,Priya,Jain,priya.jain5534@example.com,+91-89911-35871,2004-07-13,female,"922, Park Avenue",London,England,United Kingdom,SW1A1AA,2022-02-24,Silver,true
C005535,Varun,Pillai,varun.pillai5535@example.com,+91-80391-12286,1982-11-01,M,"865, MG Road",Kolkata,West Bengal,India,700001,2024-07-11,Bronze,0
BAD5536,Varun,Rao,varun.rao5536@example.com,+91-87906-94318,2009-02-20,F,"214, Station Road",Austin,Texas,United States,78701,2023-05-16,Silver,false
C005537,,Rao,maya.rao5537@example.com,+91-81384-13598,1978-02-05,Other,"255, MG Road",Toronto,Ontario,Canada,M5H2N2,2022-10-29,Bronze,N
C005538,Ananya,Kapoor,ananya.kapoor5538@example.com,+91-82384-84945,2017-07-06,F,"315, Market Street",Kolkata,West Bengal,India,700001,2025-03-17,Silver,1
C005539,Arjun,Patel,arjun.patel5539@example.com,+91-73306-39426,1989-11-27,M,"512, Park Avenue",Hyderabad,Telangana,India,500001,2025-10-21,Gold,true
C005540,Pooja,Shah,pooja.shah5540@example.com,+91-69202-41646,1978-12-11,Female,"642, MG Road",Toronto,Ontario,Canada,M5H2N2,2026-04-02,Silver,true
C005541,Meera,Gupta,meera.gupta5541@example.com,+91-92582-22599,1996-08-22,O,"818, MG Road",Austin,Texas,United States,78701,2023-02-24,Gold,Yes
C005542,Lakshmi,Nair,lakshmi.nair5542@example.com,+91-68776-68202,1998-04-26,O,"657, Market Street",Kolkata,West Bengal,India,700001,2025-04-24,Gold,Y
C005543,Maya,Rao,maya.rao5543@example.com,+91-60501-45505,1984-12-12,Female,"486, Hill View",Kolkata,West Bengal,India,700001,2026-05-04,Bronze,N
C005544,Kavya,Iyer,kavya.iyer5544@example.com,+91-86470-31600,1983-12-04,M,"512, MG Road",Seattle,Washington,United States,98101,2024-01-22,Platinum,Yes
C005545,Arjun,Joshi,arjun.joshi5545@example.com,+91-82774-94734,1986-08-23,male,"998, Park Avenue",London,England,United Kingdom,SW1A1AA,2025-09-21,Platinum,N
C005546,Lakshmi,Iyer,Lakshmi.Iyer.invalid,+91-96027-75153,2015-11-17,Female,"811, Park Avenue",Kochi,Kerala,India,682001,2022-02-05,Silver,N
C005547,Zoya,Nair,zoya.nair5547@example.com,+91-65399-23042,2006-06-30,female,"956, Park Avenue",Hyderabad,Telangana,India,500001,2026-05-27,Silver,1
C005548,Kavya,Nair,kavya.nair5548@example.com,+91-60712-62130,2010-04-28,Female,"835, MG Road",Chennai,Tamil Nadu,India,600001,2025-05-08,Bronze,No
C005549,Pooja,Rao,pooja.rao5549@example.com,+91-73310-64891,2000-06-27,male,"318, Station Road",Kochi,Kerala,India,682001,2025-08-14,Bronze,1
C005550,Sneha,Pillai,sneha.pillai5550@example.com,+91-72994-96914,1993-11-12,female,"33, MG Road",Seattle,Washington,United States,98101,2025-07-29,Bronze,true
C005551,Kavya,Bose,kavya.bose5551@example.com,ABC123,2009-06-08,Other,"828, Market Street",Toronto,Ontario,Canada,M5H2N2,2023-05-16,Bronze,1
C005552,Nisha,Iyer,nisha.iyer5552@example.com,+91-89579-21736,1996-11-13,Male,"174, Market Street",Delhi,Delhi,India,110001,2024-01-22,Gold,Y
C005553,Aarav,Mehta,aarav.mehta5553@example.com,+91-96141-51844,1998-06-04,O,"502, Hill View",London,England,United Kingdom,SW1A1AA,2024-07-16,Bronze,Yes
C005554,Lakshmi,Chopra,lakshmi.chopra5554@example.com,+91-94975-77959,2007-04-01,Male,"103, Park Avenue",Austin,Texas,United States,78701,2023-07-02,Platinum,false
C005555,Tara,Kapoor,tara.kapoor5555@example.com,+91-77364-25503,2002-09-07,F,"170, Market Street",Seattle,Washington,United States,98101,2024-12-21,Bronze,1
C005556,Zoya,Menon,zoya.menon5556@example.com,+91-74225-89182,2015-04-21,male,"48, Lake Road",Chennai,Tamil Nadu,India,600001,2024-11-21,Gold,0
C005557,Pooja,Chopra,pooja.chopra5557@example.com,+91-72875-29786,2012-06-29,F,"278, Park Avenue",Mumbai,Maharashtra,India,400001,2026-04-29,Gold,0
C005558,Sneha,Nair,sneha.nair5558@example.com,+91-83766-36988,1987-03-11,F,"21, Market Street",Austin,Texas,United States,78701,2022-12-15,Bronze,N
C005559,Pooja,Jain,pooja.jain5559@example.com,+91-69369-68719,2001-05-29,Male,"179, Park Avenue",Delhi,Delhi,India,110001,2023-09-07,Bronze,true
C005560,Diya,Rao,diya.rao5560@example.com,+91-84568-30182,1987-06-20,Female,"817, Station Road",Pune,Maharashtra,India,411001,2024-06-04,Platinum,Yes
C005561,Tara,Gupta,tara.gupta5561@example.com,+91-82225-63592,1985-03-02,F,"901, Lake Road",Bengaluru,Karnataka,India,560001,2023-02-02,Bronze,N
C005562,Aditya,Shah,aditya.shah5562@example.com,+91-63630-94197,1982-02-09,female,"65, Market Street",Kochi,Kerala,India,682001,2023-01-27,Silver,true
C005563,Sanjay,Pillai,sanjay.pillai5563@example.com,+91-65882-80801,2001-06-14,Male,"276, Hill View",Chennai,Tamil Nadu,India,600001,2025-04-25,Gold,1
C005564,Kiran,Nair,kiran.nair5564@example.com,+91-76060-36860,1986-05-16,male,"816, Market Street",Seattle,Washington,United States,98101,2025-05-05,Bronze,true
C005565,Kavya,Mehta,kavya.mehta5565@example.com,+91-79150-35721,2007-11-04,Male,"468, Market Street",Pune,Maharashtra,India,411001,2024-01-06,Bronze,Y
C005566,Maya,Verma,maya.verma5566@example.com,+91-96027-47174,1998-11-06,F,"462, Market Street",Chennai,Tamil Nadu,India,600001,2025-07-13,Platinum,Yes
C005567,Nisha,Menon,nisha.menon5567@example.com,+91-63094-16035,2016-11-06,Male,"981, MG Road",Delhi,Delhi,India,110001,2026-01-01,Gold,1
C005568,Lakshmi,Pillai,lakshmi.pillai5568@example.com,+91-95093-15308,1999-08-20,Female,"68, Hill View",Pune,Maharashtra,India,411001,2024-06-15,Bronze,1
C005569,Varun,Bose,varun.bose5569@example.com,+91-87253-17486,1999-09-28,M,"748, Hill View",Bengaluru,Karnataka,India,560001,2023-09-27,Bronze,N
C005570,Pooja,Verma,pooja.verma5570@example.com,+91-99408-62548,1989-01-09,Female,"354, MG Road",Kochi,Kerala,India,682001,2022-07-07,Bronze,false
C005571,Sneha,Pillai,sneha.pillai5571@example.com,+91-99000-75402,1993-08-14,male,"579, Hill View",London,England,United Kingdom,SW1A1AA,2023-07-02,Platinum,No
C005572,Pooja,Pillai,pooja.pillai5572@example.com,+91-94188-72840,1986-05-27,female,"37, Station Road",Delhi,Delhi,India,110001,2022-08-11,Bronze,0
C005573,Sanjay,Jain,sanjay.jain5573@example.com,+91-89302-38305,2006-04-10,F,"967, Hill View",Hyderabad,Telangana,India,500001,2022-07-17,Silver,true
C005574,Zoya,Gupta,zoya.gupta5574@example.com,+91-60897-42414,2000-12-14,F,"804, Market Street",Bengaluru,Karnataka,India,560001,2026-05-23,Silver,true
C005575,Priya,Kumar,priya.kumar5575@example.com,+91-68973-33894,1992-04-09,F,"762, Hill View",Pune,Maharashtra,India,411001,2025-07-23,Silver,false
C005576,Arjun,Shah,arjun.shah5576@example.com,+91-92754-17339,2018-08-20,F,"260, MG Road",Kolkata,West Bengal,India,700001,2025-08-18,Platinum,Y
C005577,Sneha,Jain,sneha.jain5577@example.com,+91-86987-45351,2015-08-13,Other,"280, MG Road",Delhi,Delhi,India,110001,2023-01-18,Bronze,N
C005578,Akash,Menon,akash.menon5578@example.com,+91-62180-54487,2005-02-11,Male,"154, MG Road",Seattle,Washington,United States,98101,2023-07-22,Gold,1
C005579,Riya,Shah,riya.shah5579@example.com,+91-89386-78268,2008-06-08,Other,"57, Station Road",Austin,Texas,United States,78701,2026-01-26,Gold,N
C005580,Ishaan,Gupta,ishaan.gupta5580@example.com,+91-94777-31555,2008-03-16,F,"291, Lake Road",Chennai,Tamil Nadu,India,600001,2023-09-14,Bronze,No
C005581,Vikram,Patel,vikram.patel5581@example.com,+91-93371-20918,1993-03-21,O,"924, Park Avenue",Pune,Maharashtra,India,411001,2026-03-06,Bronze,1
C005582,Nisha,Chopra,nisha.chopra5582@example.com,+91-94750-69239,1988-03-12,Male,"798, Lake Road",Kolkata,West Bengal,India,700001,2022-11-18,Gold,Y
C005583,Akash,Kumar,akash.kumar5583@example.com,+91-78607-94628,1996-06-27,female,"595, Park Avenue",Bengaluru,Karnataka,India,560001,2022-03-30,Gold,0
C005584,Riya,Mehta,riya.mehta5584@example.com,+91-84020-78068,2013-05-12,male,"717, MG Road",Seattle,Washington,United States,98101,2024-09-01,Bronze,1
C005585,Tara,Kumar,tara.kumar5585@example.com,+91-68664-88934,2013-11-14,M,"819, Station Road",Kolkata,West Bengal,India,700001,2023-04-26,Platinum,true
C005586,Riya,Jain,riya.jain5586@example.com,+91-80358-58918,1993-11-22,O,"142, Lake Road",London,England,United Kingdom,SW1A1AA,2024-04-09,Gold,0
C005587,Manoj,Pillai,manoj.pillai5587@example.com,+91-80964-29330,1992-06-15,female,"82, Park Avenue",Pune,Maharashtra,India,411001,2023-11-30,Platinum,1
C005588,Ira,Singh,ira.singh5588@example.com,+91-83668-42292,2014-11-05,M,"897, MG Road",Hyderabad,Telangana,India,500001,2025-01-26,Platinum,false
C005589,Kabir,Menon,kabir.menon5589@example.com,+91-88186-43963,2017-11-20,Female,"138, Market Street",London,England,United Kingdom,SW1A1AA,2022-08-28,Bronze,Yes
C005590,Zoya,Patel,zoya.patel5590@example.com,+91-85421-26272,2001-06-11,F,"883, Hill View",Kolkata,West Bengal,India,700001,2024-05-29,Gold,N
C005591,Rahul,Menon,rahul.menon5591@example.com,+91-82128-87197,2013-08-29,Female,"374, MG Road",Chennai,Tamil Nadu,India,600001,2022-10-16,Gold,Y
C005592,Aarav,Kumar,aarav.kumar5592@example.com,+91-91564-86069,2001-12-30,Female,"965, Hill View",Mumbai,Maharashtra,India,400001,2024-04-06,Silver,0
C005593,Kabir,Bose,Kabir.Bose.invalid,+91-84230-76021,2012-06-25,Male,"877, Market Street",Seattle,Washington,United States,98101,2024-01-21,Bronze,Y
C005594,Tara,Mehta,tara.mehta5594@example.com,+91-80203-23141,1980-09-08,M,"226, Market Street",Chennai,Tamil Nadu,India,600001,2024-01-08,Platinum,0
C005595,Kavya,Verma,kavya.verma5595@example.com,+91-76294-91197,1987-03-17,Female,"934, Park Avenue",London,England,United Kingdom,SW1A1AA,2022-12-28,Bronze,0
C005596,Arjun,Reddy,arjun.reddy5596@example.com,+91-66777-20576,1981-05-31,O,"127, MG Road",Chennai,Tamil Nadu,India,600001,2025-03-01,Silver,0
C005597,Priya,Gupta,priya.gupta5597@example.com,+91-93209-89795,2013-10-25,O,"398, Hill View",Seattle,Washington,United States,98101,2022-12-19,Platinum,No
C005598,Priya,Iyer,priya.iyer5598@example.com,+91-72302-11152,2003-05-30,Female,"79, Market Street",Seattle,Washington,United States,98101,2022-01-02,Bronze,true
C005599,Nisha,Nair,nisha.nair5599@example.com,+91-75587-79565,2014-01-18,Male,"138, Station Road",Pune,Maharashtra,India,411001,2023-05-23,Bronze,No
C005600,Rohan,Gupta,rohan.gupta5600@example.com,+91-72295-70893,2003-09-12,male,"52, MG Road",Austin,Texas,United States,78701,2022-01-22,Platinum,Y
C005601,Tara,Menon,tara.menon5601@example.com,+91-62479-36068,1979-09-22,female,"921, Park Avenue",Kolkata,West Bengal,India,700001,2026-03-16,Silver,Y
C005602,Rahul,Singh,rahul.singh5602@example.com,+91-81682-28043,2015-11-30,male,"779, Station Road",Hyderabad,Telangana,India,500001,2022-11-29,Platinum,false
C005603,Kiran,Sharma,kiran.sharma5603@example.com,+91-92419-62098,1983-03-11,Male,"618, Lake Road",Austin,Texas,United States,78701,2026-03-11,Platinum,Y
C005604,Dev,Singh,dev.singh5604@example.com,+91-89132-74411,2001-06-04,M,"802, MG Road",Bengaluru,Karnataka,India,560001,2022-11-05,Gold,N
C005605,Aditya,Kumar,aditya.kumar5605@example.com,+91-72950-74005,1998-07-03,female,"722, Hill View",Austin,Texas,United States,78701,2023-12-27,Silver,N
C005606,Sneha,Mehta,sneha.mehta5606@example.com,+91-70989-55258,2002-01-09,Male,"24, Station Road",Bengaluru,Karnataka,India,560001,2023-05-24,Silver,false
C005607,Akash,Kumar,akash.kumar5607@example.com,+91-95250-96984,2010-10-27,M,"659, Market Street", TORONTO ,Ontario,Canada,M5H2N2,2023-04-03,Bronze,Yes
C005608,Meera,Patel,meera.patel5608@example.com,+91-85584-75395,2002-05-27,Female,"29, MG Road",London,England,United Kingdom,SW1A1AA,2024-06-03,Bronze,No
C005609,Nisha,Rao,nisha.rao5609@example.com,+91-82076-61521,1999-11-15,F,"304, MG Road",Delhi,Delhi,India,110001,31-02-2025,Bronze,false
C005610,Riya,Reddy,riya.reddy5610@example.com,+91-67435-79215,2006-01-06,male,"535, Market Street",Seattle,Washington,United States,98101,2025-11-11,Gold,Yes
C005611,Riya,Nair,riya.nair5611@example.com,+91-88562-37722,2014-05-08,O,"263, Park Avenue",Toronto,Ontario,Canada,M5H2N2,2025-10-17,Gold,No
C005612,Vikram,Bose,vikram.bose5612@example.com,ABC123,2011-12-09,Other,"691, Hill View",Toronto,Ontario,Canada,M5H2N2,2022-02-02,Bronze,true
C005613,Kavya,Shah,kavya.shah5613@example.com,+91-89430-98106,2001-09-10,M,"86, Park Avenue",Delhi,Delhi,India,110001,2025-09-14,Platinum,0
C005614,Kabir,Singh,kabir.singh5614@example.com,+91-93313-21006,2015-07-24,female,"161, Station Road",Chennai,Tamil Nadu,India,600001,2022-11-16,Bronze,1
C005615,Manoj,Iyer,manoj.iyer5615@example.com,+91-79807-48932,1995-08-14,Female,"558, Station Road",Austin,Texas,United States,78701,2024-11-14,Silver,false
C005616,Priya,Das,priya.das5616@example.com,+91-70628-52181,1996-06-23,Female,"27, Station Road",Pune,Maharashtra,India,411001,2025-03-16,Platinum,true
C005617,Lakshmi,Verma,lakshmi.verma5617@example.com,+91-62526-43430,1990-09-06,F,"281, MG Road",Kolkata,West Bengal,India,700001,2025-07-26,Bronze,1
C005618,Dev,Shah,dev.shah5618@example.com,+91-88920-76469,1984-06-12,Other,"32, Park Avenue",London,England,United Kingdom,SW1A1AA,2022-12-22,Gold,No
C005619,Ananya,Menon,ananya.menon5619@example.com,+91-69048-60066,1989-10-16,O,"8, MG Road",Austin,Texas,United States,78701,2025-02-22,Silver,0
C005620,Aanya,Shah,aanya.shah5620@example.com,+91-97772-91600,1984-02-24,F,"197, Hill View",Seattle,Washington,United States,98101,2024-09-19,Bronze,Y
C005621,Rahul,Bose,rahul.bose5621@example.com,+91-69589-60211,2013-12-03,Other,"420, Market Street",Mumbai,Maharashtra,India,400001,2022-09-21,Gold,false
C005622,Ishaan,Iyer,ishaan.iyer5622@example.com,+91-69015-20468,2003-08-14,Female,"83, MG Road",London,England,United Kingdom,SW1A1AA,2023-10-25,Gold,false
C005623,Diya,Patel,diya.patel5623@example.com,+91-67718-48317,1991-09-17,O,"507, Lake Road",Chennai,Tamil Nadu,India,600001,2024-09-05,Silver,N
C005624,Vikram,Bose,vikram.bose5624@example.com,+91-83832-20308,1991-08-26,O,"7, MG Road",Delhi,Delhi,India,110001,2022-08-11,Bronze,N
C005625,Neha,Reddy,neha.reddy5625@example.com,+91-78685-22173,1989-09-25,female,"589, Station Road",London,England,United Kingdom,SW1A1AA,2023-03-08,Platinum,0
C005626,Aanya,Menon,aanya.menon5626@example.com,+91-82876-45695,1981-03-22,M,"650, Hill View",Chennai,Tamil Nadu,U.S.A.,600001,2022-01-15,Silver,Y
C005627,Priya,Kumar,priya.kumar5627@example.com,+91-84165-23362,1998-02-15,Female,"919, MG Road",Toronto,Ontario,Canada,M5H2N2,2022-01-22,Platinum,0
C005628,Ananya,Das,ananya.das5628@example.com,+91-91721-75241,1995-11-16,O,"223, Station Road",Hyderabad,Telangana,India,500001,2023-03-19,Bronze,false
C005629,Diya,Rao,diya.rao5629@example.com,+91-82010-24105,2002-01-11,O,"531, Station Road",Mumbai,Maharashtra,India,400001,2025-12-13,Bronze,true
C005630,Sneha,Joshi,sneha.joshi5630@example.com,+91-62474-79993,2016-02-24,F,"617, Lake Road",London,England,United Kingdom,SW1A1AA,2022-09-24,Bronze,true
C005631,Nisha,Gupta,nisha.gupta5631@example.com,+91-83378-18028,2001-01-03,Female,"441, Hill View",Mumbai,Maharashtra,India,400001,2022-09-08,Platinum,Y
C005632,Maya,Patel,maya.patel5632@example.com,+91-64245-49945,2010-05-04,F,"346, Market Street",Pune,Maharashtra,India,411001,2022-05-25,Silver,true
C005633,Rahul,Iyer,rahul.iyer5633@example.com,+91-87389-90493,1979-10-16,Other,"389, MG Road",Pune,Maharashtra,India,??,2025-07-14,Bronze,false
C005634,Pooja,Rao,pooja.rao5634@example.com,+91-68296-38049,1985-12-10,female,"920, Market Street",Kochi,Kerala,India,682001,2024-11-06,Gold,true
C005635,Ira,Bose,ira.bose5635@example.com,+91-98287-40470,1985-07-07,Female,"567, Hill View",Delhi,Delhi,India,110001,2024-12-10,Bronze,false
C005636,Arjun,Pillai,arjun.pillai5636@example.com,+91-60172-97835,2015-09-08,M,"577, Hill View",Chennai,Tamil Nadu,India,600001,2022-10-20,Silver,Yes
C005637,Lakshmi,Kumar,lakshmi.kumar5637@example.com,+91-68555-46195,2014-09-21,male,"122, Park Avenue",Chennai,Tamil Nadu,India,600001,2024-05-15,Platinum,Yes
C005638,Neha,Chopra,neha.chopra5638@example.com,+91-74305-34517,1987-04-20,O,"656, Lake Road",Kolkata,West Bengal,India,700001,2024-07-29,Gold,1
C005639,Aanya,Shah,aanya.shah5639@example.com,+91-92756-99586,1981-10-24,Male,"882, Station Road",Seattle,Washington,United States,98101,2024-07-16,Platinum,Y
C005640,Zoya,Gupta,Zoya.Gupta.invalid,+91-87975-66089,1993-08-07,O,"280, Market Street",Bengaluru,Karnataka,India,560001,2026-01-14,Silver,No
C005641,Aarav,Mehta,aarav.mehta5641@example.com,+91-71480-43637,2007-09-08,male,"13, Station Road",Toronto,Ontario,Canada,M5H2N2,2024-11-01,Platinum,N
C005642,Maya,Chopra,maya.chopra5642@example.com,+91-65278-13985,2016-05-02,Other,"831, Station Road",Chennai,Tamil Nadu,India,600001,2023-06-21,Platinum,Y
C005643,Vikram,Pillai,vikram.pillai5643@example.com,+91-64756-64023,2009-03-11,O,"366, Hill View",London,England,United Kingdom,SW1A1AA,2024-10-20,Bronze,Yes
C005644,Ira,Verma,ira.verma5644@example.com,+91-97274-39829,1987-12-05,female,"771, Market Street",Chennai,Tamil Nadu,India,600001,2024-04-23,Platinum,N
C005645,Akash,Iyer,akash.iyer5645@example.com,+91-62124-56085,1994-02-19,M,"756, Park Avenue",Delhi,Delhi,India,110001,2023-11-19,Gold,true
C005646,Pooja,Mehta,pooja.mehta5646@example.com,+91-63374-62884,1990-04-22,Other,"813, Park Avenue",Hyderabad,Telangana,India,500001,2022-11-20,Platinum,Y
C005647,Meera,Kumar,meera.kumar5647@example.com,+91-91869-16298,1985-03-06,O,"180, Hill View",Toronto,Ontario,Canada,M5H2N2,2025-05-06,Platinum,0
C005648,Neha,Kumar,neha.kumar5648@example.com,+91-90661-89082,2014-06-14,female,"389, Market Street",Toronto,Ontario,Canada,M5H2N2,2023-11-11,Silver,N
C005649,Diya,Gupta,diya.gupta5649@example.com,+91-83584-26237,1997-08-18,O,"681, MG Road",Delhi,Delhi,India,110001,2024-09-09,Platinum,1
C005650,,Gupta,ira.gupta5650@example.com,+91-76832-32107,1984-06-20,Male,"825, MG Road",Bengaluru,Karnataka,India,560001,2023-01-31,Gold,Yes
C005651,Vikram,Rao,vikram.rao5651@example.com,+91-88422-35256,2008-10-31,O,"917, Market Street",Chennai,Tamil Nadu,India,600001,2024-06-29,Platinum,No
C005652,Aarav,Reddy,aarav.reddy5652@example.com,+91-67910-68587,1994-12-20,Female,"833, Lake Road",Bengaluru,Karnataka,India,560001,2025-02-12,VIP,No
C005653,Sneha,Bose,sneha.bose5653@example.com,+91-88612-83161,1984-09-29,O,"981, Hill View",Chennai,Tamil Nadu,India,600001,2022-12-31,Bronze,true
C005654,Maya,Chopra,maya.chopra5654@example.com,+91-86352-71293,2007-09-16,Other,"954, Lake Road",Seattle,Washington,United States,98101,2024-11-02,Silver,true
C005655,Varun,Kumar,varun.kumar5655@example.com,+91-62159-60410,1978-02-19,Male,"398, Lake Road",Seattle,Washington,United States,98101,2023-03-08,Bronze,Y
C005656,Aarav,Singh,aarav.singh5656@example.com,+91-81872-39309,2012-02-12,Other,"657, Park Avenue",Delhi,Delhi,India,110001,2025-11-07,Platinum,true
C005657,Priya,Kapoor,priya.kapoor5657@example.com,+91-66018-80419,2003-07-15,Other,"418, Market Street",London,England,United Kingdom,SW1A1AA,2023-05-07,Platinum,No
C005658,Varun,Kumar,varun.kumar5658@example.com,+91-71927-37023,2009-08-29,male,"129, Market Street",Seattle,Washington,United States,98101,2026-06-15,Gold,No
C005659,Manoj,Verma,manoj.verma5659@example.com,+91-86122-73083,1979-05-08,Other,"887, MG Road",Mumbai,Maharashtra,India,400001,2024-10-05,Platinum,Y
C005660,Priya,Kapoor,priya.kapoor5660@example.com,+91-75694-87660,2012-03-21,F,"542, Station Road",Toronto,Ontario,Canada,M5H2N2,2022-02-02,Gold,true
C005661,Varun,Kumar,varun.kumar5661@example.com,+91-94417-47155,2003-10-07,O,"313, Hill View",Bengaluru,Karnataka,India,560001,2024-08-07,Bronze,No
C005662,Rohan,Rao,rohan.rao5662@example.com,+91-93664-99517,1980-10-04,Male,"707, MG Road",Kochi,Kerala,India,682001,2026-06-20,Gold,true
C005663,Maya,Singh,maya.singh5663@example.com,+91-69305-71239,1998-11-10,Female,"170, MG Road",Delhi,Delhi,India,110001,2024-01-29,Gold,N
C005664,Maya,Jain,maya.jain5664@example.com,+91-61920-70043,2006-01-30,Female,"790, Park Avenue",Austin,Texas,United States,78701,2022-09-27,Silver,true
C005665,Kiran,Kumar,kiran.kumar5665@example.com,+91-97300-46279,1993-06-28,Other,"944, MG Road",Kolkata,West Bengal,India,700001,2023-07-13,Platinum,Y
C005666,Kiran,Nair,kiran.nair5666@example.com,+91-66668-74877,2005-02-09,M,"558, Market Street",Toronto,Ontario,Canada,M5H2N2,2026-03-08,Bronze,No
C005667,Aditya,Chopra,aditya.chopra5667@example.com,+91-60742-75404,1986-02-26,Male,"347, Market Street",Kolkata,West Bengal,India,700001,2023-05-06,Platinum,false
C005668,Vikram,Bose,vikram.bose5668@example.com,+91-76429-21095,1978-01-03,Other,"729, Lake Road",Austin,Texas,United States,78701,2025-09-04,Bronze,Y
C005669,Aanya,Pillai,aanya.pillai5669@example.com,+91-71410-26827,2000-08-28,M,"483, Lake Road",Seattle,Washington,United States,98101,2023-05-31,Silver,Y
C005670,Dev,Bose,dev.bose5670@example.com,+91-88490-32634,1993-10-11,Male,"288, Lake Road",Delhi,Delhi,India,110001,2022-11-19,Silver,Yes
C005671,Kabir,Joshi,kabir.joshi5671@example.com,+91-84993-97776,1996-08-14,male,"527, Market Street",Kolkata,West Bengal,India,700001,2024-10-11,Bronze,Y
C005672,Meera,Mehta,meera.mehta5672@example.com,+91-77302-22995,1982-08-06,female,"851, Station Road",Austin,Texas,United States,78701,2025-06-29,Platinum,true
C005673,Manoj,Mehta,manoj.mehta5673@example.com,ABC123,2001-10-07,Other,"512, Station Road",Delhi,Delhi,India,110001,2023-02-16,Platinum,Y
C005674,Zoya,Das,zoya.das5674@example.com,+91-71608-59691,2011-10-24,Male,"928, Station Road",Kolkata,West Bengal,India,700001,2024-11-04,Bronze,true
C005675,Lakshmi,Nair,lakshmi.nair5675@example.com,+91-81095-36816,2013-04-13,female,"587, Market Street",Austin,Texas,United States,78701,2025-11-24,Platinum,Y
C005676,Rahul,Jain,rahul.jain5676@example.com,+91-67732-11407,1980-02-15,O,"334, Station Road",Delhi,Delhi,India,110001,2026-04-06,Bronze,1
C005677,Zoya,Rao,zoya.rao5677@example.com,+91-97587-21259,1978-12-17,female,"950, Market Street",Seattle,Washington,United States,98101,2025-08-17,Bronze,1
C005678,Tara,Reddy,tara.reddy5678@example.com,+91-86757-43795,1985-07-15,Male,"500, MG Road",Kochi,Kerala,India,682001,2026-03-30,Platinum,No
C005679,Tara,Nair,tara.nair5679@example.com,+91-95286-93306,2011-12-13,Female,"793, Park Avenue",Mumbai,Maharashtra,India,400001,2024-03-12,Gold,false
C005680,Tara,Reddy,tara.reddy5680@example.com,+91-60077-90916,2019-07-17,Male,"916, Lake Road",Delhi,Delhi,India,110001,2022-11-08,Gold,N
C005681,Dev,Kumar,dev.kumar5681@example.com,+91-96138-60095,2018-11-07,Male,"284, Station Road",Kochi,Kerala,India,682001,2026-02-08,Silver,0
C005682,Aditya,Patel,aditya.patel5682@example.com,+91-65127-22353,1990-06-28,F,"729, Market Street",Seattle,Washington,United States,98101,2026-01-27,Gold,0
C005683,Sanjay,Sharma,sanjay.sharma5683@example.com,+91-66139-43077,2013-11-01,O,"104, Hill View",Toronto,Ontario,Canada,M5H2N2,2026-04-04,Gold,1
C005684,Zoya,Iyer,zoya.iyer5684@example.com,+91-85405-99011,2011-01-26,Other,"893, Lake Road",London,England,United Kingdom,SW1A1AA,2024-10-26,Platinum,true
C005685,Zoya,Menon,zoya.menon5685@example.com,+91-86530-38017,2006-12-18,Other,"702, Station Road",Bengaluru,Karnataka,India,560001,2025-07-12,Bronze,1
C005686,Ira,Singh,ira.singh5686@example.com,+91-96994-47547,1987-11-24,Other,"596, Park Avenue",Bengaluru,Karnataka,India,560001,2024-08-14,Silver,Yes
C005687,Akash,Chopra,Akash.Chopra.invalid,+91-89157-14518,1995-07-10,female,"629, Park Avenue",London,England,United Kingdom,SW1A1AA,2023-12-12,Gold,Yes
C005688,Sanjay,Gupta,sanjay.gupta5688@example.com,+91-73619-56075,1990-12-17,O,"646, Hill View",London,England,United Kingdom,SW1A1AA,31-02-2025,Platinum,No
C005689,Diya,Joshi,diya.joshi5689@example.com,+91-95672-68460,1992-08-16,male,"761, Lake Road",London,England,United Kingdom,SW1A1AA,2024-01-21,Platinum,N
C005690,Sanjay,Gupta,sanjay.gupta5690@example.com,+91-67466-37097,1997-11-30,female,"213, Station Road",Mumbai,Maharashtra,India,400001,2024-03-16,Gold,1
C005691,Arjun,Joshi,arjun.joshi5691@example.com,+91-79471-22252,2013-12-19,female,"521, Market Street",Toronto,Ontario,Canada,M5H2N2,2022-03-08,Silver,Yes
C005692,Aanya,Iyer,aanya.iyer5692@example.com,+91-98154-47800,2004-02-28,F,"318, MG Road",Seattle,Washington,United States,98101,2023-10-13,Bronze,0
C005693,Nisha,Verma,nisha.verma5693@example.com,+91-82117-60098,1979-09-26,F,"585, Lake Road",Delhi,Delhi,India,110001,2025-01-23,Gold,true
C005694,Aarav,Bose,aarav.bose5694@example.com,+91-84994-20938,1997-06-16,female,"824, Hill View",Bengaluru,Karnataka,India,560001,2022-11-01,Bronze,false
C005695,Aarav,Kumar,aarav.kumar5695@example.com,+91-61871-44682,1981-09-02,female,"977, Market Street",Kochi,Kerala,India,682001,2025-09-11,Platinum,false
C005696,Akash,Das,akash.das5696@example.com,+91-63033-34023,2003-06-09,M,"668, Park Avenue", MUMBAI ,Maharashtra,India,400001,2025-01-03,Bronze,Yes
C005697,Sanjay,Nair,sanjay.nair5697@example.com,+91-94316-29677,2011-05-23,F,"571, Lake Road",Mumbai,Maharashtra,India,400001,2025-07-14,Bronze,false
C005698,Nisha,Shah,nisha.shah5698@example.com,+91-94535-46199,2008-08-07,Female,"675, MG Road",London,England,United Kingdom,SW1A1AA,2025-10-24,Bronze,true
C005699,Ira,Nair,ira.nair5699@example.com,+91-79099-65313,1997-05-16,F,"414, Hill View",Pune,Maharashtra,India,411001,2022-09-19,Platinum,1
C005700,Priya,Rao,priya.rao5700@example.com,+91-79282-84792,2016-08-01,male,"947, MG Road",Pune,Maharashtra,India,411001,2022-04-01,Bronze,N
C005701,Akash,Kumar,akash.kumar5701@example.com,+91-96653-18844,1988-06-29,O,"907, Station Road",Toronto,Ontario,Canada,M5H2N2,2024-12-21,Gold,1
C005702,Ira,Jain,ira.jain5702@example.com,+91-67900-46098,1995-08-12,Male,"769, Lake Road",Pune,Maharashtra,India,411001,2023-01-10,Gold,N
C005703,Ishaan,Kapoor,ishaan.kapoor5703@example.com,+91-99880-65932,2011-06-10,F,"303, Station Road",Austin,Texas,United States,78701,2025-03-11,Bronze,true
C005704,Kabir,Joshi,kabir.joshi5704@example.com,+91-82134-65400,2009-06-28,M,"531, Market Street",Delhi,Delhi,India,110001,2022-10-20,Bronze,0
C005705,Dev,Mehta,dev.mehta5705@example.com,+91-69240-96306,1987-08-06,Female,"137, Park Avenue",London,England,United Kingdom,SW1A1AA,2022-08-21,Platinum,Y
C005706,Ananya,Bose,ananya.bose5706@example.com,+91-63271-38847,1986-05-18,F,"948, Market Street",Delhi,Delhi,India,110001,2022-05-03,Silver,Yes
C005707,Neha,Menon,neha.menon5707@example.com,+91-60498-90932,1993-05-08,O,"293, MG Road",Chennai,Tamil Nadu,India,600001,2023-12-30,Gold,Y
C005708,Vikram,Pillai,vikram.pillai5708@example.com,+91-65441-94791,2017-02-21,female,"724, Park Avenue",Toronto,Ontario,Canada,M5H2N2,2026-06-12,Gold,0
BAD5709,Kiran,Joshi,kiran.joshi5709@example.com,+91-71223-75355,1979-12-02,Other,"492, Park Avenue",Hyderabad,Telangana,India,500001,2024-10-05,Silver,true
C005710,Aanya,Singh,aanya.singh5710@example.com,+91-74599-28591,2015-07-23,Male,"3, Station Road",Austin,Texas,United States,78701,2022-10-30,Platinum,No
C005711,Kiran,Chopra,kiran.chopra5711@example.com,+91-77505-76837,2018-07-03,male,"168, Market Street",Bengaluru,Karnataka,India,560001,2023-10-12,Gold,1
C005712,Akash,Gupta,akash.gupta5712@example.com,+91-93748-96487,1979-04-05,O,"873, Market Street",Seattle,Washington,United States,98101,2025-04-08,Silver,true
C005713,Aarav,Sharma,aarav.sharma5713@example.com,+91-68923-13665,1986-03-27,Female,"880, Hill View",Pune,Maharashtra,India,411001,2025-09-13,Gold,0
C005714,Dev,Patel,dev.patel5714@example.com,+91-89210-34698,1991-09-27,M,"663, Market Street",Chennai,Tamil Nadu,India,600001,2022-07-14,Bronze,Yes
C005715,Aditya,Mehta,aditya.mehta5715@example.com,+91-93076-92546,1995-01-30,M,"73, Market Street",London,England,United Kingdom,SW1A1AA,2024-01-20,Platinum,N
C005716,Riya,Rao,riya.rao5716@example.com,+91-92555-96445,2007-12-27,F,"217, Station Road",Mumbai,Maharashtra,India,400001,2025-07-13,Platinum,No
C005717,Aanya,Verma,aanya.verma5717@example.com,+91-73978-58666,1983-01-17,female,"164, MG Road",Hyderabad,Telangana,India,500001,2024-04-26,Bronze,1
C005718,Vikram,Patel,vikram.patel5718@example.com,+91-99421-97721,2015-03-23,O,"274, Park Avenue",Bengaluru,Karnataka,India,560001,2025-11-04,Silver,0
C005719,Riya,Rao,riya.rao5719@example.com,+91-73437-22947,1980-12-13,female,"238, Market Street",Pune,Maharashtra,India,411001,2023-03-26,Bronze,Yes
C005720,Zoya,Menon,zoya.menon5720@example.com,+91-92054-37077,2012-07-12,M,"679, Hill View",London,England,United Kingdom,SW1A1AA,2025-07-05,Gold,true
C005721,Pooja,Iyer,pooja.iyer5721@example.com,+91-61419-71670,2015-01-16,M,"936, Lake Road",Delhi,Delhi,India,110001,2023-11-07,Gold,Yes
C005722,Sneha,Mehta,sneha.mehta5722@example.com,+91-60146-40194,2004-12-14,female,"467, Market Street",Mumbai,Maharashtra,India,400001,2022-11-13,Silver,0
C005723,Lakshmi,Nair,lakshmi.nair5723@example.com,+91-89232-54395,1986-05-09,Other,"821, Station Road",Seattle,Washington,U.S.A.,98101,2025-12-10,Gold,Y
C005724,Pooja,Rao,pooja.rao5724@example.com,+91-78030-45681,1985-02-12,Other,"439, Park Avenue",Mumbai,Maharashtra,India,400001,2023-09-09,Bronze,false
C005725,Nisha,Shah,nisha.shah5725@example.com,+91-90824-32608,2012-01-05,Other,"424, Park Avenue",Delhi,Delhi,India,110001,2024-05-13,Bronze,true
C005726,Kabir,Nair,kabir.nair5726@example.com,+91-96489-97066,1986-07-23,female,"986, Lake Road",Austin,Texas,United States,78701,2025-09-06,Bronze,false
C005727,Diya,Joshi,diya.joshi5727@example.com,+91-89007-37903,2003-08-20,M,"197, Market Street",Austin,Texas,United States,78701,2025-03-13,Bronze,0
C005728,Ananya,Pillai,ananya.pillai5728@example.com,+91-85958-51281,1989-01-03,O,"562, Hill View",Kolkata,West Bengal,India,700001,2023-02-05,Platinum,Y
C005729,Ananya,Jain,ananya.jain5729@example.com,+91-63213-79041,2014-07-21,F,"441, Hill View",Seattle,Washington,United States,98101,2025-04-21,Bronze,No
C005730,Ananya,Verma,ananya.verma5730@example.com,+91-96713-47208,1997-01-11,O,"881, MG Road",Kochi,Kerala,India,682001,2022-11-02,Bronze,N
C005731,Priya,Bose,priya.bose5731@example.com,+91-97946-76778,1980-06-04,Other,"851, MG Road",Toronto,Ontario,Canada,M5H2N2,2023-01-13,Gold,false
C005732,Dev,Jain,dev.jain5732@example.com,+91-94231-29384,2002-01-26,female,"202, Park Avenue",Delhi,Delhi,India,110001,2025-11-23,Silver,No
C005733,Arjun,Nair,arjun.nair5733@example.com,+91-68429-62220,2015-03-27,Other,"640, Station Road",Austin,Texas,United States,78701,2024-03-05,Gold,Yes
C005734,Neha,Nair,Neha.Nair.invalid,ABC123,2017-06-14,F,"280, Lake Road",Delhi,Delhi,India,110001,2022-01-31,Platinum,false
C005735,Aditya,Joshi,aditya.joshi5735@example.com,+91-95888-32688,2002-10-19,O,"330, Hill View",Kochi,Kerala,India,682001,2023-11-12,Bronze,Yes
C005736,Rohan,Pillai,rohan.pillai5736@example.com,+91-97157-86119,1995-10-01,O,"764, Station Road",Hyderabad,Telangana,India,500001,2022-12-01,Platinum,Yes
C005737,Sneha,Shah,sneha.shah5737@example.com,+91-72688-11937,2012-02-11,Other,"452, Station Road",Toronto,Ontario,Canada,M5H2N2,2026-06-16,Bronze,No
C005738,Nisha,Jain,nisha.jain5738@example.com,+91-66934-58592,1983-08-13,Other,"51, Hill View",Austin,Texas,United States,78701,2025-10-09,Bronze,Y
C005739,Maya,Menon,maya.menon5739@example.com,+91-72712-36342,2016-01-01,O,"934, Market Street",Seattle,Washington,United States,98101,2025-03-29,Platinum,true
C005740,Manoj,Nair,manoj.nair5740@example.com,+91-69793-98801,1981-06-26,F,"195, MG Road",Pune,Maharashtra,India,411001,2025-02-13,Bronze,false
C005741,Sanjay,Sharma,sanjay.sharma5741@example.com,+91-80861-21595,2017-02-21,Male,"425, Park Avenue",London,England,United Kingdom,SW1A1AA,2023-02-19,Bronze,false
C005742,Kabir,Shah,kabir.shah5742@example.com,+91-78937-53148,2004-05-11,Other,"35, Hill View",Kochi,Kerala,India,682001,2024-02-16,Gold,true
C005743,Maya,Kapoor,maya.kapoor5743@example.com,+91-73013-80100,1995-07-01,Other,"20, Hill View",Chennai,Tamil Nadu,India,600001,2025-04-17,Bronze,N
C005744,Kavya,Patel,kavya.patel5744@example.com,+91-63547-12776,1982-08-20,O,"360, Station Road",London,England,United Kingdom,SW1A1AA,2026-05-29,Bronze,1
C005745,Meera,Rao,meera.rao5745@example.com,+91-86513-63105,2017-12-26,female,"161, Hill View",Pune,Maharashtra,India,411001,2023-06-25,Bronze,false
C005746,Ishaan,Iyer,ishaan.iyer5746@example.com,+91-60544-33037,2014-12-26,Male,"523, Hill View",Kochi,Kerala,India,682001,2022-01-12,Silver,Y
C005747,Varun,Gupta,varun.gupta5747@example.com,+91-65383-50415,2008-10-08,male,"883, Market Street",Bengaluru,Karnataka,India,560001,2024-03-06,Silver,Yes
C005748,Sanjay,Pillai,sanjay.pillai5748@example.com,+91-67428-77376,2003-01-03,F,"86, Park Avenue",Kolkata,West Bengal,India,700001,2022-09-19,Gold,false
C005749,Neha,Jain,neha.jain5749@example.com,+91-91790-71611,1979-09-12,female,"299, MG Road",Mumbai,Maharashtra,India,400001,2024-11-16,Silver,false
C005750,Priya,Gupta,priya.gupta5750@example.com,+91-76631-77851,1983-04-16,female,"634, Market Street",Bengaluru,Karnataka,India,560001,2025-03-11,Silver,true
C005751,Kabir,Kumar,kabir.kumar5751@example.com,+91-85573-55906,2007-11-20,O,"591, Station Road",Seattle,Washington,United States,98101,2023-03-29,Gold,0
C005752,Dev,Bose,dev.bose5752@example.com,+91-84348-72549,1997-02-09,Other,"11, Lake Road",Pune,Maharashtra,India,411001,2024-03-07,Platinum,1
C005753,Lakshmi,Patel,lakshmi.patel5753@example.com,+91-65580-74343,2006-03-26,Male,"496, Station Road",Mumbai,Maharashtra,India,400001,2025-11-09,Silver,1
C005754,Ira,Kumar,ira.kumar5754@example.com,+91-72188-50798,1993-11-17,F,"404, Park Avenue",Mumbai,Maharashtra,India,400001,2022-12-20,Silver,true
C005755,Ishaan,Das,ishaan.das5755@example.com,+91-78426-33446,2014-01-08,Other,"521, MG Road",Austin,Texas,United States,78701,2022-12-29,Bronze,Y
C005756,Rahul,Menon,rahul.menon5756@example.com,+91-67548-14778,1990-06-02,female,"395, Hill View",Delhi,Delhi,India,110001,2024-04-19,Bronze,1
C005757,Kavya,Sharma,kavya.sharma5757@example.com,+91-73319-21601,2005-05-15,Male,"143, Hill View",Bengaluru,Karnataka,India,560001,2025-03-27,Bronze,N
C005758,Sneha,Verma,sneha.verma5758@example.com,+91-97324-69794,1996-11-18,Other,"792, MG Road",Pune,Maharashtra,India,411001,2026-01-29,Bronze,1
C005759,Maya,Singh,maya.singh5759@example.com,+91-63189-19915,1985-06-20,F,"742, MG Road",Delhi,Delhi,India,110001,2025-07-04,Gold,0
C005760,Zoya,Kapoor,zoya.kapoor5760@example.com,+91-60680-48465,2006-08-21,Female,"229, Hill View",Chennai,Tamil Nadu,India,600001,2022-04-13,Gold,0
C005761,Aarav,Iyer,aarav.iyer5761@example.com,+91-90815-48445,1993-03-21,Male,"881, MG Road",Delhi,Delhi,India,110001,2022-06-17,Gold,true
C005762,Arjun,Kumar,arjun.kumar5762@example.com,+91-63825-47704,2012-10-21,Female,"751, Park Avenue",Hyderabad,Telangana,India,500001,2024-11-29,Gold,true
C005763,,Gupta,priya.gupta5763@example.com,+91-76272-83961,1986-07-07,Female,"902, Station Road",London,England,United Kingdom,SW1A1AA,2025-05-23,Bronze,Yes
C005764,Diya,Verma,diya.verma5764@example.com,+91-61594-41707,2013-07-08,female,"907, Lake Road",Chennai,Tamil Nadu,India,??,2026-06-01,Bronze,Yes
C005765,Akash,Sharma,akash.sharma5765@example.com,+91-84662-99183,2017-09-01,Other,"452, Market Street",Hyderabad,Telangana,India,500001,2022-04-05,Silver,N
C005766,Zoya,Nair,zoya.nair5766@example.com,+91-75693-49239,2002-11-09,M,"669, Park Avenue",Hyderabad,Telangana,India,500001,2026-04-05,Bronze,1
C005767,Aanya,Joshi,aanya.joshi5767@example.com,+91-81122-11669,1985-01-06,M,"232, Lake Road",Mumbai,Maharashtra,India,400001,31-02-2025,Silver,Y
C005768,Varun,Sharma,varun.sharma5768@example.com,+91-70002-20862,2003-06-25,Male,"631, Hill View",Austin,Texas,United States,78701,2024-06-22,Bronze,No
C005769,Kavya,Mehta,kavya.mehta5769@example.com,+91-94873-45326,2005-11-11,F,"526, Station Road",Delhi,Delhi,India,110001,2023-06-18,Silver,Y
C005770,Ananya,Menon,ananya.menon5770@example.com,+91-64256-36984,1979-10-21,Other,"143, Station Road",Bengaluru,Karnataka,India,560001,2024-10-17,Platinum,N
C005771,Kabir,Rao,kabir.rao5771@example.com,+91-91615-87933,1987-09-29,Other,"427, Station Road",Austin,Texas,United States,78701,2026-01-31,Platinum,1
C005772,Meera,Menon,meera.menon5772@example.com,+91-67657-78284,2013-10-23,F,"385, Park Avenue",Seattle,Washington,United States,98101,2024-05-22,Bronze,N
C005773,Aarav,Pillai,aarav.pillai5773@example.com,+91-86053-42055,2018-01-04,Other,"450, Park Avenue",Toronto,Ontario,Canada,M5H2N2,2022-01-19,Gold,N
C005774,Meera,Sharma,meera.sharma5774@example.com,+91-99321-57917,1997-12-08,Male,"466, Lake Road",Toronto,Ontario,Canada,M5H2N2,2022-12-29,Bronze,false
C005775,Sanjay,Mehta,sanjay.mehta5775@example.com,+91-96132-54994,1988-02-04,female,"254, Market Street",Toronto,Ontario,Canada,M5H2N2,2024-01-21,Silver,Y
C005776,Nisha,Pillai,nisha.pillai5776@example.com,+91-84515-16690,1991-10-19,Female,"541, Hill View",Kolkata,West Bengal,India,700001,2026-03-24,Silver,0
C005777,Kiran,Bose,kiran.bose5777@example.com,+91-82515-61221,1988-09-17,F,"449, Lake Road",Mumbai,Maharashtra,India,400001,2023-12-28,Gold,N
C005778,Rahul,Rao,rahul.rao5778@example.com,+91-75873-73087,1985-01-09,M,"56, MG Road",Mumbai,Maharashtra,India,400001,2022-02-23,Platinum,0
C005779,Aarav,Verma,aarav.verma5779@example.com,+91-82045-19299,1987-05-22,Female,"272, Hill View",Hyderabad,Telangana,India,500001,2024-05-22,Platinum,false
C005780,Pooja,Pillai,pooja.pillai5780@example.com,+91-60525-41034,1992-12-08,Female,"192, Station Road",Hyderabad,Telangana,India,500001,2026-04-18,Bronze,1
C005781,Aarav,Gupta,Aarav.Gupta.invalid,+91-88551-24201,2014-09-10,Female,"459, Station Road",Kolkata,West Bengal,India,700001,2024-01-10,Gold,false
C005782,Nisha,Pillai,nisha.pillai5782@example.com,+91-94135-54170,1997-07-04,Female,"987, Lake Road",Delhi,Delhi,India,110001,2023-07-26,Gold,N
C005783,Ishaan,Chopra,ishaan.chopra5783@example.com,+91-93564-12226,1995-07-23,M,"814, Lake Road",Pune,Maharashtra,India,411001,2024-10-26,Silver,Y
C005784,Aditya,Verma,aditya.verma5784@example.com,+91-71898-35925,1985-05-29,Other,"733, MG Road",Bengaluru,Karnataka,India,560001,2025-03-23,Gold,Yes
C005785,Kabir,Joshi,kabir.joshi5785@example.com,+91-92879-97301,2002-12-06,O,"333, Lake Road", PUNE ,Maharashtra,India,411001,2026-04-16,Silver,Yes
C005786,Aanya,Gupta,aanya.gupta5786@example.com,+91-84225-99386,1993-04-24,M,"664, Hill View",Chennai,Tamil Nadu,India,600001,2024-11-06,Silver,true
C005787,Arjun,Pillai,arjun.pillai5787@example.com,+91-61293-48046,2001-10-25,male,"836, Park Avenue",Pune,Maharashtra,India,411001,2024-08-13,Silver,Yes
C005788,Maya,Iyer,maya.iyer5788@example.com,+91-81474-31333,1995-10-24,Other,"284, Hill View",Delhi,Delhi,India,110001,2022-04-07,Gold,No
C005789,Sneha,Menon,sneha.menon5789@example.com,+91-69687-54245,2004-09-10,Female,"735, Park Avenue",Toronto,Ontario,Canada,M5H2N2,2025-09-21,Silver,true
C005790,Zoya,Bose,zoya.bose5790@example.com,+91-84820-35096,2019-06-06,female,"502, Hill View",Bengaluru,Karnataka,India,560001,2022-10-17,Platinum,false
C005791,Diya,Chopra,diya.chopra5791@example.com,+91-62541-72416,2004-03-15,Male,"183, MG Road",Seattle,Washington,United States,98101,2023-04-07,Silver,1
C005792,Riya,Kumar,riya.kumar5792@example.com,+91-83991-12019,1996-01-07,M,"500, Station Road",Delhi,Delhi,India,110001,2022-11-01,Platinum,false
C005793,Tara,Nair,tara.nair5793@example.com,+91-72803-86961,2002-08-18,male,"611, Park Avenue",Pune,Maharashtra,India,411001,2022-10-24,Bronze,Yes
C005794,Ananya,Das,ananya.das5794@example.com,+91-62088-86806,2014-01-09,female,"628, Hill View",Pune,Maharashtra,India,411001,2023-12-02,Gold,false
C005795,Vikram,Shah,vikram.shah5795@example.com,ABC123,1991-04-06,F,"918, Park Avenue",Toronto,Ontario,Canada,M5H2N2,2026-01-05,Platinum,false
C005796,Rahul,Bose,rahul.bose5796@example.com,+91-64323-22910,2012-07-02,O,"435, MG Road",London,England,United Kingdom,SW1A1AA,2025-08-28,Bronze,No
C005797,Akash,Joshi,akash.joshi5797@example.com,+91-78946-95385,2010-04-29,F,"235, Lake Road",Hyderabad,Telangana,India,500001,2024-04-22,Bronze,N
C005798,Lakshmi,Menon,lakshmi.menon5798@example.com,+91-96468-88244,1984-04-09,M,"389, Park Avenue",Mumbai,Maharashtra,India,400001,2022-10-11,Bronze,No
C005799,Vikram,Mehta,vikram.mehta5799@example.com,+91-68109-40407,1990-03-23,O,"869, Lake Road",Mumbai,Maharashtra,India,400001,2025-10-07,Bronze,0
C005800,Ananya,Menon,ananya.menon5800@example.com,+91-62094-79816,2000-01-16,female,"972, Hill View",Austin,Texas,United States,78701,2026-02-24,Platinum,1
C005801,Rohan,Verma,rohan.verma5801@example.com,+91-91522-68975,1999-12-02,Male,"46, Park Avenue",Delhi,Delhi,India,110001,2023-09-15,Silver,true
C005802,Pooja,Shah,pooja.shah5802@example.com,+91-67692-99255,1980-12-16,male,"424, Hill View",Mumbai,Maharashtra,India,400001,2026-03-16,Bronze,No
C005803,Dev,Verma,dev.verma5803@example.com,+91-70232-28861,2014-10-06,O,"278, MG Road",Kolkata,West Bengal,India,700001,2022-10-19,Gold,1
C005804,Akash,Das,akash.das5804@example.com,+91-77274-51747,2001-01-09,F,"625, MG Road",Mumbai,Maharashtra,India,400001,2026-02-06,Bronze,true
C005805,Kavya,Shah,kavya.shah5805@example.com,+91-83233-26371,2018-01-27,male,"689, Park Avenue",Mumbai,Maharashtra,India,400001,2022-07-04,Gold,true
C005806,Ananya,Pillai,ananya.pillai5806@example.com,+91-72768-27179,2019-05-30,female,"430, Station Road",Delhi,Delhi,India,110001,2023-12-06,Silver,No
C005807,Kabir,Joshi,kabir.joshi5807@example.com,+91-92171-49366,2006-09-13,Female,"957, MG Road",Hyderabad,Telangana,India,500001,2023-02-24,Platinum,false
C005808,Meera,Patel,meera.patel5808@example.com,+91-89458-84197,2008-09-06,female,"359, Park Avenue",Mumbai,Maharashtra,India,400001,2024-02-07,Bronze,1
C005809,Meera,Nair,meera.nair5809@example.com,+91-73860-17636,2009-10-27,Other,"979, Station Road",Toronto,Ontario,Canada,M5H2N2,2024-11-17,VIP,1
C005810,Maya,Das,maya.das5810@example.com,+91-82950-52972,1984-12-09,Other,"989, Park Avenue",Austin,Texas,United States,78701,2022-04-02,Bronze,Yes
C005811,Akash,Patel,akash.patel5811@example.com,+91-85343-73831,1986-04-08,Male,"255, Market Street",Delhi,Delhi,India,110001,2025-02-15,Bronze,0
C005812,Zoya,Das,zoya.das5812@example.com,+91-76606-95797,2004-11-12,Female,"743, Market Street",London,England,United Kingdom,SW1A1AA,2022-08-16,Bronze,No
C005813,Maya,Sharma,maya.sharma5813@example.com,+91-91001-75101,1992-04-27,M,"892, MG Road",Delhi,Delhi,India,110001,2023-02-05,Bronze,0
C005814,Ira,Joshi,ira.joshi5814@example.com,+91-78408-88690,2016-02-02,O,"501, Station Road",London,England,United Kingdom,SW1A1AA,2026-01-27,Gold,Yes
C005815,Kiran,Iyer,kiran.iyer5815@example.com,+91-70424-24226,2015-02-08,female,"125, Lake Road",Kochi,Kerala,India,682001,2024-12-25,Gold,Y
C005816,Aanya,Chopra,aanya.chopra5816@example.com,+91-90831-15567,2011-02-13,Other,"760, Park Avenue",Chennai,Tamil Nadu,India,600001,2026-03-17,Bronze,Yes
C005817,Arjun,Rao,arjun.rao5817@example.com,+91-84840-12505,1998-03-16,M,"364, Station Road",Hyderabad,Telangana,India,500001,2026-06-09,Bronze,N
C005818,Sanjay,Iyer,sanjay.iyer5818@example.com,+91-78046-47695,1994-07-11,male,"685, MG Road",Mumbai,Maharashtra,India,400001,2023-06-17,Silver,Yes
C005819,Aditya,Sharma,aditya.sharma5819@example.com,+91-93005-60550,2002-10-27,M,"450, Market Street",Kochi,Kerala,India,682001,2022-01-25,Platinum,1
C005820,Maya,Das,maya.das5820@example.com,+91-99219-29885,1993-10-24,F,"505, Lake Road",London,England,U.S.A.,SW1A1AA,2022-04-29,Gold,true
C005821,Ishaan,Kapoor,ishaan.kapoor5821@example.com,+91-66050-69042,2018-05-31,female,"508, Market Street",Delhi,Delhi,India,110001,2024-07-05,Gold,No
C005822,Neha,Kumar,neha.kumar5822@example.com,+91-68416-36257,2011-11-06,female,"224, Lake Road",Toronto,Ontario,Canada,M5H2N2,2024-11-05,Silver,false
C005823,Neha,Nair,neha.nair5823@example.com,+91-60626-24031,2002-11-13,M,"458, Market Street",Chennai,Tamil Nadu,India,600001,2023-08-12,Platinum,false
C005824,Aanya,Reddy,aanya.reddy5824@example.com,+91-91344-24215,2000-04-07,Male,"309, Lake Road",Kolkata,West Bengal,India,700001,2022-05-07,Bronze,1
C005825,Neha,Joshi,neha.joshi5825@example.com,+91-87804-97655,2012-01-06,Other,"927, Park Avenue",Kolkata,West Bengal,India,700001,2025-01-22,Platinum,Yes
C005826,Kabir,Sharma,kabir.sharma5826@example.com,+91-93862-48697,2012-04-05,Female,"913, Station Road",London,England,United Kingdom,SW1A1AA,2022-05-14,Bronze,false
C005827,Meera,Verma,meera.verma5827@example.com,+91-66110-47719,2004-05-19,O,"148, Park Avenue",Austin,Texas,United States,78701,2025-06-05,Bronze,No
C005828,Priya,Iyer,Priya.Iyer.invalid,+91-71638-37559,2003-05-18,O,"24, Lake Road",Pune,Maharashtra,India,411001,2025-10-18,Bronze,true
C005829,Lakshmi,Rao,lakshmi.rao5829@example.com,+91-73258-58673,1984-12-24,male,"318, Station Road",Kochi,Kerala,India,682001,2025-11-19,Platinum,Y
C005830,Dev,Mehta,dev.mehta5830@example.com,+91-65274-89346,1998-09-14,F,"991, Hill View",Chennai,Tamil Nadu,India,600001,2023-08-31,Bronze,true
C005831,Zoya,Menon,zoya.menon5831@example.com,+91-78214-68955,1980-06-12,female,"946, Park Avenue",Pune,Maharashtra,India,411001,2024-08-21,Platinum,No
C005832,Rohan,Reddy,rohan.reddy5832@example.com,+91-73878-26050,1992-05-06,male,"157, Park Avenue",Seattle,Washington,United States,98101,2023-07-28,Gold,false
C005833,Sneha,Kumar,sneha.kumar5833@example.com,+91-68111-26157,1989-04-28,Female,"763, Market Street",Kolkata,West Bengal,India,700001,2025-11-06,Platinum,false
C005834,Maya,Bose,maya.bose5834@example.com,+91-99380-67594,1990-08-16,Male,"427, Lake Road",Pune,Maharashtra,India,411001,2024-04-25,Gold,N
C005835,Aarav,Rao,aarav.rao5835@example.com,+91-77149-49836,1981-07-31,F,"828, Park Avenue",Austin,Texas,United States,78701,2022-01-04,Gold,N
C005836,Priya,Bose,priya.bose5836@example.com,+91-79865-50510,2019-05-26,F,"937, Market Street",Seattle,Washington,United States,98101,2023-07-10,Platinum,true
C005837,Pooja,Joshi,pooja.joshi5837@example.com,+91-76195-60037,1984-03-03,male,"442, Station Road",Hyderabad,Telangana,India,500001,2022-05-05,Platinum,false
C005838,Kavya,Gupta,kavya.gupta5838@example.com,+91-95531-66994,1998-01-08,Male,"56, Station Road",Seattle,Washington,United States,98101,2022-04-25,Gold,1
C005839,Meera,Chopra,meera.chopra5839@example.com,+91-68119-52297,2010-08-09,O,"486, Station Road",Delhi,Delhi,India,110001,2022-08-14,Silver,1
C005840,Aditya,Mehta,aditya.mehta5840@example.com,+91-91432-74411,1982-11-08,F,"304, Park Avenue",Delhi,Delhi,India,110001,2024-06-07,Bronze,Yes
C005841,Tara,Mehta,tara.mehta5841@example.com,+91-73101-16201,2003-05-14,M,"557, Lake Road",Kolkata,West Bengal,India,700001,2023-12-03,Bronze,Y
C005842,Pooja,Jain,pooja.jain5842@example.com,+91-77191-81242,2016-07-27,Other,"363, Station Road",Hyderabad,Telangana,India,500001,2022-11-17,Gold,Y
C005843,Ishaan,Kumar,ishaan.kumar5843@example.com,+91-67344-34047,2018-06-08,male,"571, Lake Road",Austin,Texas,United States,78701,2024-10-27,Platinum,true
C005844,Priya,Bose,priya.bose5844@example.com,+91-73976-55938,1990-05-28,O,"513, Market Street",Chennai,Tamil Nadu,India,600001,2026-01-17,Platinum,Yes
C005845,Kiran,Nair,kiran.nair5845@example.com,+91-99472-91213,2019-12-01,female,"652, Lake Road",Bengaluru,Karnataka,India,560001,2024-01-06,Bronze,Y
C005846,Zoya,Iyer,zoya.iyer5846@example.com,+91-86647-15398,1988-08-19,Male,"371, Park Avenue",Toronto,Ontario,Canada,M5H2N2,31-02-2025,Platinum,N
C005847,Sneha,Jain,sneha.jain5847@example.com,+91-75833-48478,2010-11-20,female,"183, Hill View",Bengaluru,Karnataka,India,560001,2023-08-03,Bronze,Yes
C005848,Maya,Das,maya.das5848@example.com,+91-79106-77335,2005-03-05,Other,"590, Hill View",Seattle,Washington,United States,98101,2024-10-25,Platinum,Y
C005849,Rohan,Bose,rohan.bose5849@example.com,+91-87768-41688,2000-12-03,Other,"746, Hill View",Hyderabad,Telangana,India,500001,2022-12-20,Silver,Y
C005850,Riya,Bose,riya.bose5850@example.com,+91-66311-32612,1984-08-09,female,"312, Market Street",Toronto,Ontario,Canada,M5H2N2,2025-07-28,Bronze,true
C005851,Sanjay,Gupta,sanjay.gupta5851@example.com,+91-77897-37022,1995-05-14,female,"399, Station Road",Kochi,Kerala,India,682001,2023-03-31,Bronze,1
C005852,Vikram,Joshi,vikram.joshi5852@example.com,+91-93178-95721,2012-05-21,Male,"944, Market Street",Toronto,Ontario,Canada,M5H2N2,2024-04-23,Platinum,false
C005853,Dev,Shah,dev.shah5853@example.com,+91-81630-86027,1985-07-04,Other,"970, Hill View",Seattle,Washington,United States,98101,2024-03-23,Silver,N
C005854,Ishaan,Nair,ishaan.nair5854@example.com,+91-83087-15150,1994-09-20,O,"859, MG Road",Austin,Texas,United States,78701,2023-01-06,Bronze,false
C005855,Diya,Nair,diya.nair5855@example.com,+91-98749-69274,2008-04-22,F,"333, Park Avenue",Kolkata,West Bengal,India,700001,2025-06-02,Gold,N
C005856,Ira,Kapoor,ira.kapoor5856@example.com,ABC123,1992-09-09,Female,"117, Market Street",Hyderabad,Telangana,India,500001,2023-01-07,Platinum,1
C005857,Rohan,Mehta,rohan.mehta5857@example.com,+91-71378-31479,1981-12-29,Male,"418, Lake Road",Mumbai,Maharashtra,India,400001,2025-04-01,Silver,Yes
C005858,Nisha,Iyer,nisha.iyer5858@example.com,+91-88492-99534,1988-08-21,F,"595, Market Street",Delhi,Delhi,India,110001,2023-11-09,Bronze,1
C005859,Vikram,Kapoor,vikram.kapoor5859@example.com,+91-71207-49747,1991-03-30,Other,"545, MG Road",London,England,United Kingdom,SW1A1AA,2023-10-01,Silver,0
C005860,Meera,Pillai,meera.pillai5860@example.com,+91-67294-86989,2009-05-19,F,"46, MG Road",Hyderabad,Telangana,India,500001,2022-09-20,Gold,1
C005861,Aditya,Nair,aditya.nair5861@example.com,+91-94335-43531,2009-09-12,male,"567, Market Street",Chennai,Tamil Nadu,India,600001,2025-08-17,Platinum,false
C005862,Vikram,Iyer,vikram.iyer5862@example.com,+91-84629-77416,2003-05-11,M,"378, MG Road",Chennai,Tamil Nadu,India,600001,2024-04-13,Gold,N
C005863,Tara,Rao,tara.rao5863@example.com,+91-99137-40318,1986-05-29,O,"192, Lake Road",Hyderabad,Telangana,India,500001,2022-05-07,Platinum,Yes
C005864,Ananya,Jain,ananya.jain5864@example.com,+91-97753-15966,2002-03-29,O,"435, Hill View",Hyderabad,Telangana,India,500001,2024-11-10,Gold,N
C005865,Diya,Reddy,diya.reddy5865@example.com,+91-79286-51207,1990-12-13,F,"794, Hill View",Austin,Texas,United States,78701,2024-10-11,Gold,false
C005866,Kavya,Sharma,kavya.sharma5866@example.com,+91-68158-15053,2013-01-10,F,"639, Lake Road",Chennai,Tamil Nadu,India,600001,2023-10-25,Platinum,Y
C005867,Ananya,Singh,ananya.singh5867@example.com,+91-95399-63502,1991-02-09,Female,"856, Lake Road",Kochi,Kerala,India,682001,2025-12-26,Gold,No
C005868,Nisha,Kapoor,nisha.kapoor5868@example.com,+91-91675-65488,1985-06-29,F,"713, MG Road",Pune,Maharashtra,India,411001,2022-07-31,Silver,true
C005869,Kavya,Gupta,kavya.gupta5869@example.com,+91-97514-94004,2017-03-03,Female,"804, MG Road",Seattle,Washington,United States,98101,2025-07-14,Platinum,Y
C005870,Manoj,Verma,manoj.verma5870@example.com,+91-69590-81454,1990-09-28,Other,"363, Park Avenue",Seattle,Washington,United States,98101,2026-02-21,Platinum,false
C005871,Varun,Nair,varun.nair5871@example.com,+91-74473-90701,2006-05-16,F,"225, Station Road",London,England,United Kingdom,SW1A1AA,2026-03-07,Silver,0
C005872,Priya,Verma,priya.verma5872@example.com,+91-99787-99162,2019-04-07,male,"343, Market Street",Bengaluru,Karnataka,India,560001,2026-04-16,Silver,1
C005873,Ananya,Pillai,ananya.pillai5873@example.com,+91-70500-40637,2014-06-27,Female,"801, Park Avenue",Mumbai,Maharashtra,India,400001,2025-01-17,Platinum,true
C005874,Arjun,Joshi,arjun.joshi5874@example.com,+91-98537-68042,2013-12-28,Female,"565, Station Road", KOCHI ,Kerala,India,682001,2024-10-25,Platinum,N
C005875,Lakshmi,Rao,Lakshmi.Rao.invalid,+91-72868-67709,2004-06-25,M,"840, MG Road",London,England,United Kingdom,SW1A1AA,2022-08-03,Platinum,1
C005876,,Bose,varun.bose5876@example.com,+91-92686-42275,2009-05-19,Female,"514, Lake Road",Hyderabad,Telangana,India,500001,2022-07-06,Bronze,Y
C005877,Sneha,Chopra,sneha.chopra5877@example.com,+91-64315-49544,1981-02-03,female,"411, MG Road",Toronto,Ontario,Canada,M5H2N2,2024-11-25,Silver,No
C005878,Tara,Kapoor,tara.kapoor5878@example.com,+91-78581-18550,1994-05-08,male,"49, Market Street",Seattle,Washington,United States,98101,2024-01-06,Bronze,true
C005879,Kabir,Das,kabir.das5879@example.com,+91-77240-86522,2017-12-10,F,"315, Market Street",Kolkata,West Bengal,India,700001,2025-09-09,Silver,0
C005880,Aanya,Reddy,aanya.reddy5880@example.com,+91-98291-17191,1992-09-28,male,"659, Hill View",Hyderabad,Telangana,India,500001,2024-06-13,Gold,true
C005881,Kavya,Nair,kavya.nair5881@example.com,+91-80543-13954,2010-10-27,O,"377, MG Road",Chennai,Tamil Nadu,India,600001,2023-02-17,Platinum,0
BAD5882,Tara,Kapoor,tara.kapoor5882@example.com,+91-83579-68812,2019-11-16,F,"799, Hill View",Delhi,Delhi,India,110001,2025-07-13,Gold,Yes
C005883,Sanjay,Shah,sanjay.shah5883@example.com,+91-88875-96268,2007-08-26,Female,"113, MG Road",Bengaluru,Karnataka,India,560001,2022-02-10,Bronze,true
C005884,Aanya,Reddy,aanya.reddy5884@example.com,+91-69827-28825,1987-10-07,F,"262, Lake Road",Pune,Maharashtra,India,411001,2022-12-23,Silver,No
C005885,Aarav,Rao,aarav.rao5885@example.com,+91-69026-23303,1985-02-17,M,"542, MG Road",Bengaluru,Karnataka,India,560001,2022-04-22,Platinum,Yes
C005886,Sneha,Chopra,sneha.chopra5886@example.com,+91-85121-81966,2005-10-08,Other,"827, MG Road",Mumbai,Maharashtra,India,400001,2026-05-28,Gold,No
C005887,Zoya,Joshi,zoya.joshi5887@example.com,+91-81747-84508,2008-10-17,Female,"890, Station Road",Seattle,Washington,United States,98101,2024-08-02,Bronze,Yes
C005888,Varun,Rao,varun.rao5888@example.com,+91-80927-29523,2000-05-03,O,"728, Station Road",Delhi,Delhi,India,110001,2022-09-20,Silver,Yes
C005889,Lakshmi,Joshi,lakshmi.joshi5889@example.com,+91-88170-75003,2011-07-10,O,"503, Market Street",Delhi,Delhi,India,110001,2024-09-26,Bronze,Yes
C005890,Zoya,Rao,zoya.rao5890@example.com,+91-80384-53887,1995-07-20,Female,"656, Hill View",Toronto,Ontario,Canada,M5H2N2,2025-03-08,Bronze,false
C005891,Vikram,Iyer,vikram.iyer5891@example.com,+91-86883-39939,1983-03-28,female,"144, Lake Road",Mumbai,Maharashtra,India,400001,2026-02-19,Gold,1
C005892,Priya,Chopra,priya.chopra5892@example.com,+91-85830-15577,1978-07-31,Male,"742, Market Street",Hyderabad,Telangana,India,500001,2022-02-13,Platinum,Y
C005893,Sneha,Singh,sneha.singh5893@example.com,+91-62296-74717,2012-06-03,Male,"641, Station Road",Chennai,Tamil Nadu,India,600001,2022-03-08,Bronze,Yes
C005894,Kiran,Joshi,kiran.joshi5894@example.com,+91-61610-65710,2018-07-21,Female,"482, Park Avenue",Kolkata,West Bengal,India,700001,2023-05-12,Silver,1
C005895,Meera,Kapoor,meera.kapoor5895@example.com,+91-86794-59789,2011-02-01,O,"865, Market Street",Seattle,Washington,United States,??,2023-11-01,Gold,0
C005896,Kavya,Bose,kavya.bose5896@example.com,+91-67760-92943,1982-03-13,Female,"321, Park Avenue",Toronto,Ontario,Canada,M5H2N2,2025-03-30,Silver,1
C005897,Ira,Mehta,ira.mehta5897@example.com,+91-86101-33205,1989-05-20,Other,"23, MG Road",Pune,Maharashtra,India,411001,2022-03-01,Bronze,true
C005898,Meera,Iyer,meera.iyer5898@example.com,+91-75145-59691,1993-10-27,M,"843, Market Street",Pune,Maharashtra,India,411001,2025-01-22,Gold,N
C005899,Ishaan,Patel,ishaan.patel5899@example.com,+91-80375-92478,2008-05-30,F,"6, Park Avenue",Seattle,Washington,United States,98101,2023-01-09,Gold,1
C005900,Manoj,Rao,manoj.rao5900@example.com,+91-71907-69690,1989-01-18,male,"904, Park Avenue",Hyderabad,Telangana,India,500001,2025-05-01,Platinum,Yes
C000001,Akash,Menon,AKASH.MENON1@EXAMPLE.COM,+91-65360-81116,2008-11-18,M,"438, Lake Road", Kochi ,Kerala,India,682001,2026-07-02,Silver,true
C000002,Akash,Joshi,AKASH.JOSHI2@EXAMPLE.COM,+91-88110-97034,1978-09-05,Female,"457, Station Road", Toronto ,Ontario,Canada,M5H2N2,2026-07-03,Gold,0
C000003,Diya,Kumar,DIYA.KUMAR3@EXAMPLE.COM,+91-96883-27784,1988-11-20,female,"751, Lake Road", Delhi ,Delhi,India,110001,2026-07-04,Gold,Yes
C000004,Priya,Menon,PRIYA.MENON4@EXAMPLE.COM,+91-78170-36171,1994-01-30,F,"672, Lake Road", Bengaluru ,Karnataka,India,560001,2026-07-05,Silver,false
C000005,Rohan,Bose,ROHAN.BOSE5@EXAMPLE.COM,+91-64876-72448,1981-03-14,O,"618, MG Road", Kolkata ,West Bengal,India,700001,2026-07-06,Bronze,true
C000006,Vikram,Gupta,VIKRAM.GUPTA6@EXAMPLE.COM,+91-81542-27360,1980-11-19,female,"396, Park Avenue", Chennai ,Tamil Nadu,India,600001,2026-07-07,Platinum,false
C000007,Pooja,Menon,POOJA.MENON7@EXAMPLE.COM,+91-70870-96895,1987-08-01,Male,"759, Hill View", Delhi ,Delhi,India,110001,2026-07-08,Platinum,0
C000008,Rohan,Iyer,ROHAN.IYER8@EXAMPLE.COM,+91-71585-15253,1991-09-13,Male,"314, Market Street", Toronto ,Ontario,Canada,M5H2N2,2026-07-09,Platinum,Yes
C000009,Arjun,Patel,ARJUN.PATEL9@EXAMPLE.COM,+91-99064-90154,2001-07-23,female,"938, Park Avenue", London ,England,United Kingdom,SW1A1AA,2026-07-10,Bronze,0
C000010,Maya,Kapoor,MAYA.KAPOOR10@EXAMPLE.COM,+91-64880-39340,1981-06-21,F,"395, Market Street", Kolkata ,West Bengal,India,700001,2026-07-01,Bronze,N
C000011,Kiran,Kapoor,KIRAN.KAPOOR11@EXAMPLE.COM,+91-72283-25331,1990-10-08,Male,"506, MG Road", Kochi ,Kerala,India,682001,2026-07-02,Bronze,No
C000012,Sanjay,Kapoor,SANJAY.KAPOOR12@EXAMPLE.COM,+91-96819-13735,2010-07-24,Male,"562, Hill View", Delhi ,Delhi,India,110001,2026-07-03,Gold,1
C000013,Tara,Verma,TARA.VERMA13@EXAMPLE.COM,+91-83720-42813,1984-05-15,Female,"162, Park Avenue", Austin ,Texas,United States,78701,2026-07-04,Silver,Y
C000014,Rahul,Verma,RAHUL.VERMA14@EXAMPLE.COM,+91-92683-82995,1991-03-31,O,"804, Market Street", Kolkata ,West Bengal,India,700001,2026-07-05,Gold,false
C000015,Aditya,Verma,ADITYA.VERMA15@EXAMPLE.COM,+91-93850-81741,1978-01-25,male,"903, Hill View", Toronto ,Ontario,Canada,M5H2N2,2026-07-06,Silver,true
C000016,Neha,Menon,NEHA.MENON16@EXAMPLE.COM,+91-64935-43344,2010-09-18,female,"734, MG Road", Seattle ,Washington,United States,98101,2026-07-07,Silver,1
C000017,Rohan,Verma,ROHAN.VERMA17@EXAMPLE.COM,+91-62909-20065,1994-11-29,O,"96, Station Road", Kochi ,Kerala,India,682001,2026-07-08,Bronze,N
C000018,Maya,Sharma,MAYA.SHARMA18@EXAMPLE.COM,+91-98622-40663,2019-10-07,Other,"979, MG Road", Pune ,Maharashtra,India,411001,2026-07-09,Bronze,N
C000019,Riya,Verma,RIYA.VERMA19@EXAMPLE.COM,+91-79627-76208,1981-09-08,M,"910, Park Avenue", Seattle ,Washington,United States,98101,2026-07-10,Bronze,Yes
C000020,Ishaan,Nair,ISHAAN.NAIR20@EXAMPLE.COM,+91-83426-35620,1995-08-06,Female,"221, Station Road", Toronto ,Ontario,Canada,M5H2N2,2026-07-01,Silver,1
C000021,Neha,Joshi,NEHA.JOSHI21@EXAMPLE.COM,+91-63275-92280,2001-06-01,F,"444, Hill View", Hyderabad ,Telangana,India,500001,2026-07-02,Bronze,No
C000022,Ira,Jain,IRA.JAIN22@EXAMPLE.COM,+91-62508-35613,2011-11-10,Male,"639, Hill View", Toronto ,Ontario,Canada,M5H2N2,2026-07-03,Platinum,false
C000023,Akash,Patel,AKASH.PATEL23@EXAMPLE.COM,+91-86435-14650,2015-03-25,M,"616, Hill View", Hyderabad ,Telangana,India,500001,2026-07-04,Platinum,N
C000024,Maya,Kumar,MAYA.KUMAR24@EXAMPLE.COM,+91-99851-14355,2007-07-22,M,"623, Station Road", Seattle ,Washington,United States,98101,2026-07-05,Bronze,0
C000025,Dev,Das,DEV.DAS25@EXAMPLE.COM,+91-74358-96679,2004-04-24,M,"217, Park Avenue", London ,England,United Kingdom,SW1A1AA,2026-07-06,Platinum,false
C000026,Rahul,Joshi,RAHUL.JOSHI26@EXAMPLE.COM,+91-60122-57623,1985-12-21,Female,"436, MG Road", Delhi ,Delhi,India,110001,2026-07-07,Silver,Y
C000027,Manoj,Rao,MANOJ.RAO27@EXAMPLE.COM,+91-78194-70706,2001-01-11,Other,"966, Park Avenue", Delhi ,Delhi,India,110001,2026-07-08,Platinum,0
C000028,Rohan,Kapoor,ROHAN.KAPOOR28@EXAMPLE.COM,+91-95854-45004,2017-06-02,male,"249, Market Street", Austin ,Texas,United States,78701,2026-07-09,Bronze,Y
C000029,Vikram,Das,VIKRAM.DAS29@EXAMPLE.COM,+91-75444-48376,2014-03-01,O,"901, Hill View", London ,England,United Kingdom,SW1A1AA,2026-07-10,Gold,0
C000030,Maya,Jain,MAYA.JAIN30@EXAMPLE.COM,+91-81020-92603,2002-01-01,Male,"416, Lake Road", Delhi ,Delhi,India,110001,2026-07-01,Gold,No
C000031,Neha,Menon,NEHA.MENON31@EXAMPLE.COM,+91-65892-78374,2007-11-06,Female,"887, MG Road", Austin ,Texas,United States,78701,2026-07-02,Platinum,true
C000032,Tara,Verma,TARA.VERMA32@EXAMPLE.COM,+91-84734-22002,1985-08-02,F,"79, Lake Road", Pune ,Maharashtra,India,411001,2026-07-03,Silver,false
C000033,Neha,Menon,NEHA.MENON33@EXAMPLE.COM,+91-96634-95733,1981-07-05,Other,"799, Hill View", Delhi ,Delhi,India,110001,2026-07-04,Bronze,Y
C000034,Aanya,Gupta,AANYA.GUPTA34@EXAMPLE.COM,+91-66302-94034,2000-05-24,Other,"238, MG Road", Hyderabad ,Telangana,India,500001,2026-07-05,Gold,Y
C000035,Lakshmi,Chopra,LAKSHMI.CHOPRA35@EXAMPLE.COM,+91-61552-16518,1999-10-02,male,"177, Hill View", Pune ,Maharashtra,India,411001,2026-07-06,Bronze,N
C000036,Tara,Sharma,TARA.SHARMA36@EXAMPLE.COM,+91-73882-83487,2002-09-21,Other,"489, MG Road", Chennai ,Tamil Nadu,India,600001,2026-07-07,Bronze,true
C000037,Ananya,Iyer,ANANYA.IYER37@EXAMPLE.COM,+91-92168-94628,2009-12-09,Female,"115, Station Road", Toronto ,Ontario,Canada,M5H2N2,2026-07-08,Gold,0
C000038,Nisha,Pillai,NISHA.PILLAI38@EXAMPLE.COM,+91-96555-87746,1994-05-01,F,"471, Park Avenue", Kochi ,Kerala,India,682001,2026-07-09,Bronze,N
C000039,Priya,Menon,PRIYA.MENON39@EXAMPLE.COM,+91-93728-73669,1994-07-10,Female,"774, Hill View", Mumbai ,Maharashtra,India,400001,2026-07-10,Bronze,false
C000040,Diya,Rao,DIYA.RAO40@EXAMPLE.COM,+91-81802-42387,1985-06-25,female,"612, Market Street", Chennai ,Tamil Nadu,India,600001,2026-07-01,Silver,Yes
C000041,Ishaan,Gupta,ISHAAN.GUPTA41@EXAMPLE.COM,+91-83722-21970,2004-01-21,male,"65, Station Road", Chennai ,Tamil Nadu,India,600001,2026-07-02,Bronze,No
C000042,Dev,Reddy,DEV.REDDY42@EXAMPLE.COM,+91-65446-44551,2013-01-25,female,"836, Hill View", Pune ,Maharashtra,India,411001,2026-07-03,Platinum,Y
C000043,Aanya,Nair,AANYA.NAIR43@EXAMPLE.COM,+91-61638-25159,2019-10-14,male,"809, Market Street", Bengaluru ,Karnataka,India,560001,2026-07-04,Bronze,true
C000044,Aanya,Kumar,AANYA.KUMAR44@EXAMPLE.COM,+91-60964-47048,2013-04-11,Male,"187, MG Road", Kolkata ,West Bengal,India,700001,2026-07-05,Bronze,Yes
C000045,Varun,Patel,VARUN.PATEL45@EXAMPLE.COM,+91-65202-44364,2012-11-24,Female,"619, Lake Road", Mumbai ,Maharashtra,India,400001,2026-07-06,Silver,No
C000046,Aanya,Sharma,AANYA.SHARMA46@EXAMPLE.COM,+91-70542-62456,2000-10-29,O,"353, Lake Road", Seattle ,Washington,United States,98101,2026-07-07,Bronze,No
C000047,Zoya,Das,ZOYA.DAS.INVALID,+91-98967-46447,1981-08-30,female,"889, Lake Road", Delhi ,Delhi,India,110001,2026-07-08,Platinum,1
C000048,Neha,Das,NEHA.DAS48@EXAMPLE.COM,+91-85968-89500,2010-03-27,M,"21, Station Road", Chennai ,Tamil Nadu,India,600001,2026-07-09,Silver,false
C000049,Aditya,Nair,ADITYA.NAIR49@EXAMPLE.COM,+91-88616-79220,1983-06-17,M,"913, Market Street", Delhi ,Delhi,India,110001,2026-07-10,Platinum,N
C000050,Sanjay,Iyer,SANJAY.IYER50@EXAMPLE.COM,+91-69006-82589,2002-09-25,F,"456, Station Road", Hyderabad ,Telangana,India,500001,2026-07-01,Gold,N
C000051,Nisha,Sharma,NISHA.SHARMA51@EXAMPLE.COM,+91-99324-96914,1987-03-27,F,"1, Station Road", Kochi ,Kerala,India,682001,2026-07-02,Gold,No
C000052,Manoj,Nair,MANOJ.NAIR52@EXAMPLE.COM,+91-69629-30937,2014-11-20,female,"717, Hill View", Mumbai ,Maharashtra,India,400001,2026-07-03,Bronze,0
C000053,Rohan,Rao,ROHAN.RAO53@EXAMPLE.COM,+91-75720-66139,2008-02-23,O,"302, Lake Road", Mumbai ,Maharashtra,India,400001,2026-07-04,Platinum,No
C000054,Pooja,Chopra,POOJA.CHOPRA54@EXAMPLE.COM,+91-73569-90588,1988-11-16,male,"618, MG Road", Seattle ,Washington,United States,98101,2026-07-05,Bronze,No
C000055,Kabir,Rao,KABIR.RAO55@EXAMPLE.COM,+91-89106-79723,2014-12-04,female,"768, Station Road", Seattle ,Washington,United States,98101,2026-07-06,Silver,No
C000056,Sneha,Iyer,SNEHA.IYER56@EXAMPLE.COM,+91-82045-89044,2017-05-04,female,"466, Hill View", Chennai ,Tamil Nadu,India,600001,2026-07-07,Silver,No
C000057,Nisha,Nair,NISHA.NAIR57@EXAMPLE.COM,+91-93096-61150,1987-04-28,F,"568, MG Road", Hyderabad ,Telangana,India,500001,2026-07-08,Platinum,0
C000058,Ananya,Singh,ANANYA.SINGH58@EXAMPLE.COM,+91-92722-28612,1983-06-20,male,"374, MG Road", Delhi ,Delhi,India,110001,2026-07-09,Silver,Y
C000059,Arjun,Kapoor,ARJUN.KAPOOR59@EXAMPLE.COM,+91-93343-45530,2015-07-29,O,"707, Lake Road", Toronto ,Ontario,Canada,M5H2N2,2026-07-10,Bronze,true
C000060,Neha,Kapoor,NEHA.KAPOOR60@EXAMPLE.COM,+91-91438-25153,2018-05-19,female,"670, Hill View", Hyderabad ,Telangana,India,500001,2026-07-01,Gold,1
C000061,Pooja,Menon,POOJA.MENON61@EXAMPLE.COM,ABC123,2019-04-25,O,"908, Hill View", Hyderabad ,Telangana,India,500001,2026-07-02,Silver,0
C000062,Sanjay,Das,SANJAY.DAS62@EXAMPLE.COM,+91-79920-54663,1987-09-13,O,"462, Market Street", Mumbai ,Maharashtra,India,400001,2026-07-03,Gold,0
C000063,Sneha,Das,SNEHA.DAS63@EXAMPLE.COM,+91-61464-74973,2017-10-21,M,"170, MG Road", Kochi ,Kerala,India,682001,2026-07-04,Gold,No
C000064,Zoya,Mehta,ZOYA.MEHTA64@EXAMPLE.COM,+91-99052-38209,1994-05-30,Male,"553, MG Road", Seattle ,Washington,United States,98101,2026-07-05,Bronze,Yes
C000065,Akash,Iyer,AKASH.IYER65@EXAMPLE.COM,+91-60884-18775,2007-06-01,M,"735, Market Street", Austin ,Texas,United States,78701,2026-07-06,Silver,0
C000066,Arjun,Gupta,ARJUN.GUPTA66@EXAMPLE.COM,+91-96942-92873,2004-11-12,O,"990, Lake Road", Seattle ,Washington,United States,98101,2026-07-07,Platinum,false
C000067,Ananya,Reddy,ANANYA.REDDY67@EXAMPLE.COM,+91-74217-92723,1982-07-31,F,"566, Lake Road", Pune ,Maharashtra,India,411001,2026-07-08,Bronze,Yes
C000068,Lakshmi,Nair,LAKSHMI.NAIR68@EXAMPLE.COM,+91-81225-58558,1989-01-05,female,"346, Park Avenue", Seattle ,Washington,United States,98101,2026-07-09,Bronze,Y
C000069,Lakshmi,Kumar,LAKSHMI.KUMAR69@EXAMPLE.COM,+91-72265-20978,2004-11-17,Male,"426, Station Road", Kochi ,Kerala,India,682001,2026-07-10,Gold,Y
C000070,Manoj,Joshi,MANOJ.JOSHI70@EXAMPLE.COM,+91-66287-15674,2015-08-02,Female,"860, Park Avenue", Chennai ,Tamil Nadu,India,600001,2026-07-01,Silver,0
C000071,Kabir,Sharma,KABIR.SHARMA71@EXAMPLE.COM,+91-90860-23049,2016-09-17,Other,"781, Park Avenue", London ,England,United Kingdom,SW1A1AA,2026-07-02,Bronze,No
C000072,Tara,Kumar,TARA.KUMAR72@EXAMPLE.COM,+91-75395-56731,2018-03-08,Other,"317, Hill View", Mumbai ,Maharashtra,India,400001,2026-07-03,Gold,false
C000073,Kabir,Mehta,KABIR.MEHTA73@EXAMPLE.COM,+91-97659-73002,1983-08-22,F,"784, Market Street", Toronto ,Ontario,Canada,M5H2N2,2026-07-04,Platinum,1
C000074,Riya,Rao,RIYA.RAO74@EXAMPLE.COM,+91-64496-51821,1994-04-30,F,"372, Market Street", Seattle ,Washington,United States,98101,2026-07-05,Platinum,N
C000075,Aarav,Mehta,AARAV.MEHTA75@EXAMPLE.COM,+91-89935-90251,2015-10-30,F,"871, Park Avenue", Kolkata ,West Bengal,India,700001,2026-07-06,Bronze,true
C000076,Meera,Chopra,MEERA.CHOPRA76@EXAMPLE.COM,+91-88794-45008,1993-02-02,Male,"320, Park Avenue", Delhi ,Delhi,India,110001,2026-07-07,Bronze,Yes
C000077,Pooja,Iyer,POOJA.IYER77@EXAMPLE.COM,+91-73665-12192,2009-02-28,Other,"256, MG Road", Chennai ,Tamil Nadu,India,600001,2026-07-08,Bronze,Y
C000078,Manoj,Chopra,MANOJ.CHOPRA78@EXAMPLE.COM,+91-84326-84593,1993-08-06,O,"250, MG Road", Seattle ,Washington,United States,98101,2026-07-09,Bronze,false
C000079,Aarav,Rao,AARAV.RAO79@EXAMPLE.COM,+91-76419-69349,2009-06-17,O,"570, Hill View", Seattle ,Washington,United States,98101,2026-07-10,Bronze,Yes
C000080,Rohan,Chopra,ROHAN.CHOPRA80@EXAMPLE.COM,+91-94325-62913,1980-08-26,Female,"143, Market Street", Toronto ,Ontario,Canada,M5H2N2,2026-07-01,Gold,0
C000081,Aanya,Nair,AANYA.NAIR81@EXAMPLE.COM,+91-89754-54602,1996-09-23,female,"326, Hill View", London ,England,United Kingdom,SW1A1AA,2026-07-02,Platinum,0
C000082,Neha,Verma,NEHA.VERMA82@EXAMPLE.COM,+91-68143-84922,1997-01-30,M,"14, MG Road", Mumbai ,Maharashtra,India,400001,2026-07-03,Platinum,false
C000083,Aarav,Kapoor,AARAV.KAPOOR83@EXAMPLE.COM,+91-80697-28134,1980-01-06,male,"607, Park Avenue", Delhi ,Delhi,India,110001,2026-07-04,Gold,0
C000084,Kabir,Pillai,KABIR.PILLAI84@EXAMPLE.COM,+91-66301-42495,1990-10-28,female,"242, Market Street", Hyderabad ,Telangana,India,500001,2026-07-05,Silver,1
C000085,Neha,Patel,NEHA.PATEL85@EXAMPLE.COM,+91-71360-73444,1999-07-28,Male,"554, Lake Road", Chennai ,Tamil Nadu,India,600001,2026-07-06,Silver,false
C000086,Neha,Pillai,NEHA.PILLAI86@EXAMPLE.COM,+91-61601-42657,2012-10-24,O,"74, Hill View", Kochi ,Kerala,India,682001,2026-07-07,Bronze,true
C000087,Priya,Pillai,PRIYA.PILLAI87@EXAMPLE.COM,+91-84407-69724,1982-09-27,Female,"666, Station Road", Chennai ,Tamil Nadu,India,600001,2026-07-08,Silver,No
C000088,Aditya,Joshi,ADITYA.JOSHI88@EXAMPLE.COM,+91-97894-36638,1979-03-09,O,"119, Hill View", Hyderabad ,Telangana,India,500001,2026-07-09,Bronze,true
C000089,Maya,Singh,MAYA.SINGH89@EXAMPLE.COM,+91-74557-79313,1995-10-18,O,"801, Market Street",  DELHI  ,Delhi,India,110001,2026-07-10,Bronze,0
C000090,Maya,Bose,MAYA.BOSE90@EXAMPLE.COM,+91-91459-78801,1996-10-04,Female,"331, Station Road", Pune ,Maharashtra,India,411001,2026-07-01,Bronze,Y
C000091,Arjun,Sharma,ARJUN.SHARMA91@EXAMPLE.COM,+91-65810-68126,2016-10-25,O,"10, Park Avenue", London ,England,United Kingdom,SW1A1AA,2026-07-02,Gold,0
C000092,Tara,Gupta,TARA.GUPTA92@EXAMPLE.COM,+91-67800-25009,1999-03-31,Female,"787, MG Road", Hyderabad ,Telangana,India,500001,2026-07-03,Gold,true
C000093,Neha,Pillai,NEHA.PILLAI93@EXAMPLE.COM,+91-94131-90595,2014-08-08,M,"720, Station Road", Delhi ,Delhi,India,110001,2026-07-04,Platinum,N
C000094,Varun,Iyer,VARUN.IYER.INVALID,+91-71407-97680,2018-10-03,O,"933, Park Avenue", Bengaluru ,Karnataka,India,560001,2026-07-05,Bronze,Yes
C000095,Neha,Iyer,NEHA.IYER95@EXAMPLE.COM,+91-62031-76382,2006-09-05,female,"113, Park Avenue", Austin ,Texas,United States,78701,2026-07-06,Platinum,Y
C000096,Aarav,Kumar,AARAV.KUMAR96@EXAMPLE.COM,+91-92570-68226,2002-08-07,F,"132, MG Road", Mumbai ,Maharashtra,India,400001,2026-07-07,Silver,true
C000097,Nisha,Menon,NISHA.MENON97@EXAMPLE.COM,+91-66974-97023,2006-05-02,Female,"530, MG Road", Kolkata ,West Bengal,U.S.A.,700001,2026-07-08,Gold,false
C000098,Varun,Shah,VARUN.SHAH98@EXAMPLE.COM,+91-63364-59605,1988-04-05,female,"871, Lake Road", Seattle ,Washington,United States,98101,2026-07-09,Bronze,N
C000099,Rohan,Kapoor,ROHAN.KAPOOR99@EXAMPLE.COM,+91-89287-84644,2019-02-12,female,"758, Station Road", Hyderabad ,Telangana,India,500001,2026-07-10,Gold,Y
C000100,Tara,Das,TARA.DAS100@EXAMPLE.COM,+91-63036-43045,1996-12-23,Female,"485, Hill View", Kolkata ,West Bengal,India,700001,2026-07-01,Silver,false
