return_id,order_id,product_id,return_date,return_reason,return_status,refund_amount
RET0000001,O00000964,P00336,2025-06-27,Wrong Item,Requested,37794.68
RET0000002,O00023256,P00955,2025-11-03,Quality Issue,Refunded,164688.74
RET0000003,O00005803,P01029,2026-06-10,Size Issue,Requested,6467.84
RET0000004,O00021335,P00327,2025-06-16,Changed Mind,Refunded,19201.78
RET0000005,O00010422,P00972,2024-03-18,Wrong Item,Requested,68459.35
RET0000006,O00008716,P00604,2025-12-27,Not as Described,Rejected,53622.67
RET0000007,O00018850,P00085,2026-05-17,Quality Issue,Refunded,19010.59
RET0000008,O00002546,P00268,2025-07-12,Size Issue,Rejected,220071.30
RET0000009,O00010584,P00486,2026-07-31,Quality Issue,Approved,59435.37
RET0000010,O00001213,P01174,2024-05-20,Size Issue,Rejected,37726.51
RET0000011,O00023065,P00548,2025-04-22,Damaged,Rejected,4988.36
RET0000012,O00020836,P00149,2024-09-04,Quality Issue,Rejected,42410.28
RET0000013,O00010990,P00646,2025-04-02,Wrong Item,Refunded,8230.18
RET0000014,O00010479,P01068,2026-01-11,Damaged,Rejected,93101.74
RET0000015,O00007547,P00726,2025-09-16,Damaged,Refunded,1598.63
RET0000016,O00020090,P00869,2025-03-08,Quality Issue,Refunded,108428.42
RET0000017,O00024105,P00140,2026-06-26,Not as Described,Approved,26608.62
RET0000018,O00016941,P00960,2026-03-06,Size Issue,Approved,9151.13
RET0000019,O00017833,P00713,2025-03-12,Wrong Item,Rejected,11010.23
RET0000020,O00002042,P00864,2026-06-03,Changed Mind,Approved,40328.36
RET0000021,O00016707,P00013,2025-10-24,Changed Mind,Requested,74509.75
RET0000022,O00009226,P01126,2024-10-13,Quality Issue,Rejected,6307.73
RET0000023,O00019636,P00119,2025-11-25,Wrong Item,Rejected,74043.96
RET0000024,O00022747,P00652,2026-03-01,Wrong Item,Rejected,38212.81
RET0000025,O00007490,P00985,2026-07-19,Late Delivery,Requested,75514.56
RET0000026,O00012399,P00760,2024-07-03,Size Issue,Rejected,131235.87
RET0000027,O00013870,P00772,2025-03-16,Not as Described,Rejected,116231.98
RET0000028,O00013558,P01112,2024-03-06,Changed Mind,Rejected,55170.48
RET0000029,O00001255,P00057,2024-06-24,Damaged,Requested,42258.88
RET0000030,O00004032,P01041,2024-04-23,Changed Mind,Refunded,40354.46
RET0000031,O00009423,P01091,2025-12-08,Damaged,Approved,45175.64
RET0000032,O00024624,P00495,2024-03-06,Wrong Item,Requested,132832.18
RET0000033,O00004745,P00430,2026-06-12,Quality Issue,Refunded,198925.91
RET0000034,O00011516,P01122,2025-02-16,Changed Mind,Requested,4618.78
RET0000035,O00013970,P01171,2025-09-03,Wrong Item,Requested,113624.57
RET0000036,O00006985,P00057,2025-06-25,Quality Issue,Approved,8242.17
RET0000037,O00010929,P01048,2025-06-09,Size Issue,Approved,60008.74
RET0000038,O00010042,P00237,2025-10-12,Wrong Item,Requested,292699.40
RET0000039,O00008155,P00480,2025-07-19,Quality Issue,Approved,17978.45
RET0000040,O00007440,P00061,2024-12-24,Wrong Item,Approved,129717.04
RET0000041,O00002566,P00788,2024-03-12,Not as Described,Rejected,146703.46
RET0000042,O00022576,P00876,2025-04-28,Damaged,Approved,76015.53
RET0000043,O00020778,P00250,2026-04-11,Changed Mind,Requested,26045.11
RET0000044,O00023511,P00096,2025-03-08,Size Issue,Approved,204996.76
RET0000045,O00018191,P00414,2026-08-04,Not as Described,Requested,18399.70
RET0000046,O00023068,P00562,2025-01-06,Wrong Item,Refunded,45862.76
RET0000047,O00023232,P01033,2024-11-09,Quality Issue,Requested,9394.56
RET0000048,O00012260,P00131,2026-06-10,Late Delivery,Requested,12187.48
RET0000049,O00005264,P00325,2024-06-07,Changed Mind,Approved,17182.74
RET0000050,O00006854,P01175,2025-01-02,Damaged,Requested,86167.44
RET0000051,O00001097,P00715,2026-02-26,Size Issue,Refunded,353195.24
RET0000052,O00011113,P00745,2024-06-19,Size Issue,Approved,13600.38
RET0000053,O00021660,P00519,2026-04-01,Size Issue,Approved,53924.68
RET0000054,O00015134,P01046,2025-08-01,Damaged,Approved,85979.58
RET0000055,O00003039,P01155,2026-06-17,Quality Issue,Rejected,176362.41
RET0000056,O00007686,P01150,2026-08-08,Wrong Item,Rejected,171854.50
RET0000057,O00016180,P00336,2024-03-02,Late Delivery,Approved,9519.39
RET0000058,O00001856,P00651,2026-07-06,Wrong Item,Requested,175087.97
RET0000059,O00011476,P00691,2025-09-09,Late Delivery,Refunded,4035.61
RET0000060,O00020851,P00392,2025-09-05,Late Delivery,Approved,4903.21
RET0000061,O00016475,P00157,2025-08-04,Late Delivery,Requested,6046.88
RET0000062,O00003342,P00615,2025-03-20,Late Delivery,Rejected,781.35
RET0000063,O00023796,P00014,2025-07-06,Changed Mind,Requested,251318.50
RET0000064,O00004996,P00669,2025-02-13,Not as Described,Requested,79808.07
RET0000065,O00000567,P00325,2024-04-13,Wrong Item,Rejected,50648.56
RET0000066,O00012087,P01174,2026-04-18,Damaged,Requested,27272.31
RET0000067,O00020128,P00498,2025-09-26,Late Delivery,Requested,20487.70
RET0000068,O00008883,P00193,2025-05-31,Size Issue,Requested,48856.04
RET0000069,O00000127,P00167,2025-09-23,Quality Issue,Rejected,37897.75
RET0000070,O00019977,P00524,2026-01-11,Quality Issue,Refunded,104169.63
RET0000071,O00019474,P01136,2025-12-30,Quality Issue,Refunded,202147.85
RET0000072,O00006293,P00398,2024-01-26,Damaged,Approved,41446.97
RET0000073,O00022841,P00135,2026-07-02,Damaged,Rejected,42745.05
RET0000074,O00012917,P00654,2025-05-29,Quality Issue,Refunded,72019.39
RET0000075,O00012180,P00037,2024-12-21,Damaged,Refunded,41278.25
RET0000076,O00017697,P00578,2025-10-07,Late Delivery,Rejected,159411.85
RET0000077,O00005083,P00432,2024-02-15,Damaged,Approved,110122.00
RET0000078,O00000261,P00972,2026-01-22,Not as Described,Rejected,23340.71
RET0000079,O00024661,P00237,2024-11-07,Size Issue,Refunded,400688.36
RET0000080,O00012353,P00785,2025-01-22,Not as Described,Approved,4069.30
RET0000081,O00013445,P00979,2025-08-22,Size Issue,Rejected,53896.04
RET0000082,O00007752,P00878,2024-12-21,Wrong Item,Rejected,192812.27
RET0000083,O00002015,P01021,2025-01-22,Late Delivery,Rejected,126249.71
RET0000084,O00018138,P00371,2026-05-07,Not as Described,Rejected,200345.10
RET0000085,O00007533,P00566,2026-01-01,Changed Mind,Refunded,138843.65
RET0000086,O00018268,P00508,2024-05-17,Damaged,Requested,192952.68
RET0000087,O00011843,P00652,2025-05-30,Damaged,Refunded,31009.23
RET0000088,O00021118,P00048,2024-01-30,Changed Mind,Rejected,5906.55
RET0000089,O00004325,P00368,2024-06-14,Not as Described,Rejected,169066.09
RET0000090,O00009100,P00571,2024-07-22,Quality Issue,Approved,63816.45
RET0000091,O00015411,P01039,2024-04-22,Damaged,Requested,218328.61
RET0000092,O00009014,P00912,2026-02-01,Quality Issue,Requested,42390.12
RET0000093,O00005403,P00119,2024-07-27,Damaged,Rejected,333116.56
RET0000094,O00011820,P01148,2026-02-05,Size Issue,Refunded,2278.57
RET0000095,O00010020,P00440,2024-10-28,Late Delivery,Refunded,16380.22
RET0000096,O00005025,P00166,2024-07-01,Damaged,Approved,52482.68
RET0000097,O00020894,P00439,2025-04-12,,Requested,10785.59
RET0000098,O00002157,P00405,2025-06-26,Wrong Item,Rejected,4033.19
RET0000099,O00015379,P01085,2024-08-07,Not as Described,Approved,92383.99
RET0000100,O00020368,P00939,2025-04-17,Quality Issue,Rejected,102702.86
RET0000101,O00002517,P01145,2024-10-20,Not as Described,Rejected,47797.29
RET0000102,O00015694,P00776,2025-06-13,Wrong Item,Rejected,149404.82
RET0000103,O00019864,P00355,2025-07-01,Damaged,Refunded,761.45
RET0000104,O00019249,P01066,2025-06-25,Damaged,Approved,141235.43
RET0000105,O00022294,P00272,2025-10-30,Wrong Item,Refunded,48433.14
RET0000106,O00019204,P00888,2024-10-22,Changed Mind,Requested,2103.86
RET0000107,O00002708,P00594,2024-08-20,Not as Described,Refunded,11200.29
RET0000108,O00007759,P00001,2025-10-26,Damaged,Approved,4092.82
RET0000109,O00000402,P00307,2025-02-17,Quality Issue,Rejected,103605.68
RET0000110,O00002048,P00425,2025-02-01,Size Issue,Requested,130123.99
RET0000111,O00021776,P01001,2026-04-27,Wrong Item,Refunded,90724.78
RET0000112,O00002662,P00232,2024-09-25,Size Issue,Approved,12268.20
RET0000113,O00016810,P00284,2025-07-06,Damaged,Approved,148171.92
RET0000114,O00024573,P00932,2025-01-19,Size Issue,Approved,87323.27
RET0000115,O00000272,P00033,2024-12-21,Wrong Item,Refunded,7103.02
RET0000116,O00002035,P01129,2025-04-13,Size Issue,Refunded,18385.96
RET0000117,O00008722,P00388,2024-08-09,Wrong Item,Requested,212513.88
RET0000118,O00010967,P00670,2025-04-25,Not as Described,Refunded,73447.55
RET0000119,O00016787,P00160,2024-12-04,Late Delivery,Requested,133636.80
RET0000120,O00001843,P00674,2026-02-19,Late Delivery,Requested,56809.94
RET0000121,O00011296,P00993,2024-04-23,Late Delivery,Refunded,37718.66
RET0000122,O00020990,P00496,2024-05-22,Wrong Item,Rejected,26318.89
RET0000123,O00007278,P00771,2025-09-26,Quality Issue,Requested,10011.61
RET0000124,O00019920,P00978,2024-05-12,Wrong Item,Requested,111510.87
RET0000125,O00014549,P00843,2024-05-23,Changed Mind,Refunded,68334.54
RET0000126,O00019917,P00534,2025-11-20,Not as Described,Approved,350767.74
RET0000127,O00022289,P00143,2024-11-21,Quality Issue,Refunded,34872.37
RET0000128,O00023837,P00249,2025-05-12,Size Issue,Refunded,195992.11
RET0000129,O00011400,P00008,2025-04-11,Damaged,Rejected,78230.34
RET0000130,O00016051,P00854,2025-10-23,Size Issue,Rejected,39751.29
RET0000131,O00019605,P00833,2025-07-27,Quality Issue,Rejected,43792.48
RET0000132,O00017562,P00999,2024-02-28,Damaged,Refunded,126074.91
RET0000133,O00010617,P00591,2025-06-16,Quality Issue,Requested,6222.85
RET0000134,O00004172,P01048,2024-03-15,Late Delivery,Refunded,70700.38
RET0000135,O00016606,P00167,2024-05-26,Quality Issue,Rejected,30198.83
RET0000136,O00012515,P01162,2026-03-20,Not as Described,Requested,64328.89
RET0000137,O00013382,P00942,2026-05-12,Not as Described,Approved,126356.42
RET0000138,O00009678,P00685,2024-06-30,Wrong Item,Requested,81527.30
RET0000139,O00023474,P00561,2025-11-17,Quality Issue,Refunded,2324.84
RET0000140,O00002629,P00748,2026-01-13,Changed Mind,Approved,80842.57
RET0000141,O00006609,P01032,2024-09-09,Late Delivery,Refunded,116619.08
RET0000142,O00011956,P00760,2026-02-23,Changed Mind,Rejected,108446.64
RET0000143,O00019187,P00615,2026-02-07,Changed Mind,Refunded,790.31
RET0000144,O00003222,P00646,2026-01-23,Late Delivery,Requested,89962.04
RET0000145,O00009961,P00304,2025-02-25,Quality Issue,Approved,36419.14
RET0000146,O00021614,P00644,2026-05-28,Quality Issue,Requested,18512.46
RET0000147,O00022626,P00560,2024-04-10,Late Delivery,Requested,884.95
RET0000148,O00000038,P00245,2026-05-02,Damaged,Refunded,6667.88
RET0000149,O00021025,P00736,2025-05-06,Not as Described,Approved,88611.54
RET0000150,O00000566,P00267,2026-05-04,Wrong Item,Requested,78892.11
RET0000151,O00017650,P00586,2025-09-22,Wrong Item,Rejected,19877.70
RET0000152,O00003196,P00264,2025-01-26,Size Issue,Requested,109261.87
RET0000153,O00007620,P00433,2025-12-04,Wrong Item,Rejected,26715.65
RET0000154,O00004589,P01071,2025-08-15,Size Issue,Requested,43888.61
RET0000155,O00006965,P00644,2026-03-03,Wrong Item,Rejected,221134.62
RET0000156,O00014434,P01033,2024-10-20,Not as Described,Rejected,2739.80
RET0000157,O00005782,P00201,2026-01-16,Damaged,Rejected,33872.39
RET0000158,O00012005,P00712,2025-06-15,Late Delivery,Requested,188002.39
RET0000159,O00013630,P01084,2024-11-27,Quality Issue,Requested,35637.12
RET0000160,O00020731,P01045,2025-05-28,Wrong Item,Refunded,1124.65
RET0000161,O00000278,P00801,2024-08-31,Wrong Item,Refunded,529137.40
RET0000162,O00013222,P01137,2026-01-05,Quality Issue,Refunded,1416.50
RET0000163,O00020032,P00197,2024-08-11,Wrong Item,Refunded,158048.45
RET0000164,O00022279,P00395,2025-12-13,Quality Issue,Approved,115751.84
RET0000165,O00010015,P00793,2024-07-07,Quality Issue,Requested,31671.70
RET0000166,O00017173,P00620,2025-12-09,Changed Mind,Approved,67478.92
RET0000167,O00003975,P00405,2024-06-12,Quality Issue,Approved,147667.19
RET0000168,O00016106,P00257,2024-03-15,Quality Issue,Requested,78144.95
RET0000169,O00018111,P01166,2024-06-24,Damaged,Rejected,73294.51
RET0000170,O00007676,P01035,2026-04-17,Not as Described,Requested,245106.26
RET0000171,O00023129,P00762,2024-04-19,Changed Mind,Requested,39413.44
RET0000172,O00023354,P00833,2025-12-06,Not as Described,Rejected,11300.49
RET0000173,O99999999,P00452,2026-07-03,Size Issue,Rejected,9894.61
RET0000174,O00016386,P00732,2025-01-18,Not as Described,Requested,77935.88
RET0000175,O00011949,P00210,2025-12-01,Wrong Item,Rejected,56434.66
RET0000176,O00018955,P00604,2025-06-23,Late Delivery,Requested,35527.13
RET0000177,O00015825,P00188,2025-08-11,Wrong Item,Approved,60.60
RET0000178,O00021217,P00195,2025-01-18,Quality Issue,Requested,65953.39
RET0000179,O00015851,P00044,2025-11-01,Changed Mind,Rejected,89400.24
RET0000180,O00008624,P00777,2026-03-07,Late Delivery,Approved,51856.86
RET0000181,O00017042,P99999,2024-01-24,Wrong Item,Refunded,29821.68
RET0000182,O00001017,P00385,2024-07-12,Changed Mind,Rejected,149625.86
RET0000183,O00017179,P00513,2025-07-17,Wrong Item,Approved,111909.72
RET0000184,O00010360,P00814,2025-04-11,Size Issue,Approved,5889.34
RET0000185,O00018313,P00876,2024-10-05,Wrong Item,Rejected,13530.70
RET0000186,O00023804,P00922,2026-06-30,Quality Issue,Refunded,177098.66
RET0000187,O00002518,P00205,2026-05-27,Wrong Item,Refunded,5301.94
RET0000188,O00002107,P00371,2026-02-02,Damaged,Refunded,63777.82
RET0000189,O00016585,P00652,2026-06-29,Wrong Item,Approved,81697.71
RET0000190,O00007353,P00939,2024-08-04,Wrong Item,Rejected,48648.28
RET0000191,O00003372,P00529,2026-02-12,Changed Mind,Refunded,4325.34
RET0000192,O00022276,P00435,2024-08-18,Not as Described,Rejected,63915.09
RET0000193,O00019882,P01022,2024-12-24,Quality Issue,UNKNOWN,193868.53
RET0000194,O00015040,P01002,2024-10-26,,Refunded,10077.31
RET0000195,O00021853,P00903,2026-04-28,Size Issue,Rejected,8017.08
RET0000196,O00002768,P00086,2025-07-23,Changed Mind,Requested,58308.75
RET0000197,O00023231,P00040,2025-09-17,Changed Mind,Rejected,15961.97
RET0000198,O00009617,P00761,2024-08-05,Size Issue,Requested,3553.31
RET0000199,O00016703,P00871,2025-09-27,Quality Issue,Refunded,2337.77
RET0000200,O00007083,P00143,2026-06-04,Damaged,Approved,44534.90
RET0000201,O00022646,P00038,2025-09-21,Quality Issue,Approved,195718.62
RET0000202,O00020743,P00638,2026-03-17,Changed Mind,Requested,14955.98
RET0000203,O00004829,P01170,2026-03-27,Wrong Item,Refunded,796.51
RET0000204,O00006587,P00969,2025-03-25,Changed Mind,Approved,48295.64
RET0000205,O00023049,P00433,2024-05-04,Wrong Item,Approved,259134.26
RET0000206,O00014810,P00072,2024-08-30,Late Delivery,Refunded,10611.98
RET0000207,O00010351,P00176,2025-04-27,Size Issue,Refunded,109969.10
RET0000208,O00014353,P00329,2025-08-11,Damaged,Requested,24560.81
RET0000209,O00003701,P01089,2026-03-02,Wrong Item,Refunded,177132.34
RET0000210,O00020346,P00366,2026-02-18,Quality Issue,Refunded,2630.36
RET0000211,O00005148,P00125,2025-11-24,Quality Issue,Approved,-10
RET0000212,O00015694,P00776,2025-06-04,Size Issue,Approved,266663.07
RET0000213,O00015980,P00625,2025-05-08,Wrong Item,Approved,19029.90
RET0000214,O00017748,P01100,2026-04-06,Not as Described,Requested,2477.03
RET0000215,O00004382,P00682,2025-01-31,Late Delivery,Rejected,17854.73
RET0000216,O00012992,P00086,2025-02-27,Damaged,Approved,6923.98
RET0000217,O00005544,P00394,2024-03-30,Changed Mind,Requested,810.74
RET0000218,O00005590,P00914,2026-07-20,Not as Described,Approved,226591.99
RET0000219,O00006293,P00398,2024-01-19,Quality Issue,Refunded,53341.99
RET0000220,O00010885,P00277,2025-12-18,Size Issue,Rejected,51037.15
RET0000221,O00019412,P00040,2026-05-22,Size Issue,Refunded,14409.61
RET0000222,O00011562,P00798,2024-07-17,Late Delivery,Refunded,38963.19
RET0000223,O00005575,P00699,2026-06-04,Late Delivery,Rejected,103532.44
RET0000224,O00001494,P00820,2025-01-23,Damaged,Requested,353428.73
RET0000225,O00012352,P00500,2025-06-21,Damaged,Refunded,15605.32
RET0000226,O00021489,P01007,2025-08-15,Not as Described,Rejected,35349.66
RET0000227,O00022805,P01115,2024-06-11,Changed Mind,Refunded,31611.31
RET0000228,O00012143,P01051,2024-05-01,Damaged,Rejected,136751.04
BADRET229,O00004931,P00155,2024-04-16,Not as Described,Rejected,150167.24
RET0000230,O00002509,P00991,2025-09-12,Quality Issue,Requested,18918.95
RET0000231,O00023207,P00319,2025-01-24,Not as Described,Refunded,84712.18
RET0000232,O00012870,P00805,2025-12-27,Quality Issue,Requested,3068.07
RET0000233,O00004979,P01063,2025-02-23,Wrong Item,Rejected,1985.63
RET0000234,O00023825,P00402,2025-06-15,Late Delivery,Approved,154138.78
RET0000235,O00023413,P00929,2026-04-03,Quality Issue,Requested,24688.43
RET0000236,O00003701,P00330,2026-03-06,Quality Issue,Refunded,173913.96
RET0000237,O00000507,P00112,2024-08-09,Late Delivery,Rejected,9808.52
RET0000238,O00009838,P01153,2026-02-19,Changed Mind,Approved,45624.35
RET0000239,O00022973,P00649,2026-03-18,Not as Described,Refunded,5083.62
RET0000240,O00008557,P00856,2024-06-27,Size Issue,Refunded,4823.15
RET0000241,O00017138,P01040,2026-05-19,Damaged,Requested,125075.99
RET0000242,O00005846,P01108,2025-12-29,Late Delivery,Requested,993.68
RET0000243,O00022391,P00897,2026-07-07,Quality Issue,Rejected,58758.79
RET0000244,O00024148,P00334,2024-10-18,Wrong Item,Rejected,106121.42
RET0000245,O00010750,P00472,2024-05-20,Size Issue,Requested,3901.89
RET0000246,O00011567,P00181,2026-02-17,Late Delivery,Refunded,33365.14
RET0000247,O00005700,P00670,2025-03-27,Late Delivery,Requested,63804.15
RET0000248,O00018074,P00238,2024-09-26,Damaged,Refunded,150342.01
RET0000249,O00005068,P00632,2026-01-23,Wrong Item,Requested,114782.83
RET0000250,O00013608,P01025,2026-01-25,Wrong Item,Requested,28209.20
RET0000251,O00010984,P00490,2025-03-05,Damaged,Requested,105763.72
RET0000252,O00021259,P01127,2026-02-25,Quality Issue,Refunded,592.78
RET0000253,O00001766,P00025,2025-04-15,Changed Mind,Refunded,403873.15
RET0000254,O00002868,P01028,2024-07-25,Damaged,Requested,64404.77
RET0000255,O00024678,P01037,2025-01-18,Quality Issue,Rejected,1731.77
RET0000256,O00020565,P01168,2025-09-26,Not as Described,Approved,130044.08
RET0000257,O00020559,P00641,2024-12-19,Not as Described,Refunded,96075.85
RET0000258,O00012420,P01017,2025-04-03,Not as Described,Refunded,33169.56
RET0000259,O00010137,P00267,2024-05-13,Changed Mind,Approved,13437.02
RET0000260,O00000885,P00003,2025-04-04,Wrong Item,Requested,215965.67
RET0000261,O00012945,P00223,2025-01-12,Late Delivery,Approved,163945.63
RET0000262,O00006827,P00143,2024-06-11,Size Issue,Requested,788.03
RET0000263,O00021516,P00266,2025-01-03,Late Delivery,Approved,1082.22
RET0000264,O00017724,P00412,2024-02-13,Wrong Item,Rejected,47648.36
RET0000265,O00006158,P00183,2024-10-16,Quality Issue,Rejected,7353.69
RET0000266,O00004800,P00063,2025-09-05,Late Delivery,Refunded,61779.13
RET0000267,O00014542,P00351,2024-12-04,Changed Mind,Refunded,89728.24
RET0000268,O00010862,P00152,2025-12-22,Wrong Item,Requested,46852.62
RET0000269,O00006721,P00870,2025-07-02,Size Issue,Refunded,245902.34
RET0000270,O00009607,P01088,2025-09-09,Late Delivery,Requested,6263.32
RET0000271,O00017747,P00065,2024-05-15,Wrong Item,Rejected,101191.86
RET0000272,O00023428,P00658,2025-07-15,Wrong Item,Rejected,11592.41
RET0000273,O00004324,P00941,2026-01-24,Wrong Item,Refunded,1642.50
RET0000274,O00002882,P01067,2024-07-12,Quality Issue,Refunded,130179.13
RET0000275,O00015846,P00674,2024-04-13,Not as Described,Approved,17673.24
RET0000276,O00005203,P00463,2025-08-22,Wrong Item,Refunded,73355.35
RET0000277,O00006167,P00120,2025-08-27,Size Issue,Refunded,2783.18
RET0000278,O00002649,P00403,2026-03-30,Late Delivery,Requested,13346.47
RET0000279,O00007562,P00351,2025-05-17,Late Delivery,Rejected,47346.80
RET0000280,O00003905,P00803,2025-11-02,Damaged,Requested,3080.55
RET0000281,O00010437,P00409,2024-11-15,Late Delivery,Refunded,147162.72
RET0000282,O00004828,P00368,2026-05-08,Size Issue,Approved,26672.61
RET0000283,O00006238,P00325,2026-04-05,Late Delivery,Rejected,12648.64
RET0000284,O00007789,P00633,2025-03-14,Late Delivery,Rejected,12393.08
RET0000285,O00021962,P00751,2025-10-22,Wrong Item,Refunded,27923.67
RET0000286,O00001501,P00502,2024-06-16,Quality Issue,Requested,91165.95
RET0000287,O00024406,P01083,2024-08-29,Wrong Item,Requested,1908.86
RET0000288,O00017366,P00677,2024-07-19,Damaged,Rejected,710.72
RET0000289,O00006511,P00367,2025-05-16,Changed Mind,Refunded,37778.24
RET0000290,O00024192,P00473,2024-07-13,Wrong Item,Approved,15583.34
RET0000291,O00022572,P00896,2026-04-30,,Rejected,1635.69
RET0000292,O00024624,P00495,2024-03-19,Late Delivery,Requested,62947.48
RET0000293,O00005181,P00520,2025-05-24,Late Delivery,Rejected,43400.42
RET0000294,O00003663,P00246,2024-09-16,Late Delivery,Rejected,2283.74
RET0000295,O00015272,P00552,2025-03-12,Changed Mind,Rejected,30303.16
RET0000296,O00002381,P00761,2026-03-15,Quality Issue,Approved,2053.91
RET0000297,O00020489,P00633,2024-08-25,Changed Mind,Rejected,183023.26
RET0000298,O00005964,P01172,2024-12-05,Late Delivery,Rejected,390415.07
RET0000299,O00019536,P00969,2026-02-08,Not as Described,Approved,90958.69
RET0000300,O00003010,P01166,2025-03-04,Not as Described,Rejected,38646.96
RET0000301,O00004696,P00980,2025-07-04,Late Delivery,Refunded,2769.45
RET0000302,O00011913,P00285,2024-09-13,Not as Described,Approved,20940.52
RET0000303,O00002975,P00537,2026-02-13,Not as Described,Approved,241029.08
RET0000304,O00020053,P00267,2024-05-02,Size Issue,Approved,2349.34
RET0000305,O00019245,P00637,2024-06-07,Changed Mind,Rejected,57472.39
RET0000306,O00019373,P00669,2024-10-05,Not as Described,Refunded,63489.12
RET0000307,O00011379,P00503,2024-10-21,Not as Described,Requested,195878.53
RET0000308,O00015119,P00753,2024-07-21,Damaged,Rejected,291805.36
RET0000309,O00021086,P00329,2025-02-03,Late Delivery,Refunded,127916.52
RET0000310,O00023540,P00815,2024-10-20,Quality Issue,Requested,262257.93
RET0000311,O00022993,P00408,2026-03-15,Changed Mind,Requested,24492.24
RET0000312,O00015719,P00993,2024-01-07,Size Issue,Approved,8066.66
RET0000313,O00002286,P00897,2025-03-26,Not as Described,Refunded,488210.55
RET0000314,O00004377,P00927,2024-02-02,Size Issue,Refunded,78137.29
RET0000315,O00018087,P00302,2025-05-25,Quality Issue,Requested,65711.03
RET0000316,O00002854,P00253,2026-07-22,Not as Described,Approved,415872.28
RET0000317,O00007965,P01154,2026-05-13,Wrong Item,Requested,73977.96
RET0000318,O00018851,P00114,2024-05-01,Changed Mind,Requested,16930.47
RET0000319,O00018588,P00732,2025-07-16,Changed Mind,Refunded,37814.80
RET0000320,O00012153,P01167,2024-08-06,Quality Issue,Rejected,127146.04
RET0000321,O00006510,P01131,2026-02-19,Quality Issue,Rejected,2934.98
RET0000322,O00016273,P00919,2024-09-05,Not as Described,Rejected,66182.44
RET0000323,O00015640,P01097,2025-10-24,Wrong Item,Requested,5006.13
RET0000324,O00005048,P01176,2026-01-30,Size Issue,Rejected,155114.79
RET0000325,O00003520,P00287,2025-10-13,Size Issue,Refunded,1202.17
RET0000326,O00002829,P00775,2024-12-27,Changed Mind,Requested,15074.63
RET0000327,O00011827,P00685,2025-04-27,Quality Issue,Rejected,64940.85
RET0000328,O00012358,P01104,2026-05-20,Damaged,Refunded,11084.12
RET0000329,O00022660,P00934,2024-03-26,Size Issue,Approved,2164.95
RET0000330,O00014740,P00739,2026-06-03,Damaged,Approved,194172.34
RET0000331,O00000822,P00291,2025-04-22,Quality Issue,Rejected,81217.46
RET0000332,O00020388,P00973,2025-08-15,Wrong Item,Refunded,81733.52
RET0000333,O00000497,P00752,2025-05-05,Late Delivery,Refunded,215999.81
RET0000334,O00005080,P00075,2025-01-03,Not as Described,Refunded,61468.97
RET0000335,O00020099,P00066,2025-08-16,Not as Described,Rejected,43757.42
RET0000336,O00006468,P00561,2024-05-02,Size Issue,Refunded,3528.97
RET0000337,O00010259,P00575,2024-02-08,Not as Described,Refunded,84897.90
RET0000338,O00008909,P00257,2026-04-27,Wrong Item,Rejected,22678.39
RET0000339,O00012023,P00680,2026-02-23,Not as Described,Approved,33621.24
RET0000340,O00006438,P00661,2026-06-19,Wrong Item,Approved,11363.09
RET0000341,O00015393,P00902,2024-08-31,Size Issue,Requested,6613.41
RET0000342,O00014076,P00440,2024-09-28,Damaged,Approved,124636.05
RET0000343,O00019881,P00711,2025-01-25,Late Delivery,Refunded,5133.19
RET0000344,O00021690,P00023,2025-04-02,Wrong Item,Rejected,423332.54
RET0000345,O00014222,P00502,2024-04-18,Late Delivery,Rejected,117875.72
RET0000346,O99999999,P00755,2024-12-24,Quality Issue,Approved,40649.79
RET0000347,O00005472,P00350,2026-02-15,Late Delivery,Rejected,173784.76
RET0000348,O00009202,P00252,2025-10-08,Changed Mind,Refunded,15842.28
RET0000349,O00001148,P00048,2025-01-31,Wrong Item,Rejected,43845.11
RET0000350,O00004710,P00947,2026-02-03,Not as Described,Rejected,25384.34
RET0000351,O00001404,P00222,2024-08-09,Changed Mind,Rejected,69176.02
RET0000352,O00023772,P00869,2025-01-24,Size Issue,Requested,6014.49
RET0000353,O00004768,P01152,2026-05-14,Damaged,Rejected,1472.88
RET0000354,O00017560,P00848,2025-12-27,Late Delivery,Requested,22259.12
RET0000355,O00015735,P01052,2025-07-15,Wrong Item,Approved,12974.62
RET0000356,O00004037,P00679,2025-12-23,Damaged,Refunded,63101.09
RET0000357,O00022661,P01022,2025-05-12,Damaged,Rejected,217787.55
RET0000358,O00004029,P00440,2026-02-25,Wrong Item,Requested,28095.62
RET0000359,O00019220,P00915,2025-09-06,Size Issue,Refunded,30960.30
RET0000360,O00014256,P00997,2024-03-27,Late Delivery,Requested,17463.89
RET0000361,O00008490,P00354,2024-05-18,Wrong Item,Rejected,44011.11
RET0000362,O00022047,P99999,2025-10-26,Wrong Item,Approved,53071.92
RET0000363,O00008600,P00042,2025-08-01,Changed Mind,Rejected,118671.92
RET0000364,O00009055,P00508,2025-05-25,Late Delivery,Requested,59246.34
RET0000365,O00012903,P00436,2025-05-13,Wrong Item,Approved,5111.71
RET0000366,O00009280,P00448,2025-02-09,Not as Described,Rejected,65051.09
RET0000367,O00000383,P00576,2025-09-15,Not as Described,Approved,282910.55
RET0000368,O00014792,P00009,2026-03-26,Late Delivery,Rejected,441.66
RET0000369,O00010280,P00927,2026-04-09,Not as Described,Approved,63664.91
RET0000370,O00005776,P01098,2025-02-19,Damaged,Approved,96612.88
RET0000371,O00009863,P00074,2024-06-27,Late Delivery,Rejected,54254.65
RET0000372,O00020634,P01058,2024-03-19,Changed Mind,Refunded,3052.44
RET0000373,O00016691,P00773,2025-06-10,Size Issue,Requested,2582.83
RET0000374,O00017603,P00228,2026-03-07,Wrong Item,Rejected,310325.69
RET0000375,O00000448,P00009,2025-08-10,Not as Described,Approved,13367.34
RET0000376,O00021833,P00214,2025-12-15,Size Issue,Refunded,782.48
RET0000377,O00014334,P00422,2024-02-16,Quality Issue,Approved,7688.62
RET0000378,O00020172,P00194,2025-08-10,Damaged,Requested,9080.82
RET0000379,O00013258,P01028,2025-11-18,Late Delivery,Approved,5980.13
RET0000380,O00001178,P00442,2026-01-15,Quality Issue,Refunded,264108.76
RET0000381,O00010513,P00946,2026-02-20,Quality Issue,Refunded,3774.52
RET0000382,O00012212,P00885,2025-12-22,Late Delivery,Approved,95805.91
RET0000383,O00010126,P00673,2026-05-30,Damaged,Requested,14754.49
RET0000384,O00016467,P00457,2024-04-02,Not as Described,Requested,5882.01
RET0000385,O00021681,P00336,2025-10-13,Wrong Item,Refunded,19402.03
RET0000386,O00016135,P00272,2025-07-12,Late Delivery,UNKNOWN,41715.56
RET0000387,O00003071,P01155,2024-07-11,Quality Issue,Refunded,8359.20
RET0000388,O00002113,P00420,2024-09-27,,Approved,157546.99
RET0000389,O00002553,P00282,2024-06-06,Not as Described,Rejected,13179.75
RET0000390,O00018182,P00724,2025-01-19,Quality Issue,Approved,315851.76
RET0000391,O00009239,P00280,2024-12-15,Changed Mind,Requested,1462.22
RET0000392,O00021938,P00715,2026-06-08,Changed Mind,Refunded,6499.60
RET0000393,O00003500,P01070,2024-04-27,Not as Described,Rejected,15833.09
RET0000394,O00020849,P00947,2026-03-17,Changed Mind,Rejected,54700.73
RET0000395,O00017574,P01100,2024-11-13,Size Issue,Approved,239099.35
RET0000396,O00005929,P00097,2024-10-19,Changed Mind,Requested,139221.96
RET0000397,O00019588,P00522,2025-04-04,Not as Described,Requested,23202.70
RET0000398,O00010352,P01162,2024-06-20,Changed Mind,Refunded,83248.66
RET0000399,O00013234,P00856,2026-04-06,Changed Mind,Approved,51945.43
RET0000400,O00016222,P00100,2025-08-01,Not as Described,Rejected,69408.37
RET0000401,O00018146,P00400,2024-11-17,Damaged,Refunded,7225.78
RET0000402,O00009644,P01094,2025-12-22,Quality Issue,Rejected,6129.57
RET0000403,O00005942,P01152,2024-03-11,Size Issue,Refunded,29141.01
RET0000404,O00001396,P00951,2024-07-16,Not as Described,Rejected,9285.46
RET0000405,O00014187,P00420,2026-02-16,Damaged,Refunded,18153.46
RET0000406,O00016155,P00149,2025-11-04,Wrong Item,Approved,127139.69
RET0000407,O00010522,P00344,2026-07-01,Changed Mind,Requested,38762.90
RET0000408,O00008993,P00300,2025-04-27,Quality Issue,Rejected,2327.79
RET0000409,O00011145,P01113,2025-07-03,Wrong Item,Refunded,11554.58
RET0000410,O00001172,P01052,2024-09-23,Wrong Item,Rejected,157795.16
RET0000411,O00023445,P00314,2024-09-27,Damaged,Rejected,306089.61
RET0000412,O00023164,P00708,2026-02-02,Wrong Item,Rejected,4900.63
RET0000413,O00016326,P00740,2024-11-03,Late Delivery,Rejected,10588.69
RET0000414,O00020985,P00477,2025-06-29,Changed Mind,Refunded,99913.25
RET0000415,O00012284,P00329,2025-03-23,Damaged,Rejected,227904.53
RET0000416,O00016194,P00288,2026-06-16,Wrong Item,Rejected,128974.79
RET0000417,O00017397,P00153,2025-08-18,Late Delivery,Requested,140956.29
RET0000418,O00011785,P00991,2026-01-17,Changed Mind,Requested,16275.17
RET0000419,O00018869,P00318,2025-05-12,Late Delivery,Rejected,196021.26
RET0000420,O00006875,P00535,2024-10-23,Damaged,Approved,58634.74
RET0000421,O00019498,P00775,2025-12-12,Quality Issue,Rejected,72540.61
RET0000422,O00020157,P00102,2024-06-16,Wrong Item,Refunded,-10
RET0000423,O00002824,P01022,2025-05-17,Damaged,Approved,71231.03
RET0000424,O00022213,P00922,2025-07-18,Size Issue,Requested,206898.58
RET0000425,O00020194,P00443,2026-03-06,Damaged,Requested,33367.60
RET0000426,O00014279,P00120,2025-05-11,Damaged,Approved,862.83
RET0000427,O00018354,P00709,2024-07-26,Wrong Item,Requested,19454.28
RET0000428,O00016179,P00976,2024-07-12,Quality Issue,Rejected,35196.91
RET0000429,O00001656,P00728,2025-08-26,Size Issue,Requested,125348.77
RET0000430,O00006114,P00253,2025-10-14,Quality Issue,Rejected,286595.33
RET0000431,O00001723,P01039,2026-06-13,Size Issue,Rejected,7151.43
RET0000432,O00016059,P00268,2026-05-27,Quality Issue,Refunded,67548.84
RET0000433,O00001561,P00861,2025-10-29,Not as Described,Rejected,10209.23
RET0000434,O00014461,P00972,2026-05-07,Late Delivery,Approved,76817.82
RET0000435,O00000455,P00273,2024-09-01,Changed Mind,Approved,43871.46
RET0000436,O00013758,P00924,2025-12-27,Damaged,Refunded,24942.93
RET0000437,O00007668,P00483,2025-06-05,Not as Described,Requested,3281.82
RET0000438,O00001868,P00730,2025-08-02,Size Issue,Refunded,1495.38
RET0000439,O00021682,P00313,2024-06-28,Size Issue,Rejected,19509.27
RET0000440,O00018237,P00134,2024-02-11,Wrong Item,Refunded,1808.39
RET0000441,O00003151,P01125,2025-11-09,Not as Described,Requested,1525.86
RET0000442,O00015913,P00470,2024-02-29,Size Issue,Approved,445.49
RET0000443,O00014656,P00313,2024-07-16,Wrong Item,Approved,4741.99
RET0000444,O00010571,P00162,2026-06-24,Late Delivery,Approved,27893.28
RET0000445,O00010150,P01054,2026-04-13,Wrong Item,Requested,11407.53
RET0000446,O00009314,P00924,2024-11-17,Quality Issue,Refunded,19387.97
RET0000447,O00012289,P00407,2024-12-27,Not as Described,Requested,320884.04
RET0000448,O00016880,P00044,2024-05-12,Not as Described,Refunded,5217.68
RET0000449,O00019611,P00165,2026-04-12,Changed Mind,Refunded,138249.92
RET0000450,O00012968,P00575,2026-02-10,Quality Issue,Refunded,58951.93
RET0000451,O00024367,P01086,2024-06-16,Quality Issue,Refunded,105887.42
RET0000452,O00017512,P00551,2026-07-02,Not as Described,Refunded,8418.53
RET0000453,O00012917,P00654,2025-05-26,Quality Issue,Requested,207013.98
RET0000454,O00010348,P00968,2025-03-09,Size Issue,Approved,31314.12
RET0000455,O00011723,P00533,2025-03-11,Quality Issue,Refunded,39661.27
RET0000456,O00004286,P00398,2026-03-06,Quality Issue,Requested,188549.00
RET0000457,O00011468,P00161,2024-04-05,Wrong Item,Requested,23664.80
BADRET458,O00006854,P00615,2025-01-17,Changed Mind,Requested,94291.80
RET0000459,O00008866,P00011,2025-03-06,Changed Mind,Refunded,142237.05
RET0000460,O00007118,P00217,2025-01-21,Late Delivery,Refunded,150529.37
RET0000461,O00020673,P00254,2025-09-25,Damaged,Refunded,589.56
RET0000462,O00017649,P00789,2026-03-19,Damaged,Rejected,6195.45
RET0000463,O00005343,P00085,2025-04-25,Changed Mind,Rejected,6685.52
RET0000464,O00015614,P00255,2024-10-14,Late Delivery,Requested,72158.93
RET0000465,O00019939,P01101,2025-11-11,Damaged,Approved,141348.61
RET0000466,O00022254,P01116,2025-12-24,Changed Mind,Rejected,263128.59
RET0000467,O00020657,P00423,2024-11-07,Changed Mind,Approved,7191.49
RET0000468,O00002286,P00897,2025-03-10,Not as Described,Refunded,227455.65
RET0000469,O00018093,P00795,2025-03-09,Wrong Item,Refunded,8483.28
RET0000470,O00015618,P00821,2025-10-24,Quality Issue,Approved,10766.10
RET0000471,O00019776,P00252,2024-08-31,Not as Described,Refunded,201.67
RET0000472,O00014551,P00373,2024-05-24,Damaged,Rejected,504.12
RET0000473,O00001457,P00452,2026-02-09,Changed Mind,Requested,349541.65
RET0000474,O00006557,P00339,2026-05-03,Changed Mind,Rejected,10855.35
RET0000475,O00019728,P00564,2026-07-21,Quality Issue,Requested,1523.71
RET0000476,O00023244,P00283,2024-02-03,Wrong Item,Rejected,3553.35
RET0000477,O00003554,P01014,2024-09-01,Damaged,Approved,5740.43
RET0000478,O00019827,P00220,2024-10-13,Wrong Item,Requested,99307.49
RET0000479,O00018827,P00247,2024-10-03,Late Delivery,Refunded,35108.06
RET0000480,O00020017,P00424,2025-10-11,Damaged,Rejected,20788.03
RET0000481,O00011350,P00211,2024-12-27,Not as Described,Rejected,270182.84
RET0000482,O00007967,P00639,2025-11-27,Damaged,Requested,104230.44
RET0000483,O00016870,P00750,2025-03-11,Quality Issue,Approved,74189.39
RET0000484,O00016490,P00934,2025-11-03,Size Issue,Approved,764.93
RET0000485,O00000168,P00556,2024-06-27,,Refunded,4459.43
RET0000486,O00013414,P00604,2024-11-05,Damaged,Rejected,3630.95
RET0000487,O00019773,P00840,2025-09-08,Damaged,Approved,149451.29
RET0000488,O00023801,P00444,2024-05-05,Late Delivery,Approved,18996.97
RET0000489,O00001279,P00472,2024-02-06,Size Issue,Approved,48483.95
RET0000490,O00017779,P00681,2025-10-12,Changed Mind,Approved,118272.36
RET0000491,O00002481,P00530,2024-05-23,Not as Described,Approved,41533.58
RET0000492,O00010037,P00372,2025-10-19,Not as Described,Approved,129883.76
RET0000493,O00015439,P00509,2025-02-06,Size Issue,Approved,201530.42
RET0000494,O00002692,P00950,2024-12-03,Not as Described,Requested,12017.08
RET0000495,O00001713,P00291,2026-04-28,Not as Described,Requested,4375.08
RET0000496,O00016636,P00524,2024-03-08,Changed Mind,Refunded,59109.85
RET0000497,O00019078,P00194,2026-01-17,Late Delivery,Refunded,218806.86
RET0000498,O00013544,P00038,2025-01-12,Changed Mind,Refunded,26479.11
RET0000499,O00013806,P00373,2025-07-19,Quality Issue,Rejected,5414.39
RET0000500,O00017793,P01084,2025-01-17,Wrong Item,Rejected,11276.00
RET0000501,O00011627,P00689,2024-05-21,Late Delivery,Approved,12864.74
RET0000502,O00005748,P01096,2024-08-18,Not as Described,Refunded,172616.64
RET0000503,O00018277,P00743,2025-09-12,Wrong Item,Rejected,153194.39
RET0000504,O00015214,P00073,2025-10-08,Size Issue,Requested,220737.37
RET0000505,O00016810,P00301,2025-06-28,Not as Described,Requested,108699.53
RET0000506,O00011689,P00234,2025-02-26,Damaged,Refunded,17959.23
RET0000507,O00014818,P00934,2025-05-12,Quality Issue,Requested,1700.61
RET0000508,O00022183,P00396,2025-07-26,Changed Mind,Approved,298326.30
RET0000509,O00017746,P00930,2024-06-24,Late Delivery,Approved,99794.25
RET0000510,O00009528,P00392,2025-06-03,Changed Mind,Rejected,277430.31
RET0000511,O00005496,P00354,2024-08-19,Wrong Item,Refunded,35242.85
RET0000512,O00021259,P01127,2026-02-26,Late Delivery,Requested,2233.74
RET0000513,O00000122,P00786,2026-01-17,Wrong Item,Approved,1928.26
RET0000514,O00018707,P00026,2025-03-15,Size Issue,Approved,2340.13
RET0000515,O00020544,P01062,2024-12-06,Size Issue,Rejected,404460.05
RET0000516,O00019624,P00518,2024-04-12,Size Issue,Rejected,159271.17
RET0000517,O00003605,P00187,2024-05-15,Quality Issue,Requested,197158.59
RET0000518,O00010416,P00989,2026-03-13,Not as Described,Requested,231231.42
RET0000519,O99999999,P00637,2025-12-25,Quality Issue,Refunded,109786.01
RET0000520,O00008734,P01047,2026-03-15,Size Issue,Approved,4778.73
RET0000521,O00018911,P01145,2025-01-22,Damaged,Rejected,155089.68
RET0000522,O00024482,P00009,2024-06-22,Damaged,Rejected,69842.12
RET0000523,O00010018,P00490,2024-06-12,Size Issue,Refunded,222420.35
RET0000524,O00010151,P00874,2026-04-18,Wrong Item,Approved,13228.19
RET0000525,O00017034,P00162,2025-03-13,Quality Issue,Refunded,32352.76
RET0000526,O00019512,P00695,2025-10-20,Late Delivery,Refunded,178288.35
RET0000527,O00021539,P00263,2024-05-09,Size Issue,Requested,86782.06
RET0000528,O00005398,P01054,2024-02-16,Wrong Item,Rejected,80555.58
RET0000529,O00017511,P00746,2025-03-24,Changed Mind,Requested,50188.98
RET0000530,O00009468,P01014,2026-01-16,Size Issue,Rejected,23089.04
RET0000531,O00012279,P00880,2024-04-16,Wrong Item,Rejected,200034.20
RET0000532,O00023470,P00116,2025-03-01,Not as Described,Refunded,44680.28
RET0000533,O00016934,P00807,2024-02-16,Wrong Item,Requested,19608.69
RET0000534,O00015857,P00190,2024-04-11,Not as Described,Rejected,90394.13
RET0000535,O00009020,P00702,2025-10-02,Quality Issue,Refunded,46816.10
RET0000536,O00013112,P01002,2025-01-30,Size Issue,Refunded,3139.65
RET0000537,O00018308,P00077,2025-01-14,Late Delivery,Refunded,56302.15
RET0000538,O00011805,P00264,2025-01-13,Damaged,Rejected,32658.26
RET0000539,O00024528,P00427,2024-03-13,Quality Issue,Refunded,31036.02
RET0000540,O00016132,P01106,2025-05-27,Late Delivery,Requested,10472.15
RET0000541,O00022697,P00347,2024-08-08,Size Issue,Refunded,2336.36
RET0000542,O00022426,P00077,2026-07-04,Quality Issue,Refunded,21186.56
RET0000543,O00004178,P99999,2026-04-04,Late Delivery,Requested,44927.67
RET0000544,O00011341,P00142,2026-06-30,Size Issue,Rejected,157337.76
RET0000545,O00018109,P00180,2026-01-24,Quality Issue,Refunded,185254.86
RET0000546,O00021053,P00962,2026-03-27,Size Issue,Requested,164354.77
RET0000547,O00020135,P00204,2024-05-31,Not as Described,Rejected,264226.63
RET0000548,O00003919,P00290,2026-01-23,Size Issue,Refunded,154754.78
RET0000549,O00013633,P00082,2026-01-04,Wrong Item,Approved,39250.08
RET0000550,O00008698,P00703,2026-03-04,Quality Issue,Requested,34309.26
RET0000551,O00015364,P00301,2025-01-26,Damaged,Approved,34823.22
RET0000552,O00018977,P00413,2025-02-16,Size Issue,Refunded,2268.21
RET0000553,O00022674,P00847,2025-10-20,Damaged,Approved,211975.70
RET0000554,O00007769,P01039,2025-01-21,Damaged,Requested,85384.37
RET0000555,O00019855,P00677,2025-05-31,Damaged,Refunded,124462.72
RET0000556,O00024625,P01093,2024-05-14,Quality Issue,Refunded,66179.89
RET0000557,O00023691,P00644,2025-03-10,Not as Described,Requested,55225.56
RET0000558,O00012916,P00869,2025-01-23,Late Delivery,Approved,11754.39
RET0000559,O00008310,P00689,2025-01-07,Not as Described,Approved,2750.91
RET0000560,O00000319,P00505,2025-08-29,Changed Mind,Rejected,468.42
RET0000561,O00001345,P00389,2025-02-12,Quality Issue,Approved,80560.03
RET0000562,O00010721,P00328,2024-06-02,Quality Issue,Refunded,98131.03
RET0000563,O00005566,P00930,2025-08-24,Changed Mind,Rejected,16700.86
RET0000564,O00019832,P00148,2026-03-21,Late Delivery,Approved,4271.34
RET0000565,O00000039,P00379,2025-07-25,Wrong Item,Requested,154221.86
RET0000566,O00021392,P00635,2024-11-20,Damaged,Requested,72432.48
RET0000567,O00009772,P00449,2024-03-06,Size Issue,Approved,177424.05
RET0000568,O00010951,P01137,2025-10-18,Wrong Item,Refunded,12689.11
RET0000569,O00007088,P01141,2024-03-13,Not as Described,Refunded,112359.67
RET0000570,O00017413,P00554,2025-09-16,Late Delivery,Requested,72878.77
RET0000571,O00013177,P00797,2024-08-17,Wrong Item,Refunded,73512.46
RET0000572,O00002543,P00519,2025-11-24,Late Delivery,Approved,307725.28
RET0000573,O00011078,P00123,2024-11-18,Not as Described,Approved,13257.87
RET0000574,O00005080,P00075,2025-01-13,Quality Issue,Approved,96621.94
RET0000575,O00020839,P00303,2026-03-21,Changed Mind,Requested,7236.78
RET0000576,O00023891,P00496,2024-07-17,Size Issue,Refunded,5175.98
RET0000577,O00009094,P00624,2026-01-13,Damaged,Approved,2013.30
RET0000578,O00015640,P01097,2025-10-06,Wrong Item,Requested,2050.82
RET0000579,O00024164,P00445,2026-01-28,Quality Issue,UNKNOWN,88533.94
RET0000580,O00002888,P00449,2025-09-14,Late Delivery,Rejected,76026.43
RET0000581,O00007894,P00034,2025-03-21,Wrong Item,Requested,121711.62
RET0000582,O00015458,P00939,2025-01-10,,Approved,128881.40
RET0000583,O00006869,P01033,2025-04-26,Damaged,Approved,1666.06
RET0000584,O00004555,P00027,2025-11-06,Not as Described,Refunded,78027.86
RET0000585,O00018122,P00413,2025-09-17,Changed Mind,Refunded,5391.84
RET0000586,O00015447,P00607,2024-12-09,Not as Described,Requested,9361.35
RET0000587,O00011571,P00930,2026-04-03,Wrong Item,Rejected,35215.80
RET0000588,O00021572,P00790,2024-09-15,Late Delivery,Rejected,91646.62
RET0000589,O00002120,P00851,2025-04-19,Late Delivery,Rejected,21839.52
RET0000590,O00011604,P01079,2024-09-04,Changed Mind,Requested,65082.48
RET0000591,O00019992,P00936,2024-09-21,Wrong Item,Rejected,143693.33
RET0000592,O00016920,P01030,2024-01-09,Size Issue,Refunded,144285.70
RET0000593,O00014301,P00884,2024-06-18,Quality Issue,Rejected,90521.02
RET0000594,O00015443,P00794,2026-06-20,Not as Described,Requested,271718.48
RET0000595,O00003975,P00443,2024-06-13,Wrong Item,Approved,194223.26
RET0000596,O00020566,P00026,2024-09-17,Quality Issue,Rejected,3048.80
RET0000597,O00007484,P00855,2025-04-15,Size Issue,Refunded,26996.56
RET0000598,O00010025,P00405,2025-03-29,Not as Described,Rejected,18330.66
RET0000599,O00018228,P00359,2026-05-10,Not as Described,Refunded,246139.31
RET0000600,O00001592,P00631,2026-04-14,Damaged,Approved,114632.59
RET0000601,O00005648,P00782,2024-04-28,Size Issue,Refunded,28116.77
RET0000602,O00008295,P00835,2024-12-01,Size Issue,Approved,646.57
RET0000603,O00020586,P00174,2024-05-29,Changed Mind,Refunded,551673.53
RET0000604,O00008438,P00739,2025-04-19,Changed Mind,Requested,23215.18
RET0000605,O00004388,P00864,2024-02-23,Not as Described,Requested,318674.94
RET0000606,O00017738,P00815,2024-08-30,Size Issue,Refunded,57568.52
RET0000607,O00010424,P00064,2026-04-26,Quality Issue,Rejected,51049.34
RET0000608,O00012444,P01040,2024-06-03,Damaged,Requested,223856.64
RET0000609,O00001563,P00963,2026-04-11,Quality Issue,Requested,191400.45
RET0000610,O00019086,P00569,2025-02-15,Quality Issue,Refunded,79983.58
RET0000611,O00020365,P01070,2024-11-03,Wrong Item,Approved,17209.61
RET0000612,O00000846,P00912,2024-02-24,Not as Described,Approved,184804.89
RET0000613,O00008761,P00624,2024-10-01,Damaged,Approved,1389.68
RET0000614,O00007982,P00713,2025-06-12,Changed Mind,Requested,23585.16
RET0000615,O00016776,P00717,2025-04-20,Wrong Item,Approved,119418.42
RET0000616,O00021935,P00856,2026-06-14,Late Delivery,Rejected,18447.50
RET0000617,O00019534,P00585,2026-07-31,Damaged,Requested,33757.95
RET0000618,O00007210,P00762,2026-01-07,Not as Described,Approved,23005.95
RET0000619,O00008756,P00677,2025-02-12,Late Delivery,Approved,182678.95
RET0000620,O00011354,P00597,2024-12-20,Quality Issue,Rejected,19917.15
RET0000621,O00021581,P01070,2024-05-22,Damaged,Refunded,77308.03
RET0000622,O00017196,P00934,2025-04-07,Quality Issue,Refunded,132746.52
RET0000623,O00010922,P00252,2026-03-27,Damaged,Approved,209.63
RET0000624,O00003796,P00414,2025-01-28,Quality Issue,Rejected,24608.07
RET0000625,O00001513,P00511,2024-04-08,Wrong Item,Approved,18225.86
RET0000626,O00004745,P00430,2026-05-29,Quality Issue,Approved,297239.08
RET0000627,O00008924,P00498,2025-08-28,Changed Mind,Approved,22877.78
RET0000628,O00000432,P00191,2025-06-18,Damaged,Rejected,33588.75
RET0000629,O00016723,P00936,2024-09-03,Quality Issue,Requested,230199.48
RET0000630,O00004826,P00151,2025-04-01,Damaged,Refunded,113377.62
RET0000631,O00008579,P00281,2024-03-31,Size Issue,Refunded,25618.51
RET0000632,O00005408,P00226,2025-08-23,Damaged,Refunded,11221.68
RET0000633,O00013834,P00971,2024-02-02,Size Issue,Rejected,-10
RET0000634,O00022394,P01016,2024-06-01,Size Issue,Approved,9030.56
RET0000635,O00002984,P00269,2026-06-16,Changed Mind,Rejected,244129.66
RET0000636,O00000241,P01179,2025-05-03,Damaged,Rejected,50376.23
RET0000637,O00013691,P00799,2024-08-04,Damaged,Approved,40923.48
RET0000638,O00002131,P00898,2026-02-20,Not as Described,Requested,66624.91
RET0000639,O00005803,P01029,2026-06-20,Changed Mind,Approved,32728.78
RET0000640,O00019526,P00690,2024-10-28,Changed Mind,Refunded,57561.96
RET0000641,O00014363,P01074,2026-01-16,Not as Described,Rejected,132587.97
RET0000642,O00022323,P00755,2026-07-03,Damaged,Refunded,166974.37
RET0000643,O00008115,P00461,2025-09-28,Damaged,Approved,257695.89
RET0000644,O00008691,P00724,2025-04-20,Changed Mind,Refunded,66410.94
RET0000645,O00005873,P00609,2026-02-27,Damaged,Rejected,94448.79
RET0000646,O00008219,P01045,2025-09-08,Damaged,Approved,1060.60
RET0000647,O00006402,P00069,2025-11-12,Not as Described,Requested,25196.24
RET0000648,O00015807,P00349,2026-05-11,Size Issue,Requested,330029.65
RET0000649,O00000035,P00075,2025-06-07,Changed Mind,Refunded,1878.67
RET0000650,O00010120,P00727,2024-03-13,Wrong Item,Requested,41026.31
RET0000651,O00013092,P00953,2026-03-13,Wrong Item,Rejected,20814.80
RET0000652,O00016084,P00254,2025-07-03,Late Delivery,Rejected,8043.92
RET0000653,O00022535,P00127,2026-03-08,Not as Described,Rejected,17328.00
RET0000654,O00007656,P01017,2025-01-26,Changed Mind,Rejected,15137.14
RET0000655,O00003320,P00508,2024-12-04,Late Delivery,Rejected,58753.34
RET0000656,O00017614,P00316,2025-01-25,Late Delivery,Approved,29293.67
RET0000657,O00013709,P00867,2024-03-23,Late Delivery,Rejected,31484.32
RET0000658,O00023232,P01033,2024-11-06,Damaged,Approved,3820.27
RET0000659,O00013366,P00236,2025-08-20,Quality Issue,Rejected,43805.55
RET0000660,O00012968,P00575,2026-01-19,Not as Described,Rejected,49016.74
RET0000661,O00012819,P00800,2024-02-07,Damaged,Approved,42165.12
RET0000662,O00024305,P01173,2026-02-13,Size Issue,Approved,37826.90
RET0000663,O00019914,P00693,2025-02-27,Changed Mind,Approved,889.92
RET0000664,O00001952,P00512,2025-05-30,Damaged,Approved,2021.86
RET0000665,O00012422,P00558,2025-06-25,Quality Issue,Requested,214824.24
RET0000666,O00021407,P00593,2025-03-11,Not as Described,Refunded,61921.42
RET0000667,O00021717,P01099,2026-05-27,Not as Described,Refunded,7856.80
RET0000668,O00007583,P00493,2025-04-07,Size Issue,Refunded,324933.75
RET0000669,O00022178,P00580,2025-03-01,Late Delivery,Requested,4993.32
RET0000670,O00018448,P00472,2025-02-14,Quality Issue,Approved,120880.56
RET0000671,O00002388,P00719,2026-01-19,Size Issue,Approved,200477.70
RET0000672,O00024646,P00383,2024-07-05,Wrong Item,Refunded,20485.12
RET0000673,O00013991,P01114,2025-12-09,Not as Described,Approved,114041.86
RET0000674,O00020559,P00501,2025-01-23,Late Delivery,Refunded,16948.49
RET0000675,O00008155,P01026,2025-07-22,Not as Described,Approved,14708.58
RET0000676,O00000961,P00161,2025-02-12,Wrong Item,Rejected,11435.28
RET0000677,O00006738,P00197,2025-10-29,Late Delivery,Requested,69164.53
RET0000678,O00012845,P00589,2024-12-28,Late Delivery,Rejected,22221.72
RET0000679,O00010011,P00399,2024-03-06,,Refunded,111126.09
RET0000680,O00012393,P00545,2026-05-26,Wrong Item,Rejected,111054.17
RET0000681,O00012019,P00343,2025-08-02,Changed Mind,Refunded,269050.89
RET0000682,O00009386,P00124,2025-07-15,Wrong Item,Approved,12197.80
RET0000683,O00000876,P00145,2025-06-21,Changed Mind,Approved,94742.49
RET0000684,O00002207,P01079,2025-07-20,Wrong Item,Rejected,76692.22
RET0000685,O00003714,P00352,2024-04-16,Not as Described,Rejected,54282.12
RET0000686,O00008921,P00376,2024-03-17,Wrong Item,Approved,168395.39
BADRET687,O00016756,P00183,2024-03-12,Not as Described,Requested,246771.88
RET0000688,O00001490,P00570,2026-02-21,Wrong Item,Requested,2842.87
RET0000689,O00003058,P00264,2026-03-03,Not as Described,Requested,7287.94
RET0000690,O00012214,P00915,2024-03-20,Damaged,Refunded,100132.31
RET0000691,O00002106,P00002,2025-01-21,Changed Mind,Approved,331114.72
RET0000692,O99999999,P00538,2026-03-30,Late Delivery,Approved,61492.82
RET0000693,O00005835,P00849,2025-04-29,Late Delivery,Refunded,16427.21
RET0000694,O00010022,P00503,2025-04-06,Wrong Item,Refunded,71493.42
RET0000695,O00005974,P00310,2024-06-05,Late Delivery,Requested,59902.65
RET0000696,O00004109,P00597,2026-02-14,Damaged,Rejected,66407.60
RET0000697,O00015819,P00612,2025-10-13,Size Issue,Approved,6540.69
RET0000698,O00016002,P00980,2024-05-24,Not as Described,Refunded,3110.07
RET0000699,O00013547,P00724,2025-10-31,Late Delivery,Rejected,87811.96
RET0000700,O00012635,P00147,2024-11-18,Quality Issue,Rejected,237829.97
RET0000701,O00016838,P00521,2024-04-24,Late Delivery,Refunded,88901.39
RET0000702,O00005395,P00667,2026-05-24,Damaged,Rejected,4978.06
RET0000703,O00019880,P00265,2025-10-10,Late Delivery,Requested,71170.43
RET0000704,O00022754,P01032,2025-06-22,Size Issue,Requested,220908.01
RET0000705,O00021822,P00061,2024-07-05,Not as Described,Rejected,88232.67
RET0000706,O00024383,P00458,2025-05-15,Late Delivery,Rejected,4739.39
RET0000707,O00007782,P00933,2025-09-11,Changed Mind,Rejected,103810.53
RET0000708,O00015095,P00493,2024-04-18,Quality Issue,Approved,64220.45
RET0000709,O00011724,P00990,2024-12-24,Late Delivery,Requested,42061.31
RET0000710,O00004009,P00517,2026-06-29,Quality Issue,Refunded,18716.79
RET0000711,O00013697,P00358,2025-10-22,Damaged,Approved,103404.54
RET0000712,O00018156,P00922,2025-10-09,Size Issue,Approved,24735.42
RET0000713,O00020452,P00512,2024-07-22,Not as Described,Rejected,2340.78
RET0000714,O00001455,P00101,2024-08-03,Size Issue,Approved,51559.88
RET0000715,O00017790,P00761,2024-04-27,Changed Mind,Refunded,742.46
RET0000716,O00010396,P00520,2026-05-05,Quality Issue,Requested,6896.92
RET0000717,O00014484,P00461,2025-04-16,Late Delivery,Rejected,156389.52
RET0000718,O00018477,P00020,2026-05-31,Wrong Item,Rejected,44389.71
RET0000719,O00020974,P00891,2024-08-04,Changed Mind,Requested,11569.26
RET0000720,O00012732,P00360,2024-01-26,Quality Issue,Approved,340108.77
RET0000721,O00022951,P00820,2024-08-17,Changed Mind,Rejected,121468.71
RET0000722,O00001046,P00009,2026-04-07,Size Issue,Refunded,62193.44
RET0000723,O00003448,P00691,2025-03-20,Size Issue,Refunded,414.81
RET0000724,O00020013,P99999,2024-07-23,Not as Described,Approved,50617.17
RET0000725,O00008282,P00696,2025-12-18,Size Issue,Rejected,126836.70
RET0000726,O00011669,P00569,2024-05-26,Not as Described,Refunded,34094.71
RET0000727,O00000290,P00237,2024-10-12,Late Delivery,Refunded,107105.63
RET0000728,O00008967,P01009,2026-05-22,Damaged,Refunded,2860.24
RET0000729,O00011921,P01052,2024-01-30,Changed Mind,Approved,50231.33
RET0000730,O00001930,P00543,2025-10-13,Not as Described,Requested,25832.04
RET0000731,O00002658,P00450,2025-03-16,Changed Mind,Approved,47011.54
RET0000732,O00014835,P01138,2026-01-11,Quality Issue,Approved,65661.33
RET0000733,O00016983,P00970,2026-04-09,Not as Described,Approved,99165.36
RET0000734,O00016929,P00382,2025-03-17,Changed Mind,Approved,47785.15
RET0000735,O00018540,P00424,2026-01-26,Changed Mind,Refunded,69870.56
RET0000736,O00024286,P00906,2024-11-02,Wrong Item,Rejected,10120.36
RET0000737,O00015330,P00563,2026-06-10,Changed Mind,Refunded,171918.83
RET0000738,O00016982,P00866,2024-07-25,Quality Issue,Approved,26091.63
RET0000739,O00018751,P00024,2025-01-27,Wrong Item,Approved,6473.96
RET0000740,O00016848,P00716,2025-05-20,Late Delivery,Approved,268060.70
RET0000741,O00015386,P00161,2025-12-02,Wrong Item,Approved,65840.25
RET0000742,O00004020,P00727,2026-01-20,Not as Described,Requested,38007.32
RET0000743,O00022005,P00540,2024-09-14,Size Issue,Refunded,104087.45
RET0000744,O00008883,P00193,2025-05-24,Wrong Item,Rejected,54268.41
RET0000745,O00007011,P00535,2025-10-05,Late Delivery,Refunded,59901.08
RET0000746,O00001476,P01171,2025-06-10,Size Issue,Requested,11447.40
RET0000747,O00015242,P01120,2024-04-29,Quality Issue,Rejected,112887.90
RET0000748,O00013112,P01002,2025-02-10,Not as Described,Refunded,1705.67
RET0000749,O00019787,P00021,2026-02-16,Damaged,Rejected,14097.43
RET0000750,O00014756,P00068,2026-02-06,Size Issue,Requested,11453.52
RET0000751,O00013451,P01075,2025-07-01,Size Issue,Requested,91077.14
RET0000752,O00020784,P00404,2026-03-08,Size Issue,Approved,30503.10
RET0000753,O00019065,P00850,2024-07-28,Not as Described,Refunded,19458.25
RET0000754,O00010584,P00486,2026-08-01,Late Delivery,Rejected,128111.40
RET0000755,O00008610,P01090,2025-08-18,Damaged,Requested,2681.42
RET0000756,O00002071,P00766,2025-02-08,Damaged,Refunded,28234.21
RET0000757,O00006226,P00555,2025-04-20,Wrong Item,Refunded,34303.21
RET0000758,O00011727,P00928,2024-09-09,Wrong Item,Rejected,35628.17
RET0000759,O00001045,P00582,2024-07-10,Size Issue,Requested,7269.68
RET0000760,O00023614,P00925,2024-02-14,Damaged,Approved,104797.49
RET0000761,O00017069,P00108,2025-08-02,Size Issue,Approved,1075.21
RET0000762,O00024776,P00765,2025-05-15,Damaged,Approved,30571.62
RET0000763,O00014404,P00755,2024-12-27,Changed Mind,Rejected,21834.40
RET0000764,O00002563,P01125,2026-03-16,Size Issue,Requested,248.55
RET0000765,O00014296,P00155,2025-07-06,Damaged,Requested,41996.57
RET0000766,O00003203,P00825,2025-06-30,Damaged,Approved,154994.05
RET0000767,O00023536,P01122,2026-02-25,Not as Described,Approved,23195.26
RET0000768,O00001159,P00087,2025-08-09,Size Issue,Refunded,1667.78
RET0000769,O00008760,P00243,2026-07-09,Not as Described,Refunded,18730.90
RET0000770,O00003666,P00515,2024-07-21,Damaged,Requested,39947.14
RET0000771,O00022979,P01168,2024-04-23,Late Delivery,Approved,67068.81
RET0000772,O00023640,P01074,2025-07-21,Changed Mind,UNKNOWN,440286.15
RET0000773,O00010037,P00372,2025-10-15,Size Issue,Refunded,87581.26
RET0000774,O00000049,P00669,2026-05-07,Size Issue,Rejected,21275.71
RET0000775,O00020858,P00020,2025-01-23,Quality Issue,Refunded,3942.97
RET0000776,O00007155,P00284,2024-06-16,,Refunded,36859.51
RET0000777,O00018391,P00213,2026-03-23,Size Issue,Approved,25164.07
RET0000778,O00020075,P00502,2024-04-06,Size Issue,Approved,55801.57
RET0000779,O00024668,P00487,2026-05-29,Changed Mind,Rejected,12118.68
RET0000780,O00010213,P00542,2025-03-13,Changed Mind,Refunded,98785.64
RET0000781,O00024131,P00084,2024-08-08,Size Issue,Refunded,77476.16
RET0000782,O00005034,P00385,2024-05-14,Wrong Item,Approved,262072.04
RET0000783,O00020741,P00537,2024-04-10,Damaged,Requested,37677.30
RET0000784,O00005976,P01019,2025-02-10,Damaged,Refunded,17542.77
RET0000785,O00011573,P00436,2025-07-20,Damaged,Approved,37145.96
RET0000786,O00007674,P00966,2024-03-11,Size Issue,Rejected,7333.78
RET0000787,O00002746,P00128,2024-05-24,Damaged,Refunded,17215.86
RET0000788,O00021441,P00190,2024-03-30,Damaged,Requested,208164.39
RET0000789,O00011319,P00945,2024-04-17,Wrong Item,Requested,57829.28
RET0000790,O00010312,P00774,2025-09-05,Damaged,Approved,132299.35
RET0000791,O00011748,P00099,2026-02-09,Wrong Item,Requested,218778.46
RET0000792,O00023340,P00196,2026-05-20,Quality Issue,Rejected,69945.52
RET0000793,O00006147,P00148,2025-03-29,Changed Mind,Rejected,190507.12
RET0000794,O00004052,P00085,2024-10-02,Size Issue,Requested,8456.85
RET0000795,O00006049,P00061,2024-06-01,Wrong Item,Requested,21771.69
RET0000796,O00024589,P00733,2026-02-20,Wrong Item,Requested,3418.26
RET0000797,O00007051,P00197,2026-03-16,Size Issue,Approved,59619.52
RET0000798,O00011226,P01151,2025-03-29,Damaged,Approved,9274.53
RET0000799,O00015661,P00130,2024-05-04,Damaged,Refunded,73871.92
RET0000800,O00000772,P00869,2025-03-29,Damaged,Requested,35189.97
RET0000801,O00013444,P00021,2024-11-01,Late Delivery,Approved,144637.09
RET0000802,O00021979,P00824,2024-07-20,Size Issue,Refunded,86318.08
RET0000803,O00022369,P01117,2024-05-01,Late Delivery,Approved,65352.72
RET0000804,O00024013,P00249,2024-07-26,Not as Described,Approved,48530.40
RET0000805,O00009681,P00859,2024-09-18,Wrong Item,Approved,268743.46
RET0000806,O00007974,P01087,2026-06-16,Late Delivery,Requested,9423.00
RET0000807,O00008476,P00421,2026-06-20,Wrong Item,Approved,3669.83
RET0000808,O00015284,P00026,2025-04-15,Damaged,Refunded,46410.75
RET0000809,O00006218,P01066,2026-04-10,Damaged,Refunded,95995.16
RET0000810,O00015749,P00417,2026-06-21,Quality Issue,Approved,3993.68
RET0000811,O00007492,P00879,2024-09-16,Wrong Item,Refunded,3018.85
RET0000812,O00016746,P00735,2025-09-15,Wrong Item,Requested,47548.64
RET0000813,O00012229,P00452,2026-04-30,Not as Described,Approved,174127.58
RET0000814,O00024584,P00937,2024-09-15,Quality Issue,Refunded,38885.51
RET0000815,O00012308,P00336,2025-12-09,Not as Described,Approved,87792.29
RET0000816,O00015133,P00590,2024-08-05,Wrong Item,Refunded,2985.59
RET0000817,O00002752,P01117,2025-04-10,Late Delivery,Refunded,4185.95
RET0000818,O00003954,P00148,2025-12-24,Damaged,Requested,4290.96
RET0000819,O00013244,P00430,2025-07-22,Damaged,Rejected,57293.35
RET0000820,O00008691,P01022,2025-04-25,Not as Described,Approved,152586.59
RET0000821,O00005447,P00954,2024-03-23,Not as Described,Requested,432.08
RET0000822,O00017955,P00026,2025-10-04,Changed Mind,Refunded,30269.74
RET0000823,O00002752,P01117,2025-05-02,Quality Issue,Requested,10362.78
RET0000824,O00010313,P00164,2025-03-09,Wrong Item,Rejected,347193.49
RET0000825,O00014061,P00662,2024-09-23,Late Delivery,Requested,66999.56
RET0000826,O00012236,P00924,2025-07-16,Wrong Item,Requested,8548.70
RET0000827,O00014293,P00122,2026-06-12,Quality Issue,Rejected,224245.53
RET0000828,O00020879,P00572,2026-07-05,Not as Described,Refunded,22493.58
RET0000829,O00021628,P00873,2026-01-22,Not as Described,Requested,49494.30
RET0000830,O00002451,P00491,2026-03-22,Size Issue,Requested,394728.23
RET0000831,O00003365,P00356,2025-05-17,Quality Issue,Requested,15599.63
RET0000832,O00021441,P00168,2024-04-01,Quality Issue,Approved,106231.23
RET0000833,O00015762,P00497,2025-07-04,Wrong Item,Approved,89287.05
RET0000834,O00002716,P00560,2024-04-01,Not as Described,Requested,157171.51
RET0000835,O00015170,P01134,2026-03-31,Not as Described,Requested,8768.55
RET0000836,O00017595,P00279,2025-05-30,Wrong Item,Rejected,59553.00
RET0000837,O00024082,P00670,2025-04-21,Damaged,Requested,130309.86
RET0000838,O00011863,P00286,2025-04-28,Changed Mind,Refunded,211914.05
RET0000839,O00011766,P01164,2024-07-07,Changed Mind,Refunded,24116.20
RET0000840,O00012877,P00468,2024-05-27,Damaged,Requested,14958.75
RET0000841,O00024634,P00176,2025-02-26,Changed Mind,Approved,111165.82
RET0000842,O00004114,P00190,2024-05-16,Wrong Item,Approved,3131.57
RET0000843,O00008958,P01101,2024-04-14,Late Delivery,Rejected,86981.32
RET0000844,O00012890,P00291,2025-06-19,Damaged,Requested,-10
RET0000845,O00001004,P00952,2026-05-01,Size Issue,Requested,73240.96
RET0000846,O00019905,P00381,2025-03-27,Changed Mind,Refunded,7583.87
RET0000847,O00024672,P01093,2024-12-07,Quality Issue,Approved,51937.30
RET0000848,O00000544,P00545,2025-04-24,Damaged,Rejected,29536.98
RET0000849,O00017526,P00673,2026-05-07,Not as Described,Requested,1884.51
RET0000850,O00023740,P00962,2024-09-28,Changed Mind,Requested,14514.80
RET0000851,O00017058,P00291,2025-04-30,Changed Mind,Requested,101048.34
RET0000852,O00014459,P01035,2024-10-03,Damaged,Requested,92153.86
RET0000853,O00000565,P00467,2026-04-27,Changed Mind,Approved,161814.28
RET0000854,O00021157,P00680,2024-05-16,Changed Mind,Requested,100137.80
RET0000855,O00017798,P00831,2024-07-20,Wrong Item,Requested,58582.52
RET0000856,O00003706,P00454,2026-01-10,Wrong Item,Requested,360061.50
RET0000857,O00012192,P00348,2025-03-30,Damaged,Approved,33582.15
RET0000858,O00002956,P01042,2025-02-25,Quality Issue,Requested,90203.02
RET0000859,O00001614,P00955,2024-09-04,Size Issue,Requested,74196.05
RET0000860,O00017446,P01162,2024-05-07,Changed Mind,Requested,163254.05
RET0000861,O00017580,P00962,2026-03-12,Quality Issue,Requested,21152.86
RET0000862,O00019112,P00603,2025-07-25,Quality Issue,Rejected,65317.30
RET0000863,O00023319,P00216,2026-04-07,Quality Issue,Refunded,27901.99
RET0000864,O00021792,P00660,2025-03-05,Size Issue,Approved,59090.47
RET0000865,O99999999,P00475,2024-05-02,Late Delivery,Requested,28713.57
RET0000866,O00008405,P00814,2025-03-08,Damaged,Refunded,9515.19
RET0000867,O00017241,P00937,2025-01-31,Late Delivery,Approved,15121.16
RET0000868,O00011806,P00351,2025-10-04,Not as Described,Requested,295101.75
RET0000869,O00019045,P00055,2025-11-14,Changed Mind,Refunded,1063.86
RET0000870,O00023610,P00792,2025-07-31,Size Issue,Rejected,250378.54
RET0000871,O00011696,P00190,2026-05-10,Not as Described,Refunded,106579.72
RET0000872,O00005748,P01096,2024-08-10,Quality Issue,Refunded,187934.94
RET0000873,O00002728,P01056,2026-01-09,,Refunded,53846.81
RET0000874,O00011231,P00625,2024-11-16,Damaged,Approved,186174.77
RET0000875,O00023051,P00281,2025-08-24,Size Issue,Refunded,5259.45
RET0000876,O00015480,P00295,2024-04-02,Quality Issue,Approved,52917.23
RET0000877,O00010849,P00651,2024-08-16,Quality Issue,Approved,59346.16
RET0000878,O00020326,P00154,2024-05-08,Wrong Item,Rejected,7760.06
RET0000879,O00004304,P00049,2026-05-08,Damaged,Rejected,161161.28
RET0000880,O00023929,P00896,2024-06-19,Late Delivery,Refunded,6073.65
RET0000881,O00014404,P00755,2024-12-03,Size Issue,Approved,22620.44
RET0000882,O00014989,P00526,2025-03-05,Quality Issue,Refunded,9482.62
RET0000883,O00015679,P00533,2025-11-29,Quality Issue,Refunded,51917.49
RET0000884,O00003663,P00246,2024-09-13,Quality Issue,Requested,1594.42
RET0000885,O00010312,P00031,2025-09-20,Changed Mind,Refunded,60520.15
RET0000886,O00003912,P00556,2024-06-18,Damaged,Approved,25517.04
RET0000887,O00015964,P00116,2025-04-12,Size Issue,Refunded,127193.54
RET0000888,O00023112,P00970,2025-11-08,Wrong Item,Refunded,321.86
RET0000889,O00002549,P00744,2024-03-11,Late Delivery,Approved,83445.69
RET0000890,O00017278,P00917,2025-08-14,Wrong Item,Refunded,73653.95
RET0000891,O00004104,P00104,2024-07-11,Wrong Item,Approved,91835.72
RET0000892,O00004332,P01151,2024-03-28,Late Delivery,Refunded,96504.01
RET0000893,O00001656,P00072,2025-09-02,Changed Mind,Approved,146297.22
RET0000894,O00022569,P00279,2026-04-29,Wrong Item,Requested,87018.60
RET0000895,O00012848,P00610,2025-11-21,Quality Issue,Approved,14365.83
RET0000896,O00022640,P00568,2024-10-31,Quality Issue,Approved,99775.05
RET0000897,O00015260,P00995,2025-01-19,Late Delivery,Rejected,72463.02
RET0000898,O00019755,P00461,2024-08-21,Wrong Item,Rejected,2583.45
RET0000899,O00007865,P00939,2025-09-05,Damaged,Rejected,191922.76
RET0000900,O00014205,P00172,2024-12-18,Not as Described,Refunded,96205.94
RET0000901,O00011849,P00182,2025-01-27,Quality Issue,Rejected,1871.08
RET0000902,O00016180,P00336,2024-02-21,Quality Issue,Refunded,13530.02
RET0000903,O00006103,P00666,2025-10-17,Late Delivery,Requested,16550.02
RET0000904,O00021912,P00252,2025-05-02,Not as Described,Approved,68884.95
RET0000905,O00002361,P99999,2025-09-02,Late Delivery,Refunded,3370.29
RET0000906,O00018986,P00360,2026-04-01,Late Delivery,Rejected,32041.87
RET0000907,O00023238,P00478,2024-04-28,Changed Mind,Requested,131604.00
RET0000908,O00004855,P01103,2025-01-22,Wrong Item,Approved,51993.18
RET0000909,O00023055,P00872,2025-02-01,Changed Mind,Rejected,63555.37
RET0000910,O00016293,P00832,2025-01-26,Not as Described,Rejected,3374.97
RET0000911,O00004681,P00520,2024-05-24,Size Issue,Refunded,26403.95
RET0000912,O00004770,P00757,2025-07-25,Wrong Item,Requested,364623.31
RET0000913,O00004306,P00765,2024-07-24,Size Issue,Rejected,2918.80
RET0000914,O00011536,P00702,2025-11-17,Quality Issue,Approved,6927.80
RET0000915,O00004638,P00780,2025-05-04,Size Issue,Requested,51814.72
BADRET916,O00004766,P00712,2025-03-10,Wrong Item,Approved,575.43
RET0000917,O00003257,P00476,2025-06-03,Size Issue,Requested,160280.88
RET0000918,O00022147,P00650,2025-01-11,Not as Described,Refunded,165961.75
RET0000919,O00022595,P00050,2026-03-17,Quality Issue,Refunded,4321.52
RET0000920,O00011518,P01071,2024-03-06,Changed Mind,Refunded,44557.93
RET0000921,O00007758,P00036,2026-06-07,Changed Mind,Rejected,139755.54
RET0000922,O00017069,P00108,2025-08-10,Size Issue,Rejected,626.87
RET0000923,O00000570,P00166,2025-04-16,Damaged,Requested,8548.10
RET0000924,O00018470,P00208,2025-12-14,Damaged,Rejected,216500.77
RET0000925,O00024296,P01049,2025-03-27,Size Issue,Refunded,10074.88
RET0000926,O00017069,P00108,2025-07-22,Quality Issue,Rejected,371.70
RET0000927,O00003553,P00800,2024-12-12,Size Issue,Approved,7730.98
RET0000928,O00001961,P01134,2024-04-25,Quality Issue,Approved,7567.55
RET0000929,O00001553,P00491,2024-04-18,Quality Issue,Rejected,56320.08
RET0000930,O00009281,P00436,2025-03-25,Late Delivery,Requested,4542.82
RET0000931,O00013270,P00593,2024-04-25,Late Delivery,Approved,144288.27
RET0000932,O00015175,P00575,2025-07-24,Not as Described,Approved,31633.36
RET0000933,O00006408,P01107,2026-02-22,Not as Described,Requested,3724.09
RET0000934,O00001279,P00071,2024-03-06,Changed Mind,Rejected,19683.45
RET0000935,O00000780,P00018,2024-04-27,Late Delivery,Refunded,127025.26
RET0000936,O00017812,P00770,2026-01-18,Late Delivery,Requested,112806.72
RET0000937,O00023524,P00847,2025-11-03,Not as Described,Requested,178645.87
RET0000938,O00018594,P00957,2026-03-19,Late Delivery,Rejected,29759.38
RET0000939,O00010245,P00283,2024-10-27,Size Issue,Refunded,357.17
RET0000940,O00003435,P01024,2026-05-13,Damaged,Requested,203011.88
RET0000941,O00010899,P00330,2025-06-25,Damaged,Refunded,55493.08
RET0000942,O00005486,P00006,2024-03-05,Changed Mind,Rejected,53750.38
RET0000943,O00006936,P00958,2025-08-01,Changed Mind,Rejected,494.16
RET0000944,O00008624,P00777,2026-03-19,Damaged,Rejected,93252.55
RET0000945,O00011670,P00294,2025-02-07,Wrong Item,Refunded,11522.59
RET0000946,O00006043,P00557,2025-09-18,Quality Issue,Refunded,13723.04
RET0000947,O00019810,P00607,2025-01-02,Quality Issue,Refunded,14240.14
RET0000948,O00012544,P00022,2024-04-15,Late Delivery,Refunded,57829.11
RET0000949,O00012742,P00278,2025-07-28,Quality Issue,Approved,213163.92
RET0000950,O00003628,P00566,2025-01-08,Not as Described,Requested,258524.59
RET0000951,O00010511,P00815,2024-07-27,Changed Mind,Requested,25812.18
RET0000952,O00007577,P01026,2026-07-16,Size Issue,Approved,265062.33
RET0000953,O00016685,P00517,2024-03-12,Quality Issue,Rejected,88548.08
RET0000954,O00017443,P00240,2026-04-13,Quality Issue,Approved,340967.38
RET0000955,O00014394,P00352,2024-09-16,Changed Mind,Rejected,308889.77
RET0000956,O00006539,P00319,2024-04-04,Quality Issue,Rejected,19344.61
RET0000957,O00016023,P01007,2025-08-30,Damaged,Approved,105080.68
RET0000958,O00008522,P00046,2026-05-22,Not as Described,Refunded,80.56
RET0000959,O00019866,P00521,2025-09-06,Damaged,Requested,233590.76
RET0000960,O00016941,P00960,2026-03-14,Changed Mind,Requested,47108.47
RET0000961,O00019841,P00958,2025-07-12,Damaged,Requested,150179.44
RET0000962,O00013279,P00992,2024-10-30,Late Delivery,Approved,22212.09
RET0000963,O00010574,P01003,2025-04-20,Wrong Item,Refunded,303899.28
RET0000964,O00006849,P00562,2025-03-06,Size Issue,Approved,156239.40
RET0000965,O00007400,P00607,2026-01-26,Late Delivery,UNKNOWN,1749.31
RET0000966,O00009776,P00666,2025-01-21,Damaged,Refunded,34911.18
RET0000967,O00012828,P01154,2026-01-30,Wrong Item,Approved,74060.96
RET0000968,O00000875,P00853,2025-05-29,Quality Issue,Requested,3539.03
RET0000969,O00020201,P00193,2025-06-07,Size Issue,Rejected,115804.38
RET0000970,O00001895,P00068,2025-06-06,,Refunded,252398.73
RET0000971,O00015364,P00416,2025-01-09,Quality Issue,Requested,123621.93
RET0000972,O00009328,P00006,2025-03-07,Damaged,Rejected,7749.82
RET0000973,O00011215,P00462,2025-08-29,Late Delivery,Rejected,69663.21
RET0000974,O00001606,P00741,2024-03-02,Size Issue,Requested,411574.91
RET0000975,O00007464,P00372,2025-06-27,Quality Issue,Approved,165038.57
RET0000976,O00010106,P00745,2025-09-15,Changed Mind,Requested,16307.22
RET0000977,O00008295,P00835,2024-12-14,Wrong Item,Requested,2687.73
RET0000978,O00010525,P00990,2026-01-21,Wrong Item,Approved,151682.80
RET0000979,O00017590,P00932,2025-09-21,Changed Mind,Refunded,265920.02
RET0000980,O00010299,P00247,2024-09-11,Changed Mind,Approved,160110.23
RET0000981,O00005594,P01024,2025-12-29,Wrong Item,Approved,244894.57
RET0000982,O00005451,P00664,2025-08-05,Late Delivery,Requested,222045.36
RET0000983,O00018729,P00592,2024-12-10,Changed Mind,Requested,69371.94
RET0000984,O00007723,P00925,2024-09-29,Wrong Item,Requested,9173.39
RET0000985,O00003645,P00751,2024-10-07,Damaged,Rejected,10843.87
RET0000986,O00019011,P00521,2024-02-10,Damaged,Approved,144269.65
RET0000987,O00018793,P00164,2025-01-16,Not as Described,Requested,147028.56
RET0000988,O00013451,P01075,2025-06-23,Late Delivery,Approved,46996.76
RET0000989,O00000670,P00168,2024-10-07,Late Delivery,Refunded,1206.12
RET0000990,O00010092,P00894,2025-12-14,Damaged,Requested,430760.10
RET0000991,O00021162,P00111,2026-04-27,Not as Described,Approved,37032.41
RET0000992,O00003887,P00084,2026-05-10,Not as Described,Rejected,10674.42
RET0000993,O00007167,P00269,2024-12-03,Changed Mind,Rejected,47117.02
RET0000994,O00019593,P01122,2024-11-16,Late Delivery,Rejected,270956.65
RET0000995,O00018401,P00592,2025-11-03,Changed Mind,Refunded,128752.25
RET0000996,O00021449,P00672,2024-04-22,Wrong Item,Requested,201609.75
RET0000997,O00005029,P01043,2025-03-26,Changed Mind,Rejected,26295.69
RET0000998,O00010035,P00573,2024-10-17,Wrong Item,Refunded,29479.29
RET0000999,O00009471,P00894,2025-09-11,Damaged,Requested,81201.32
RET0001000,O00014289,P00223,2024-07-19,Changed Mind,Requested,23624.44
RET0001001,O00024728,P00366,2025-03-23,Size Issue,Rejected,24919.44
RET0001002,O00005279,P00661,2026-07-25,Size Issue,Refunded,81280.27
RET0001003,O00013070,P00185,2024-03-06,Late Delivery,Refunded,1758.76
RET0001004,O00016039,P00479,2025-01-17,Wrong Item,Approved,144182.99
RET0001005,O00019795,P00017,2026-03-29,Late Delivery,Refunded,167347.97
RET0001006,O00009907,P00752,2024-05-18,Size Issue,Requested,87214.49
RET0001007,O00006323,P00214,2025-07-23,Late Delivery,Rejected,140260.42
RET0001008,O00002470,P00179,2026-05-01,Late Delivery,Requested,8861.24
RET0001009,O00021773,P00072,2026-05-18,Size Issue,Approved,4451.30
RET0001010,O00010012,P00428,2026-01-26,Not as Described,Requested,55927.07
RET0001011,O00024134,P00250,2025-02-12,Not as Described,Refunded,13823.77
RET0001012,O00001367,P00989,2025-06-09,Changed Mind,Rejected,118853.21
RET0001013,O00011430,P00060,2025-05-17,Quality Issue,Approved,130321.14
RET0001014,O00023791,P00589,2024-07-25,Damaged,Requested,328348.22
RET0001015,O00017609,P00481,2024-07-12,Quality Issue,Approved,7200.87
RET0001016,O00009346,P00021,2026-02-04,Not as Described,Rejected,36917.61
RET0001017,O00005223,P01077,2024-07-23,Quality Issue,Rejected,142515.16
RET0001018,O00024007,P00498,2026-01-31,Wrong Item,Refunded,97592.91
RET0001019,O00008497,P00330,2026-03-16,Damaged,Requested,26760.29
RET0001020,O00007397,P00871,2026-03-16,Not as Described,Approved,7096.44
RET0001021,O00019384,P00987,2024-12-09,Late Delivery,Refunded,4049.86
RET0001022,O00020212,P00333,2025-01-30,Changed Mind,Rejected,175792.37
RET0001023,O00004256,P00384,2025-06-19,Not as Described,Refunded,52805.87
RET0001024,O00015127,P00504,2025-11-16,Size Issue,Refunded,9706.08
RET0001025,O00002361,P00358,2025-09-27,Wrong Item,Refunded,12676.36
RET0001026,O00009724,P00967,2024-03-14,Size Issue,Refunded,101422.75
RET0001027,O00015021,P00485,2024-11-25,Wrong Item,Refunded,468792.80
RET0001028,O00017486,P00236,2025-12-18,Not as Described,Approved,468262.57
RET0001029,O00005164,P00549,2025-04-20,Size Issue,Approved,1318.80
RET0001030,O00000444,P00183,2025-08-31,Quality Issue,Requested,3905.13
RET0001031,O00010653,P00584,2025-09-25,Quality Issue,Rejected,1763.16
RET0001032,O00021865,P00286,2026-07-15,Damaged,Requested,2068.81
RET0001033,O00022515,P00658,2025-01-15,Late Delivery,Rejected,102678.09
RET0001034,O00016082,P00035,2024-09-30,Late Delivery,Requested,48861.89
RET0001035,O00016974,P01109,2025-11-19,Size Issue,Approved,86198.56
RET0001036,O00016777,P00821,2024-05-29,Size Issue,Refunded,634.63
RET0001037,O00008584,P00292,2024-03-08,Quality Issue,Refunded,7269.62
RET0001038,O99999999,P00656,2025-07-17,Wrong Item,Requested,5525.12
RET0001039,O00012991,P00842,2024-02-27,Damaged,Requested,6441.00
RET0001040,O00012880,P00964,2026-05-04,Quality Issue,Rejected,59957.71
RET0001041,O00000929,P00444,2025-06-18,Not as Described,Rejected,41863.04
RET0001042,O00007408,P00632,2025-09-15,Late Delivery,Approved,178076.60
RET0001043,O00009338,P00653,2024-07-24,Changed Mind,Approved,109176.82
RET0001044,O00018154,P00782,2024-09-13,Wrong Item,Rejected,27101.33
RET0001045,O00009029,P01013,2025-03-13,Late Delivery,Refunded,111720.82
RET0001046,O00000896,P00558,2025-05-13,Late Delivery,Approved,2757.90
RET0001047,O00012861,P00533,2025-07-22,Late Delivery,Refunded,283354.02
RET0001048,O00020636,P00754,2024-10-18,Not as Described,Refunded,173298.70
RET0001049,O00013626,P00223,2025-04-14,Not as Described,Refunded,51991.91
RET0001050,O00024637,P00249,2025-03-23,Damaged,Rejected,146331.76
RET0001051,O00003046,P00321,2024-09-26,Damaged,Approved,26204.34
RET0001052,O00023817,P00701,2024-03-04,Quality Issue,Approved,1654.56
RET0001053,O00006411,P00888,2025-10-25,Not as Described,Approved,1980.66
RET0001054,O00000780,P00900,2024-04-27,Size Issue,Requested,87791.75
RET0001055,O00018761,P01010,2025-08-18,Wrong Item,Refunded,-10
RET0001056,O00004397,P00702,2026-01-17,Not as Described,Requested,41954.29
RET0001057,O00012460,P00991,2024-09-12,Not as Described,Requested,53104.47
RET0001058,O00011516,P01122,2025-02-27,Changed Mind,Requested,2433.40
RET0001059,O00003521,P00458,2025-04-12,Not as Described,Approved,402.80
RET0001060,O00016379,P00045,2024-10-25,Late Delivery,Refunded,105764.68
RET0001061,O00020200,P00380,2025-08-29,Size Issue,Requested,264209.64
RET0001062,O00019014,P00552,2024-08-29,Late Delivery,Approved,5089.20
RET0001063,O00012106,P00461,2026-06-20,Late Delivery,Rejected,173729.11
RET0001064,O00007480,P00587,2025-06-19,Quality Issue,Refunded,21628.71
RET0001065,O00019793,P00138,2025-04-15,Quality Issue,Rejected,88923.27
RET0001066,O00015143,P00716,2025-05-13,Wrong Item,Requested,62867.85
RET0001067,O00022308,P00532,2026-01-15,,Approved,71990.10
RET0001068,O00020533,P00556,2025-11-19,Wrong Item,Refunded,97834.34
RET0001069,O00004832,P00423,2025-04-19,Quality Issue,Approved,1865.41
RET0001070,O00003182,P01104,2024-05-29,Late Delivery,Refunded,55217.30
RET0001071,O00009927,P00379,2024-06-08,Not as Described,Refunded,581449.38
RET0001072,O00003781,P00604,2026-07-24,Size Issue,Requested,204427.03
RET0001073,O00021557,P00485,2024-12-28,Size Issue,Refunded,10734.82
RET0001074,O00012486,P00514,2024-12-12,Changed Mind,Refunded,311002.13
RET0001075,O00022063,P00459,2024-12-15,Late Delivery,Rejected,4988.16
RET0001076,O00005640,P00440,2025-11-18,Damaged,Rejected,31109.63
RET0001077,O00017905,P00775,2024-08-21,Size Issue,Rejected,281621.19
RET0001078,O00012025,P00536,2024-05-02,Changed Mind,Approved,120342.09
RET0001079,O00024504,P00562,2024-08-13,Wrong Item,Requested,24018.34
RET0001080,O00011072,P00621,2026-05-29,Size Issue,Rejected,55430.36
RET0001081,O00007096,P00411,2025-05-06,Not as Described,Approved,394431.80
RET0001082,O00013097,P00918,2024-02-19,Not as Described,Rejected,21378.96
RET0001083,O00016214,P00691,2026-02-27,Late Delivery,Requested,8390.72
RET0001084,O00017537,P00599,2024-06-06,Quality Issue,Approved,7448.60
RET0001085,O00024293,P00674,2025-09-15,Late Delivery,Refunded,7707.04
RET0001086,O00008639,P99999,2025-11-25,Quality Issue,Refunded,8379.36
RET0001087,O00022278,P00563,2026-04-04,Late Delivery,Refunded,661.81
RET0001088,O00004575,P00316,2026-04-23,Damaged,Rejected,149300.57
RET0001089,O00005660,P00505,2024-07-25,Wrong Item,Approved,3846.40
RET0001090,O00022703,P00197,2024-05-11,Damaged,Refunded,62552.19
RET0001091,O00016230,P00768,2024-06-06,Damaged,Requested,145365.80
RET0001092,O00011637,P01175,2025-03-08,Size Issue,Requested,184207.64
RET0001093,O00020246,P00383,2025-06-02,Quality Issue,Rejected,6944.14
RET0001094,O00013465,P00181,2025-06-23,Wrong Item,Approved,51855.32
RET0001095,O00023178,P00969,2024-11-13,Size Issue,Approved,51180.75
RET0001096,O00001300,P00735,2025-07-18,Quality Issue,Refunded,2972.11
RET0001097,O00022668,P00641,2026-03-14,Quality Issue,Rejected,16415.74
RET0001098,O00006411,P00827,2025-10-31,Not as Described,Requested,2893.14
RET0001099,O00017946,P00537,2026-01-02,Wrong Item,Rejected,102528.91
RET0001100,O00023231,P00040,2025-08-16,Wrong Item,Rejected,23629.96
RET0001101,O00007770,P00708,2024-05-10,Size Issue,Refunded,30159.37
RET0001102,O00001455,P00441,2024-08-13,Changed Mind,Requested,73881.98
RET0001103,O00017904,P01145,2025-02-24,Not as Described,Rejected,1849.18
RET0001104,O00023302,P01020,2025-10-31,Changed Mind,Approved,153774.70
RET0001105,O00021283,P00750,2024-10-23,Damaged,Rejected,282788.13
RET0001106,O00005609,P00959,2025-02-14,Size Issue,Requested,9456.86
RET0001107,O00023719,P00396,2024-07-10,Late Delivery,Requested,4384.21
RET0001108,O00005938,P00498,2024-10-30,Changed Mind,Requested,382184.81
RET0001109,O00000914,P00480,2024-05-13,Quality Issue,Rejected,7872.91
RET0001110,O00019817,P00248,2025-09-03,Wrong Item,Approved,21651.15
RET0001111,O00003943,P01171,2024-08-25,Wrong Item,Refunded,44797.53
RET0001112,O00005392,P00702,2024-04-29,Size Issue,Rejected,11095.12
RET0001113,O00004820,P00957,2025-01-06,Size Issue,Rejected,170142.82
RET0001114,O00005961,P01092,2025-07-13,Quality Issue,Rejected,217142.64
RET0001115,O00006805,P01090,2024-09-18,Late Delivery,Requested,35020.57
RET0001116,O00008951,P00764,2025-05-07,Size Issue,Refunded,103118.62
RET0001117,O00014656,P00313,2024-08-03,Quality Issue,Requested,5776.89
RET0001118,O00024325,P00688,2026-06-18,Size Issue,Rejected,7445.35
RET0001119,O00002634,P00352,2025-10-03,Size Issue,Approved,11478.06
RET0001120,O00000671,P00660,2024-05-13,Damaged,Refunded,21710.89
RET0001121,O00008274,P00163,2025-12-05,Wrong Item,Requested,13223.97
RET0001122,O00020437,P00700,2025-03-24,Quality Issue,Refunded,10511.79
RET0001123,O00023436,P00865,2025-02-18,Quality Issue,Approved,144305.92
RET0001124,O00003436,P00866,2026-02-11,Not as Described,Refunded,72915.84
RET0001125,O00012795,P00658,2025-12-08,Damaged,Refunded,10684.05
RET0001126,O00003981,P00086,2025-08-31,Late Delivery,Requested,8041.21
RET0001127,O00002490,P00460,2024-10-09,Changed Mind,Refunded,53239.52
RET0001128,O00003885,P00656,2026-01-19,Late Delivery,Rejected,10448.29
RET0001129,O00019914,P00693,2025-01-31,Quality Issue,Approved,993.69
RET0001130,O00005186,P00671,2024-03-17,Damaged,Rejected,275269.44
RET0001131,O00006147,P01144,2025-03-15,Changed Mind,Approved,188366.14
RET0001132,O00012202,P01179,2025-10-31,Quality Issue,Approved,2107.59
RET0001133,O00008135,P00906,2024-06-17,Wrong Item,Refunded,12404.49
RET0001134,O00000046,P00418,2026-06-19,Changed Mind,Refunded,4076.43
RET0001135,O00020921,P00282,2025-01-02,Late Delivery,Requested,155180.84
RET0001136,O00018820,P01046,2025-04-17,Not as Described,Approved,34644.81
RET0001137,O00018196,P00359,2024-11-04,Damaged,Refunded,18185.35
RET0001138,O00006636,P00327,2024-03-04,Size Issue,Requested,223674.67
RET0001139,O00022927,P00387,2024-10-13,Late Delivery,Rejected,59509.13
RET0001140,O00006053,P00725,2024-11-03,Wrong Item,Requested,73428.35
RET0001141,O00004945,P00807,2024-04-23,Wrong Item,Approved,4067.73
RET0001142,O00009473,P00354,2025-10-08,Late Delivery,Rejected,143952.41
RET0001143,O00011529,P00335,2024-04-18,Wrong Item,Rejected,269516.87
RET0001144,O00019271,P00438,2024-11-18,Not as Described,Approved,24954.95
BADRET1145,O00001892,P00304,2024-06-11,Quality Issue,Rejected,44313.32
RET0001146,O00017075,P00425,2025-10-11,Changed Mind,Approved,42798.23
RET0001147,O00016835,P01172,2025-08-14,Late Delivery,Requested,72084.53
RET0001148,O00007074,P00233,2025-12-13,Size Issue,Requested,146676.41
RET0001149,O00020920,P01014,2024-04-09,Wrong Item,Approved,60744.03
RET0001150,O00012455,P00801,2024-09-11,Wrong Item,Rejected,67484.77
RET0001151,O00023466,P00148,2025-08-15,Wrong Item,Rejected,5279.55
RET0001152,O00011845,P00950,2025-08-15,Damaged,Requested,77020.66
RET0001153,O00007173,P00683,2024-04-10,Changed Mind,Requested,141016.14
RET0001154,O00022436,P00950,2024-11-17,Wrong Item,Approved,542.65
RET0001155,O00017306,P00013,2025-05-09,Late Delivery,Requested,196447.01
RET0001156,O00022401,P00089,2025-04-07,Damaged,Approved,29418.81
RET0001157,O00009066,P00305,2024-06-02,Quality Issue,Approved,31090.45
RET0001158,O00000377,P00095,2026-07-01,Changed Mind,UNKNOWN,3913.19
RET0001159,O00020303,P01156,2024-02-28,Size Issue,Rejected,4231.75
RET0001160,O00013474,P00731,2025-07-24,Quality Issue,Rejected,296157.32
RET0001161,O00001050,P01062,2025-12-25,Late Delivery,Rejected,23619.39
RET0001162,O00007110,P00945,2026-02-28,Changed Mind,Requested,17034.39
RET0001163,O00020494,P00736,2026-03-12,Wrong Item,Refunded,74281.56
RET0001164,O00010042,P00237,2025-10-11,,Rejected,260866.29
RET0001165,O00000483,P00882,2026-06-13,Wrong Item,Refunded,175693.10
RET0001166,O00014577,P00498,2025-07-02,Not as Described,Refunded,325.72
RET0001167,O00009125,P00618,2026-05-17,Size Issue,Refunded,193104.54
RET0001168,O00019028,P00286,2024-06-24,Changed Mind,Requested,2373.64
RET0001169,O00022574,P00010,2024-11-10,Size Issue,Refunded,149436.90
RET0001170,O00008410,P00486,2024-06-13,Wrong Item,Rejected,136199.09
RET0001171,O00017182,P00014,2025-06-29,Quality Issue,Rejected,155595.64
RET0001172,O00010428,P00621,2024-03-12,Late Delivery,Approved,208055.10
RET0001173,O00013665,P00156,2025-07-09,Not as Described,Rejected,97864.13
RET0001174,O00007353,P00939,2024-07-30,Changed Mind,Refunded,40399.87
RET0001175,O00021921,P00916,2025-12-10,Size Issue,Requested,275838.91
RET0001176,O00004650,P00965,2024-11-16,Not as Described,Requested,103903.13
RET0001177,O00018871,P00653,2024-06-23,Changed Mind,Requested,227322.77
RET0001178,O00006853,P00036,2024-03-18,Not as Described,Refunded,48531.32
RET0001179,O00006436,P00227,2024-11-16,Changed Mind,Requested,2003.36
RET0001180,O00005394,P00104,2024-09-20,Damaged,Refunded,353713.29
RET0001181,O00003845,P00566,2025-02-15,Wrong Item,Rejected,98240.66
RET0001182,O00002974,P00214,2025-11-28,Not as Described,Refunded,6052.06
RET0001183,O00008284,P00298,2026-02-25,Not as Described,Approved,69477.39
RET0001184,O00009809,P00284,2026-03-02,Damaged,Refunded,27546.58
RET0001185,O00024251,P00100,2025-12-09,Size Issue,Rejected,24017.14
RET0001186,O00023560,P00163,2026-06-05,Late Delivery,Requested,267.51
RET0001187,O00017628,P00199,2024-03-26,Quality Issue,Refunded,182967.73
RET0001188,O00011116,P01061,2026-01-16,Wrong Item,Rejected,252560.18
RET0001189,O00008828,P00592,2024-08-23,Late Delivery,Requested,301635.89
RET0001190,O00005101,P00276,2025-06-27,Quality Issue,Refunded,1101.16
RET0001191,O00016697,P00555,2025-04-29,Late Delivery,Requested,52484.31
RET0001192,O00016182,P00828,2024-10-19,Late Delivery,Approved,64893.13
RET0001193,O00013382,P01116,2026-04-22,Late Delivery,Rejected,54220.79
RET0001194,O00008805,P00479,2024-07-25,Size Issue,Refunded,1788.38
RET0001195,O00000803,P00206,2024-06-04,Late Delivery,Approved,70241.73
RET0001196,O00017306,P00426,2025-05-15,Late Delivery,Rejected,60766.99
RET0001197,O00004733,P00424,2024-12-25,Changed Mind,Approved,10092.64
RET0001198,O00015665,P00387,2025-11-13,Late Delivery,Requested,173398.49
RET0001199,O00015224,P00267,2024-04-08,Late Delivery,Rejected,11066.73
RET0001200,O00023194,P00665,2024-05-20,Not as Described,Approved,50788.44
RET0001201,O00021756,P00326,2026-03-30,Changed Mind,Requested,200855.82
RET0001202,O00017149,P01067,2024-12-13,Changed Mind,Rejected,3904.03
RET0001203,O00009631,P01043,2026-01-09,Late Delivery,Rejected,20164.23
RET0001204,O00003502,P00740,2024-10-18,Wrong Item,Approved,48679.15
RET0001205,O00024205,P00403,2026-05-16,Changed Mind,Approved,208477.37
RET0001206,O00003401,P00190,2024-07-19,Changed Mind,Requested,30441.00
RET0001207,O00011802,P00552,2026-04-10,Quality Issue,Rejected,755.62
RET0001208,O00024277,P00117,2025-12-14,Wrong Item,Requested,90441.33
RET0001209,O00013957,P01175,2025-02-27,Quality Issue,Rejected,310617.02
RET0001210,O00008371,P00037,2024-08-14,Late Delivery,Rejected,187409.96
RET0001211,O99999999,P00311,2025-07-08,Quality Issue,Requested,109987.50
RET0001212,O00014654,P01163,2026-04-17,Wrong Item,Refunded,114690.83
RET0001213,O00017314,P00901,2025-01-25,Late Delivery,Refunded,43576.17
RET0001214,O00013223,P00845,2025-03-30,Wrong Item,Requested,86502.20
RET0001215,O00012152,P00081,2024-12-30,Changed Mind,Approved,17391.64
RET0001216,O00012653,P00920,2025-03-18,Late Delivery,Approved,93844.73
RET0001217,O00017067,P00842,2025-04-18,Late Delivery,Approved,10953.26
RET0001218,O00007073,P00905,2026-04-29,Wrong Item,Rejected,304238.24
RET0001219,O00006801,P00991,2024-10-23,Wrong Item,Rejected,30887.79
RET0001220,O00005228,P00581,2025-02-07,Wrong Item,Requested,75518.19
RET0001221,O00016196,P00293,2024-05-21,Not as Described,Approved,227432.90
RET0001222,O00014438,P00777,2024-03-24,Size Issue,Approved,46347.53
RET0001223,O00004023,P00769,2024-03-09,Wrong Item,Approved,3557.67
RET0001224,O00017339,P00124,2025-03-07,Late Delivery,Refunded,93119.61
RET0001225,O00003945,P00361,2026-01-24,Quality Issue,Approved,85411.57
RET0001226,O00001241,P00503,2026-01-16,Late Delivery,Approved,71360.88
RET0001227,O00002517,P00794,2024-11-04,Damaged,Refunded,49383.57
RET0001228,O00016108,P00760,2026-06-07,Changed Mind,Approved,86338.52
RET0001229,O00016968,P00067,2025-02-02,Wrong Item,Refunded,2636.91
RET0001230,O00012758,P00244,2024-09-11,Wrong Item,Requested,3222.88
RET0001231,O00020379,P00495,2025-08-14,Size Issue,Requested,210246.42
RET0001232,O00008100,P00082,2026-04-02,Quality Issue,Rejected,259091.83
RET0001233,O00006303,P01063,2026-03-28,Size Issue,Refunded,80150.23
RET0001234,O00023448,P00038,2025-09-07,Changed Mind,Approved,262396.10
RET0001235,O00023625,P00421,2026-01-09,Changed Mind,Rejected,135768.52
RET0001236,O00021880,P00727,2026-07-24,Size Issue,Rejected,1891.27
RET0001237,O00007196,P00489,2024-02-23,Wrong Item,Rejected,14910.34
RET0001238,O00000530,P01050,2025-12-20,Quality Issue,Refunded,12663.77
RET0001239,O00011507,P00835,2025-06-12,Quality Issue,Rejected,17360.82
RET0001240,O00022401,P00089,2025-03-19,Size Issue,Approved,117401.88
RET0001241,O00011534,P00055,2025-11-17,Size Issue,Refunded,1847.40
RET0001242,O00001564,P00533,2024-10-20,Size Issue,Approved,327243.80
RET0001243,O00012856,P00545,2024-12-22,Size Issue,Refunded,24743.38
RET0001244,O00009612,P00814,2024-04-09,Changed Mind,Requested,5356.79
RET0001245,O00002619,P01154,2025-09-06,Quality Issue,Refunded,95131.54
RET0001246,O00005514,P00867,2025-07-31,Quality Issue,Rejected,96412.30
RET0001247,O00021113,P00391,2024-02-15,Late Delivery,Requested,9853.95
RET0001248,O00004958,P00136,2025-03-13,Changed Mind,Refunded,41845.84
RET0001249,O00024323,P01031,2026-06-24,Size Issue,Refunded,21881.32
RET0001250,O00011923,P00522,2024-02-24,Late Delivery,Requested,153813.35
RET0001251,O00001704,P00260,2026-02-28,Late Delivery,Rejected,1552.88
RET0001252,O00014146,P00311,2026-01-14,Wrong Item,Approved,134127.22
RET0001253,O00006568,P00891,2024-12-11,Late Delivery,Refunded,927.48
RET0001254,O00019827,P00633,2024-11-09,Changed Mind,Approved,110537.57
RET0001255,O00024391,P00983,2024-06-09,Quality Issue,Refunded,4003.26
RET0001256,O00006568,P00891,2024-12-20,Damaged,Refunded,1083.19
RET0001257,O00006281,P00071,2024-12-13,Damaged,Rejected,18883.06
RET0001258,O00004109,P00597,2026-03-02,Damaged,Refunded,79710.40
RET0001259,O00016094,P00261,2024-06-28,Wrong Item,Requested,488.63
RET0001260,O00021676,P00117,2024-02-03,Damaged,Approved,18272.32
RET0001261,O00010960,P01091,2024-08-12,,Rejected,31094.36
RET0001262,O00006508,P00139,2026-01-20,Quality Issue,Rejected,34213.11
RET0001263,O00021235,P00382,2024-11-24,Wrong Item,Rejected,82718.98
RET0001264,O00010755,P00768,2025-09-04,Size Issue,Requested,17127.38
RET0001265,O00002723,P00326,2025-07-05,Wrong Item,Requested,491.94
RET0001266,O00003630,P00814,2025-08-14,Damaged,Rejected,-10
RET0001267,O00022476,P99999,2024-12-07,Wrong Item,Refunded,3086.04
RET0001268,O00006174,P01094,2024-03-19,Quality Issue,Approved,10014.36
RET0001269,O00022333,P00298,2026-05-02,Changed Mind,Rejected,213322.45
RET0001270,O00022771,P00291,2024-06-23,Wrong Item,Requested,264895.03
RET0001271,O00005591,P00364,2025-05-26,Changed Mind,Refunded,10036.70
RET0001272,O00011811,P00474,2024-05-18,Quality Issue,Approved,56336.39
RET0001273,O00014107,P00309,2024-04-10,Damaged,Requested,30209.75
RET0001274,O00011152,P00105,2024-05-03,Changed Mind,Rejected,64591.34
RET0001275,O00005333,P00899,2026-04-02,Size Issue,Requested,149440.77
RET0001276,O00001871,P01141,2026-05-21,Wrong Item,Approved,59920.58
RET0001277,O00011013,P01082,2025-01-05,Damaged,Requested,20043.69
RET0001278,O00019732,P00528,2025-01-12,Late Delivery,Approved,100951.29
RET0001279,O00003611,P00129,2026-06-30,Wrong Item,Refunded,20832.71
RET0001280,O00005053,P00406,2024-08-15,Size Issue,Rejected,81188.07
RET0001281,O00008210,P01035,2024-04-13,Damaged,Refunded,2376.78
RET0001282,O00002045,P00281,2026-04-18,Changed Mind,Approved,86118.08
RET0001283,O00024635,P01162,2024-05-14,Not as Described,Requested,86433.11
RET0001284,O00010156,P00159,2024-07-17,Wrong Item,Approved,3503.45
RET0001285,O00010034,P00945,2026-06-19,Size Issue,Requested,165043.51
RET0001286,O00023770,P00427,2026-05-31,Quality Issue,Rejected,57150.50
RET0001287,O00013445,P00912,2025-09-28,Damaged,Requested,70912.99
RET0001288,O00014057,P01008,2026-07-07,Quality Issue,Requested,122927.22
RET0001289,O00020211,P00892,2024-07-03,Size Issue,Rejected,98524.33
RET0001290,O00004467,P00297,2024-11-06,Late Delivery,Requested,8437.36
RET0001291,O00008935,P00021,2025-11-14,Size Issue,Approved,70369.50
RET0001292,O00004284,P00119,2024-03-28,Changed Mind,Approved,52515.11
RET0001293,O00011296,P00993,2024-04-21,Changed Mind,Rejected,54409.90
RET0001294,O00023410,P01061,2026-05-23,Not as Described,Approved,17429.06
RET0001295,O00000614,P00801,2025-04-04,Quality Issue,Refunded,11069.91
RET0001296,O00023189,P00254,2025-05-14,Changed Mind,Requested,14198.04
RET0001297,O00007423,P00530,2025-07-30,Quality Issue,Approved,151669.55
RET0001298,O00014928,P00300,2025-04-19,Not as Described,Rejected,5290.83
RET0001299,O00012374,P00799,2025-11-29,Size Issue,Refunded,201181.75
RET0001300,O00016689,P00162,2025-08-03,Not as Described,Approved,42737.49
RET0001301,O00019877,P01172,2024-09-09,Damaged,Refunded,104270.15
RET0001302,O00018708,P00425,2024-11-25,Late Delivery,Approved,14785.70
RET0001303,O00015457,P00242,2024-12-14,Changed Mind,Rejected,9982.83
RET0001304,O00024377,P00330,2024-01-30,Quality Issue,Refunded,147580.26
RET0001305,O00014095,P00830,2025-02-17,Wrong Item,Requested,25699.12
RET0001306,O00005378,P00996,2025-11-17,Size Issue,Approved,11135.64
RET0001307,O00013538,P00856,2026-07-21,Size Issue,Refunded,68250.16
RET0001308,O00010225,P01104,2024-09-18,Changed Mind,Approved,24685.10
RET0001309,O00016670,P00823,2026-06-27,Damaged,Rejected,111399.02
RET0001310,O00016071,P00473,2025-01-27,Quality Issue,Rejected,13106.35
RET0001311,O00006907,P00570,2025-05-11,Wrong Item,Approved,163080.02
RET0001312,O00003923,P01131,2026-01-17,Not as Described,Refunded,2689.15
RET0001313,O00018951,P00643,2024-10-17,Late Delivery,Refunded,15882.47
RET0001314,O00005573,P00421,2025-10-20,Late Delivery,Rejected,1361.24
RET0001315,O00002026,P00202,2026-02-22,Wrong Item,Requested,94304.38
RET0001316,O00018156,P00539,2025-09-17,Quality Issue,Refunded,177859.12
RET0001317,O00003115,P01028,2025-05-01,Late Delivery,Rejected,12399.23
RET0001318,O00000534,P00622,2025-09-11,Quality Issue,Rejected,5422.23
RET0001319,O00010832,P00614,2025-12-27,Changed Mind,Rejected,175502.20
RET0001320,O00010652,P00086,2024-10-16,Size Issue,Rejected,1192.53
RET0001321,O00024458,P00990,2025-03-11,Size Issue,Refunded,30634.78
RET0001322,O00004494,P00817,2026-03-27,Quality Issue,Rejected,11371.17
RET0001323,O00012966,P00046,2024-07-12,Changed Mind,Approved,42886.85
RET0001324,O00016577,P00329,2025-01-12,Damaged,Refunded,104709.31
RET0001325,O00014207,P00769,2026-05-01,Size Issue,Requested,40828.89
RET0001326,O00007765,P01092,2024-10-02,Damaged,Refunded,15228.99
RET0001327,O00013990,P00570,2026-06-09,Size Issue,Rejected,86249.31
RET0001328,O00017463,P00751,2024-08-20,Changed Mind,Requested,29179.36
RET0001329,O00004523,P00607,2024-01-25,Damaged,Rejected,1158.57
RET0001330,O00022666,P00738,2025-03-26,Damaged,Requested,111140.44
RET0001331,O00010271,P00335,2024-02-12,Late Delivery,Requested,23089.26
RET0001332,O00024738,P00363,2025-08-06,Quality Issue,Requested,37740.05
RET0001333,O00018188,P00281,2025-08-12,Not as Described,Requested,74175.01
RET0001334,O00001160,P00997,2024-10-29,Not as Described,Refunded,5205.90
RET0001335,O00022573,P00397,2025-09-30,Not as Described,Approved,175985.64
RET0001336,O00000595,P00071,2025-03-17,Late Delivery,Rejected,7441.22
RET0001337,O00008564,P00614,2025-06-04,Damaged,Refunded,117862.32
RET0001338,O00009631,P01043,2026-01-17,Size Issue,Requested,18390.15
RET0001339,O00004104,P00104,2024-06-14,Damaged,Requested,205416.47
RET0001340,O00021534,P00282,2024-02-26,Late Delivery,Rejected,9764.46
RET0001341,O00004215,P01114,2025-07-17,Late Delivery,Approved,145098.09
RET0001342,O00008234,P00934,2025-02-07,Not as Described,Requested,135360.06
RET0001343,O00011460,P00453,2025-06-23,Wrong Item,Approved,9378.58
RET0001344,O00010452,P00430,2026-06-16,Damaged,Approved,56896.37
RET0001345,O00003680,P00099,2025-01-01,Not as Described,Refunded,173992.45
RET0001346,O00010011,P00529,2024-03-24,Wrong Item,Rejected,29146.83
RET0001347,O00006251,P00136,2024-06-07,Not as Described,Rejected,65580.43
RET0001348,O00020357,P00165,2024-06-04,Quality Issue,Rejected,160969.26
RET0001349,O00018439,P01077,2026-04-06,Late Delivery,Refunded,354741.62
RET0001350,O00014540,P00480,2024-08-15,Changed Mind,Approved,6018.29
RET0001351,O00009523,P00042,2026-03-24,Size Issue,UNKNOWN,41643.75
RET0001352,O00010332,P00176,2024-04-12,Quality Issue,Rejected,52245.89
RET0001353,O00020175,P00600,2024-10-28,Not as Described,Approved,59272.39
RET0001354,O00002043,P00807,2025-06-25,Damaged,Rejected,3145.79
RET0001355,O00014698,P00994,2024-05-28,Wrong Item,Requested,15074.24
RET0001356,O00005214,P00104,2025-03-26,Changed Mind,Requested,19237.92
RET0001357,O00001392,P00573,2025-10-06,Size Issue,Requested,77595.95
RET0001358,O00021272,P00677,2024-09-08,,Requested,124044.26
RET0001359,O00002640,P00210,2026-02-19,Wrong Item,Approved,4969.65
RET0001360,O00022710,P00816,2025-06-07,Quality Issue,Approved,55624.90
RET0001361,O00012452,P00488,2024-08-28,Quality Issue,Requested,186169.50
RET0001362,O00011145,P01113,2025-06-25,Damaged,Approved,18682.09
RET0001363,O00020783,P00246,2025-09-27,Changed Mind,Rejected,930.15
RET0001364,O00016103,P00907,2025-08-29,Quality Issue,Rejected,98693.81
RET0001365,O00000181,P00227,2025-10-04,Wrong Item,Requested,217134.25
RET0001366,O00023476,P01038,2025-02-28,Size Issue,Requested,9053.72
RET0001367,O00004837,P00512,2024-07-06,Changed Mind,Requested,4169.77
RET0001368,O00013287,P00929,2025-10-09,Not as Described,Refunded,55674.68
RET0001369,O00009658,P00288,2025-06-30,Late Delivery,Rejected,205158.35
RET0001370,O00013622,P00023,2025-03-15,Changed Mind,Approved,379206.36
RET0001371,O00000380,P00019,2024-10-10,Quality Issue,Refunded,948.91
RET0001372,O00004329,P00645,2025-01-14,Quality Issue,Approved,11715.41
RET0001373,O00011873,P00770,2025-03-16,Damaged,Rejected,497002.18
BADRET1374,O00020202,P00888,2024-07-03,Wrong Item,Refunded,4476.14
RET0001375,O00010815,P00119,2026-04-12,Late Delivery,Approved,85825.29
RET0001376,O00015899,P00330,2024-08-28,Quality Issue,Approved,107790.56
RET0001377,O00004788,P00056,2025-09-27,Wrong Item,Rejected,71429.82
RET0001378,O00006939,P01098,2024-03-11,Late Delivery,Requested,121327.00
RET0001379,O00012133,P00793,2024-07-12,Changed Mind,Rejected,116281.39
RET0001380,O00016280,P00248,2025-08-25,Quality Issue,Approved,18562.97
RET0001381,O00012618,P01159,2025-09-09,Not as Described,Requested,106798.97
RET0001382,O00000534,P00088,2025-09-11,Not as Described,Approved,27508.70
RET0001383,O00004773,P00354,2024-02-01,Quality Issue,Refunded,17782.64
RET0001384,O99999999,P01170,2026-06-04,Wrong Item,Requested,58949.55
RET0001385,O00003485,P00133,2024-12-19,Not as Described,Approved,107068.83
RET0001386,O00020451,P00657,2025-11-07,Size Issue,Requested,73467.96
RET0001387,O00010131,P01058,2026-06-02,Late Delivery,Refunded,15093.03
RET0001388,O00015463,P00153,2024-07-03,Quality Issue,Refunded,236002.36
RET0001389,O00017875,P00629,2024-02-10,Wrong Item,Refunded,53327.07
RET0001390,O00020330,P00721,2024-11-05,Damaged,Rejected,54510.37
RET0001391,O00017273,P00026,2025-05-24,Damaged,Approved,939.14
RET0001392,O00003634,P00742,2025-05-01,Not as Described,Rejected,119056.44
RET0001393,O00016411,P00162,2026-01-09,Size Issue,Refunded,28834.06
RET0001394,O00004791,P01030,2024-11-28,Wrong Item,Refunded,182161.89
RET0001395,O00021763,P00526,2025-12-03,Late Delivery,Refunded,9727.07
RET0001396,O00006372,P00209,2024-02-06,Changed Mind,Rejected,60797.74
RET0001397,O00021443,P00735,2024-11-11,Size Issue,Rejected,11459.07
RET0001398,O00019212,P00416,2025-02-23,Not as Described,Refunded,118610.91
RET0001399,O00009642,P00517,2026-05-19,Damaged,Requested,2278.36
RET0001400,O00018188,P01001,2025-08-02,Quality Issue,Requested,18598.78
RET0001401,O00010413,P00610,2024-08-12,Wrong Item,Refunded,69787.57
RET0001402,O00023554,P00751,2026-03-21,Late Delivery,Rejected,1560.39
RET0001403,O00011189,P00067,2024-03-07,Damaged,Refunded,188044.21
RET0001404,O00013496,P00857,2024-04-30,Not as Described,Rejected,74285.19
RET0001405,O00000504,P00662,2025-10-23,Late Delivery,Refunded,14244.88
RET0001406,O00019996,P00212,2025-01-27,Damaged,Approved,256647.40
RET0001407,O00011416,P00273,2025-12-02,Not as Described,Rejected,190948.47
RET0001408,O00023791,P00733,2024-06-21,Not as Described,Approved,148934.98
RET0001409,O00017356,P01134,2026-07-20,Damaged,Refunded,196591.29
RET0001410,O00003587,P00739,2025-06-18,Not as Described,Approved,34867.86
RET0001411,O00013564,P00407,2024-06-01,Late Delivery,Approved,110688.56
RET0001412,O00002015,P00787,2025-01-26,Damaged,Requested,106568.57
RET0001413,O00000397,P00242,2024-12-14,Wrong Item,Requested,8682.78
RET0001414,O00024667,P00899,2025-07-16,Late Delivery,Requested,379.38
RET0001415,O00018857,P00955,2024-03-29,Size Issue,Requested,36320.45
RET0001416,O00005660,P00087,2024-08-20,Changed Mind,Approved,9259.60
RET0001417,O00013619,P00391,2024-06-23,Quality Issue,Approved,364365.88
RET0001418,O00007626,P00480,2025-01-24,Damaged,Approved,22294.02
RET0001419,O00004430,P00975,2025-01-27,Quality Issue,Rejected,90879.76
RET0001420,O00012018,P01138,2025-01-31,Quality Issue,Refunded,68870.13
RET0001421,O00005034,P00385,2024-05-18,Size Issue,Rejected,86667.14
RET0001422,O00000809,P00263,2025-04-12,Late Delivery,Approved,86298.15
RET0001423,O00018073,P00958,2025-12-31,Late Delivery,Requested,10092.91
RET0001424,O00000921,P00740,2025-09-19,Late Delivery,Rejected,3106.85
RET0001425,O00014480,P00155,2024-08-20,Damaged,Requested,200884.72
RET0001426,O00002389,P00435,2024-02-22,Wrong Item,Approved,48240.27
RET0001427,O00000776,P00533,2024-12-06,Not as Described,Approved,41381.89
RET0001428,O00008769,P00646,2025-06-06,Quality Issue,Approved,265568.37
RET0001429,O00018464,P00505,2024-06-11,Damaged,Refunded,363.01
RET0001430,O00022834,P00714,2025-01-27,Wrong Item,Requested,64674.11
RET0001431,O00007120,P01091,2026-06-17,Wrong Item,Requested,72801.91
RET0001432,O00024367,P01086,2024-06-17,Size Issue,Refunded,24869.38
RET0001433,O00017027,P00997,2024-07-31,Wrong Item,Rejected,82902.37
RET0001434,O00023528,P00948,2026-06-07,Late Delivery,Requested,33552.74
RET0001435,O00013853,P00491,2024-05-29,Quality Issue,Refunded,40291.80
RET0001436,O00007382,P00927,2024-11-12,Changed Mind,Approved,5814.63
RET0001437,O00022684,P00684,2026-01-10,Not as Described,Requested,117740.07
RET0001438,O00003016,P00212,2025-06-13,Quality Issue,Requested,119634.78
RET0001439,O00013904,P00966,2026-03-11,Not as Described,Requested,1003.55
RET0001440,O00001186,P00744,2024-07-31,Wrong Item,Requested,1721.24
RET0001441,O00020812,P00526,2024-04-02,Late Delivery,Approved,6949.37
RET0001442,O00014920,P00130,2026-06-09,Late Delivery,Requested,24784.27
RET0001443,O00007865,P00939,2025-08-20,Size Issue,Refunded,68014.26
RET0001444,O00000072,P00646,2026-02-13,Changed Mind,Refunded,108566.54
RET0001445,O00005753,P00663,2024-02-09,Wrong Item,Rejected,1730.00
RET0001446,O00016934,P00807,2024-01-26,Changed Mind,Approved,46575.09
RET0001447,O00011992,P00869,2025-06-09,Damaged,Rejected,4165.24
RET0001448,O00009752,P99999,2026-01-03,Damaged,Refunded,13595.07
RET0001449,O00019940,P01129,2025-02-09,Size Issue,Refunded,28420.15
RET0001450,O00003342,P00615,2025-03-20,Changed Mind,Refunded,2777.65
RET0001451,O00017088,P00757,2025-08-28,Late Delivery,Approved,72498.45
RET0001452,O00023898,P00986,2025-01-27,Quality Issue,Refunded,2307.42
RET0001453,O00015555,P00145,2025-07-19,Late Delivery,Refunded,8293.45
RET0001454,O00001223,P00715,2025-11-20,Wrong Item,Rejected,101656.23
RET0001455,O00002695,P00338,2024-09-30,,Refunded,76446.31
RET0001456,O00004114,P00190,2024-06-03,Late Delivery,Rejected,10044.72
RET0001457,O00001362,P00717,2025-04-27,Not as Described,Rejected,156299.61
RET0001458,O00001718,P00896,2024-11-29,Quality Issue,Requested,8496.29
RET0001459,O00023585,P00036,2025-11-28,Quality Issue,Rejected,55623.11
RET0001460,O00020198,P00865,2026-06-07,Wrong Item,Rejected,4871.90
RET0001461,O00003390,P00187,2024-09-21,Late Delivery,Rejected,4213.23
RET0001462,O00009860,P00576,2024-10-10,Quality Issue,Refunded,32623.02
RET0001463,O00021608,P00434,2024-08-07,Changed Mind,Approved,37418.49
RET0001464,O00009433,P00533,2025-10-05,Late Delivery,Requested,71910.51
RET0001465,O00005872,P00278,2024-11-22,Damaged,Requested,59046.21
RET0001466,O00022096,P01137,2024-10-21,Changed Mind,Refunded,141272.28
RET0001467,O00002542,P00712,2024-05-18,Size Issue,Requested,31854.58
RET0001468,O00005600,P00667,2026-07-10,Damaged,Requested,55149.30
RET0001469,O00013106,P00422,2026-01-05,Quality Issue,Requested,100695.19
RET0001470,O00019104,P01035,2026-03-08,Damaged,Approved,7627.56
RET0001471,O00002114,P00943,2025-05-21,Changed Mind,Requested,3154.99
RET0001472,O00009319,P01178,2024-02-26,Quality Issue,Approved,4414.79
RET0001473,O00021287,P00220,2026-03-31,Quality Issue,Approved,86965.93
RET0001474,O00023452,P00609,2026-03-13,Changed Mind,Requested,15895.29
RET0001475,O00013060,P00624,2024-10-31,Late Delivery,Approved,2482.78
RET0001476,O00017912,P00936,2024-09-01,Quality Issue,Requested,185874.83
RET0001477,O00020135,P00727,2024-05-15,Changed Mind,Rejected,-10
RET0001478,O00004718,P00310,2025-05-22,Quality Issue,Requested,22300.49
RET0001479,O00005113,P01028,2024-06-28,Size Issue,Requested,63867.57
RET0001480,O00011289,P00614,2025-08-06,Late Delivery,Requested,359.79
RET0001481,O00009523,P01050,2026-04-01,Quality Issue,Rejected,89659.12
RET0001482,O00016492,P01032,2026-08-03,Damaged,Rejected,52452.40
RET0001483,O00011192,P01062,2025-04-06,Wrong Item,Requested,81476.04
RET0001484,O00024234,P00253,2024-06-12,Late Delivery,Refunded,179491.52
RET0001485,O00003046,P00996,2024-09-17,Size Issue,Approved,112309.04
RET0001486,O00007372,P00808,2024-07-07,Quality Issue,Rejected,280806.28
RET0001487,O00013065,P00612,2026-01-27,Not as Described,Rejected,2351.16
RET0001488,O00010016,P00676,2025-06-23,Wrong Item,Rejected,207012.53
RET0001489,O00012186,P00287,2026-04-17,Not as Described,Requested,1877.09
RET0001490,O00015550,P00280,2024-10-29,Late Delivery,Approved,14879.48
RET0001491,O00019174,P00588,2024-06-29,Damaged,Rejected,4623.67
RET0001492,O00004708,P00297,2024-11-19,Wrong Item,Rejected,4493.91
RET0001493,O00001665,P01026,2025-05-25,Late Delivery,Requested,747.40
RET0001494,O00023041,P00037,2024-10-02,Not as Described,Refunded,210973.84
RET0001495,O00013800,P00822,2025-12-02,Wrong Item,Rejected,164.09
RET0001496,O00016853,P01134,2025-01-06,Damaged,Requested,324782.22
RET0001497,O00015093,P00509,2024-03-28,Damaged,Refunded,128966.90
RET0001498,O00007699,P00454,2025-06-11,Damaged,Approved,159789.26
RET0001499,O00017300,P00947,2024-02-14,Size Issue,Requested,92807.19
RET0001500,O00020878,P00946,2025-07-26,Wrong Item,Refunded,6699.80
RET0001501,O00009617,P00060,2024-09-13,Not as Described,Requested,15122.24
RET0001502,O00004080,P00350,2025-06-17,Not as Described,Refunded,419491.71
RET0001503,O00003487,P00320,2024-09-12,Late Delivery,Refunded,72882.02
RET0001504,O00003122,P00441,2024-11-10,Late Delivery,Rejected,103461.62
RET0001505,O00007872,P00942,2024-04-19,Not as Described,Refunded,60052.59
RET0001506,O00015729,P00823,2026-04-22,Damaged,Requested,53932.33
RET0001507,O00018737,P00104,2026-07-05,Quality Issue,Requested,39212.86
RET0001508,O00001263,P00502,2026-06-14,Wrong Item,Refunded,45204.16
RET0001509,O00000939,P00440,2024-02-10,Not as Described,Requested,10803.86
RET0001510,O00022156,P00969,2024-06-28,Size Issue,Rejected,261622.98
RET0001511,O00000061,P00837,2025-10-23,Changed Mind,Rejected,63862.22
RET0001512,O00013223,P00121,2025-03-07,Late Delivery,Rejected,44223.79
RET0001513,O00010285,P00851,2024-07-31,Not as Described,Requested,481.91
RET0001514,O00001415,P00630,2025-10-04,Late Delivery,Requested,409725.06
RET0001515,O00015392,P00403,2024-12-23,Changed Mind,Rejected,150324.81
RET0001516,O00002619,P01063,2025-09-23,Damaged,Approved,49361.97
RET0001517,O00000067,P00633,2026-04-30,Changed Mind,Requested,11408.53
RET0001518,O00021703,P00209,2026-01-08,Damaged,Rejected,20086.57
RET0001519,O00008175,P00194,2026-02-24,Not as Described,Approved,4619.88
RET0001520,O00019472,P00890,2024-09-23,Not as Described,Approved,320240.48
RET0001521,O00016925,P00924,2025-09-24,Damaged,Approved,17889.48
RET0001522,O00006238,P00325,2026-03-08,Changed Mind,Requested,41286.55
RET0001523,O00001168,P00539,2025-07-27,Wrong Item,Approved,78541.89
RET0001524,O00018131,P00205,2025-08-30,Changed Mind,Approved,197231.75
RET0001525,O00017368,P01067,2024-09-11,Late Delivery,Refunded,83862.44
RET0001526,O00004326,P00326,2024-05-07,Size Issue,Approved,38721.92
RET0001527,O00009551,P00775,2025-05-19,Size Issue,Refunded,30535.40
RET0001528,O00016669,P00452,2024-02-11,Late Delivery,Rejected,12185.36
RET0001529,O00007761,P00302,2024-10-06,Quality Issue,Refunded,81556.58
RET0001530,O00016790,P00081,2024-08-29,Quality Issue,Rejected,35773.78
RET0001531,O00020194,P00443,2026-01-30,Quality Issue,Requested,147618.55
RET0001532,O00004738,P00071,2024-06-27,Late Delivery,Requested,175819.69
RET0001533,O00010986,P00058,2024-06-21,Quality Issue,Rejected,52911.79
RET0001534,O00022495,P00471,2026-06-27,Damaged,Requested,9235.57
RET0001535,O00003404,P00634,2024-03-14,Quality Issue,Rejected,9829.72
RET0001536,O00020646,P00813,2024-12-26,Not as Described,Requested,105738.54
RET0001537,O00001028,P00158,2025-11-26,Size Issue,Rejected,37090.60
RET0001538,O00007563,P00473,2026-01-16,Size Issue,Rejected,48529.21
RET0001539,O00024121,P00936,2025-06-29,Late Delivery,Refunded,138819.05
RET0001540,O00000892,P00658,2024-06-25,Size Issue,Requested,1594.81
RET0001541,O00020182,P00865,2026-07-03,Late Delivery,Requested,2471.50
RET0001542,O00006413,P01124,2025-05-23,Wrong Item,Rejected,285932.92
RET0001543,O00002959,P00737,2025-09-06,Late Delivery,Refunded,77734.86
RET0001544,O00007841,P00285,2026-01-29,Late Delivery,UNKNOWN,84641.57
RET0001545,O00019104,P01035,2026-03-14,Size Issue,Approved,6020.96
RET0001546,O00007128,P00566,2025-01-04,Damaged,Refunded,300539.81
RET0001547,O00009886,P01014,2025-08-08,Wrong Item,Approved,205065.24
RET0001548,O00013963,P00410,2024-11-24,Quality Issue,Rejected,3093.74
RET0001549,O00006167,P00120,2025-08-10,Late Delivery,Refunded,4355.35
RET0001550,O00006989,P00156,2024-06-16,Changed Mind,Requested,34770.41
RET0001551,O00005938,P00636,2024-10-05,Not as Described,Rejected,406211.35
RET0001552,O00000689,P00769,2025-12-17,,Approved,4879.42
RET0001553,O00009644,P01094,2025-12-24,Wrong Item,Rejected,10087.14
RET0001554,O00014794,P00324,2024-07-20,Wrong Item,Rejected,2226.02
RET0001555,O00015483,P00520,2025-06-17,Changed Mind,Rejected,25790.05
RET0001556,O00005798,P00407,2025-05-06,Late Delivery,Approved,145338.20
RET0001557,O99999999,P00099,2024-06-19,Size Issue,Approved,173560.53
RET0001558,O00021990,P00419,2026-02-08,Changed Mind,Requested,13296.40
RET0001559,O00004564,P00284,2025-01-05,Changed Mind,Requested,90296.41
RET0001560,O00024771,P00320,2025-09-10,Damaged,Requested,13001.74
RET0001561,O00021827,P00976,2024-04-04,Quality Issue,Requested,25108.44
RET0001562,O00014794,P00324,2024-07-13,Late Delivery,Approved,2476.37
RET0001563,O00020662,P00171,2024-09-26,Changed Mind,Requested,336906.37
RET0001564,O00000004,P00097,2024-12-18,Not as Described,Rejected,64918.45
RET0001565,O00011888,P00644,2025-08-04,Size Issue,Requested,115512.17
RET0001566,O00006685,P00896,2025-07-14,Not as Described,Approved,17929.08
RET0001567,O00024156,P00020,2024-03-21,Damaged,Rejected,51278.27
RET0001568,O00006450,P00853,2026-05-01,Not as Described,Approved,178187.29
RET0001569,O00024499,P00762,2024-11-26,Size Issue,Requested,95749.44
RET0001570,O00003714,P01091,2024-04-15,Size Issue,Approved,80018.11
RET0001571,O00015579,P00553,2025-06-01,Not as Described,Rejected,301356.20
RET0001572,O00011372,P00690,2026-06-16,Quality Issue,Approved,20604.65
RET0001573,O00014746,P00298,2026-02-24,Wrong Item,Rejected,16779.80
RET0001574,O00002521,P01040,2026-07-16,Damaged,Requested,18215.78
RET0001575,O00005503,P00630,2026-05-12,Not as Described,Refunded,444340.55
RET0001576,O00001448,P00996,2024-02-10,Changed Mind,Refunded,9631.71
RET0001577,O00000021,P00220,2026-05-03,Not as Described,Refunded,334494.14
RET0001578,O00007148,P01133,2026-07-19,Size Issue,Requested,349429.12
RET0001579,O00012068,P00971,2026-05-21,Wrong Item,Approved,150306.65
RET0001580,O00006203,P00629,2024-03-07,Changed Mind,Refunded,5749.67
RET0001581,O00021268,P01017,2025-08-12,Not as Described,Requested,120289.59
RET0001582,O00000940,P00959,2025-01-01,Size Issue,Rejected,3724.50
RET0001583,O00004076,P00111,2024-12-26,Quality Issue,Refunded,76685.10
RET0001584,O00023576,P00169,2026-02-04,Not as Described,Refunded,12982.63
RET0001585,O00014388,P00330,2024-12-05,Damaged,Approved,143726.03
RET0001586,O00009268,P00264,2024-06-06,Damaged,Approved,31457.61
RET0001587,O00020602,P00129,2024-07-25,Late Delivery,Rejected,10936.58
RET0001588,O00018382,P00312,2025-03-04,Size Issue,Refunded,28222.37
RET0001589,O00009027,P00712,2025-04-30,Changed Mind,Refunded,34782.77
RET0001590,O00005929,P00081,2024-10-28,Size Issue,Refunded,61774.38
RET0001591,O00000032,P00518,2024-02-03,Damaged,Rejected,130451.99
RET0001592,O00022931,P01122,2025-03-19,Changed Mind,Rejected,188728.77
RET0001593,O00003755,P00833,2024-10-24,Size Issue,Requested,60191.09
RET0001594,O00023649,P00858,2025-10-01,Not as Described,Approved,13129.28
RET0001595,O00002630,P00592,2025-10-09,Changed Mind,Requested,114200.12
RET0001596,O00004185,P00393,2024-09-29,Late Delivery,Requested,54219.56
RET0001597,O00010456,P00321,2024-12-26,Changed Mind,Requested,96970.73
RET0001598,O00004234,P00702,2025-12-06,Wrong Item,Rejected,3263.59
RET0001599,O00018343,P00931,2025-11-15,Changed Mind,Requested,70109.46
RET0001600,O00011835,P00305,2024-11-08,Not as Described,Refunded,456.34
RET0001601,O00018638,P00359,2024-01-23,Size Issue,Rejected,47881.79
RET0001602,O00007375,P00234,2024-08-19,Late Delivery,Requested,62689.58
BADRET1603,O00002981,P01011,2024-07-12,Wrong Item,Approved,187830.06
RET0001604,O00017670,P00134,2025-08-01,Not as Described,Refunded,7134.87
RET0001605,O00007620,P00114,2025-12-22,Quality Issue,Requested,9060.03
RET0001606,O00007351,P00301,2024-08-02,Quality Issue,Rejected,118715.40
RET0001607,O00010717,P01152,2025-02-09,Changed Mind,Approved,2574.98
RET0001608,O00024494,P00039,2024-12-25,Quality Issue,Rejected,31704.62
RET0001609,O00023440,P00473,2025-04-10,Quality Issue,Refunded,1808.24
RET0001610,O00006903,P00714,2025-01-09,Late Delivery,Requested,86122.16
RET0001611,O00011315,P00454,2025-09-28,Not as Described,Approved,224865.46
RET0001612,O00012282,P00489,2025-05-26,Changed Mind,Approved,47130.43
RET0001613,O00009923,P01124,2026-02-09,Quality Issue,Approved,58066.44
RET0001614,O00000962,P00518,2025-03-11,Size Issue,Refunded,163436.65
RET0001615,O00015123,P00388,2026-02-09,Size Issue,Requested,5184.48
RET0001616,O00009744,P00911,2025-08-12,Not as Described,Approved,17406.35
RET0001617,O00008855,P00688,2024-10-17,Wrong Item,Requested,128105.40
RET0001618,O00001384,P00713,2025-06-14,Quality Issue,Requested,15788.51
RET0001619,O00001704,P00260,2026-02-26,Size Issue,Rejected,448.27
RET0001620,O00001103,P00806,2024-04-10,Late Delivery,Rejected,30606.90
RET0001621,O00020865,P00065,2026-03-16,Not as Described,Requested,131855.25
RET0001622,O00023461,P01116,2025-07-05,Quality Issue,Approved,93831.74
RET0001623,O00011604,P01079,2024-09-01,Not as Described,Refunded,30382.62
RET0001624,O00003619,P00323,2025-07-14,Late Delivery,Approved,75876.16
RET0001625,O00007894,P01023,2025-03-12,Quality Issue,Requested,55265.39
RET0001626,O00020287,P00535,2025-11-21,Changed Mind,Refunded,63202.15
RET0001627,O00009498,P01155,2025-10-16,Size Issue,Refunded,27750.94
RET0001628,O00015251,P00817,2024-03-03,Size Issue,Requested,32236.28
RET0001629,O00019067,P99999,2026-07-28,Quality Issue,Approved,5184.51
RET0001630,O00000620,P00687,2025-06-01,Wrong Item,Approved,80395.20
RET0001631,O00013828,P00230,2025-07-02,Changed Mind,Requested,93658.63
RET0001632,O00006559,P00323,2025-10-31,Late Delivery,Refunded,73494.59
RET0001633,O00004502,P01152,2026-03-31,Size Issue,Refunded,89347.79
RET0001634,O00023841,P01151,2025-03-17,Changed Mind,Approved,41173.10
RET0001635,O00003205,P00578,2025-12-10,Size Issue,Refunded,13143.06
RET0001636,O00016109,P00587,2025-03-08,Changed Mind,Rejected,13540.47
RET0001637,O00014783,P01022,2024-07-20,Damaged,Requested,115863.69
RET0001638,O00016137,P01083,2025-01-17,Late Delivery,Refunded,51651.81
RET0001639,O00022230,P00315,2024-10-13,Wrong Item,Requested,69548.53
RET0001640,O00000990,P00622,2025-07-19,Quality Issue,Rejected,255143.27
RET0001641,O00014297,P00438,2025-07-26,Damaged,Approved,73482.44
RET0001642,O00016855,P00439,2025-01-04,Size Issue,Requested,13586.37
RET0001643,O00003016,P00212,2025-06-29,Late Delivery,Approved,185401.33
RET0001644,O00011179,P00847,2025-11-10,Not as Described,Requested,240871.41
RET0001645,O00012204,P00187,2024-09-08,Late Delivery,Requested,46644.83
RET0001646,O00003909,P00197,2025-01-25,Wrong Item,Refunded,60429.52
RET0001647,O00000041,P00198,2026-01-20,Size Issue,Rejected,22102.12
RET0001648,O00009158,P00063,2024-05-03,Not as Described,Refunded,36012.54
RET0001649,O00014919,P00214,2024-09-27,,Approved,21459.96
RET0001650,O00017463,P00864,2024-08-03,Size Issue,Refunded,10532.18
RET0001651,O00021219,P00443,2024-04-05,Not as Described,Approved,152802.94
RET0001652,O00000621,P01161,2026-01-05,Size Issue,Rejected,12962.84
RET0001653,O00020698,P00373,2024-05-07,Changed Mind,Requested,16850.43
RET0001654,O00015738,P00729,2024-05-11,Changed Mind,Approved,7957.68
RET0001655,O00023988,P00419,2025-12-20,Size Issue,Refunded,12161.03
RET0001656,O00016260,P00271,2024-08-28,Wrong Item,Rejected,19624.39
RET0001657,O00023557,P00293,2025-03-12,Damaged,Rejected,2584.01
RET0001658,O00023282,P00045,2026-03-07,Size Issue,Approved,46997.22
RET0001659,O00006100,P00768,2025-12-29,Size Issue,Approved,71360.04
RET0001660,O00021420,P00902,2024-10-09,Damaged,Requested,219514.68
RET0001661,O00024113,P00674,2024-08-13,Wrong Item,Requested,5521.41
RET0001662,O00015916,P00584,2024-06-27,Damaged,Requested,1988.11
RET0001663,O00016458,P00142,2024-07-20,Wrong Item,Approved,140861.17
RET0001664,O00014571,P00593,2024-07-15,Damaged,Approved,27358.29
RET0001665,O00023787,P00787,2024-04-18,Damaged,Approved,847.93
RET0001666,O00010766,P00207,2024-11-21,Changed Mind,Approved,440004.12
RET0001667,O00001770,P00253,2025-08-10,Wrong Item,Requested,173203.96
RET0001668,O00011049,P00445,2026-06-28,Changed Mind,Rejected,106423.64
RET0001669,O00002084,P00543,2025-10-25,Changed Mind,Requested,12223.40
RET0001670,O00008042,P00562,2024-11-23,Wrong Item,Rejected,144998.87
RET0001671,O00010891,P00719,2025-04-25,Quality Issue,Requested,151268.14
RET0001672,O00021124,P00089,2024-12-13,Damaged,Rejected,307020.74
RET0001673,O00019154,P00029,2024-02-26,Size Issue,Approved,26454.88
RET0001674,O00021843,P00163,2025-02-23,Changed Mind,Rejected,8072.16
RET0001675,O00024467,P00538,2025-08-17,Changed Mind,Requested,40794.87
RET0001676,O00018995,P00620,2026-06-22,Not as Described,Requested,272277.19
RET0001677,O00024343,P00632,2024-10-31,Changed Mind,Approved,973.34
RET0001678,O00004017,P00978,2026-03-05,Size Issue,Refunded,242931.67
RET0001679,O00004355,P00249,2025-03-31,Damaged,Requested,61326.45
RET0001680,O00018175,P00222,2026-03-18,Damaged,Rejected,49230.86
RET0001681,O00016029,P01075,2025-08-23,Late Delivery,Refunded,24022.50
RET0001682,O00000283,P00315,2026-05-27,Wrong Item,Requested,113599.45
RET0001683,O00006100,P00768,2026-01-08,Damaged,Refunded,103118.16
RET0001684,O00021935,P00856,2026-06-20,Size Issue,Rejected,36867.25
RET0001685,O00003555,P00001,2025-01-25,Wrong Item,Refunded,74119.72
RET0001686,O00004840,P00198,2024-09-15,Changed Mind,Rejected,59774.51
RET0001687,O00003452,P00367,2025-12-18,Damaged,Refunded,88974.01
RET0001688,O00019557,P00353,2025-07-26,Changed Mind,Refunded,-10
RET0001689,O00012610,P00395,2024-05-29,Late Delivery,Refunded,723.02
RET0001690,O00006520,P00162,2025-07-08,Size Issue,Approved,222577.24
RET0001691,O00013350,P00682,2024-10-12,Damaged,Approved,86427.71
RET0001692,O00004172,P01048,2024-04-03,Changed Mind,Rejected,10645.03
RET0001693,O00000049,P00836,2026-05-01,Quality Issue,Requested,61832.10
RET0001694,O00020384,P00967,2024-11-16,Late Delivery,Approved,452939.91
RET0001695,O00021762,P00886,2025-03-05,Wrong Item,Refunded,40900.45
RET0001696,O00023563,P00434,2025-08-14,Wrong Item,Rejected,24410.52
RET0001697,O00002106,P00696,2025-01-26,Size Issue,Approved,80046.51
RET0001698,O00018349,P00317,2024-08-09,Size Issue,Rejected,486.15
RET0001699,O00000038,P00245,2026-05-02,Not as Described,Refunded,9008.57
RET0001700,O00019483,P00995,2025-06-06,Damaged,Rejected,52585.83
RET0001701,O00013965,P00510,2025-01-20,Size Issue,Refunded,16451.25
RET0001702,O00016000,P00388,2025-02-09,Quality Issue,Rejected,5329.06
RET0001703,O00006800,P00226,2024-10-07,Damaged,Requested,283952.41
RET0001704,O00023280,P00660,2025-06-14,Wrong Item,Rejected,117739.34
RET0001705,O00020977,P00737,2025-04-16,Damaged,Approved,67872.41
RET0001706,O00014980,P00260,2025-11-21,Late Delivery,Rejected,199866.21
RET0001707,O00006824,P00237,2024-05-28,Wrong Item,Rejected,101976.27
RET0001708,O00004396,P00869,2025-01-30,Wrong Item,Refunded,65418.33
RET0001709,O00016696,P00212,2024-08-14,Damaged,Approved,39112.28
RET0001710,O00013498,P00171,2025-05-11,Late Delivery,Requested,62848.36
RET0001711,O00021678,P00685,2024-04-08,Wrong Item,Rejected,51430.64
RET0001712,O00020024,P00073,2025-02-02,Not as Described,Refunded,20418.22
RET0001713,O00003009,P00288,2025-12-31,Damaged,Approved,244986.75
RET0001714,O00017055,P01030,2026-02-08,Changed Mind,Rejected,197745.88
RET0001715,O00002239,P00348,2025-07-18,Damaged,Requested,4566.87
RET0001716,O00002089,P00810,2026-07-20,Late Delivery,Rejected,40805.24
RET0001717,O00001798,P00300,2024-07-01,Quality Issue,Rejected,20481.17
RET0001718,O00017576,P00884,2024-10-24,Size Issue,Refunded,97523.83
RET0001719,O00013373,P00216,2026-01-27,Changed Mind,Rejected,109313.17
RET0001720,O00023224,P00372,2025-08-08,Damaged,Approved,89432.94
RET0001721,O00017830,P01162,2025-09-02,Damaged,Requested,33759.51
RET0001722,O00023059,P01161,2024-10-11,Quality Issue,Requested,4725.63
RET0001723,O00012772,P00920,2026-06-02,Quality Issue,Refunded,86681.99
RET0001724,O00016234,P00891,2024-05-12,Late Delivery,Refunded,128244.14
RET0001725,O00016796,P00785,2025-12-15,Quality Issue,Approved,14919.42
RET0001726,O00012232,P00159,2025-08-11,Size Issue,Rejected,463996.01
RET0001727,O00024004,P00468,2026-01-02,Wrong Item,Approved,8949.80
RET0001728,O00009956,P00456,2025-12-31,Late Delivery,Approved,43093.68
RET0001729,O00015386,P00573,2025-12-22,Wrong Item,Refunded,149264.27
RET0001730,O99999999,P00891,2025-05-09,Changed Mind,Approved,1500.98
RET0001731,O00021221,P01068,2024-11-17,Damaged,Refunded,67329.82
RET0001732,O00002521,P01040,2026-07-21,Damaged,Requested,21491.73
RET0001733,O00010129,P00842,2026-01-26,Changed Mind,Approved,13329.52
RET0001734,O00021504,P00012,2025-03-15,Quality Issue,Requested,133733.72
RET0001735,O00023096,P00202,2024-08-15,Not as Described,Requested,248653.02
RET0001736,O00004731,P00457,2024-10-31,Wrong Item,Refunded,49430.45
RET0001737,O00022237,P01075,2025-07-05,Size Issue,UNKNOWN,134259.35
RET0001738,O00015446,P00027,2025-02-12,Quality Issue,Refunded,5923.16
RET0001739,O00024678,P01037,2025-02-17,Late Delivery,Approved,2695.14
RET0001740,O00012781,P00188,2024-05-26,Late Delivery,Approved,355.39
RET0001741,O00011236,P01096,2025-11-29,Damaged,Approved,5175.73
RET0001742,O00012551,P00830,2024-09-02,Size Issue,Rejected,154322.63
RET0001743,O00005241,P00134,2024-07-27,Size Issue,Refunded,230429.52
RET0001744,O00013799,P00068,2025-03-22,Changed Mind,Rejected,34641.62
RET0001745,O00011373,P00554,2024-03-25,Size Issue,Requested,15609.40
RET0001746,O00000107,P00321,2025-04-05,,Requested,376804.83
RET0001747,O00005804,P00052,2024-06-22,Not as Described,Approved,43796.63
RET0001748,O00009351,P00989,2024-07-17,Damaged,Approved,102338.54
RET0001749,O00003171,P00088,2024-04-30,Late Delivery,Rejected,4773.93
RET0001750,O00017354,P00886,2024-10-04,Size Issue,Requested,53325.37
RET0001751,O00013227,P00345,2025-01-23,Wrong Item,Requested,56188.76
RET0001752,O00016694,P00328,2024-02-25,Late Delivery,Approved,259955.64
RET0001753,O00020469,P01104,2025-05-22,Late Delivery,Requested,222775.76
RET0001754,O00003333,P00198,2024-08-27,Quality Issue,Approved,57241.42
RET0001755,O00022206,P00188,2024-02-04,Late Delivery,Approved,13026.75
RET0001756,O00012769,P00831,2025-03-23,Changed Mind,Refunded,47453.88
RET0001757,O00005400,P00699,2025-08-15,Wrong Item,Refunded,54120.59
RET0001758,O00017205,P00785,2026-01-11,Quality Issue,Requested,32161.51
RET0001759,O00013618,P01040,2025-03-18,Size Issue,Refunded,28546.92
RET0001760,O00010020,P00027,2024-10-01,Damaged,Approved,64627.41
RET0001761,O00020212,P00029,2025-01-24,Not as Described,Requested,176283.39
RET0001762,O00009498,P01070,2025-10-31,Changed Mind,Rejected,37189.68
RET0001763,O00008207,P00647,2024-08-16,Quality Issue,Approved,105961.40
RET0001764,O00008048,P00466,2025-09-30,Wrong Item,Refunded,92291.71
RET0001765,O00012723,P00886,2025-09-14,Quality Issue,Refunded,57942.87
RET0001766,O00020130,P00260,2025-06-23,Changed Mind,Rejected,1477.12
RET0001767,O00008689,P01028,2024-09-28,Wrong Item,Rejected,7119.36
RET0001768,O00004889,P00367,2024-08-23,Not as Described,Requested,90503.30
RET0001769,O00016183,P00892,2024-12-27,Wrong Item,Requested,64405.78
RET0001770,O00019333,P00190,2024-03-18,Wrong Item,Rejected,13811.13
RET0001771,O00022980,P00215,2025-07-07,Wrong Item,Requested,76942.23
RET0001772,O00004561,P00323,2025-09-25,Wrong Item,Requested,222932.73
RET0001773,O00024068,P00167,2024-06-16,Size Issue,Approved,186130.08
RET0001774,O00010346,P00359,2025-01-16,Damaged,Rejected,285911.15
RET0001775,O00019855,P00677,2025-06-04,Damaged,Requested,93626.95
RET0001776,O00011671,P00972,2024-06-19,Damaged,Requested,23293.03
RET0001777,O00013234,P00856,2026-03-05,Damaged,Requested,37775.92
RET0001778,O00023879,P00986,2025-08-01,Wrong Item,Approved,12322.40
RET0001779,O00004482,P00757,2025-01-20,Quality Issue,Rejected,42707.59
RET0001780,O00003987,P00836,2026-03-04,Not as Described,Refunded,5843.02
RET0001781,O00006474,P00555,2025-08-31,Size Issue,Rejected,33163.06
RET0001782,O00011962,P00868,2025-09-13,Late Delivery,Requested,25906.41
RET0001783,O00023664,P00718,2025-05-19,Size Issue,Requested,245641.73
RET0001784,O00013043,P00310,2024-06-04,Wrong Item,Refunded,95777.78
RET0001785,O00011393,P00286,2025-02-26,Damaged,Rejected,174222.56
RET0001786,O00022383,P01146,2025-12-23,Quality Issue,Approved,15044.70
RET0001787,O00013350,P00682,2024-10-06,Changed Mind,Refunded,64532.94
RET0001788,O00014055,P00608,2026-02-18,Quality Issue,Refunded,430604.34
RET0001789,O00016828,P00385,2024-09-16,Size Issue,Refunded,72704.56
RET0001790,O00019298,P00318,2024-07-21,Changed Mind,Rejected,150770.85
RET0001791,O00008037,P00095,2025-12-17,Wrong Item,Refunded,56598.14
RET0001792,O00001956,P01021,2024-05-15,Late Delivery,Rejected,62670.36
RET0001793,O00020201,P00193,2025-06-11,Damaged,Approved,132536.18
RET0001794,O00001109,P00019,2026-05-28,Not as Described,Refunded,7087.65
RET0001795,O00019706,P00684,2024-02-15,Wrong Item,Refunded,9546.41
RET0001796,O00023860,P00553,2026-05-31,Changed Mind,Approved,97993.71
RET0001797,O00007139,P00496,2025-10-14,Damaged,Rejected,5029.18
RET0001798,O00021241,P00348,2024-11-02,Size Issue,Refunded,6545.11
RET0001799,O00009931,P00561,2026-05-27,Wrong Item,Requested,74088.02
RET0001800,O00015636,P00784,2025-07-09,Late Delivery,Approved,24500.61
RET0001801,O00010415,P00585,2025-11-27,Size Issue,Rejected,4264.30
RET0001802,O00002174,P00729,2024-09-04,Size Issue,Approved,96212.95
RET0001803,O00021358,P01009,2026-04-15,Size Issue,Requested,74472.30
RET0001804,O00022444,P00228,2025-03-06,Size Issue,Refunded,10614.27
RET0001805,O00016486,P00394,2026-04-10,Damaged,Approved,3107.20
RET0001806,O00009046,P00022,2024-05-31,Late Delivery,Requested,160862.13
RET0001807,O00008751,P00251,2026-01-08,Wrong Item,Approved,15659.01
RET0001808,O00017247,P00377,2024-10-10,Late Delivery,Requested,57440.64
RET0001809,O00017305,P00375,2024-04-03,Wrong Item,Rejected,19395.39
RET0001810,O00020063,P99999,2025-02-13,Late Delivery,Requested,12800.81
RET0001811,O00000607,P00545,2026-02-20,Quality Issue,Rejected,219756.05
RET0001812,O00008371,P00429,2024-08-21,Damaged,Refunded,181172.82
RET0001813,O00002521,P00340,2026-06-14,Quality Issue,Rejected,26309.20
RET0001814,O00000470,P00331,2025-03-28,Not as Described,Approved,48064.48
RET0001815,O00006458,P00787,2025-01-18,Quality Issue,Approved,61369.32
RET0001816,O00016725,P00236,2026-05-28,Quality Issue,Rejected,163322.33
RET0001817,O00018494,P00241,2024-11-02,Changed Mind,Requested,22169.45
RET0001818,O00001004,P00952,2026-04-16,Size Issue,Requested,44460.58
RET0001819,O00000351,P00571,2026-01-05,Size Issue,Refunded,15525.65
RET0001820,O00001058,P00829,2026-05-06,Late Delivery,Requested,645.74
RET0001821,O00022265,P01055,2025-10-16,Late Delivery,Rejected,151440.81
RET0001822,O00018192,P00447,2026-01-09,Changed Mind,Approved,1768.70
RET0001823,O00000211,P00942,2025-06-29,Changed Mind,Approved,36410.08
RET0001824,O00016294,P00953,2025-05-24,Changed Mind,Refunded,3799.17
RET0001825,O00009791,P00279,2024-07-22,Wrong Item,Approved,16533.49
RET0001826,O00018808,P00185,2026-05-21,Wrong Item,Rejected,1637.28
RET0001827,O00010393,P00355,2024-05-06,Not as Described,Rejected,15633.64
RET0001828,O00011955,P00517,2024-08-26,Late Delivery,Rejected,38529.33
RET0001829,O00007869,P00608,2024-03-01,Late Delivery,Requested,13259.62
RET0001830,O00017902,P00567,2025-11-27,Not as Described,Refunded,108244.58
RET0001831,O00004910,P00790,2025-01-16,Quality Issue,Requested,76155.11
BADRET1832,O00018974,P01052,2025-05-23,Changed Mind,Approved,203.13
RET0001833,O00001892,P00495,2024-05-25,Size Issue,Refunded,21850.75
RET0001834,O00022121,P00774,2025-02-19,Damaged,Refunded,106167.70
RET0001835,O00009071,P00272,2025-09-26,Size Issue,Refunded,5786.93
RET0001836,O00018559,P00826,2026-04-10,Not as Described,Rejected,260129.15
RET0001837,O00018308,P00126,2025-02-12,Changed Mind,Refunded,236874.75
RET0001838,O00023891,P00496,2024-07-19,Wrong Item,Requested,5494.02
RET0001839,O00006802,P00476,2025-10-05,Size Issue,Refunded,22711.69
RET0001840,O00019813,P00737,2025-02-20,Size Issue,Refunded,29948.08
RET0001841,O00004141,P00854,2024-12-02,Damaged,Rejected,14591.96
RET0001842,O00009206,P01144,2025-07-16,Damaged,Refunded,40801.39
RET0001843,O00006081,P00601,2026-04-13,,Requested,26823.29
RET0001844,O00011969,P00568,2025-09-20,Quality Issue,Approved,1715.40
RET0001845,O00017614,P00146,2025-02-04,Quality Issue,Rejected,39003.30
RET0001846,O00022484,P01034,2024-01-23,Changed Mind,Refunded,158076.77
RET0001847,O00022522,P00919,2024-08-24,Late Delivery,Rejected,27441.37
RET0001848,O00003485,P00133,2025-01-12,Size Issue,Rejected,216663.45
RET0001849,O00011920,P00354,2024-04-06,Damaged,Refunded,120828.03
RET0001850,O00010584,P00486,2026-07-15,Wrong Item,Refunded,45110.96
RET0001851,O00007853,P01009,2024-10-03,Wrong Item,Approved,2648.42
RET0001852,O00022903,P00143,2025-04-07,Changed Mind,Approved,83441.42
RET0001853,O00001425,P00356,2024-07-22,Late Delivery,Rejected,18964.41
RET0001854,O00014121,P00707,2024-07-13,Changed Mind,Approved,255966.30
RET0001855,O00001458,P00059,2024-08-29,Size Issue,Rejected,1422.50
RET0001856,O00005022,P00671,2024-07-21,Damaged,Rejected,105553.54
RET0001857,O00004198,P00752,2024-12-22,Size Issue,Rejected,98246.94
RET0001858,O00009280,P00448,2025-02-22,Late Delivery,Requested,43329.02
RET0001859,O00018410,P00315,2025-12-27,Not as Described,Refunded,172139.64
RET0001860,O00019932,P01170,2024-08-08,Late Delivery,Rejected,50619.92
RET0001861,O00023209,P00518,2026-03-31,Not as Described,Rejected,158600.17
RET0001862,O00005179,P00269,2024-10-23,Not as Described,Refunded,19075.75
RET0001863,O00001308,P00331,2026-04-26,Wrong Item,Requested,220159.79
RET0001864,O00003726,P00300,2024-09-13,Changed Mind,Approved,443.10
RET0001865,O00002692,P00899,2024-12-10,Changed Mind,Refunded,4788.66
RET0001866,O00000964,P00336,2025-06-05,Not as Described,Requested,35127.89
RET0001867,O00008506,P00719,2025-08-14,Damaged,Refunded,69513.60
RET0001868,O00006410,P00544,2024-02-24,Size Issue,Refunded,7009.26
RET0001869,O00017162,P00549,2025-08-08,Changed Mind,Approved,49638.16
RET0001870,O00008156,P00927,2024-02-17,Wrong Item,Refunded,14224.21
RET0001871,O00009630,P00794,2026-05-07,Size Issue,Refunded,78954.87
RET0001872,O00023963,P00020,2024-10-19,Damaged,Requested,183473.70
RET0001873,O00003500,P01070,2024-06-12,Not as Described,Rejected,16133.22
RET0001874,O00016559,P00865,2026-03-25,Size Issue,Requested,112411.13
RET0001875,O00012087,P01174,2026-04-21,Late Delivery,Requested,17277.35
RET0001876,O00002164,P00922,2025-03-13,Size Issue,Requested,56479.42
RET0001877,O00010702,P00601,2026-08-03,Late Delivery,Approved,77929.21
RET0001878,O00001032,P00860,2025-03-26,Not as Described,Rejected,74031.27
RET0001879,O00006155,P00248,2024-03-20,Quality Issue,Requested,12180.20
RET0001880,O00011669,P00569,2024-05-15,Late Delivery,Rejected,77754.41
RET0001881,O00006218,P00308,2026-04-14,Late Delivery,Rejected,127168.57
RET0001882,O00019720,P00445,2025-03-14,Not as Described,Rejected,164387.16
RET0001883,O00022855,P00277,2025-05-03,Changed Mind,Rejected,2832.77
RET0001884,O00015665,P00387,2025-11-02,Size Issue,Approved,110147.82
RET0001885,O00016050,P00255,2024-06-05,Not as Described,Approved,179003.44
RET0001886,O00024710,P00607,2024-12-29,Damaged,Refunded,22376.23
RET0001887,O00024051,P00848,2025-11-22,Quality Issue,Approved,98968.03
RET0001888,O00007747,P00141,2024-12-10,Quality Issue,Rejected,125455.05
RET0001889,O00023341,P00358,2025-02-15,Late Delivery,Rejected,31522.19
RET0001890,O00015496,P00731,2025-06-07,Changed Mind,Approved,89296.87
RET0001891,O00011787,P00661,2025-05-30,Late Delivery,Refunded,18144.65
RET0001892,O00004080,P00350,2025-06-18,Late Delivery,Approved,465695.47
RET0001893,O00018875,P01001,2026-06-14,Wrong Item,Refunded,74190.98
RET0001894,O00008800,P00319,2025-01-25,Quality Issue,Requested,176371.30
RET0001895,O00021676,P00026,2024-02-26,Changed Mind,Refunded,58561.86
RET0001896,O00020921,P00663,2024-12-10,Late Delivery,Rejected,153347.29
RET0001897,O00020538,P00391,2025-12-27,Not as Described,Refunded,246488.01
RET0001898,O00018663,P00556,2024-04-09,Quality Issue,Refunded,43767.37
RET0001899,O00011975,P00181,2025-11-09,Wrong Item,Rejected,-10
RET0001900,O00003919,P00486,2026-01-24,Changed Mind,Rejected,101644.47
RET0001901,O00008052,P00836,2024-06-14,Wrong Item,Approved,11561.39
RET0001902,O00000031,P00086,2024-07-15,Damaged,Refunded,55686.70
RET0001903,O99999999,P00674,2025-04-22,Quality Issue,Requested,26860.98
RET0001904,O00010625,P00420,2024-07-19,Damaged,Rejected,20337.21
RET0001905,O00013786,P00388,2024-12-05,Size Issue,Rejected,76317.76
RET0001906,O00019582,P00263,2025-04-24,Changed Mind,Approved,10283.69
RET0001907,O00022664,P00907,2025-03-04,Size Issue,Approved,75241.76
RET0001908,O00004782,P01046,2024-12-18,Damaged,Requested,20699.50
RET0001909,O00004366,P00910,2025-05-18,Late Delivery,Refunded,71975.93
RET0001910,O00007330,P00860,2024-11-07,Changed Mind,Refunded,4088.31
RET0001911,O00023806,P00850,2024-11-09,Damaged,Refunded,16197.72
RET0001912,O00015890,P00404,2024-11-28,Late Delivery,Rejected,5461.86
RET0001913,O00014637,P01132,2024-04-17,Damaged,Rejected,36341.14
RET0001914,O00000255,P00753,2024-10-14,Changed Mind,Requested,313113.16
RET0001915,O00006309,P00165,2026-01-11,Wrong Item,Approved,45806.18
RET0001916,O00006824,P00237,2024-05-15,Damaged,Refunded,62256.19
RET0001917,O00004183,P00259,2026-05-08,Size Issue,Approved,212936.71
RET0001918,O00008662,P00180,2024-08-20,Not as Described,Approved,587097.62
RET0001919,O00023991,P00307,2024-09-26,Size Issue,Rejected,88506.69
RET0001920,O00020771,P00678,2025-04-21,Wrong Item,Requested,267704.64
RET0001921,O00010514,P00955,2025-11-29,Quality Issue,Approved,84448.47
RET0001922,O00018342,P00769,2025-06-02,Changed Mind,Approved,3660.93
RET0001923,O00007652,P00779,2025-10-29,Wrong Item,Approved,67487.16
RET0001924,O00020558,P00004,2025-06-26,Not as Described,Rejected,84611.52
RET0001925,O00020878,P00946,2025-08-18,Not as Described,Approved,9969.73
RET0001926,O00024211,P00963,2026-02-25,Quality Issue,Approved,59690.96
RET0001927,O00019920,P00400,2024-06-02,Size Issue,Requested,52979.84
RET0001928,O00013409,P00770,2024-10-26,Quality Issue,Rejected,35369.85
RET0001929,O00015787,P01011,2025-03-22,Quality Issue,Rejected,252677.12
RET0001930,O00015043,P00516,2024-10-29,Damaged,UNKNOWN,70689.96
RET0001931,O00024650,P00782,2025-11-08,Wrong Item,Refunded,54089.98
RET0001932,O00020467,P00381,2024-04-21,Changed Mind,Approved,1845.40
RET0001933,O00009431,P00442,2025-05-14,Quality Issue,Rejected,20978.64
RET0001934,O00017801,P01087,2024-07-23,Damaged,Refunded,34019.85
RET0001935,O00019751,P00802,2024-10-06,Changed Mind,Requested,70181.82
RET0001936,O00000801,P00837,2024-03-20,Damaged,Rejected,169716.91
RET0001937,O00015177,P00295,2025-09-14,Size Issue,Refunded,21582.35
RET0001938,O00017546,P01069,2024-02-17,Not as Described,Rejected,23681.57
RET0001939,O00018833,P00290,2025-09-08,Damaged,Approved,106619.26
RET0001940,O00014393,P00973,2025-09-24,,Requested,53910.63
RET0001941,O00013082,P01091,2025-12-02,Damaged,Refunded,14301.25
RET0001942,O00002007,P00356,2025-06-06,Changed Mind,Refunded,56268.55
RET0001943,O00008047,P00595,2025-06-14,Size Issue,Refunded,21885.41
RET0001944,O00021172,P00197,2025-01-27,Changed Mind,Refunded,124933.22
RET0001945,O00012752,P00297,2024-11-03,Wrong Item,Requested,38053.25
RET0001946,O00008695,P00067,2024-08-02,Damaged,Rejected,532.24
RET0001947,O00022615,P00507,2025-08-28,Damaged,Approved,57540.75
RET0001948,O00010177,P01058,2024-04-30,Damaged,Approved,27657.73
RET0001949,O00003187,P00087,2025-03-19,Damaged,Refunded,37015.61
RET0001950,O00007588,P01116,2024-03-02,Wrong Item,Refunded,50525.06
RET0001951,O00014927,P01054,2025-02-03,Changed Mind,Approved,31478.28
RET0001952,O00002711,P00807,2025-12-08,Size Issue,Approved,380396.23
RET0001953,O00010657,P00133,2025-06-27,Quality Issue,Requested,116732.47
RET0001954,O00023499,P00751,2025-09-06,Changed Mind,Requested,53656.28
RET0001955,O00010997,P00835,2024-07-23,Size Issue,Rejected,91593.52
RET0001956,O00022428,P00127,2024-09-19,Not as Described,Rejected,85183.05
RET0001957,O00005295,P00185,2025-12-16,Late Delivery,Rejected,89629.73
RET0001958,O00000282,P00593,2024-11-14,Wrong Item,Refunded,59391.34
RET0001959,O00009156,P00106,2025-06-26,Changed Mind,Requested,59597.09
RET0001960,O00001470,P00115,2025-01-22,Wrong Item,Approved,145595.08
RET0001961,O00009245,P00053,2025-11-26,Not as Described,Requested,4136.61
RET0001962,O00012382,P00940,2026-03-13,Not as Described,Requested,82435.16
RET0001963,O00006358,P00683,2025-10-18,Size Issue,Requested,66942.67
RET0001964,O00006250,P00499,2025-10-16,Wrong Item,Requested,32664.99
RET0001965,O00002978,P00028,2024-12-24,Size Issue,Approved,79661.76
RET0001966,O00007185,P01018,2024-02-28,Not as Described,Rejected,236849.92
RET0001967,O00023065,P00548,2025-05-15,Late Delivery,Refunded,31585.47
RET0001968,O00015774,P00477,2024-06-11,Damaged,Rejected,209223.85
RET0001969,O00012475,P00716,2025-10-11,Late Delivery,Refunded,50222.56
RET0001970,O00004915,P00141,2025-08-06,Size Issue,Requested,17518.48
RET0001971,O00020457,P01165,2024-05-15,Not as Described,Rejected,51900.13
RET0001972,O00022536,P01120,2025-05-01,Damaged,Approved,244802.56
RET0001973,O00000755,P00799,2024-07-23,Size Issue,Rejected,203744.67
RET0001974,O00004867,P00345,2024-04-10,Changed Mind,Approved,29981.38
RET0001975,O00009781,P00856,2024-02-28,Damaged,Requested,10582.66
RET0001976,O00024274,P00458,2025-10-24,Late Delivery,Refunded,35854.89
RET0001977,O00011727,P00928,2024-09-21,Size Issue,Rejected,161380.87
RET0001978,O00015495,P00474,2025-08-11,Quality Issue,Approved,703.21
RET0001979,O00004527,P00641,2025-07-28,Quality Issue,Requested,5751.07
RET0001980,O00014407,P00725,2025-02-21,Damaged,Rejected,133189.37
RET0001981,O00012131,P00570,2026-02-14,Size Issue,Rejected,99450.11
RET0001982,O00011271,P00865,2024-08-30,Size Issue,Rejected,238361.55
RET0001983,O00000049,P00013,2026-05-13,Late Delivery,Requested,32304.01
RET0001984,O00014222,P01112,2024-05-15,Not as Described,Rejected,275157.78
RET0001985,O00010293,P01156,2024-08-19,Quality Issue,Requested,121685.95
RET0001986,O00006805,P00270,2024-09-12,Size Issue,Requested,25045.47
RET0001987,O00016070,P00821,2024-01-13,Changed Mind,Rejected,14787.82
RET0001988,O00023108,P00959,2024-10-11,Quality Issue,Requested,183681.95
RET0001989,O00011202,P00762,2026-01-24,Not as Described,Requested,44176.85
RET0001990,O00011247,P00824,2024-11-24,Damaged,Refunded,88759.69
RET0001991,O00019244,P99999,2024-12-15,Changed Mind,Refunded,86502.69
RET0001992,O00018105,P00583,2024-12-27,Late Delivery,Refunded,22387.34
RET0001993,O00007650,P00404,2024-03-21,Wrong Item,Rejected,1215.42
RET0001994,O00016196,P00666,2024-05-29,Late Delivery,Requested,69991.19
RET0001995,O00013554,P00909,2024-10-12,Size Issue,Rejected,28159.89
RET0001996,O00007342,P00306,2024-06-16,Changed Mind,Approved,10290.59
RET0001997,O00010670,P00596,2024-08-22,Damaged,Rejected,4962.40
RET0001998,O00019307,P00804,2026-07-24,Damaged,Requested,204608.67
RET0001999,O00022606,P00527,2025-05-28,Not as Described,Refunded,62611.11
RET0002000,O00015038,P00946,2024-11-06,Late Delivery,Approved,1645.92
RET0002001,O00007101,P00091,2026-01-10,Quality Issue,Refunded,30985.80
RET0002002,O00019841,P00302,2025-07-06,Quality Issue,Rejected,96238.69
RET0002003,O00015743,P00371,2026-03-03,Changed Mind,Refunded,93395.43
RET0002004,O00017799,P00187,2026-04-19,Damaged,Requested,79450.31
RET0002005,O00007545,P00452,2025-02-18,Quality Issue,Refunded,240610.52
RET0002006,O00017896,P00017,2025-05-16,Size Issue,Approved,22222.29
RET0002007,O00022147,P00571,2025-01-07,Wrong Item,Refunded,122509.13
RET0002008,O00005028,P00883,2026-03-14,Late Delivery,Requested,40979.72
RET0002009,O00019449,P00188,2025-12-28,Damaged,Requested,105.83
RET0002010,O00011775,P00492,2025-03-18,Late Delivery,Requested,18015.59
RET0002011,O00001223,P00266,2025-11-16,Wrong Item,Requested,58927.17
RET0002012,O00022108,P00567,2024-10-10,Quality Issue,Rejected,87559.59
RET0002013,O00002879,P00695,2024-03-26,Damaged,Rejected,68774.88
RET0002014,O00018036,P00252,2024-03-01,Late Delivery,Refunded,8836.44
RET0002015,O00015294,P00047,2026-03-10,Size Issue,Rejected,6927.71
RET0002016,O00016431,P00046,2024-02-04,Quality Issue,Requested,16809.33
RET0002017,O00012610,P00395,2024-06-02,Damaged,Refunded,3588.22
RET0002018,O00015272,P00552,2025-03-17,Wrong Item,Refunded,6841.31
RET0002019,O00021172,P00197,2025-01-26,Quality Issue,Requested,87188.33
RET0002020,O00023439,P00895,2025-09-07,Damaged,Rejected,117812.75
RET0002021,O00002649,P00403,2026-03-09,Late Delivery,Refunded,54053.06
RET0002022,O00018484,P01111,2024-02-04,Not as Described,Requested,47769.73
RET0002023,O00020449,P00485,2025-10-24,Quality Issue,Approved,281375.80
RET0002024,O00004324,P00941,2026-02-02,Changed Mind,Refunded,1778.93
RET0002025,O00002323,P00595,2025-10-24,Not as Described,Rejected,213188.10
RET0002026,O00010136,P01056,2024-10-19,Late Delivery,Refunded,89530.46
RET0002027,O00019375,P00553,2026-04-01,Not as Described,Approved,107987.85
RET0002028,O00006350,P01165,2025-01-27,Wrong Item,Approved,105379.44
RET0002029,O00005798,P00045,2025-04-28,Wrong Item,Refunded,153798.22
RET0002030,O00011074,P00134,2024-12-06,Not as Described,Rejected,5141.53
RET0002031,O00004187,P01144,2025-01-04,Wrong Item,Approved,79970.90
RET0002032,O00004860,P00974,2025-12-05,Wrong Item,Approved,2779.71
RET0002033,O00007831,P00056,2024-11-14,Late Delivery,Requested,28051.78
RET0002034,O00020677,P00287,2024-06-15,Not as Described,Requested,8553.13
RET0002035,O00015975,P00449,2025-12-08,Quality Issue,Rejected,192119.71
RET0002036,O00022547,P00203,2024-05-20,Quality Issue,Rejected,299136.73
RET0002037,O00016246,P00713,2025-12-28,,Refunded,104050.06
RET0002038,O00006379,P00915,2024-07-09,Quality Issue,Rejected,155506.12
RET0002039,O00021903,P00888,2025-08-01,Late Delivery,Rejected,8213.88
RET0002040,O00009422,P00520,2025-08-10,Changed Mind,Refunded,10995.29
RET0002041,O00006702,P00429,2025-11-10,Wrong Item,Refunded,42411.63
RET0002042,O00001702,P01170,2024-07-22,Changed Mind,Requested,6525.87
RET0002043,O00001818,P00237,2025-03-09,Damaged,Requested,281247.29
RET0002044,O00015822,P00312,2026-05-04,Quality Issue,Refunded,1569.55
RET0002045,O00002739,P00227,2025-10-18,Quality Issue,Requested,37421.04
RET0002046,O00020698,P00320,2024-04-13,Size Issue,Approved,17687.40
RET0002047,O00010207,P01025,2024-02-04,Wrong Item,Refunded,33461.17
RET0002048,O00024520,P00346,2025-08-07,Not as Described,Requested,105028.20
RET0002049,O00010422,P00972,2024-04-09,Damaged,Requested,62435.74
RET0002050,O00006744,P00924,2025-09-03,Not as Described,Rejected,74223.41
RET0002051,O00010343,P01163,2025-06-24,Size Issue,Approved,142919.81
RET0002052,O00014081,P00586,2025-10-16,Changed Mind,Requested,125519.82
RET0002053,O00004022,P00751,2026-03-28,Changed Mind,Rejected,6116.94
RET0002054,O00002444,P00677,2025-02-22,Quality Issue,Approved,32477.07
RET0002055,O00015389,P00323,2026-02-17,Damaged,Refunded,490463.39
RET0002056,O00015971,P01104,2025-11-15,Size Issue,Refunded,35857.35
RET0002057,O00021544,P00672,2024-09-14,Size Issue,Approved,128699.45
RET0002058,O00002262,P00689,2025-04-12,Changed Mind,Requested,40104.86
RET0002059,O00007625,P00910,2025-03-12,Late Delivery,Requested,31805.91
RET0002060,O00003346,P00689,2024-01-31,Quality Issue,Requested,10013.93
BADRET2061,O00010591,P00474,2024-10-17,Late Delivery,Requested,52970.09
RET0002062,O00023975,P01081,2024-06-08,Late Delivery,Rejected,3180.24
RET0002063,O00023768,P00496,2024-11-21,Wrong Item,Approved,97196.77
RET0002064,O00013551,P00522,2024-09-29,Not as Described,Rejected,122491.15
RET0002065,O00008313,P00641,2024-04-28,Late Delivery,Rejected,135152.46
RET0002066,O00004921,P00952,2024-02-21,Wrong Item,Requested,57340.58
RET0002067,O00022966,P00082,2026-01-07,Wrong Item,Requested,91448.97
RET0002068,O00015400,P00800,2026-04-12,Changed Mind,Refunded,23490.42
RET0002069,O00019410,P01137,2024-03-06,Damaged,Requested,44841.87
RET0002070,O00021298,P00398,2026-03-02,Damaged,Requested,22061.20
RET0002071,O00016390,P00807,2024-08-02,Damaged,Approved,5930.70
RET0002072,O00002209,P00758,2024-12-30,Changed Mind,Rejected,55071.21
RET0002073,O00014572,P00738,2026-05-07,Size Issue,Approved,19756.39
RET0002074,O00002266,P00871,2024-09-01,Changed Mind,Refunded,20428.65
RET0002075,O00008958,P01101,2024-04-24,Damaged,Approved,68580.90
RET0002076,O99999999,P00406,2024-06-17,Damaged,Requested,104584.67
RET0002077,O00013619,P00391,2024-07-13,Late Delivery,Rejected,271185.53
RET0002078,O00018881,P00984,2026-05-21,Changed Mind,Approved,277849.28
RET0002079,O00024710,P00607,2024-12-22,Wrong Item,Approved,14986.05
RET0002080,O00002910,P00371,2024-08-13,Damaged,Refunded,129202.30
RET0002081,O00007474,P01148,2026-01-05,Size Issue,Approved,7111.38
RET0002082,O00021493,P01019,2025-03-03,Quality Issue,Requested,6429.44
RET0002083,O00014401,P00681,2024-10-05,Not as Described,Rejected,2255.38
RET0002084,O00001460,P00725,2024-06-29,Quality Issue,Requested,8157.23
RET0002085,O00001193,P00666,2025-02-09,Changed Mind,Refunded,23915.76
RET0002086,O00019131,P00342,2024-05-20,Late Delivery,Refunded,272975.33
RET0002087,O00016299,P01159,2026-06-19,Changed Mind,Requested,71898.57
RET0002088,O00017369,P00619,2025-04-12,Size Issue,Rejected,7018.29
RET0002089,O00004108,P00635,2026-01-27,Size Issue,Refunded,247500.30
RET0002090,O00004812,P00970,2024-07-11,Size Issue,Requested,85762.47
RET0002091,O00010180,P01132,2026-06-01,Damaged,Approved,810.63
RET0002092,O00003727,P01179,2026-06-25,Changed Mind,Requested,681.18
RET0002093,O00000928,P00167,2025-01-14,Wrong Item,Rejected,7682.06
RET0002094,O00016060,P00550,2024-08-18,Changed Mind,Requested,16610.50
RET0002095,O00004616,P00285,2024-11-21,Size Issue,Requested,85692.65
RET0002096,O00002157,P00405,2025-05-28,Size Issue,Rejected,7007.99
RET0002097,O00011470,P00827,2026-04-04,Damaged,Requested,1851.73
RET0002098,O00010072,P00919,2024-08-09,Quality Issue,Refunded,260890.85
RET0002099,O00017759,P00155,2025-05-03,Size Issue,Rejected,56445.80
RET0002100,O00015228,P00480,2024-08-05,Wrong Item,Refunded,7500.66
RET0002101,O00006203,P00948,2024-03-03,Damaged,Refunded,1965.07
RET0002102,O00000001,P00143,2024-11-23,Damaged,Refunded,111470.37
RET0002103,O00005120,P01111,2025-02-09,Damaged,Rejected,5859.77
RET0002104,O00023214,P00925,2024-02-26,Damaged,Refunded,179.07
RET0002105,O00001464,P00831,2025-08-18,Wrong Item,Approved,28824.35
RET0002106,O00001231,P00783,2025-04-10,Late Delivery,Requested,3638.40
RET0002107,O00015700,P00084,2025-02-26,Late Delivery,Requested,195999.74
RET0002108,O00009802,P00151,2025-04-27,Changed Mind,Requested,353235.15
RET0002109,O00017078,P00566,2024-03-18,Late Delivery,Approved,438768.09
RET0002110,O00015935,P00850,2024-04-01,Not as Described,Requested,-10
RET0002111,O00013206,P00355,2024-12-06,Damaged,Rejected,21896.83
RET0002112,O00012263,P00837,2025-05-15,Quality Issue,Refunded,102959.90
RET0002113,O00023869,P00881,2026-03-13,Quality Issue,Requested,183607.54
RET0002114,O00008441,P00609,2025-05-20,Wrong Item,Approved,26792.51
RET0002115,O00013405,P00643,2024-07-14,Not as Described,Requested,29678.20
RET0002116,O00020620,P00302,2025-11-24,Changed Mind,Requested,46434.30
RET0002117,O00020273,P00406,2024-08-31,Quality Issue,Rejected,197291.94
RET0002118,O00008226,P00676,2024-11-23,Quality Issue,Refunded,55336.59
RET0002119,O00007544,P01027,2024-08-23,Changed Mind,Refunded,138837.28
RET0002120,O00016796,P01111,2025-11-28,Wrong Item,Requested,23532.65
RET0002121,O00003825,P00912,2024-01-27,Changed Mind,Requested,51312.64
RET0002122,O00024776,P00765,2025-05-28,Wrong Item,Requested,74021.30
RET0002123,O00017037,P00743,2025-09-09,Damaged,UNKNOWN,1762.30
RET0002124,O00007062,P00479,2025-12-05,Damaged,Requested,46392.00
RET0002125,O00023231,P00040,2025-08-26,Quality Issue,Refunded,16554.75
RET0002126,O00013758,P00398,2026-01-06,Not as Described,Rejected,93178.34
RET0002127,O00020419,P00868,2025-07-11,Damaged,Requested,88952.15
RET0002128,O00023197,P00016,2025-09-07,Not as Described,Rejected,147718.05
RET0002129,O00023310,P01037,2026-07-07,Changed Mind,Rejected,6894.83
RET0002130,O00002675,P00093,2025-10-18,Changed Mind,Refunded,50837.70
RET0002131,O00013677,P00139,2026-04-29,Damaged,Refunded,79781.95
RET0002132,O00012217,P00373,2026-03-25,Not as Described,Refunded,36306.02
RET0002133,O00012186,P00287,2026-05-13,Damaged,Requested,1817.55
RET0002134,O00013737,P00111,2025-01-09,,Requested,20603.82
RET0002135,O00024662,P00931,2026-01-22,Changed Mind,Rejected,80956.51
RET0002136,O00018426,P00611,2026-04-08,Size Issue,Requested,25560.42
RET0002137,O00009269,P00801,2025-05-25,Quality Issue,Rejected,32431.63
RET0002138,O00016946,P00632,2025-05-25,Late Delivery,Refunded,27818.90
RET0002139,O00000836,P00389,2025-04-03,Late Delivery,Refunded,82154.81
RET0002140,O00022671,P00358,2024-07-04,Damaged,Refunded,1420.46
RET0002141,O00017900,P00392,2025-03-05,Wrong Item,Rejected,54708.65
RET0002142,O00021485,P00889,2026-06-03,Damaged,Requested,143234.07
RET0002143,O00006245,P00333,2024-08-11,Changed Mind,Refunded,127052.54
RET0002144,O00020359,P00750,2024-08-27,Not as Described,Approved,280003.14
RET0002145,O00013422,P00750,2026-03-25,Wrong Item,Rejected,2100.22
RET0002146,O00022299,P00063,2025-09-03,Wrong Item,Rejected,62821.91
RET0002147,O00012862,P00918,2026-02-09,Size Issue,Refunded,159527.08
RET0002148,O00006368,P00445,2026-05-18,Size Issue,Rejected,75746.34
RET0002149,O00003228,P00806,2026-04-01,Not as Described,Rejected,8422.86
RET0002150,O00022628,P00973,2024-09-23,Not as Described,Refunded,37265.69
RET0002151,O00009369,P00380,2024-12-13,Late Delivery,Rejected,141322.67
RET0002152,O00012073,P00443,2025-04-02,Wrong Item,Rejected,130554.70
RET0002153,O00003082,P00193,2024-07-21,Quality Issue,Rejected,234987.27
RET0002154,O00009791,P00279,2024-08-16,Late Delivery,Requested,30515.57
RET0002155,O00012908,P00902,2026-02-18,Quality Issue,Requested,79072.15
RET0002156,O00007082,P00322,2025-02-20,Quality Issue,Rejected,17297.33
RET0002157,O00000809,P00603,2025-03-22,Changed Mind,Refunded,88701.76
RET0002158,O00000746,P00026,2025-08-26,Not as Described,Refunded,535.75
RET0002159,O00006036,P00753,2025-01-17,Changed Mind,Refunded,141708.12
RET0002160,O00017890,P00096,2026-03-21,Wrong Item,Approved,5223.65
RET0002161,O00006141,P01144,2025-07-11,Wrong Item,Rejected,42348.85
RET0002162,O00020359,P01128,2024-09-28,Quality Issue,Rejected,48307.64
RET0002163,O00021340,P00398,2025-07-06,Late Delivery,Approved,137982.32
RET0002164,O00004200,P00346,2024-05-14,Wrong Item,Approved,57151.50
RET0002165,O00017790,P00761,2024-05-13,Damaged,Requested,750.35
RET0002166,O00016133,P01164,2026-03-07,Quality Issue,Approved,9876.10
RET0002167,O00022979,P01168,2024-03-24,Size Issue,Approved,40608.98
RET0002168,O00010529,P01055,2026-06-19,Damaged,Refunded,454656.60
RET0002169,O00017502,P00667,2025-10-02,Late Delivery,Refunded,60.56
RET0002170,O00014950,P00985,2025-02-11,Late Delivery,Refunded,5806.99
RET0002171,O00017738,P00667,2024-09-02,Late Delivery,Approved,32331.19
RET0002172,O00012113,P99999,2025-02-25,Wrong Item,Rejected,342947.75
RET0002173,O00008210,P01035,2024-03-13,Changed Mind,Requested,1293.91
RET0002174,O00005005,P00226,2024-05-05,Changed Mind,Refunded,101758.99
RET0002175,O00015120,P01025,2024-03-10,Quality Issue,Rejected,188050.25
RET0002176,O00001644,P00671,2024-08-05,Changed Mind,Refunded,139583.49
RET0002177,O00022342,P00440,2026-06-11,Changed Mind,Rejected,9112.61
RET0002178,O00010450,P00287,2026-03-06,Late Delivery,Requested,105551.60
RET0002179,O00014242,P00127,2025-07-16,Changed Mind,Requested,17312.16
RET0002180,O00009776,P00655,2024-12-26,Size Issue,Requested,30174.66
RET0002181,O00014363,P01074,2026-01-24,Size Issue,Refunded,133137.58
RET0002182,O00022426,P00077,2026-07-06,Not as Described,Rejected,16043.12
RET0002183,O00013835,P00763,2024-11-11,Size Issue,Rejected,20344.84
RET0002184,O00022049,P00769,2025-12-30,Late Delivery,Approved,8957.95
RET0002185,O00016466,P00120,2025-01-17,Damaged,Rejected,1820.16
RET0002186,O00017850,P00199,2024-04-25,Not as Described,Rejected,63009.86
RET0002187,O00001191,P00093,2025-02-07,Changed Mind,Refunded,30600.37
RET0002188,O00004328,P00479,2026-01-25,Damaged,Rejected,20960.28
RET0002189,O00006182,P00080,2026-06-03,Changed Mind,Approved,1861.54
RET0002190,O00004103,P00706,2024-02-14,Wrong Item,Requested,174603.91
RET0002191,O00012073,P00443,2025-03-01,Quality Issue,Requested,129410.93
RET0002192,O00000351,P00479,2026-01-27,Late Delivery,Requested,47160.79
RET0002193,O00013344,P00665,2025-02-25,Not as Described,Approved,91055.66
RET0002194,O00020565,P01123,2025-10-23,Changed Mind,Rejected,178256.35
RET0002195,O00002297,P00334,2025-09-22,Changed Mind,Approved,38622.52
RET0002196,O00020104,P01040,2024-11-16,Damaged,Rejected,16637.04
RET0002197,O00013649,P01101,2024-08-15,Wrong Item,Rejected,125552.05
RET0002198,O00005806,P00252,2026-06-02,Quality Issue,Rejected,250977.36
RET0002199,O00013870,P00960,2025-03-26,Damaged,Requested,105985.57
RET0002200,O00011988,P00694,2026-07-25,Late Delivery,Requested,9968.62
RET0002201,O00021459,P00015,2024-12-03,Size Issue,Requested,48463.79
RET0002202,O00012698,P00771,2026-05-07,Wrong Item,Refunded,4418.12
RET0002203,O00011076,P00572,2024-10-28,Not as Described,Requested,317719.12
RET0002204,O00024396,P00830,2024-12-27,Not as Described,Approved,183799.00
RET0002205,O00001223,P00715,2025-11-23,Quality Issue,Rejected,84100.98
RET0002206,O00016450,P00992,2024-02-02,Quality Issue,Rejected,194.71
RET0002207,O00011843,P00377,2025-06-19,Not as Described,Rejected,82566.29
RET0002208,O00020051,P00483,2024-06-09,Quality Issue,Requested,11836.69
RET0002209,O00024203,P00294,2025-03-03,Late Delivery,Requested,34120.65
RET0002210,O00024325,P00688,2026-06-24,Changed Mind,Approved,7425.18
RET0002211,O00022058,P00185,2026-03-28,Changed Mind,Approved,79134.99
RET0002212,O00021895,P00203,2024-05-21,Not as Described,Approved,34363.33
RET0002213,O00014130,P00035,2025-09-27,Changed Mind,Rejected,30639.35
RET0002214,O00011517,P00946,2025-08-08,Quality Issue,Approved,2884.88
RET0002215,O00000281,P00159,2024-12-05,Not as Described,Refunded,44584.51
RET0002216,O00003654,P01022,2026-01-25,Not as Described,Refunded,88169.67
RET0002217,O00022108,P00567,2024-09-07,Damaged,Rejected,49872.69
RET0002218,O00007304,P00675,2025-06-17,Late Delivery,Approved,276020.82
RET0002219,O00008626,P00475,2026-04-29,Changed Mind,Rejected,41585.98
RET0002220,O00006008,P00639,2024-04-26,Changed Mind,Rejected,52468.34
RET0002221,O00007941,P00382,2026-06-29,Quality Issue,Rejected,8244.22
RET0002222,O00017176,P01041,2024-07-08,Damaged,Approved,49245.28
RET0002223,O00012441,P00515,2025-02-06,Size Issue,Approved,2251.78
RET0002224,O00009373,P00784,2026-01-11,Wrong Item,Rejected,93866.51
RET0002225,O00023606,P00497,2026-02-23,Damaged,Refunded,80558.18
RET0002226,O00023826,P00215,2024-09-18,Changed Mind,Rejected,46601.69
RET0002227,O00004618,P00830,2024-09-06,Not as Described,Rejected,2121.20
RET0002228,O00019849,P00098,2025-03-14,Late Delivery,Requested,108836.89
RET0002229,O00004431,P00204,2025-02-03,Size Issue,Refunded,929.23
RET0002230,O00020171,P01056,2024-12-21,Late Delivery,Approved,352574.83
RET0002231,O00013019,P01029,2026-02-14,,Requested,96906.05
RET0002232,O00022628,P00973,2024-10-16,Late Delivery,Rejected,36777.91
RET0002233,O00015947,P00530,2024-10-11,Quality Issue,Refunded,204014.06
RET0002234,O00020481,P00090,2024-04-29,Not as Described,Rejected,311434.64
RET0002235,O00005423,P00618,2025-06-19,Not as Described,Approved,101680.69
RET0002236,O00009273,P00810,2025-05-21,Quality Issue,Rejected,14793.25
RET0002237,O00018244,P00544,2025-11-21,Not as Described,Requested,2719.11
RET0002238,O00020228,P00344,2025-06-22,Not as Described,Refunded,169372.87
RET0002239,O00015254,P00299,2024-02-17,Damaged,Refunded,194695.57
RET0002240,O00012758,P00980,2024-09-23,Size Issue,Requested,2312.85
RET0002241,O00012968,P00575,2026-01-15,Changed Mind,Approved,40673.02
RET0002242,O00023919,P00237,2025-01-15,Wrong Item,Approved,81599.84
RET0002243,O00020131,P01143,2024-03-20,Changed Mind,Rejected,321381.00
RET0002244,O00021230,P00113,2024-09-28,Quality Issue,Requested,43646.14
RET0002245,O00019502,P01149,2024-09-08,Quality Issue,Requested,204449.04
RET0002246,O00020441,P00356,2025-12-13,Late Delivery,Requested,94515.83
RET0002247,O00010891,P00347,2025-05-05,Late Delivery,Refunded,62926.67
RET0002248,O00020053,P00267,2024-05-18,Changed Mind,Refunded,7093.84
RET0002249,O99999999,P00686,2024-12-02,Damaged,Approved,75721.85
RET0002250,O00006724,P00951,2025-10-29,Changed Mind,Approved,73642.56
RET0002251,O00016343,P00904,2024-11-20,Wrong Item,Refunded,156396.83
RET0002252,O00018870,P00723,2024-10-21,Quality Issue,Refunded,221.55
RET0002253,O00012920,P00597,2024-02-13,Quality Issue,Requested,3464.86
RET0002254,O00004624,P00073,2024-10-13,Size Issue,Approved,20586.53
RET0002255,O00008066,P00527,2024-11-13,Wrong Item,Requested,68472.55
RET0002256,O00009848,P00393,2026-07-13,Quality Issue,Requested,130602.47
RET0002257,O00023286,P00825,2025-12-21,Damaged,Requested,65693.22
RET0002258,O00015300,P00660,2025-03-13,Size Issue,Approved,34386.47
RET0002259,O00020641,P01049,2025-11-07,Wrong Item,Refunded,3706.46
RET0002260,O00022156,P00753,2024-05-25,Changed Mind,Rejected,247020.94
RET0002261,O00003463,P00644,2024-05-05,Wrong Item,Rejected,31834.63
RET0002262,O00021100,P00873,2026-06-03,Quality Issue,Approved,22799.45
RET0002263,O00024351,P00032,2025-10-13,Changed Mind,Refunded,75469.09
RET0002264,O00019866,P00647,2025-08-21,Damaged,Approved,215725.89
RET0002265,O00006347,P00030,2025-06-19,Quality Issue,Rejected,107820.49
RET0002266,O00006513,P00283,2024-12-21,Quality Issue,Rejected,1994.27
RET0002267,O00005412,P00543,2026-02-03,Damaged,Rejected,4642.03
RET0002268,O00016756,P00183,2024-03-11,Quality Issue,Approved,216159.81
RET0002269,O00012572,P00023,2025-12-01,Quality Issue,Requested,40448.85
RET0002270,O00010173,P00380,2026-04-12,Not as Described,Rejected,433664.22
RET0002271,O00023570,P00208,2024-08-05,Wrong Item,Refunded,6641.77
RET0002272,O00020769,P00232,2025-11-25,Changed Mind,Rejected,20526.46
RET0002273,O00023527,P00237,2025-10-12,Changed Mind,Rejected,262472.11
RET0002274,O00024472,P00058,2025-02-03,Wrong Item,Rejected,94078.78
RET0002275,O00001926,P00120,2026-02-28,Quality Issue,Rejected,27709.39
RET0002276,O00003480,P01126,2024-05-10,Size Issue,Requested,23618.42
RET0002277,O00013020,P01050,2024-02-20,Quality Issue,Requested,6401.40
RET0002278,O00016299,P01159,2026-06-06,Quality Issue,Rejected,86510.67
RET0002279,O00018923,P00363,2024-05-01,Late Delivery,Refunded,2131.76
RET0002280,O00007461,P00551,2024-08-16,Late Delivery,Approved,6138.12
RET0002281,O00013668,P00895,2024-08-19,Damaged,Refunded,332869.49
RET0002282,O00014427,P00473,2024-11-27,Late Delivery,Rejected,24127.93
RET0002283,O00020498,P00364,2024-04-18,Damaged,Rejected,23702.47
RET0002284,O00011331,P00580,2025-12-23,Wrong Item,Refunded,11663.12
RET0002285,O00017232,P01151,2024-03-11,Changed Mind,Requested,16479.25
RET0002286,O00011517,P00946,2025-08-13,Quality Issue,Approved,2031.30
RET0002287,O00024466,P00646,2024-12-20,Quality Issue,Rejected,1756.68
RET0002288,O00023545,P01178,2025-07-01,Changed Mind,Rejected,23033.82
RET0002289,O00023970,P00337,2025-07-25,Wrong Item,Refunded,68403.58
BADRET2290,O00020717,P00356,2025-10-21,Size Issue,Approved,165695.02
RET0002291,O00004996,P00151,2025-02-20,Damaged,Refunded,242376.73
RET0002292,O00022575,P00155,2024-04-11,Changed Mind,Rejected,267725.70
RET0002293,O00017649,P00789,2026-04-22,Changed Mind,Refunded,5783.22
RET0002294,O00023697,P00614,2025-10-14,Wrong Item,Rejected,210.16
RET0002295,O00005935,P00296,2026-02-02,Wrong Item,Approved,44807.70
RET0002296,O00014114,P00122,2024-10-27,Late Delivery,Requested,188374.88
RET0002297,O00024724,P00813,2025-08-30,Changed Mind,Refunded,61923.16
RET0002298,O00015257,P01158,2024-06-08,Size Issue,Approved,49621.51
RET0002299,O00015229,P00743,2024-11-25,Changed Mind,Rejected,62464.92
RET0002300,O00005996,P00286,2025-03-12,Wrong Item,Refunded,5479.42
RET0002301,O00020078,P00467,2025-10-08,Not as Described,Requested,183135.16
RET0002302,O00023675,P00086,2024-09-24,Wrong Item,Refunded,97076.54
RET0002303,O00015250,P00278,2024-12-05,Size Issue,Approved,5484.86
RET0002304,O00021224,P01154,2025-05-27,Late Delivery,Refunded,7141.16
RET0002305,O00012564,P01055,2025-02-24,Not as Described,Approved,1916.58
RET0002306,O00010967,P01149,2025-04-07,Late Delivery,Refunded,60802.43
RET0002307,O00019571,P01152,2024-03-03,Damaged,Requested,8175.08
RET0002308,O00009510,P00627,2024-12-27,Changed Mind,Approved,72104.10
RET0002309,O00021722,P00281,2024-11-01,Quality Issue,Refunded,121757.18
RET0002310,O00001410,P00687,2024-11-20,Not as Described,Requested,3402.14
RET0002311,O00014171,P00108,2026-06-29,Not as Described,Requested,26844.98
RET0002312,O00018809,P00521,2025-07-23,Wrong Item,Rejected,16827.93
RET0002313,O00000755,P00799,2024-07-03,Not as Described,Requested,272747.99
RET0002314,O00015176,P00034,2024-03-29,Quality Issue,Approved,71372.34
RET0002315,O00006122,P00009,2026-01-06,Changed Mind,Approved,31030.13
RET0002316,O00009651,P00099,2024-09-07,Not as Described,UNKNOWN,51627.73
RET0002317,O00007628,P00167,2025-01-28,Changed Mind,Rejected,64809.06
RET0002318,O00005411,P00629,2024-09-12,Changed Mind,Approved,279738.52
RET0002319,O00015649,P00579,2026-06-12,Changed Mind,Refunded,100640.18
RET0002320,O00015584,P01166,2025-01-27,Damaged,Requested,57933.09
RET0002321,O00013145,P00024,2024-02-22,Size Issue,Refunded,-10
RET0002322,O00012486,P00514,2025-01-16,Changed Mind,Approved,109812.97
RET0002323,O00009707,P00795,2025-12-08,Wrong Item,Refunded,2866.72
RET0002324,O00004444,P00261,2024-03-16,Quality Issue,Approved,137884.95
RET0002325,O00013987,P00970,2025-11-20,Changed Mind,Approved,10025.40
RET0002326,O00023037,P00311,2025-07-02,Changed Mind,Approved,175502.47
RET0002327,O00006028,P01056,2024-04-27,Damaged,Approved,25213.97
RET0002328,O00018494,P00241,2024-11-01,,Approved,84502.07
RET0002329,O00007545,P00452,2025-01-22,Quality Issue,Approved,92237.30
RET0002330,O00020131,P00403,2024-04-11,Changed Mind,Refunded,168476.10
RET0002331,O00007622,P00628,2024-08-13,Quality Issue,Refunded,128329.08
RET0002332,O00018943,P00570,2025-02-17,Size Issue,Requested,127.10
RET0002333,O00024522,P01047,2025-02-17,Changed Mind,Rejected,97274.78
RET0002334,O00006771,P01099,2024-12-21,Wrong Item,Rejected,124779.18
RET0002335,O00004034,P00785,2026-07-27,Quality Issue,Refunded,7841.76
RET0002336,O00017586,P01146,2026-05-02,Wrong Item,Rejected,23283.39
RET0002337,O00018382,P00401,2025-02-05,Size Issue,Refunded,49237.67
RET0002338,O00000789,P00663,2024-03-01,Wrong Item,Approved,28738.36
RET0002339,O00024422,P00082,2024-03-17,Changed Mind,Rejected,26188.17
RET0002340,O00016572,P01130,2024-11-27,Wrong Item,Approved,11571.17
RET0002341,O00005595,P00916,2024-06-04,Changed Mind,Approved,31579.29
RET0002342,O00014150,P00097,2026-06-29,Wrong Item,Approved,61044.72
RET0002343,O00016937,P00305,2026-01-26,Changed Mind,Approved,56260.57
RET0002344,O00008671,P00531,2026-06-27,Quality Issue,Approved,27677.33
RET0002345,O00016877,P00850,2024-11-10,Quality Issue,Refunded,20723.98
RET0002346,O00003333,P00165,2024-08-22,Size Issue,Requested,171377.37
RET0002347,O00020623,P00081,2026-07-10,Damaged,Refunded,192385.21
RET0002348,O00007639,P00533,2026-01-28,Damaged,Rejected,129592.86
RET0002349,O00008695,P00067,2024-07-29,Late Delivery,Refunded,2171.97
RET0002350,O00006048,P00311,2025-01-17,Damaged,Approved,14271.49
RET0002351,O00022565,P00113,2025-06-28,Quality Issue,Approved,215785.84
RET0002352,O00011011,P00605,2024-11-03,Quality Issue,Approved,39982.81
RET0002353,O00023394,P99999,2026-05-21,Damaged,Rejected,28793.73
RET0002354,O00003582,P00327,2025-12-26,Wrong Item,Approved,40968.40
RET0002355,O00015317,P00723,2025-03-08,Quality Issue,Refunded,309.11
RET0002356,O00023171,P00059,2025-04-06,Wrong Item,Requested,21902.30
RET0002357,O00020290,P00808,2025-05-24,Changed Mind,Rejected,54889.29
RET0002358,O00001692,P00712,2024-03-22,Damaged,Requested,3693.58
RET0002359,O00014510,P00836,2024-08-27,Late Delivery,Refunded,5382.46
RET0002360,O00004084,P00394,2024-06-15,Wrong Item,Approved,38795.00
RET0002361,O00019316,P00270,2024-02-14,Late Delivery,Rejected,2711.11
RET0002362,O00022744,P01174,2025-10-14,Quality Issue,Requested,117219.15
RET0002363,O00002266,P00871,2024-08-10,Changed Mind,Approved,31136.50
RET0002364,O00012229,P00452,2026-04-11,Changed Mind,Requested,77557.34
RET0002365,O00011383,P00623,2025-03-20,Size Issue,Refunded,144758.79
RET0002366,O00011953,P00121,2025-08-31,Changed Mind,Refunded,141020.46
RET0002367,O00016685,P00517,2024-03-16,Not as Described,Requested,88432.90
RET0002368,O00019550,P00572,2024-11-02,Not as Described,Rejected,104527.80
RET0002369,O00002473,P00271,2024-09-29,Quality Issue,Refunded,23558.23
RET0002370,O00005326,P00822,2024-10-16,Damaged,Requested,101911.89
RET0002371,O00001900,P00828,2024-05-23,Size Issue,Approved,25282.34
RET0002372,O00003076,P00990,2024-07-24,Wrong Item,Requested,332733.56
RET0002373,O00015175,P00096,2025-07-20,Size Issue,Requested,53553.08
RET0002374,O00014683,P00517,2026-05-15,Late Delivery,Approved,88916.41
RET0002375,O00001194,P01053,2026-06-16,Wrong Item,Requested,88805.56
RET0002376,O00000660,P00080,2026-01-14,Size Issue,Approved,25589.50
RET0002377,O00004198,P00058,2025-01-03,Wrong Item,Approved,72562.09
RET0002378,O00005994,P00522,2025-08-13,Damaged,Refunded,89038.44
RET0002379,O00002825,P00445,2026-04-26,Changed Mind,Requested,128129.00
RET0002380,O00012473,P01099,2025-05-30,Not as Described,Refunded,7357.92
RET0002381,O00022139,P00639,2025-10-24,Not as Described,Approved,116484.48
RET0002382,O00016012,P00293,2024-09-02,Quality Issue,Requested,4877.88
RET0002383,O00007634,P00060,2024-10-28,Wrong Item,Approved,159142.58
RET0002384,O00024207,P00344,2024-05-25,Size Issue,Approved,103789.71
RET0002385,O00005707,P00559,2024-09-04,Quality Issue,Refunded,197313.28
RET0002386,O00008599,P00758,2025-10-11,Wrong Item,Requested,108781.12
RET0002387,O00013356,P00336,2025-09-04,Quality Issue,Approved,189586.67
RET0002388,O00016451,P00104,2025-08-23,Size Issue,Rejected,20008.42
RET0002389,O00020572,P01081,2024-03-21,Not as Described,Requested,5237.06
RET0002390,O00021260,P00391,2024-10-25,Damaged,Refunded,49762.08
RET0002391,O00013516,P00856,2024-09-20,Not as Described,Approved,10496.27
RET0002392,O00018977,P00413,2025-03-11,Quality Issue,Rejected,4393.51
RET0002393,O00014538,P00445,2025-10-14,Quality Issue,Rejected,115593.96
RET0002394,O00018995,P00991,2026-06-15,Changed Mind,Requested,237759.45
RET0002395,O00010361,P00761,2024-06-30,Size Issue,Refunded,830.63
RET0002396,O00007310,P00512,2024-11-22,Late Delivery,Requested,1405.30
RET0002397,O00024797,P00996,2024-06-28,Changed Mind,Requested,29542.24
RET0002398,O00014576,P00749,2024-08-01,Quality Issue,Rejected,83784.90
RET0002399,O00023988,P00390,2025-12-04,Changed Mind,Refunded,4538.09
RET0002400,O00003328,P00582,2025-02-10,Not as Described,Rejected,12368.44
RET0002401,O00003448,P00691,2025-03-14,Not as Described,Approved,1241.40
RET0002402,O00006694,P01084,2024-11-17,Late Delivery,Rejected,89178.40
RET0002403,O00019337,P00995,2026-06-14,Damaged,Requested,19626.87
RET0002404,O00009595,P00773,2025-11-21,Damaged,Requested,7358.28
RET0002405,O00002716,P00820,2024-04-13,Damaged,Approved,64558.58
RET0002406,O00020641,P01049,2025-10-27,Damaged,Requested,12840.63
RET0002407,O00012649,P00902,2024-08-03,Late Delivery,Rejected,2055.44
RET0002408,O00020003,P00180,2025-12-18,Wrong Item,Refunded,57633.80
RET0002409,O00022494,P00195,2024-02-01,Damaged,Requested,59792.24
RET0002410,O00009344,P00799,2025-10-06,Not as Described,Rejected,80631.53
RET0002411,O00002772,P00456,2024-04-18,Changed Mind,Refunded,10192.33
RET0002412,O00015797,P00408,2025-04-28,Quality Issue,Approved,4928.15
RET0002413,O00016070,P00086,2024-01-21,Changed Mind,Approved,16493.77
RET0002414,O00012065,P00654,2026-06-01,Not as Described,Refunded,93005.53
RET0002415,O00023100,P00303,2025-07-03,Late Delivery,Rejected,44955.56
RET0002416,O00022429,P00427,2026-02-01,Damaged,Requested,51229.82
RET0002417,O00004502,P00822,2026-04-15,Late Delivery,Requested,66202.36
RET0002418,O00020228,P00823,2025-07-07,Quality Issue,Approved,401378.62
RET0002419,O00011453,P00549,2025-07-19,Changed Mind,Requested,3116.68
RET0002420,O00005036,P00768,2025-12-26,Late Delivery,Rejected,162906.30
RET0002421,O00014466,P01010,2024-12-18,Size Issue,Requested,1071.75
RET0002422,O99999999,P00421,2025-02-24,Not as Described,Approved,3535.70
RET0002423,O00014037,P00506,2026-07-13,Wrong Item,Requested,64524.96
RET0002424,O00005471,P01079,2025-04-21,Damaged,Requested,121464.13
RET0002425,O00006856,P01161,2025-09-20,,Requested,25974.30
RET0002426,O00017069,P00108,2025-08-23,Damaged,Refunded,861.79
RET0002427,O00021840,P00140,2024-10-08,Damaged,Requested,12310.12
RET0002428,O00008942,P01012,2025-02-13,Quality Issue,Rejected,32586.00
RET0002429,O00010494,P00986,2025-01-22,Size Issue,Requested,13204.40
RET0002430,O00000608,P00525,2024-05-16,Wrong Item,Rejected,8863.80
RET0002431,O00017544,P00006,2025-07-19,Quality Issue,Refunded,14159.66
RET0002432,O00004663,P00961,2025-12-15,Changed Mind,Approved,24609.70
RET0002433,O00002162,P00149,2024-11-01,Size Issue,Refunded,50645.64
RET0002434,O00020288,P00393,2024-10-16,Damaged,Requested,570015.08
RET0002435,O00021237,P00062,2024-04-07,Quality Issue,Approved,283564.61
RET0002436,O00002888,P00212,2025-09-04,Size Issue,Approved,222461.47
RET0002437,O00012799,P00008,2025-08-06,Changed Mind,Rejected,142348.38
RET0002438,O00009694,P00571,2024-11-08,Quality Issue,Rejected,31871.44
RET0002439,O00003582,P00109,2026-01-25,Late Delivery,Refunded,66687.43
RET0002440,O00024263,P00757,2025-08-29,Quality Issue,Requested,102977.25
RET0002441,O00024624,P00495,2024-04-16,Wrong Item,Approved,140736.33
RET0002442,O00008804,P00903,2025-10-13,Late Delivery,Requested,180962.43
RET0002443,O00022321,P00267,2025-08-17,Changed Mind,Refunded,2639.81
RET0002444,O00013890,P00521,2025-04-21,Not as Described,Rejected,172380.63
RET0002445,O00004548,P00497,2026-05-15,Wrong Item,Refunded,42459.71
RET0002446,O00023766,P00530,2024-03-02,Wrong Item,Refunded,26390.42
RET0002447,O00017838,P01000,2024-05-25,Size Issue,Rejected,39035.55
RET0002448,O00005658,P00251,2026-02-12,Wrong Item,Approved,29320.61
RET0002449,O00004525,P00477,2025-01-08,Damaged,Requested,122376.01
RET0002450,O00012019,P00353,2025-08-11,Changed Mind,Refunded,60603.51
RET0002451,O00008662,P00180,2024-08-11,Wrong Item,Rejected,380131.58
RET0002452,O00009089,P00154,2024-07-31,Damaged,Refunded,4078.29
RET0002453,O00020624,P00809,2024-12-16,Late Delivery,Rejected,4675.32
RET0002454,O00012818,P00129,2026-05-07,Changed Mind,Approved,2157.62
RET0002455,O00001926,P00679,2026-02-22,Quality Issue,Rejected,120631.96
RET0002456,O00014260,P00425,2025-06-29,Size Issue,Rejected,33661.25
RET0002457,O00006955,P01064,2024-10-12,Not as Described,Approved,32492.26
RET0002458,O00010908,P01035,2025-03-04,Late Delivery,Approved,119140.89
RET0002459,O00002455,P00062,2026-04-07,Late Delivery,Refunded,88832.84
RET0002460,O00005502,P00657,2024-04-21,Changed Mind,Rejected,74603.99
RET0002461,O00000195,P00764,2026-04-06,Size Issue,Refunded,13679.35
RET0002462,O00010488,P01105,2024-12-06,Not as Described,Refunded,61390.60
RET0002463,O00021380,P01138,2026-03-01,Not as Described,Requested,254730.87
RET0002464,O00017021,P00163,2024-06-25,Not as Described,Requested,49041.01
RET0002465,O00022213,P00760,2025-08-14,Size Issue,Requested,87750.43
RET0002466,O00014153,P01164,2025-06-30,Quality Issue,Refunded,3225.42
RET0002467,O00019528,P01100,2025-06-09,Quality Issue,Refunded,48680.00
RET0002468,O00015557,P00021,2026-04-26,Changed Mind,Approved,47829.89
RET0002469,O00024003,P00900,2024-06-09,Quality Issue,Rejected,20907.41
RET0002470,O00018259,P00897,2025-03-13,Quality Issue,Rejected,67141.01
RET0002471,O00019367,P00102,2024-03-30,Damaged,Refunded,65551.14
RET0002472,O00018118,P01062,2025-11-14,Damaged,Approved,137328.47
RET0002473,O00012217,P00971,2026-03-28,Not as Described,Refunded,166231.99
RET0002474,O00010514,P00708,2025-10-27,Size Issue,Refunded,42658.92
RET0002475,O00011052,P00258,2026-06-29,Late Delivery,Rejected,232462.94
RET0002476,O00005591,P00364,2025-06-12,Changed Mind,Refunded,11411.37
RET0002477,O00004412,P01065,2024-11-22,Not as Described,Requested,67416.44
RET0002478,O00017244,P00375,2025-06-04,Late Delivery,Refunded,60714.91
RET0002479,O00024345,P00237,2025-06-03,Quality Issue,Refunded,284605.07
RET0002480,O00008625,P00273,2024-08-11,Damaged,Approved,3677.76
RET0002481,O00000035,P00075,2025-06-13,Size Issue,Rejected,2452.70
RET0002482,O00016206,P00971,2025-12-18,Not as Described,Rejected,27074.18
RET0002483,O00023256,P00667,2025-10-12,Wrong Item,Approved,166967.77
RET0002484,O00020396,P01173,2025-05-11,Quality Issue,Refunded,9024.46
RET0002485,O00016121,P01096,2026-05-09,Not as Described,Approved,1366.58
RET0002486,O00007775,P00369,2026-05-15,Not as Described,Requested,71316.56
RET0002487,O00015145,P00364,2025-04-29,Size Issue,Requested,33504.68
RET0002488,O00010522,P00344,2026-06-16,Wrong Item,Requested,50618.26
RET0002489,O00017515,P00760,2025-05-29,Damaged,Approved,43260.22
RET0002490,O00009149,P00563,2024-06-16,Late Delivery,Rejected,6570.93
RET0002491,O00006583,P00759,2024-05-24,Quality Issue,Rejected,5233.34
RET0002492,O00014222,P01112,2024-05-13,Size Issue,Rejected,45710.00
RET0002493,O00007338,P01020,2025-03-21,Size Issue,Refunded,3167.11
RET0002494,O00006811,P01074,2024-04-27,Size Issue,Requested,171141.96
RET0002495,O00005108,P00796,2024-02-25,Damaged,Refunded,309915.21
RET0002496,O00008688,P00790,2024-11-25,Size Issue,Rejected,40196.26
RET0002497,O00004083,P00418,2024-04-30,Size Issue,Approved,3752.80
RET0002498,O00008906,P00576,2024-01-28,Wrong Item,Requested,44570.71
RET0002499,O00003663,P01010,2024-09-11,Size Issue,Refunded,3732.75
RET0002500,O00008386,P00008,2025-06-09,Late Delivery,Approved,236205.07
RET0002501,O00019291,P00888,2026-01-09,Wrong Item,Requested,155201.58
RET0002502,O00008105,P00442,2026-05-07,Damaged,Rejected,35093.96
RET0002503,O00021981,P00709,2025-12-16,Changed Mind,Refunded,16363.31
RET0002504,O00001221,P00116,2025-01-26,Late Delivery,Requested,249565.58
RET0002505,O00005853,P00504,2025-02-22,Wrong Item,Approved,77861.43
RET0002506,O00015298,P00844,2026-06-22,Damaged,Approved,121308.16
RET0002507,O00022126,P00734,2026-04-23,Damaged,Requested,113709.79
RET0002508,O00008866,P00011,2025-03-23,Damaged,Approved,35470.92
RET0002509,O00001057,P00989,2026-05-10,Size Issue,UNKNOWN,297150.77
RET0002510,O00020128,P00498,2025-10-09,Quality Issue,Requested,20896.68
RET0002511,O00017654,P00866,2025-07-19,Wrong Item,Requested,219186.35
RET0002512,O00023231,P00040,2025-08-31,Not as Described,Approved,25509.29
RET0002513,O00002634,P00352,2025-10-04,Wrong Item,Approved,10792.67
RET0002514,O00016993,P00094,2024-10-31,Not as Described,Approved,47250.77
RET0002515,O00009370,P00096,2024-08-03,Damaged,Refunded,716.93
RET0002516,O00007242,P01148,2024-06-06,Wrong Item,Approved,23166.99
RET0002517,O00008887,P00281,2024-10-09,Quality Issue,Requested,29929.96
RET0002518,O00005643,P00983,2024-08-12,Late Delivery,Requested,205998.74
BADRET2519,O00002822,P00220,2025-03-17,Not as Described,Requested,151756.78
RET0002520,O00001001,P00828,2026-02-10,Wrong Item,Approved,120571.84
RET0002521,O00005704,P00517,2024-05-08,Late Delivery,Refunded,95164.93
RET0002522,O00012640,P01134,2024-11-22,,Refunded,13957.41
RET0002523,O00009656,P00556,2026-07-19,Changed Mind,Requested,4657.51
RET0002524,O00020891,P00671,2024-10-13,Damaged,Refunded,147713.07
RET0002525,O00005004,P00708,2025-04-15,Changed Mind,Requested,22930.12
RET0002526,O00022738,P00874,2024-12-29,Quality Issue,Rejected,7080.72
RET0002527,O00013996,P00046,2026-06-18,Quality Issue,Refunded,131428.24
RET0002528,O00011874,P01038,2025-10-12,Wrong Item,Rejected,112686.73
RET0002529,O00003645,P00751,2024-09-14,Late Delivery,Requested,1814.25
RET0002530,O00010886,P00760,2024-08-09,Damaged,Approved,6689.71
RET0002531,O00007245,P00516,2026-02-09,Not as Described,Requested,156382.22
RET0002532,O00024572,P01074,2024-04-18,Late Delivery,Requested,-10
RET0002533,O00022484,P01034,2024-02-26,Changed Mind,Approved,236523.31
RET0002534,O00006293,P99999,2024-01-22,Not as Described,Rejected,25367.50
RET0002535,O00003115,P01028,2025-05-15,Damaged,Requested,29765.47
RET0002536,O00000424,P00861,2025-02-05,Late Delivery,Approved,23293.96
RET0002537,O00004229,P00167,2025-09-12,Quality Issue,Approved,46885.53
RET0002538,O00012855,P00817,2024-05-24,Damaged,Refunded,30570.13
RET0002539,O00002975,P01077,2026-02-01,Changed Mind,Approved,51527.71
RET0002540,O00004618,P00830,2024-10-04,Damaged,Approved,4241.21
RET0002541,O00008663,P00543,2026-03-04,Not as Described,Rejected,23752.82
RET0002542,O00013158,P00175,2025-11-08,Changed Mind,Rejected,265176.11
RET0002543,O00012830,P00574,2025-07-31,Quality Issue,Requested,2939.23
RET0002544,O00020186,P00718,2026-05-23,Quality Issue,Requested,419363.30
RET0002545,O00022535,P00127,2026-04-07,Damaged,Approved,17727.41
RET0002546,O00001518,P00967,2026-01-24,Late Delivery,Requested,9634.39
RET0002547,O00022407,P00699,2024-08-16,Changed Mind,Approved,18724.21
RET0002548,O00016168,P00661,2025-09-07,Wrong Item,Refunded,182604.06
RET0002549,O00020698,P00320,2024-05-02,Quality Issue,Refunded,27970.29
RET0002550,O00000801,P00256,2024-03-30,Size Issue,Refunded,87102.57
RET0002551,O00018382,P00401,2025-02-24,Changed Mind,Rejected,39708.76
RET0002552,O00000259,P00420,2025-05-18,Wrong Item,Approved,12426.96
RET0002553,O00008469,P00537,2025-08-27,Late Delivery,Rejected,264011.81
RET0002554,O00014871,P00443,2026-07-05,Wrong Item,Approved,103749.06
RET0002555,O00014870,P00435,2024-04-02,Wrong Item,Requested,92871.18
RET0002556,O00007731,P00889,2024-12-30,Quality Issue,Rejected,54099.36
RET0002557,O00013716,P01116,2025-10-05,Wrong Item,Rejected,281746.55
RET0002558,O00009014,P00811,2025-12-30,Wrong Item,Refunded,67705.24
RET0002559,O00011463,P00085,2025-03-08,Changed Mind,Rejected,241350.55
RET0002560,O00022428,P00127,2024-09-14,Late Delivery,Rejected,78701.54
RET0002561,O00018638,P00359,2024-01-21,Quality Issue,Refunded,169875.00
RET0002562,O00008445,P00435,2026-01-13,Wrong Item,Approved,68944.98
RET0002563,O00012213,P00876,2024-02-25,Damaged,Rejected,28515.30
RET0002564,O00007585,P00978,2026-07-10,Size Issue,Requested,37505.28
RET0002565,O00007965,P00681,2026-04-21,Damaged,Refunded,78604.59
RET0002566,O00008135,P00906,2024-07-01,Not as Described,Approved,24895.97
RET0002567,O00001923,P00137,2024-11-20,Size Issue,Refunded,11193.03
RET0002568,O00012102,P01040,2024-11-18,Damaged,Requested,184808.52
RET0002569,O00006603,P00978,2025-10-27,Late Delivery,Approved,41060.33
RET0002570,O00014948,P01162,2025-03-08,Damaged,Refunded,353676.23
RET0002571,O00012563,P00440,2025-11-27,Quality Issue,Refunded,115606.64
RET0002572,O00018531,P00360,2026-01-10,Late Delivery,Refunded,68792.82
RET0002573,O00008924,P00498,2025-09-12,Size Issue,Approved,23717.64
RET0002574,O00023478,P00095,2025-11-18,Late Delivery,Requested,37260.93
RET0002575,O00023355,P00396,2025-06-12,Late Delivery,Approved,29067.41
RET0002576,O00001964,P00416,2024-11-15,Damaged,Refunded,186660.03
RET0002577,O00005973,P00720,2025-12-03,Quality Issue,Refunded,90510.48
RET0002578,O00009968,P00765,2024-02-19,Quality Issue,Requested,87757.98
RET0002579,O00000916,P00592,2025-05-21,Not as Described,Refunded,113529.68
RET0002580,O00007582,P00236,2025-02-18,Late Delivery,Requested,173852.66
RET0002581,O00008566,P00725,2026-03-31,Changed Mind,Rejected,4017.47
RET0002582,O00018059,P00343,2024-02-08,Wrong Item,Requested,117112.50
RET0002583,O00021179,P00282,2025-04-13,Not as Described,Refunded,1574.42
RET0002584,O00022517,P00833,2026-02-07,Wrong Item,Refunded,52461.18
RET0002585,O00002581,P00497,2024-08-30,Changed Mind,Refunded,48440.07
RET0002586,O00018546,P00180,2025-03-25,Not as Described,Requested,146893.58
RET0002587,O00019192,P00034,2024-01-23,Quality Issue,Refunded,30488.00
RET0002588,O00006737,P00310,2024-09-25,Wrong Item,Requested,7111.74
RET0002589,O00017504,P00856,2025-01-24,Damaged,Approved,75494.47
RET0002590,O00004664,P00640,2025-03-29,Not as Described,Refunded,196406.47
RET0002591,O00002646,P01076,2024-07-10,Quality Issue,Rejected,50480.77
RET0002592,O00011551,P00886,2025-08-25,Late Delivery,Refunded,16190.33
RET0002593,O00022843,P00334,2024-08-08,Damaged,Rejected,375668.49
RET0002594,O00001601,P00136,2025-07-11,Changed Mind,Requested,319888.54
RET0002595,O99999999,P00125,2024-09-16,Not as Described,Requested,195420.28
RET0002596,O00023215,P00645,2026-04-01,Damaged,Approved,6706.99
RET0002597,O00017233,P00411,2026-05-17,Late Delivery,Requested,59453.06
RET0002598,O00013474,P00731,2025-07-08,Not as Described,Rejected,76136.06
RET0002599,O00021336,P00948,2026-03-07,Not as Described,Refunded,67651.80
RET0002600,O00013960,P00275,2025-09-08,Wrong Item,Rejected,13704.64
RET0002601,O00018672,P00371,2024-09-02,Damaged,Approved,112906.30
RET0002602,O00003587,P00739,2025-07-08,Not as Described,Refunded,20746.75
RET0002603,O00014690,P01060,2026-06-15,Late Delivery,Requested,44865.19
RET0002604,O00006377,P00322,2025-02-12,Late Delivery,Rejected,136675.82
RET0002605,O00014735,P00055,2026-06-19,Damaged,Approved,9690.75
RET0002606,O00005186,P00454,2024-03-22,Damaged,Rejected,53143.24
RET0002607,O00011113,P00745,2024-06-29,Damaged,Requested,9507.81
RET0002608,O00021303,P00432,2024-11-07,Not as Described,Approved,56316.40
RET0002609,O00007470,P00888,2024-10-04,Size Issue,Rejected,1024.47
RET0002610,O00010424,P00243,2026-04-28,Changed Mind,Refunded,211801.38
RET0002611,O00005146,P00132,2026-03-14,Quality Issue,Approved,26811.98
RET0002612,O00009405,P00186,2025-06-22,Damaged,Refunded,49723.00
RET0002613,O00012147,P00454,2024-06-12,Damaged,Requested,69104.51
RET0002614,O00003346,P00785,2024-02-09,Changed Mind,Approved,9146.71
RET0002615,O00014362,P01004,2025-07-22,Late Delivery,Refunded,83459.14
RET0002616,O00002228,P00099,2024-06-08,Size Issue,Approved,98006.84
RET0002617,O00002728,P01056,2026-01-01,Changed Mind,Requested,62287.60
RET0002618,O00016585,P00652,2026-07-10,Damaged,Rejected,127316.89
RET0002619,O00013172,P00941,2024-06-30,,Requested,112180.46
RET0002620,O00009382,P00305,2024-06-06,Changed Mind,Approved,58276.55
RET0002621,O00004009,P00552,2026-07-07,Late Delivery,Approved,17000.99
RET0002622,O00010177,P01058,2024-05-12,Damaged,Requested,21206.97
RET0002623,O00024384,P00206,2024-06-26,Damaged,Rejected,16122.64
RET0002624,O00005920,P00992,2025-01-05,Changed Mind,Refunded,2879.63
RET0002625,O00003352,P00277,2024-07-26,Not as Described,Requested,2715.87
RET0002626,O00003417,P00520,2026-04-12,Changed Mind,Rejected,22580.79
RET0002627,O00012563,P00980,2025-11-16,Quality Issue,Refunded,164348.49
RET0002628,O00019995,P00436,2026-07-11,Wrong Item,Refunded,68721.69
RET0002629,O00019484,P00306,2025-11-23,Changed Mind,Requested,71907.70
RET0002630,O00023713,P00216,2024-12-06,Quality Issue,Requested,9977.24
RET0002631,O00007423,P01050,2025-07-15,Late Delivery,Refunded,57090.91
RET0002632,O00003654,P01022,2026-01-21,Late Delivery,Requested,167246.30
RET0002633,O00002033,P01036,2024-03-02,Quality Issue,Rejected,243048.77
RET0002634,O00021080,P01090,2025-10-10,Wrong Item,Rejected,6992.70
RET0002635,O00007503,P00922,2024-05-21,Not as Described,Rejected,110325.70
RET0002636,O00012563,P00676,2025-12-07,Wrong Item,Refunded,72912.12
RET0002637,O00016150,P00378,2024-04-25,Quality Issue,Approved,92624.95
RET0002638,O00008871,P00943,2024-05-16,Size Issue,Approved,21799.74
RET0002639,O00018473,P01082,2024-12-10,Not as Described,Requested,72157.62
RET0002640,O00003205,P00578,2025-10-30,Size Issue,Refunded,7431.19
RET0002641,O00017632,P00827,2025-04-05,Wrong Item,Approved,1218.00
RET0002642,O00015797,P00408,2025-04-17,Changed Mind,Rejected,11932.97
RET0002643,O00018695,P00837,2024-12-20,Size Issue,Refunded,7391.23
RET0002644,O00016922,P00258,2025-10-14,Changed Mind,Approved,16334.29
RET0002645,O00014050,P00509,2024-06-30,Wrong Item,Rejected,93815.41
RET0002646,O00000966,P00914,2025-04-06,Damaged,Approved,11034.60
RET0002647,O00010398,P00443,2026-05-06,Wrong Item,Rejected,142231.77
RET0002648,O00012303,P00399,2025-07-16,Damaged,Rejected,18842.70
RET0002649,O00009226,P00656,2024-10-15,Changed Mind,Approved,14764.95
RET0002650,O00016139,P00590,2024-02-19,Size Issue,Rejected,12448.77
RET0002651,O00005371,P00369,2026-06-20,Not as Described,Requested,17421.89
RET0002652,O00016687,P00650,2024-02-15,Size Issue,Rejected,19288.20
RET0002653,O00012212,P00885,2025-12-17,Not as Described,Approved,18712.93
RET0002654,O00023376,P01077,2026-04-12,Wrong Item,Approved,161035.03
RET0002655,O00022665,P00725,2024-12-12,Size Issue,Approved,7951.34
RET0002656,O00006158,P00183,2024-10-03,Not as Described,Approved,7081.83
RET0002657,O00015904,P01164,2026-03-02,Late Delivery,Approved,3375.26
RET0002658,O00011076,P00572,2024-11-16,Quality Issue,Rejected,190962.40
RET0002659,O00003777,P00814,2024-09-12,Damaged,Approved,85149.57
RET0002660,O00014090,P00831,2026-04-15,Changed Mind,Refunded,5458.40
RET0002661,O00021720,P00788,2024-09-27,Size Issue,Rejected,159.63
RET0002662,O00001072,P00006,2026-07-09,Damaged,Approved,113810.69
RET0002663,O00004186,P00293,2024-06-03,Not as Described,Requested,20792.61
RET0002664,O00000843,P00046,2025-09-13,Wrong Item,Requested,28260.45
RET0002665,O00002460,P00521,2024-03-21,Size Issue,Refunded,163495.87
RET0002666,O00001550,P00155,2026-02-21,Late Delivery,Refunded,294570.09
RET0002667,O00021593,P00285,2026-02-24,Wrong Item,Refunded,114167.00
RET0002668,O00010015,P01164,2024-07-12,Changed Mind,Approved,24011.99
RET0002669,O00004462,P00251,2024-09-08,Changed Mind,Approved,35892.96
RET0002670,O00017371,P00516,2025-06-18,Quality Issue,Requested,115175.59
RET0002671,O00000399,P00466,2026-04-05,Late Delivery,Rejected,83958.73
RET0002672,O00014617,P00906,2025-08-17,Wrong Item,Requested,284620.94
RET0002673,O00017486,P00138,2025-12-31,Wrong Item,Rejected,199252.98
RET0002674,O00014221,P00193,2025-09-15,Not as Described,Approved,140622.72
RET0002675,O00018644,P00871,2025-12-23,Quality Issue,Requested,21097.27
RET0002676,O00009100,P00571,2024-07-17,Quality Issue,Refunded,90444.25
RET0002677,O00002174,P00863,2024-09-11,Changed Mind,Requested,146791.78
RET0002678,O00012696,P01089,2026-02-14,Late Delivery,Requested,173497.81
RET0002679,O00005718,P00375,2026-06-10,Quality Issue,Requested,275615.98
RET0002680,O00001065,P00875,2024-07-01,Damaged,Refunded,6187.37
RET0002681,O00008203,P01084,2025-09-29,Wrong Item,Refunded,78817.60
RET0002682,O00017089,P00053,2025-05-15,Late Delivery,Rejected,113792.45
RET0002683,O00020535,P00798,2024-08-08,Quality Issue,Rejected,11392.94
RET0002684,O00017119,P00031,2025-12-06,Wrong Item,Approved,74857.36
RET0002685,O00000037,P00577,2024-03-20,Quality Issue,Refunded,1601.86
RET0002686,O00014097,P00931,2024-12-22,Size Issue,Refunded,5596.50
RET0002687,O00003243,P00797,2025-12-21,Size Issue,Rejected,110073.53
RET0002688,O00008974,P00600,2025-02-07,Not as Described,Rejected,52486.64
RET0002689,O00016858,P01099,2024-11-03,Wrong Item,Approved,3351.76
RET0002690,O00009702,P00846,2025-06-24,Changed Mind,Approved,109681.80
RET0002691,O00008580,P00556,2024-05-12,Not as Described,Requested,2830.69
RET0002692,O00012406,P00985,2026-08-01,Changed Mind,Rejected,4649.98
RET0002693,O00002623,P00408,2025-02-07,Quality Issue,Refunded,61778.35
RET0002694,O00011049,P00445,2026-05-25,Changed Mind,Requested,61578.85
RET0002695,O00012326,P00169,2025-07-14,Damaged,Rejected,8062.13
RET0002696,O00023138,P00558,2024-03-02,Late Delivery,Approved,5302.80
RET0002697,O00023427,P00772,2025-03-26,Size Issue,Approved,22807.29
RET0002698,O00022047,P00243,2025-10-29,Quality Issue,Approved,130900.66
RET0002699,O00018161,P00207,2024-06-20,Wrong Item,Refunded,189490.56
RET0002700,O00003444,P00014,2025-11-30,Not as Described,Rejected,385994.73
RET0002701,O00014715,P00204,2024-07-07,Size Issue,Rejected,30153.67
RET0002702,O00004606,P00385,2024-07-03,Quality Issue,UNKNOWN,28582.68
RET0002703,O00017879,P00685,2024-03-12,Size Issue,Rejected,226248.04
RET0002704,O00007685,P00062,2024-10-31,Wrong Item,Refunded,217070.29
RET0002705,O00010989,P00179,2024-05-14,Not as Described,Requested,139071.33
RET0002706,O00001318,P01051,2025-04-19,Quality Issue,Rejected,20180.45
RET0002707,O00019715,P00581,2024-05-17,Wrong Item,Rejected,38542.10
RET0002708,O00009029,P01174,2025-03-09,Late Delivery,Requested,94472.26
RET0002709,O00015391,P00975,2024-10-19,Damaged,Approved,46189.01
RET0002710,O00024606,P00687,2024-12-31,Not as Described,Refunded,8868.22
RET0002711,O00015453,P00298,2025-06-21,Damaged,Requested,73400.75
RET0002712,O00013607,P00518,2025-11-25,Not as Described,Refunded,241149.11
RET0002713,O00015914,P00975,2026-03-02,Quality Issue,Rejected,42758.35
RET0002714,O00014057,P00779,2026-07-15,Size Issue,Refunded,76571.66
RET0002715,O00007792,P99999,2024-12-23,Not as Described,Approved,238297.94
RET0002716,O00008711,P00587,2024-03-02,,Rejected,2530.64
RET0002717,O00002281,P00093,2026-07-10,Not as Described,Approved,82922.54
RET0002718,O00008458,P01022,2024-09-29,Damaged,Approved,84955.06
RET0002719,O00000855,P00735,2025-07-14,Damaged,Approved,2366.05
RET0002720,O00005447,P00954,2024-03-03,Wrong Item,Rejected,589.82
RET0002721,O00007070,P01049,2024-03-11,Late Delivery,Refunded,639.32
RET0002722,O00021573,P00159,2024-03-12,Late Delivery,Requested,657.30
RET0002723,O00022976,P00310,2024-12-02,Changed Mind,Rejected,107635.19
RET0002724,O00015941,P00976,2026-07-11,Late Delivery,Refunded,7049.85
RET0002725,O00016918,P00880,2025-12-16,Damaged,Rejected,43403.39
RET0002726,O00024179,P00210,2025-11-27,Wrong Item,Requested,819.36
RET0002727,O00001122,P01176,2025-10-03,Not as Described,Rejected,29674.41
RET0002728,O00010920,P00331,2024-12-02,Quality Issue,Refunded,96595.70
RET0002729,O00010717,P01152,2025-02-13,Not as Described,Approved,3229.96
RET0002730,O00019292,P00849,2025-04-23,Size Issue,Approved,266704.25
RET0002731,O00001206,P00919,2025-02-01,Size Issue,Approved,83763.67
RET0002732,O00013253,P00642,2024-10-03,Wrong Item,Approved,17491.83
RET0002733,O00001861,P00394,2024-03-02,Quality Issue,Requested,6151.40
RET0002734,O00001756,P00772,2025-01-27,Late Delivery,Requested,28897.32
RET0002735,O00002799,P00123,2025-12-24,Late Delivery,Approved,6689.13
RET0002736,O00024258,P00715,2024-05-21,Wrong Item,Rejected,4694.57
RET0002737,O00013405,P00071,2024-08-04,Damaged,Approved,41692.73
RET0002738,O00001087,P00609,2025-10-23,Quality Issue,Approved,116735.30
RET0002739,O00005806,P00252,2026-06-05,Size Issue,Requested,152328.62
RET0002740,O00011096,P00503,2024-07-11,Changed Mind,Approved,105383.93
RET0002741,O00015972,P01056,2025-12-02,Quality Issue,Approved,87421.64
RET0002742,O00023512,P00259,2025-12-10,Quality Issue,Requested,34569.05
RET0002743,O00015574,P00921,2026-01-23,Changed Mind,Requested,-10
RET0002744,O00005280,P01139,2025-01-10,Changed Mind,Requested,5975.85
RET0002745,O00004260,P01026,2025-07-11,Changed Mind,Refunded,10017.61
RET0002746,O00014244,P01178,2024-12-18,Damaged,Rejected,1338.82
RET0002747,O00021383,P00340,2024-03-11,Quality Issue,Requested,23721.97
BADRET2748,O00001621,P00845,2025-05-23,Late Delivery,Approved,173081.33
RET0002749,O00004606,P00385,2024-07-27,Quality Issue,Refunded,93624.54
RET0002750,O00024030,P00663,2024-09-27,Not as Described,Refunded,15603.68
RET0002751,O00018405,P00902,2024-09-17,Late Delivery,Approved,77071.97
RET0002752,O00010238,P01033,2026-06-19,Damaged,Requested,16524.23
RET0002753,O00002337,P01021,2025-03-14,Changed Mind,Refunded,111541.67
RET0002754,O00012929,P00751,2024-06-28,Quality Issue,Refunded,9301.72
RET0002755,O00022516,P00381,2025-06-26,Not as Described,Refunded,35149.18
RET0002756,O00007965,P01031,2026-04-21,Size Issue,Requested,62215.60
RET0002757,O00005013,P00396,2024-02-28,Size Issue,Refunded,7555.24
RET0002758,O00016124,P00550,2025-09-24,Damaged,Requested,273883.33
RET0002759,O00017093,P00322,2026-06-11,Late Delivery,Approved,9538.86
RET0002760,O00010972,P00762,2026-03-18,Wrong Item,Rejected,98985.66
RET0002761,O00010992,P00057,2024-05-18,Wrong Item,Rejected,9941.60
RET0002762,O00015699,P00391,2024-09-15,Wrong Item,Refunded,90122.55
RET0002763,O00018237,P00134,2024-02-07,Wrong Item,Rejected,2414.60
RET0002764,O00000835,P00857,2024-08-28,Not as Described,Approved,238602.46
RET0002765,O00013585,P00549,2024-12-04,Size Issue,Approved,205832.49
RET0002766,O00012777,P01064,2024-04-03,Size Issue,Refunded,24934.87
RET0002767,O00011611,P00689,2026-06-22,Damaged,Requested,38290.07
RET0002768,O99999999,P00855,2024-08-04,Late Delivery,Requested,16193.57
RET0002769,O00009199,P00891,2024-06-16,Not as Described,Rejected,3217.19
RET0002770,O00010720,P00169,2024-05-22,Late Delivery,Refunded,3814.54
RET0002771,O00024165,P00803,2025-10-30,Changed Mind,Rejected,6895.54
RET0002772,O00003630,P00541,2025-07-17,Quality Issue,Refunded,148752.05
RET0002773,O00010833,P01146,2025-04-06,Late Delivery,Approved,4881.15
RET0002774,O00019760,P00756,2024-05-18,Late Delivery,Approved,142821.01
RET0002775,O00023130,P00281,2025-10-02,Wrong Item,Rejected,169718.94
RET0002776,O00014753,P00278,2026-01-08,Changed Mind,Approved,46940.68
RET0002777,O00024439,P00720,2024-08-15,Changed Mind,Requested,48758.90
RET0002778,O00014839,P00478,2026-03-09,Not as Described,Rejected,8821.42
RET0002779,O00024258,P00715,2024-06-09,Not as Described,Requested,15740.21
RET0002780,O00002364,P01170,2024-05-08,Damaged,Rejected,50732.35
RET0002781,O00001391,P00036,2025-05-29,Changed Mind,Refunded,184641.22
RET0002782,O00011276,P00490,2025-11-19,Size Issue,Rejected,35406.59
RET0002783,O00002416,P00375,2024-05-03,Damaged,Rejected,89854.45
RET0002784,O00012328,P00016,2025-10-05,Wrong Item,Refunded,656.81
RET0002785,O00023136,P00561,2024-07-09,Size Issue,Refunded,1384.09
RET0002786,O00022687,P00618,2025-10-09,Quality Issue,Requested,200449.27
RET0002787,O00019345,P00541,2024-07-27,Late Delivery,Rejected,55669.50
RET0002788,O00014843,P00763,2025-08-31,Not as Described,Refunded,9798.72
RET0002789,O00016009,P00484,2024-04-29,Quality Issue,Requested,1179.97
RET0002790,O00005785,P00817,2024-05-17,Size Issue,Approved,188458.53
RET0002791,O00022764,P00619,2024-08-21,Damaged,Approved,4198.93
RET0002792,O00003757,P00625,2024-04-26,Late Delivery,Requested,144325.17
RET0002793,O00004901,P00112,2024-05-03,Changed Mind,Requested,11071.12
RET0002794,O00017990,P00932,2025-04-16,Late Delivery,Requested,184421.03
RET0002795,O00024740,P00310,2024-03-15,Not as Described,Requested,3057.61
RET0002796,O00013836,P00601,2024-06-19,Wrong Item,Refunded,36020.16
RET0002797,O00006961,P00605,2025-01-09,Late Delivery,Refunded,90829.85
RET0002798,O00003949,P00959,2024-10-08,Late Delivery,Rejected,6656.66
RET0002799,O00011859,P00103,2025-03-02,Quality Issue,Rejected,115902.49
RET0002800,O00010664,P00954,2025-03-13,Size Issue,Refunded,2225.79
RET0002801,O00007762,P00394,2024-05-20,Damaged,Requested,91878.77
RET0002802,O00006603,P00978,2025-10-04,Changed Mind,Approved,133213.93
RET0002803,O00020873,P00008,2024-10-20,Size Issue,Requested,10770.13
RET0002804,O00006813,P01152,2024-05-01,Not as Described,Approved,106598.81
RET0002805,O00013087,P00234,2024-02-21,Size Issue,Requested,27757.87
RET0002806,O00018453,P00823,2024-12-03,Size Issue,Rejected,1591.99
RET0002807,O00011610,P00566,2025-03-22,Size Issue,Approved,72032.14
RET0002808,O00001699,P00027,2024-06-05,Not as Described,Refunded,56977.94
RET0002809,O00022284,P00387,2025-03-28,Quality Issue,Approved,159850.66
RET0002810,O00013285,P01068,2024-02-29,Damaged,Refunded,1374.69
RET0002811,O00009898,P00853,2025-11-10,Not as Described,Rejected,1807.26
RET0002812,O00006599,P00266,2025-08-10,Size Issue,Requested,6561.49
RET0002813,O00002376,P00827,2025-09-05,,Requested,60888.39
RET0002814,O00010252,P00628,2025-03-03,Wrong Item,Approved,36332.53
RET0002815,O00008046,P00398,2025-05-20,Size Issue,Requested,31785.82
RET0002816,O00012640,P01134,2024-11-23,Size Issue,Refunded,18118.55
RET0002817,O00006526,P00183,2024-10-30,Quality Issue,Approved,54829.44
RET0002818,O00001679,P01099,2024-12-29,Late Delivery,Rejected,89057.02
RET0002819,O00016861,P01133,2025-11-11,Wrong Item,Requested,4807.40
RET0002820,O00018953,P00269,2024-09-13,Not as Described,Refunded,95271.14
RET0002821,O00024714,P00781,2024-08-02,Size Issue,Rejected,190405.88
RET0002822,O00005258,P00161,2024-11-10,Late Delivery,Refunded,2256.74
RET0002823,O00008605,P00793,2026-03-31,Quality Issue,Approved,78654.83
RET0002824,O00004011,P00401,2025-12-06,Changed Mind,Approved,19289.35
RET0002825,O00013204,P00547,2025-05-04,Damaged,Requested,441734.39
RET0002826,O00001472,P00210,2026-04-10,Not as Described,Requested,5868.62
RET0002827,O00019439,P00124,2025-03-31,Changed Mind,Approved,48350.16
RET0002828,O00022061,P00474,2024-08-21,Not as Described,Refunded,5162.37
RET0002829,O00015636,P00780,2025-07-07,Quality Issue,Requested,35973.07
RET0002830,O00000393,P00488,2025-10-26,Late Delivery,Approved,231913.72
RET0002831,O00003245,P00416,2025-03-24,Size Issue,Refunded,38398.59
RET0002832,O00015175,P00575,2025-07-25,Changed Mind,Approved,46845.26
RET0002833,O00012381,P00248,2024-09-23,Not as Described,Approved,171016.73
RET0002834,O00023080,P00413,2025-11-28,Not as Described,Requested,3438.66
RET0002835,O00008003,P00671,2024-02-02,Size Issue,Approved,217412.93
RET0002836,O00017182,P00014,2025-07-29,Late Delivery,Rejected,147885.21
RET0002837,O00023952,P00692,2025-02-15,Damaged,Requested,1127.50
RET0002838,O00007620,P00114,2025-12-19,Wrong Item,Rejected,31184.39
RET0002839,O00013457,P00946,2026-07-05,Wrong Item,Approved,284361.06
RET0002840,O00016290,P01082,2024-09-29,Quality Issue,Approved,3876.28
RET0002841,O00002098,P00188,2025-07-29,Quality Issue,Approved,199700.76
RET0002842,O00000626,P00350,2024-02-20,Changed Mind,Rejected,94523.44
RET0002843,O00002045,P00281,2026-04-02,Damaged,Refunded,118215.52
RET0002844,O00020040,P00390,2025-09-20,Changed Mind,Refunded,13910.12
RET0002845,O00024065,P00776,2026-01-01,Size Issue,Rejected,19911.72
RET0002846,O00013049,P00709,2025-12-16,Changed Mind,Approved,35959.31
RET0002847,O00011053,P00706,2026-07-16,Not as Described,Refunded,81974.55
RET0002848,O00000161,P00316,2025-05-04,Damaged,Rejected,192469.46
RET0002849,O00023865,P00810,2026-07-11,Changed Mind,Requested,9136.21
RET0002850,O00009340,P00428,2024-03-21,Size Issue,Rejected,2840.79
RET0002851,O00007160,P01159,2024-02-03,Wrong Item,Approved,8949.52
RET0002852,O00019551,P01020,2025-12-26,Size Issue,Refunded,2580.68
RET0002853,O00000695,P00614,2024-07-26,Changed Mind,Approved,556.87
RET0002854,O00016182,P00909,2024-09-18,Changed Mind,Rejected,21084.82
RET0002855,O00017486,P00138,2025-12-15,Changed Mind,Rejected,125285.26
RET0002856,O00001994,P00055,2025-12-30,Not as Described,Approved,3549.40
RET0002857,O00017410,P00864,2026-04-06,Late Delivery,Requested,9610.21
RET0002858,O00022828,P00969,2024-06-02,Wrong Item,Approved,264224.91
RET0002859,O00014398,P00559,2024-09-01,Late Delivery,Rejected,314074.41
RET0002860,O00004050,P01156,2026-05-15,Changed Mind,Refunded,207814.66
RET0002861,O00008942,P00223,2025-03-19,Not as Described,Approved,38158.95
RET0002862,O00022898,P00518,2024-03-22,Not as Described,Refunded,312257.85
RET0002863,O00004332,P00987,2024-03-21,Changed Mind,Rejected,120297.02
RET0002864,O00015260,P00995,2025-01-20,Changed Mind,Requested,27669.31
RET0002865,O00000660,P00205,2026-01-24,Damaged,Refunded,13381.03
RET0002866,O00003795,P00706,2025-01-03,Late Delivery,Refunded,36170.76
RET0002867,O00022617,P00259,2025-04-04,Quality Issue,Approved,42662.07
RET0002868,O00005932,P01068,2024-11-04,Not as Described,Requested,84967.08
RET0002869,O00006733,P00292,2026-02-10,Size Issue,Refunded,47203.21
RET0002870,O00009534,P01033,2024-04-06,Late Delivery,Requested,64241.72
RET0002871,O00014773,P01141,2026-02-15,Not as Described,Rejected,101211.17
RET0002872,O00008584,P01012,2024-01-27,Not as Described,Requested,3808.23
RET0002873,O00018439,P00202,2026-04-14,Damaged,Rejected,237571.85
RET0002874,O00020506,P01028,2025-03-04,Late Delivery,Approved,18683.89
RET0002875,O00002852,P00274,2024-10-26,Wrong Item,Requested,91529.78
RET0002876,O00002327,P00313,2025-05-27,Not as Described,Rejected,8425.14
RET0002877,O00020125,P00372,2024-06-16,Wrong Item,Rejected,160287.92
RET0002878,O00005371,P01023,2026-06-10,Quality Issue,Rejected,8264.15
RET0002879,O00002884,P00375,2025-01-03,Size Issue,Rejected,121784.64
RET0002880,O00011798,P00586,2024-10-29,Quality Issue,Approved,53642.09
RET0002881,O00021121,P01004,2026-05-02,Changed Mind,Refunded,148622.70
RET0002882,O00011104,P00541,2026-01-01,Quality Issue,Refunded,287428.43
RET0002883,O00011477,P00807,2025-05-30,Size Issue,Rejected,80169.19
RET0002884,O00013637,P01107,2024-12-08,Size Issue,Approved,6783.66
RET0002885,O00021311,P00349,2025-06-07,Size Issue,Refunded,37961.87
RET0002886,O00010450,P00984,2026-03-08,Late Delivery,Requested,200250.55
RET0002887,O00018724,P00412,2025-05-20,Damaged,Rejected,98965.75
RET0002888,O00018257,P00186,2026-07-22,Not as Described,Refunded,30142.32
RET0002889,O00001176,P00342,2025-04-15,Damaged,Approved,282509.17
RET0002890,O00012708,P00502,2025-04-09,Late Delivery,Rejected,127375.35
RET0002891,O00008843,P00698,2025-02-22,Quality Issue,Refunded,72936.12
RET0002892,O00007468,P00277,2024-03-03,Changed Mind,Requested,42292.08
RET0002893,O00017575,P00871,2024-09-04,Quality Issue,Requested,10857.36
RET0002894,O00007156,P01052,2025-10-07,Not as Described,Requested,122295.28
RET0002895,O00001229,P00919,2024-04-08,Quality Issue,UNKNOWN,16344.15
RET0002896,O00002538,P99999,2026-07-10,Not as Described,Refunded,1269.82
RET0002897,O00023623,P00570,2024-08-08,Size Issue,Refunded,19230.85
RET0002898,O00018666,P00241,2024-07-16,Not as Described,Approved,35641.23
RET0002899,O00006244,P00402,2026-07-27,Changed Mind,Refunded,112141.54
RET0002900,O00009036,P00285,2026-06-24,Late Delivery,Requested,99841.08
RET0002901,O00011156,P00963,2026-05-21,Late Delivery,Requested,1679.41
RET0002902,O00012767,P01043,2025-05-10,Changed Mind,Approved,264064.22
RET0002903,O00002989,P00685,2025-03-30,Wrong Item,Rejected,115817.72
RET0002904,O00017568,P00387,2024-03-18,Not as Described,Rejected,40507.48
RET0002905,O00011824,P00115,2024-08-24,Wrong Item,Requested,201563.42
RET0002906,O00020761,P00210,2026-03-22,Quality Issue,Refunded,871.79
RET0002907,O00010612,P00385,2025-02-12,Not as Described,Approved,354766.66
RET0002908,O00008135,P00906,2024-05-28,Late Delivery,Refunded,27866.91
RET0002909,O00005600,P00667,2026-06-23,Changed Mind,Refunded,12508.23
RET0002910,O00018591,P01088,2026-04-25,,Requested,4429.37
RET0002911,O00014538,P00668,2025-10-12,Damaged,Approved,91634.05
RET0002912,O00009519,P00531,2026-05-28,Quality Issue,Approved,94342.54
RET0002913,O00018312,P00487,2025-04-17,Wrong Item,Requested,3905.73
RET0002914,O00002357,P00859,2024-06-04,Quality Issue,Rejected,3198.82
RET0002915,O00021984,P00244,2026-02-12,Late Delivery,Rejected,67346.94
RET0002916,O00016570,P01159,2024-10-26,Damaged,Requested,34420.39
RET0002917,O00000032,P00518,2024-01-11,Size Issue,Requested,64673.41
RET0002918,O00018794,P00985,2026-03-09,Not as Described,Approved,13698.35
RET0002919,O00014721,P00476,2025-06-28,Quality Issue,Requested,63334.72
RET0002920,O00024695,P00931,2024-03-05,Late Delivery,Rejected,363384.05
RET0002921,O00011142,P00117,2026-05-12,Quality Issue,Rejected,25801.14
RET0002922,O00006566,P00797,2025-06-13,Damaged,Approved,34094.06
RET0002923,O00006647,P00128,2025-06-01,Damaged,Rejected,19325.38
RET0002924,O00011549,P01046,2026-05-13,Quality Issue,Approved,1619.18
RET0002925,O00015536,P00246,2026-06-24,Damaged,Approved,149.55
RET0002926,O00013834,P00971,2024-02-29,Damaged,Refunded,121862.15
RET0002927,O00008338,P00605,2025-03-08,Changed Mind,Refunded,157173.15
RET0002928,O00000265,P00225,2024-09-06,Not as Described,Rejected,153810.43
RET0002929,O00018899,P01085,2024-05-12,Not as Described,Refunded,33758.22
RET0002930,O00012281,P00584,2024-05-09,Wrong Item,Requested,516.96
RET0002931,O00015398,P00779,2026-01-17,Changed Mind,Approved,222340.91
RET0002932,O00000793,P00792,2025-02-20,Wrong Item,Approved,364220.75
RET0002933,O00005029,P00821,2025-03-20,Not as Described,Refunded,119786.50
RET0002934,O00020771,P00714,2025-04-02,Late Delivery,Rejected,193458.34
RET0002935,O00015904,P01164,2026-02-17,Damaged,Requested,3992.19
RET0002936,O00017992,P00086,2026-03-06,Wrong Item,Refunded,42206.12
RET0002937,O00006773,P00793,2025-04-10,Not as Described,Requested,241276.25
RET0002938,O00007067,P00816,2024-09-11,Not as Described,Refunded,154983.38
RET0002939,O00008671,P00630,2026-07-14,Not as Described,Rejected,41289.68
RET0002940,O00015075,P01045,2025-07-02,Changed Mind,Refunded,64309.53
RET0002941,O99999999,P00962,2024-09-06,Damaged,Requested,5514.76
RET0002942,O00013543,P01091,2025-02-21,Damaged,Approved,92789.04
RET0002943,O00010523,P00661,2025-08-10,Late Delivery,Rejected,14810.57
RET0002944,O00003058,P00264,2026-03-06,Quality Issue,Rejected,16137.83
RET0002945,O00003693,P01164,2024-11-30,Not as Described,Refunded,33614.49
RET0002946,O00018369,P01001,2025-07-25,Not as Described,Requested,379026.63
RET0002947,O00010366,P00066,2026-07-23,Size Issue,Approved,265454.29
RET0002948,O00014655,P00649,2026-07-15,Wrong Item,Requested,13954.14
RET0002949,O00015561,P00559,2025-12-28,Not as Described,Approved,97930.60
RET0002950,O00018039,P00750,2024-11-08,Late Delivery,Rejected,52039.63
RET0002951,O00012956,P01160,2024-05-08,Damaged,Refunded,53915.91
RET0002952,O00022199,P00427,2025-06-29,Damaged,Rejected,75853.51
RET0002953,O00012415,P00382,2026-02-22,Size Issue,Approved,75616.81
RET0002954,O00015632,P00356,2024-03-22,Size Issue,Requested,-10
RET0002955,O00022727,P00981,2024-12-10,Size Issue,Approved,78407.54
RET0002956,O00004283,P00060,2024-02-28,Not as Described,Refunded,168974.37
RET0002957,O00002430,P00412,2026-03-06,Size Issue,Approved,229237.03
RET0002958,O00017410,P00864,2026-03-13,Wrong Item,Requested,12307.03
RET0002959,O00002246,P00159,2024-04-13,Late Delivery,Rejected,2183.83
RET0002960,O00013656,P00671,2025-09-24,Late Delivery,Approved,256571.84
RET0002961,O00012795,P00658,2025-11-20,Changed Mind,Requested,6954.99
RET0002962,O00005198,P00561,2026-06-12,Changed Mind,Requested,164395.94
RET0002963,O00021974,P00952,2026-06-15,Not as Described,Approved,30004.92
RET0002964,O00021790,P01006,2024-03-25,Late Delivery,Approved,79495.27
RET0002965,O00013377,P00074,2025-08-06,Damaged,Requested,200687.44
RET0002966,O00013447,P00061,2025-05-15,Quality Issue,Approved,254411.92
RET0002967,O00014124,P00247,2024-04-03,Not as Described,Refunded,54128.86
RET0002968,O00019763,P00805,2026-01-03,Damaged,Rejected,81985.83
RET0002969,O00001988,P00843,2026-06-01,Damaged,Rejected,135763.65
RET0002970,O00000903,P00651,2026-05-09,Size Issue,Approved,112963.58
RET0002971,O00008786,P01023,2024-10-17,Wrong Item,Approved,886.20
RET0002972,O00001640,P00829,2025-11-28,Changed Mind,Rejected,465.54
RET0002973,O00019187,P00615,2026-02-09,Damaged,Requested,567.89
RET0002974,O00009795,P00477,2024-05-20,Quality Issue,Requested,65495.13
RET0002975,O00009793,P00295,2026-04-22,Not as Described,Rejected,1448.72
RET0002976,O00007434,P01161,2025-08-09,Wrong Item,Refunded,3995.04
BADRET2977,O00004744,P01090,2026-02-18,Wrong Item,Approved,188046.80
RET0002978,O00015483,P00866,2025-05-17,Wrong Item,Rejected,122183.41
RET0002979,O00003826,P00608,2024-07-16,Changed Mind,Approved,308005.24
RET0002980,O00024367,P01086,2024-07-01,Late Delivery,Rejected,133127.87
RET0002981,O00014670,P00140,2026-06-12,Size Issue,Requested,50080.56
RET0002982,O00019223,P00406,2024-12-08,Quality Issue,Rejected,264762.66
RET0002983,O00006802,P00476,2025-10-03,Size Issue,Requested,16587.57
RET0002984,O00006561,P00907,2025-02-20,Size Issue,Approved,43208.26
RET0002985,O00012433,P00578,2025-10-02,Quality Issue,Requested,114509.27
RET0002986,O00018678,P00696,2024-10-21,Size Issue,Approved,59471.13
RET0002987,O00002315,P00893,2024-07-07,Quality Issue,Refunded,1672.23
RET0002988,O00022370,P00048,2024-06-16,Changed Mind,Requested,95384.17
RET0002989,O00008476,P00421,2026-06-06,Changed Mind,Refunded,3566.83
RET0002990,O00005198,P00584,2026-06-17,Not as Described,Refunded,114674.97
RET0002991,O00017150,P00470,2026-04-21,Not as Described,Approved,447.61
RET0002992,O00021071,P00679,2024-02-06,Not as Described,Approved,122249.52
RET0002993,O00011030,P01126,2024-10-05,Damaged,Requested,6274.33
RET0002994,O00000863,P01107,2025-01-18,Late Delivery,Rejected,274025.81
RET0002995,O00008537,P00796,2025-12-17,Changed Mind,Approved,20313.94
RET0002996,O00010597,P00800,2025-10-16,Quality Issue,Approved,36317.11
RET0002997,O00024205,P00633,2026-05-15,Late Delivery,Approved,132123.56
RET0002998,O00004651,P00358,2025-12-20,Size Issue,Refunded,5035.41
RET0002999,O00007151,P00454,2024-04-19,Changed Mind,Requested,33923.54
RET0003000,O00021068,P00350,2024-10-28,Late Delivery,Requested,148346.84
