employee_id,first_name,last_name,full_name,email,gender,date_of_birth,joining_date,department,job_title,manager_id,employment_type,work_mode,city,state,country,education,years_of_experience,basic_salary,bonus_percentage,performance_rating,leave_balance,projects_completed,training_hours,is_manager,employment_status,last_promotion_date
EMP0001,Priya,Singh,Priya Singh,priya.singh1@demoemployee.com,Male,1971-08-25,2018-06-27,Finance,Accountant,,Intern,Hybrid,Mumbai,Maharashtra,India,M.Com,1,544000,12.5,4,4,21,116,Yes,Active,2020-06-14
EMP0002,Michael,Mehta,Michael Mehta,michael.mehta2@demoemployee.com,Female,1968-01-13,2012-04-23,Research and Development,R&D Manager,,Permanent,Remote,Bengaluru,Karnataka,India,M.Sc.,24,1239000,15,3,27,6,65,Yes,Resigned,2018-05-04
EMP0003,Nisha,Anderson,Nisha Anderson,nisha.anderson3@demoemployee.com,Female,1978-01-19,2013-01-18,Marketing,Marketing Executive,,Permanent,Onsite,Gurugram,Haryana,India,B.Sc.,27,1509000,10,1,30,7,46,Yes,Active,2024-08-20
EMP0004,Michael,Taylor,Michael Taylor,michael.taylor4@demoemployee.com,Female,1982-01-01,2020-11-01,Research and Development,ML Engineer,,Intern,Remote,Coimbatore,Tamil Nadu,India,B.Tech,24,1534000,7.5,4,4,7,89,Yes,Active,2024-08-02
EMP0005,Diya,Patel,Diya Patel,diya.patel5@demoemployee.com,Female,1969-01-16,2022-02-05,Information Technology,QA Engineer,,Contract,Hybrid,Chennai,Tamil Nadu,India,M.Sc.,21,1420000,12.5,4,13,5,99,Yes,Resigned,2023-05-22
EMP0006,Olivia,Rao,Olivia Rao,olivia.rao6@demoemployee.com,Male,1991-10-24,2014-12-07,Human Resources,Training Coordinator,,Permanent,Remote,Mumbai,Maharashtra,India,B.Com,15,1139000,5,3,0,17,111,Yes,Active,
EMP0007,John,Lewis,John Lewis,john.lewis7@demoemployee.com,Female,1991-07-09,2017-12-06,Sales,Sales Executive,,Permanent,Remote,Gurugram,Haryana,India,B.Sc.,0,488000,5,4,16,21,53,Yes,Active,
EMP0008,Krishna,Joseph,Krishna Joseph,krishna.joseph8@demoemployee.com,Female,1976-10-15,2025-01-28,Human Resources,HR Manager,,Permanent,Remote,Delhi,Delhi,India,B.Com,19,1009000,15,3,9,9,23,Yes,On Leave,
EMP0009,Emma,Gupta,Emma Gupta,emma.gupta9@demoemployee.com,Male,1979-04-18,2022-11-29,Human Resources,Training Coordinator,,Permanent,Remote,Pune,Maharashtra,India,B.Com,12,818000,5,5,19,16,3,Yes,Active,2025-02-25
EMP0010,Olivia,Anderson,Olivia Anderson,olivia.anderson10@demoemployee.com,Male,1974-05-13,2018-02-02,Finance,Payroll Executive,,Permanent,Onsite,Delhi,Delhi,India,Diploma,9,904000,12.5,4,12,14,76,Yes,Active,2019-03-24
EMP0011,Divya,Brown,Divya Brown,divya.brown11@demoemployee.com,Female,1981-06-27,2015-07-09,Human Resources,Training Coordinator,,Permanent,Remote,Ahmedabad,Gujarat,India,B.Com,19,1160000,12.5,4,2,15,118,Yes,Active,2024-03-09
EMP0012,Ishita,Sharma,Ishita Sharma,ishita.sharma12@demoemployee.com,Female,1972-03-13,2020-05-26,Finance,Financial Analyst,,Intern,Remote,Noida,Uttar Pradesh,India,B.Sc.,26,1248000,7.5,3,21,15,105,Yes,Active,2023-07-15
EMP0013,Diya,Walker,Diya Walker,diya.walker13@demoemployee.com,Female,1978-12-06,2016-04-24,Marketing,Marketing Executive,,Permanent,Remote,Kochi,Kerala,India,B.Sc.,10,776000,3,5,1,23,35,Yes,Active,2019-08-02
EMP0014,Saanvi,Lewis,Saanvi Lewis,saanvi.lewis14@demoemployee.com,Male,1987-02-27,2023-06-19,Sales,Business Development Executive,,Permanent,Remote,Bengaluru,Karnataka,India,B.Tech,12,1010000,7.5,4,5,12,91,Yes,Active,
EMP0015,Diya,Brown,Diya Brown,diya.brown15@demoemployee.com,Female,1972-05-22,2013-07-26,Information Technology,Cloud Engineer,,Permanent,Remote,Gurugram,Haryana,India,B.E.,6,714000,15,1,24,6,67,Yes,On Leave,2017-03-26
EMP0016,Arjun,Mehta,Arjun Mehta,arjun.mehta16@demoemployee.com,Female,2000-08-28,2015-01-18,Finance,Finance Manager,,Permanent,Remote,Mumbai,Maharashtra,India,B.Com,6,654000,10,3,19,20,103,Yes,Resigned,
EMP0017,Priya,Nair,Priya Nair,priya.nair17@demoemployee.com,Male,1974-09-01,2022-12-23,Information Technology,Cloud Engineer,,Contract,Onsite,Gurugram,Haryana,India,B.Sc.,20,1463000,10,3,3,5,119,Yes,Active,
EMP0018,Divya,Lewis,Divya Lewis,divya.lewis18@demoemployee.com,Female,2003-09-08,2019-10-13,Sales,Business Development Executive,,Permanent,Remote,Hyderabad,Telangana,India,M.Sc.,3,378000,12.5,5,10,24,115,Yes,On Leave,2021-01-14
EMP0019,Krishna,Mehta,Krishna Mehta,krishna.mehta19@demoemployee.com,Male,1989-09-24,2013-03-21,Finance,Payroll Executive,,Permanent,Hybrid,Ahmedabad,Gujarat,India,Diploma,9,975000,20,2,1,6,109,Yes,Active,
EMP0020,Priya,Brown,Priya Brown,priya.brown20@demoemployee.com,Female,1990-12-04,2014-04-21,Information Technology,Senior Software Engineer,,Permanent,Hybrid,Kochi,Kerala,India,M.Com,6,848000,7.5,4,20,12,63,Yes,Active,
EMP0021,Lakshmi,Mehta,Lakshmi Mehta,lakshmi.mehta21@demoemployee.com,Female,2001-03-13,2015-04-13,Marketing,Marketing Executive,EMP0015,Permanent,Hybrid,Noida,Uttar Pradesh,India,M.Com,2,553000,20,2,23,7,55,No,Active,
EMP0022,Divya,Gupta,Divya Gupta,divya.gupta22@demoemployee.com,Female,1978-06-07,2024-01-02,Research and Development,Research Analyst,EMP0008,Permanent,Hybrid,Kolkata,West Bengal,India,B.Sc.,23,1427000,3,2,12,24,0,No,Active,2025-07-12
EMP0023,Ishita,Anderson,Ishita Anderson,ishita.anderson23@demoemployee.com,Female,1999-09-04,2022-04-23,Operations,Process Associate,EMP0017,Permanent,Onsite,Hyderabad,Telangana,India,MBA,7,507000,10,4,4,5,3,No,Active,2024-10-30
EMP0024,Rahul,Nair,Rahul Nair,rahul.nair24@demoemployee.com,Female,1973-09-08,2014-01-23,Information Technology,Software Engineer,EMP0005,Contract,Hybrid,Coimbatore,Tamil Nadu,India,B.E.,18,1361000,20,5,17,10,101,No,Active,
EMP0025,Sophia,Mehta,Sophia Mehta,sophia.mehta25@demoemployee.com,Male,1979-12-07,2012-04-27,Human Resources,Recruiter,EMP0003,Permanent,Onsite,Kochi,Kerala,India,B.Sc.,26,1243000,3,3,25,16,79,No,Active,2020-09-04
EMP0026,Priya,Clark,Priya Clark,priya.clark26@demoemployee.com,Female,1979-01-16,2023-11-04,Human Resources,HR Manager,,Intern,Hybrid,Bengaluru,Karnataka,India,B.Sc.,4,664000,15,3,7,4,93,Yes,Active,2026-04-17
EMP0027,Saanvi,Reddy,Saanvi Reddy,saanvi.reddy27@demoemployee.com,Female,1999-11-26,2016-03-30,Information Technology,Data Engineer,,Permanent,Remote,Hyderabad,Telangana,India,B.E.,7,905000,0,3,3,6,86,No,Active,2023-12-10
EMP0028,Vivaan,Kumar,Vivaan Kumar,vivaan.kumar28@demoemployee.com,Female,1969-01-14,2012-01-13,Research and Development,Data Scientist,EMP0013,Permanent,Onsite,Coimbatore,Tamil Nadu,India,B.Com,8,930000,5,4,5,17,54,No,Active,
EMP0029,Ishita,Nair,Ishita Nair,ishita.nair29@demoemployee.com,Male,1982-03-23,2018-01-11,Research and Development,Data Scientist,EMP0028,Intern,Onsite,Kolkata,West Bengal,India,MBA,22,1716000,10,4,20,19,31,No,Active,
EMP0030,Saanvi,Walker,Saanvi Walker,saanvi.walker30@demoemployee.com,Male,1988-08-10,2020-04-24,Customer Support,Support Executive,EMP0029,Contract,Hybrid,Kolkata,West Bengal,India,B.E.,12,1014000,3,1,7,2,77,No,Active,2023-07-31
EMP0031,Krishna,Iyer,Krishna Iyer,krishna.iyer31@demoemployee.com,Male,1985-09-05,2017-01-11,Customer Support,Technical Support Engineer,EMP0011,Contract,Hybrid,Bengaluru,Karnataka,India,B.Com,19,1161000,0,3,0,7,59,No,Active,2022-08-07
EMP0032,Saanvi,Clark,Saanvi Clark,saanvi.clark32@demoemployee.com,Female,1987-04-03,2026-03-01,Human Resources,Recruiter,EMP0003,Permanent,Hybrid,Pune,Maharashtra,India,B.Com,19,890000,5,4,15,0,71,No,Active,
EMP0033,Vivaan,Iyer,Vivaan Iyer,vivaan.iyer33@demoemployee.com,Male,1985-01-02,2025-06-14,Human Resources,Recruiter,EMP0021,Permanent,Remote,Bengaluru,Karnataka,India,M.Com,14,947000,12.5,4,0,14,42,No,Active,
EMP0034,Grace,Patel,Grace Patel,grace.patel34@demoemployee.com,Female,1981-05-28,2018-08-31,Marketing,Content Specialist,EMP0020,Permanent,Hybrid,Gurugram,Haryana,India,B.Com,8,629000,0,3,14,18,100,No,Active,2021-07-08
EMP0035,Vijay,Clark,Vijay Clark,vijay.clark35@demoemployee.com,Female,1980-06-03,2026-05-22,Finance,Payroll Executive,EMP0024,Contract,Hybrid,Gurugram,Haryana,India,B.Com,5,670000,20,3,1,4,101,No,Active,
EMP0036,Sanjay,Mehta,Sanjay Mehta,sanjay.mehta36@demoemployee.com,Male,1971-03-04,2026-06-24,Human Resources,Recruiter,EMP0032,Permanent,Remote,Pune,Maharashtra,India,MBA,3,455000,5,4,9,14,107,No,Active,
EMP0037,Vijay,Mehta,Vijay Mehta,vijay.mehta37@demoemployee.com,Male,1992-09-01,2012-09-24,Marketing,SEO Analyst,EMP0030,Contract,Hybrid,Pune,Maharashtra,India,B.E.,14,874000,15,5,17,7,78,No,Active,2018-01-20
EMP0038,Meera,Singh,Meera Singh,meera.singh38@demoemployee.com,Female,1975-03-03,2018-01-11,Information Technology,DevOps Engineer,EMP0011,Permanent,Onsite,Pune,Maharashtra,India,MBA,4,815000,0,2,11,14,3,No,Resigned,2020-04-08
EMP0039,Meera,Taylor,Meera Taylor,meera.taylor39@demoemployee.com,Female,2004-10-06,2023-04-22,Information Technology,Senior Software Engineer,EMP0001,Permanent,Remote,Noida,Uttar Pradesh,India,B.E.,2,578000,0,5,3,0,102,No,Active,2024-09-07
EMP0040,Aarav,Martin,Aarav Martin,aarav.martin40@demoemployee.com,Female,1988-02-15,2017-04-21,Finance,Accountant,EMP0021,Permanent,Onsite,Chennai,Tamil Nadu,India,M.Sc.,12,817000,7.5,4,18,5,95,No,Active,
EMP0041,Rahul,Mehta,Rahul Mehta,rahul.mehta41@demoemployee.com,Male,1988-01-17,2017-12-09,Finance,Finance Manager,EMP0006,Intern,Onsite,Noida,Uttar Pradesh,India,Diploma,18,1087000,5,3,23,21,92,Yes,Active,
EMP0042,John,Clark,John Clark,john.clark42@demoemployee.com,Male,1976-08-05,2013-11-29,Human Resources,Recruiter,EMP0030,Permanent,Onsite,Kolkata,West Bengal,India,B.Com,16,915000,20,3,25,12,33,No,Active,2025-07-24
EMP0043,John,Joseph,John Joseph,john.joseph43@demoemployee.com,Female,1975-03-15,2019-02-15,Marketing,SEO Analyst,EMP0023,Permanent,Hybrid,Kochi,Kerala,India,MBA,1,535000,3,2,26,24,97,No,Active,
EMP0044,Rohan,Mehta,Rohan Mehta,rohan.mehta44@demoemployee.com,Female,2000-10-15,2016-05-13,Human Resources,Recruiter,EMP0040,Permanent,Hybrid,Gurugram,Haryana,India,M.Com,3,643000,12.5,4,12,22,113,No,Active,
EMP0045,Michael,Joseph,Michael Joseph,michael.joseph45@demoemployee.com,Male,1997-05-03,2013-10-01,Research and Development,R&D Manager,,Permanent,Remote,Hyderabad,Telangana,India,MBA,9,841000,12.5,3,11,12,94,Yes,Active,2018-05-11
EMP0046,Aditya,Nair,Aditya Nair,aditya.nair46@demoemployee.com,Male,1998-03-21,2016-03-14,Information Technology,Cloud Engineer,EMP0030,Permanent,Onsite,Kolkata,West Bengal,India,B.E.,8,939000,0,1,24,13,74,No,Active,2021-04-02
EMP0047,Sanjay,Sharma,Sanjay Sharma,sanjay.sharma47@demoemployee.com,Male,2004-02-13,2021-10-19,Sales,Account Manager,EMP0006,Contract,Onsite,Hyderabad,Telangana,India,B.E.,2,526000,5,3,21,6,76,Yes,Active,
EMP0048,Olivia,Thomas,Olivia Thomas,olivia.thomas48@demoemployee.com,Male,1990-10-12,2023-03-12,Human Resources,Training Coordinator,EMP0016,Permanent,Onsite,Gurugram,Haryana,India,B.Tech,1,460000,7.5,3,3,6,53,No,Active,2024-10-15
EMP0049,Vijay,Clark,Vijay Clark,vijay.clark49@demoemployee.com,Female,1990-01-09,2019-03-04,Sales,Account Manager,EMP0035,Intern,Hybrid,Coimbatore,Tamil Nadu,India,MBA,1,404000,0,2,13,22,76,Yes,Active,2024-08-24
EMP0050,Ishita,Singh,Ishita Singh,ishita.singh50@demoemployee.com,Male,1973-08-23,2014-03-12,Finance,Finance Manager,EMP0046,Contract,Hybrid,Coimbatore,Tamil Nadu,India,B.Tech,3,610000,7.5,4,3,3,35,Yes,Active,2020-06-18
EMP0051,Priya,Walker,Priya Walker,priya.walker51@demoemployee.com,Male,1976-02-19,2024-08-17,Operations,Operations Analyst,EMP0002,Contract,Onsite,Noida,Uttar Pradesh,India,B.E.,25,1320000,3,3,6,15,101,No,Active,
EMP0052,Arjun,Taylor,Arjun Taylor,arjun.taylor52@demoemployee.com,Female,2004-05-03,2019-02-15,Research and Development,Research Analyst,EMP0045,Permanent,Onsite,Pune,Maharashtra,India,Diploma,2,757000,15,3,28,10,106,No,Active,2021-05-07
EMP0053,Aarav,Kumar,Aarav Kumar,aarav.kumar53@demoemployee.com,Male,1972-08-22,2026-04-05,Human Resources,Recruiter,EMP0002,Intern,Onsite,Ahmedabad,Gujarat,India,Diploma,22,838000,3,4,26,21,89,No,Active,
EMP0054,Lakshmi,Iyer,Lakshmi Iyer,lakshmi.iyer54@demoemployee.com,Male,2001-09-14,2023-11-27,Sales,Sales Manager,EMP0011,Contract,Hybrid,Ahmedabad,Gujarat,India,M.Sc.,5,741000,20,4,12,14,94,Yes,Active,
EMP0055,Ishita,Clark,Ishita Clark,ishita.clark55@demoemployee.com,Female,1976-01-02,2025-01-10,Finance,Accountant,EMP0002,Intern,Remote,Chennai,Tamil Nadu,India,MBA,25,1136000,3,5,13,5,86,No,Active,
EMP0056,Ishita,Rao,Ishita Rao,ishita.rao56@demoemployee.com,Female,2004-05-12,2018-03-12,Information Technology,Software Engineer,EMP0028,Permanent,Remote,Coimbatore,Tamil Nadu,India,B.Tech,2,621000,12.5,1,18,22,118,No,Active,2022-03-12
EMP0057,Daniel,Clark,Daniel Clark,daniel.clark57@demoemployee.com,Male,2002-07-22,2019-08-10,Operations,Operations Analyst,EMP0024,Intern,Remote,Ahmedabad,Gujarat,India,B.Sc.,4,557000,10,4,1,3,26,No,Active,2021-06-14
EMP0058,Aditya,Anderson,Aditya Anderson,aditya.anderson58@demoemployee.com,Male,1975-08-20,2023-04-06,Finance,Finance Manager,EMP0001,Permanent,Hybrid,Kochi,Kerala,India,B.Tech,9,918000,5,1,19,3,86,Yes,On Leave,2025-05-12
EMP0059,Aarav,Iyer,Aarav Iyer,aarav.iyer59@demoemployee.com,Male,1980-02-22,2012-01-16,Information Technology,DevOps Engineer,EMP0049,Permanent,Hybrid,Noida,Uttar Pradesh,India,B.Com,11,1143000,3,2,10,7,21,No,Active,
EMP0060,Krishna,Iyer,Krishna Iyer,krishna.iyer60@demoemployee.com,Female,1993-07-11,2014-04-16,Human Resources,HR Executive,EMP0012,Contract,Remote,Hyderabad,Telangana,India,B.E.,13,1058000,5,4,0,22,29,No,Active,
EMP0061,Nisha,Thomas,Nisha Thomas,nisha.thomas61@demoemployee.com,Male,2005-09-16,2024-10-18,Finance,Finance Manager,EMP0032,Intern,Remote,Noida,Uttar Pradesh,India,B.E.,1,499000,7.5,2,2,24,72,Yes,Active,
EMP0062,Meera,Patel,Meera Patel,meera.patel62@demoemployee.com,Male,2004-03-28,2015-01-26,Sales,Business Development Executive,EMP0022,Permanent,Remote,Kochi,Kerala,India,MBA,2,570000,3,1,14,2,105,No,Active,2020-04-29
EMP0063,Krishna,Taylor,Krishna Taylor,krishna.taylor63@demoemployee.com,Female,1995-03-08,2018-07-28,Human Resources,Recruiter,EMP0019,Permanent,Hybrid,Ahmedabad,Gujarat,India,M.Sc.,1,386000,10,4,8,12,13,No,Active,
EMP0064,Daniel,Iyer,Daniel Iyer,daniel.iyer64@demoemployee.com,Male,1971-10-26,2024-01-15,Sales,Sales Manager,EMP0047,Intern,Remote,Noida,Uttar Pradesh,India,MBA,0,417000,20,4,6,14,105,Yes,Resigned,2025-10-01
EMP0065,Lakshmi,Brown,Lakshmi Brown,lakshmi.brown65@demoemployee.com,Male,1969-05-14,2025-07-12,Finance,Payroll Executive,EMP0019,Permanent,Onsite,Chennai,Tamil Nadu,India,B.Com,0,567000,5,5,13,24,75,No,Active,
EMP0066,Kavya,Iyer,Kavya Iyer,kavya.iyer66@demoemployee.com,Male,1973-09-08,2025-03-13,Customer Support,Support Executive,EMP0018,Intern,Onsite,Mumbai,Maharashtra,India,Diploma,20,1041000,10,3,28,3,61,No,Active,
EMP0067,Aditya,Mehta,Aditya Mehta,aditya.mehta67@demoemployee.com,Female,1993-06-04,2015-01-23,Customer Support,Support Executive,,Permanent,Hybrid,Hyderabad,Telangana,India,M.Com,13,813000,20,1,22,0,99,No,Active,2019-02-21
EMP0068,Meera,Wilson,Meera Wilson,meera.wilson68@demoemployee.com,Female,1992-12-07,2021-05-29,Information Technology,Senior Software Engineer,EMP0042,Contract,Hybrid,Kolkata,West Bengal,India,B.Tech,14,1073000,7.5,3,8,16,77,No,On Leave,
EMP0069,Aarav,Patel,Aarav Patel,aarav.patel69@demoemployee.com,Male,1998-05-10,2026-01-28,Human Resources,HR Manager,EMP0054,Contract,Remote,Kolkata,West Bengal,India,B.Com,5,549000,3,5,2,13,84,Yes,Active,
EMP0070,Vijay,Gupta,Vijay Gupta,vijay.gupta70@demoemployee.com,Male,1997-07-03,2021-04-23,Marketing,Marketing Manager,EMP0067,Permanent,Hybrid,Kolkata,West Bengal,India,Diploma,9,598000,3,2,9,8,28,Yes,Active,2024-05-30
EMP0071,Rohan,Iyer,Rohan Iyer,rohan.iyer71@demoemployee.com,Male,1983-10-28,2018-07-24,Customer Support,Support Executive,EMP0022,Intern,Onsite,Coimbatore,Tamil Nadu,India,B.E.,15,922000,20,5,2,10,46,No,Active,2024-03-13
EMP0072,Ishita,Thomas,Ishita Thomas,ishita.thomas72@demoemployee.com,Female,1994-11-15,2023-03-08,Finance,Finance Manager,EMP0010,Permanent,Onsite,Noida,Uttar Pradesh,India,Diploma,8,801000,20,4,3,16,38,Yes,Active,
EMP0073,Grace,Clark,Grace Clark,grace.clark73@demoemployee.com,Female,1968-01-15,2014-05-29,Operations,Process Associate,EMP0061,Permanent,Onsite,Kolkata,West Bengal,India,B.Com,20,1065000,0,3,12,6,89,No,Active,2023-07-12
EMP0074,Arjun,Lewis,Arjun Lewis,arjun.lewis74@demoemployee.com,Female,1984-05-18,2013-05-19,Customer Support,Support Executive,EMP0065,Contract,Remote,Noida,Uttar Pradesh,India,B.E.,14,858000,7.5,5,19,10,60,No,Active,2023-05-17
EMP0075,Karthik,Rao,Karthik Rao,karthik.rao75@demoemployee.com,Female,1993-11-16,2017-06-03,Information Technology,Software Engineer,EMP0036,Permanent,Hybrid,Hyderabad,Telangana,India,MBA,3,551000,5,4,15,6,1,No,Active,2025-03-09
EMP0076,Nisha,Martin,Nisha Martin,nisha.martin76@demoemployee.com,Female,2003-09-13,2013-08-01,Customer Support,Technical Support Engineer,EMP0028,Intern,Remote,Kochi,Kerala,India,B.Com,3,487000,20,4,7,25,93,No,Active,2025-05-01
EMP0077,Vijay,Brown,Vijay Brown,vijay.brown77@demoemployee.com,Male,1976-01-22,2020-07-24,Finance,Finance Manager,EMP0030,Contract,Hybrid,Kochi,Kerala,India,B.E.,26,1071000,15,3,15,3,93,Yes,Active,2024-06-23
EMP0078,Olivia,Martin,Olivia Martin,olivia.martin78@demoemployee.com,Male,1998-04-23,2014-12-14,Information Technology,Senior Software Engineer,EMP0037,Permanent,Hybrid,Delhi,Delhi,India,Diploma,8,761000,7.5,3,12,1,43,No,Active,2022-07-21
EMP0079,Krishna,Mehta,Krishna Mehta,krishna.mehta79@demoemployee.com,Male,1982-03-11,2020-07-14,Finance,Financial Analyst,EMP0062,Intern,Remote,Ahmedabad,Gujarat,India,MBA,12,937000,3,3,21,22,39,No,Resigned,2023-06-19
EMP0080,Nisha,Kumar,Nisha Kumar,nisha.kumar80@demoemployee.com,Female,1970-01-15,2019-11-23,Human Resources,HR Manager,EMP0015,Intern,Hybrid,Kolkata,West Bengal,India,B.Sc.,24,1269000,12.5,3,8,13,29,Yes,Active,
EMP0081,John,Reddy,John Reddy,john.reddy81@demoemployee.com,Female,1972-02-12,2013-12-16,Finance,Payroll Executive,EMP0011,Intern,Hybrid,Mumbai,Maharashtra,India,MBA,25,1127000,10,1,10,21,112,No,Resigned,2015-08-02
EMP0082,Priya,Singh,Priya Singh,priya.singh82@demoemployee.com,Male,1973-05-08,2020-01-08,Finance,Financial Analyst,EMP0023,Permanent,Remote,Coimbatore,Tamil Nadu,India,B.Com,23,1452000,7.5,4,28,8,7,No,Active,2023-10-28
EMP0083,Aarav,Mehta,Aarav Mehta,aarav.mehta83@demoemployee.com,Male,1991-09-17,2020-03-20,Finance,Financial Analyst,EMP0033,Contract,Remote,Delhi,Delhi,India,B.Com,4,708000,3,3,6,20,50,No,Resigned,2021-10-09
EMP0084,Divya,Walker,Divya Walker,divya.walker84@demoemployee.com,Male,1980-03-23,2015-07-16,Marketing,Content Specialist,EMP0026,Intern,Hybrid,Gurugram,Haryana,India,B.E.,5,643000,3,5,18,19,49,No,Active,
EMP0085,Grace,Singh,Grace Singh,grace.singh85@demoemployee.com,Female,1975-06-17,2017-09-22,Information Technology,Cloud Engineer,,Permanent,Hybrid,Kochi,Kerala,India,Diploma,19,1603000,3,4,4,5,90,No,Active,2023-11-10
EMP0086,Emma,Wilson,Emma Wilson,emma.wilson86@demoemployee.com,Male,1996-11-10,2015-09-29,Sales,Account Manager,EMP0049,Permanent,Hybrid,Kochi,Kerala,India,M.Com,6,710000,10,4,28,20,73,Yes,Active,2024-10-26
EMP0087,Ananya,Brown,Ananya Brown,ananya.brown87@demoemployee.com,Female,1999-05-01,2025-03-20,Finance,Payroll Executive,EMP0010,Permanent,Onsite,Kolkata,West Bengal,India,B.Com,7,698000,12.5,3,2,22,23,No,Active,
EMP0088,Nisha,Patel,Nisha Patel,nisha.patel88@demoemployee.com,Male,1967-04-09,2013-08-08,Operations,Operations Executive,EMP0031,Contract,Hybrid,Mumbai,Maharashtra,India,Diploma,6,526000,5,4,27,25,55,No,Active,2017-12-11
EMP0089,Priya,Brown,Priya Brown,priya.brown89@demoemployee.com,Male,1982-10-14,2012-03-07,Marketing,Content Specialist,EMP0067,Permanent,Remote,Ahmedabad,Gujarat,India,M.Com,13,982000,15,2,12,14,63,No,Active,
EMP0090,Divya,Taylor,Divya Taylor,divya.taylor90@demoemployee.com,Male,1967-11-22,2019-01-10,Research and Development,Data Scientist,EMP0005,Permanent,Onsite,Mumbai,Maharashtra,India,Diploma,22,1364000,20,2,1,19,48,No,Active,2020-08-23
EMP0091,Rahul,Taylor,Rahul Taylor,rahul.taylor91@demoemployee.com,Female,1996-07-20,2012-12-26,Sales,Sales Manager,EMP0081,Contract,Remote,Bengaluru,Karnataka,India,B.Sc.,8,753000,20,4,16,19,102,Yes,Active,2022-07-07
EMP0092,David,Gupta,David Gupta,david.gupta92@demoemployee.com,Female,1967-09-23,2023-05-03,Operations,Process Associate,EMP0076,Permanent,Hybrid,Mumbai,Maharashtra,India,B.Tech,17,1044000,5,4,8,7,65,No,Active,2024-09-29
EMP0093,Karthik,Iyer,Karthik Iyer,karthik.iyer93@demoemployee.com,Male,1999-05-22,2025-05-05,Marketing,SEO Analyst,EMP0057,Contract,Remote,Chennai,Tamil Nadu,India,B.Tech,7,511000,12.5,2,1,14,80,No,Active,
EMP0094,Emma,Singh,Emma Singh,emma.singh94@demoemployee.com,Female,1977-05-17,2024-01-19,Sales,Account Manager,EMP0047,Permanent,Remote,Gurugram,Haryana,India,B.Sc.,18,1059000,3,4,21,25,65,Yes,Active,2026-06-11
EMP0095,Diya,Martin,Diya Martin,diya.martin95@demoemployee.com,Male,1969-09-27,2021-03-13,Operations,Process Associate,,Intern,Hybrid,Pune,Maharashtra,India,B.Com,23,915000,10,3,16,15,40,No,On Leave,
EMP0096,Meera,Lewis,Meera Lewis,meera.lewis96@demoemployee.com,Female,1988-03-13,2016-06-03,Marketing,Marketing Manager,EMP0083,Contract,Onsite,Gurugram,Haryana,India,Diploma,18,1347000,10,3,14,2,93,Yes,Active,2026-05-16
EMP0097,John,Brown,John Brown,john.brown97@demoemployee.com,Female,1998-12-19,2018-09-16,Customer Support,Technical Support Engineer,EMP0014,Permanent,Remote,Noida,Uttar Pradesh,India,B.Com,8,610000,10,5,20,19,57,No,Active,
EMP0098,Grace,Walker,Grace Walker,grace.walker98@demoemployee.com,Male,1990-10-10,2013-06-19,Customer Support,Support Executive,EMP0094,Intern,Hybrid,Kochi,Kerala,India,B.E.,16,1083000,0,4,20,19,36,No,Active,2021-12-05
EMP0099,Meera,Patel,Meera Patel,meera.patel99@demoemployee.com,Male,1998-04-26,2012-09-17,Human Resources,HR Executive,EMP0034,Permanent,Hybrid,Kochi,Kerala,India,M.Com,8,708000,12.5,5,15,3,36,No,Active,2014-05-27
EMP0100,Diya,Kumar,Diya Kumar,diya.kumar100@demoemployee.com,Female,2005-08-25,2015-10-28,Operations,Operations Manager,EMP0084,Permanent,Onsite,Noida,Uttar Pradesh,India,M.Sc.,1,478000,7.5,3,5,23,61,Yes,Active,2018-11-18
EMP0101,Lakshmi,Rao,Lakshmi Rao,lakshmi.rao101@demoemployee.com,Male,1970-03-20,2012-11-19,Finance,Accountant,EMP0082,Permanent,Remote,Gurugram,Haryana,India,B.Tech,0,403000,3,3,1,21,44,No,Active,2017-12-29
EMP0102,Lakshmi,Thomas,Lakshmi Thomas,lakshmi.thomas102@demoemployee.com,Male,1967-03-04,2018-04-01,Human Resources,HR Executive,EMP0033,Contract,Remote,Gurugram,Haryana,India,B.Com,10,1006000,0,5,7,10,11,No,Active,
EMP0103,Sophia,Brown,Sophia Brown,sophia.brown103@demoemployee.com,Male,1973-04-22,2017-05-27,Information Technology,Software Engineer,EMP0095,Permanent,Onsite,Mumbai,Maharashtra,India,B.Tech,7,791000,3,4,11,11,32,No,Active,
EMP0104,Rohan,Rao,Rohan Rao,rohan.rao104@demoemployee.com,Female,1974-04-14,2019-08-10,Marketing,Marketing Manager,EMP0056,Permanent,Onsite,Mumbai,Maharashtra,India,MBA,12,909000,7.5,4,11,12,64,Yes,Active,
EMP0105,Daniel,Anderson,Daniel Anderson,daniel.anderson105@demoemployee.com,Female,1983-07-19,2024-06-25,Operations,Operations Analyst,EMP0082,Permanent,Onsite,Kolkata,West Bengal,India,B.Com,23,1296000,3,3,9,8,41,No,Active,2025-12-09
EMP0106,Aditya,Clark,Aditya Clark,aditya.clark106@demoemployee.com,Female,1987-06-10,2013-10-04,Research and Development,ML Engineer,EMP0043,Permanent,Remote,Delhi,Delhi,India,B.Tech,17,1002000,20,4,3,23,34,No,Active,2022-12-20
EMP0107,Rahul,Wilson,Rahul Wilson,rahul.wilson107@demoemployee.com,Female,1976-10-27,2020-04-06,Sales,Account Manager,EMP0072,Permanent,Remote,Hyderabad,Telangana,India,B.Com,3,419000,0,4,17,9,34,Yes,Active,2024-06-05
EMP0108,John,Rao,John Rao,john.rao108@demoemployee.com,Male,1970-11-22,2015-12-03,Research and Development,Data Scientist,EMP0040,Permanent,Hybrid,Kochi,Kerala,India,B.Com,16,1427000,7.5,3,17,2,29,No,Active,2019-12-16
EMP0109,Ishita,Reddy,Ishita Reddy,ishita.reddy109@demoemployee.com,Male,1986-02-23,2018-09-02,Finance,Financial Analyst,EMP0052,Intern,Onsite,Ahmedabad,Gujarat,India,M.Com,10,958000,0,3,30,1,37,No,Active,2023-05-03
EMP0110,Diya,Kumar,Diya Kumar,diya.kumar110@demoemployee.com,Male,1977-06-10,2017-03-04,Marketing,Marketing Executive,EMP0004,Permanent,Onsite,Chennai,Tamil Nadu,India,B.Com,13,970000,12.5,3,15,22,108,No,Active,
EMP0111,Kavya,Nair,Kavya Nair,kavya.nair111@demoemployee.com,Female,1991-08-13,2013-03-19,Research and Development,Research Analyst,EMP0088,Intern,Onsite,Bengaluru,Karnataka,India,B.E.,15,1416000,15,3,22,1,59,No,Active,2016-02-27
EMP0112,Grace,Martin,Grace Martin,grace.martin112@demoemployee.com,Male,1979-04-10,2014-08-24,Sales,Business Development Executive,,Permanent,Remote,Mumbai,Maharashtra,India,B.Com,11,701000,15,4,5,21,53,No,Resigned,2026-03-21
EMP0113,Emma,Sharma,Emma Sharma,emma.sharma113@demoemployee.com,Female,1970-10-26,2020-09-07,Research and Development,Data Scientist,EMP0046,Intern,Onsite,Kochi,Kerala,India,Diploma,15,1040000,5,4,6,18,89,No,Active,2021-09-25
EMP0114,Krishna,Singh,Krishna Singh,krishna.singh114@demoemployee.com,Male,1981-10-26,2016-08-27,Finance,Payroll Executive,EMP0008,Contract,Remote,Mumbai,Maharashtra,India,B.E.,8,826000,12.5,3,30,24,3,No,Active,
EMP0115,Olivia,Gupta,Olivia Gupta,olivia.gupta115@demoemployee.com,Male,1978-05-25,2016-01-31,Operations,Process Associate,EMP0038,Contract,Onsite,Hyderabad,Telangana,India,B.E.,21,1255000,3,4,2,1,70,No,Active,
EMP0116,Krishna,Wilson,Krishna Wilson,krishna.wilson116@demoemployee.com,Female,1977-10-28,2014-08-05,Research and Development,Research Analyst,EMP0053,Intern,Remote,Chennai,Tamil Nadu,India,B.Sc.,24,1610000,3,2,24,18,104,No,Active,2023-10-21
EMP0117,Daniel,Clark,Daniel Clark,daniel.clark117@demoemployee.com,Female,1994-02-08,2017-07-09,Customer Support,Technical Support Engineer,EMP0057,Permanent,Hybrid,Coimbatore,Tamil Nadu,India,B.Tech,12,1003000,3,5,26,10,73,No,Active,
EMP0118,Ishita,Joseph,Ishita Joseph,ishita.joseph118@demoemployee.com,Male,2000-06-22,2015-12-04,Operations,Operations Manager,EMP0063,Intern,Hybrid,Chennai,Tamil Nadu,India,M.Com,6,658000,0,3,10,15,66,Yes,Active,
EMP0119,Rahul,Martin,Rahul Martin,rahul.martin119@demoemployee.com,Female,1968-04-17,2022-03-21,Information Technology,QA Engineer,EMP0113,Permanent,Onsite,Kolkata,West Bengal,India,M.Sc.,19,1023000,15,1,13,25,113,No,Active,2023-07-31
EMP0120,Aditya,Lewis,Aditya Lewis,aditya.lewis120@demoemployee.com,Male,1985-11-27,2019-09-23,Finance,Financial Analyst,EMP0056,Intern,Remote,Noida,Uttar Pradesh,India,Diploma,2,517000,12.5,2,18,12,46,No,Active,2022-04-20
EMP0121,Sophia,Singh,Sophia Singh,sophia.singh121@demoemployee.com,Male,1997-04-18,2016-08-31,Information Technology,Senior Software Engineer,EMP0035,Permanent,Onsite,Noida,Uttar Pradesh,India,B.E.,9,945000,10,4,7,17,68,No,Active,2020-02-10
EMP0122,Rahul,Wilson,Rahul Wilson,rahul.wilson122@demoemployee.com,Male,1987-07-26,2022-10-26,Customer Support,Support Manager,EMP0098,Permanent,Remote,Delhi,Delhi,India,M.Sc.,16,841000,20,5,30,11,113,Yes,Active,2025-05-05
EMP0123,Grace,Sharma,Grace Sharma,grace.sharma123@demoemployee.com,Male,1968-05-07,2020-02-23,Human Resources,HR Executive,EMP0009,Contract,Remote,Bengaluru,Karnataka,India,M.Sc.,12,882000,5,4,14,12,110,No,Active,2025-05-12
EMP0124,Sophia,Reddy,Sophia Reddy,sophia.reddy124@demoemployee.com,Male,1977-07-14,2015-12-24,Information Technology,DevOps Engineer,EMP0072,Permanent,Onsite,Hyderabad,Telangana,India,M.Com,10,920000,10,1,19,13,37,No,Active,2024-04-07
EMP0125,Aditya,Rao,Aditya Rao,aditya.rao125@demoemployee.com,Female,1991-02-28,2023-09-01,Marketing,Marketing Manager,EMP0070,Permanent,Onsite,Gurugram,Haryana,India,MBA,4,439000,12.5,4,2,4,64,Yes,Active,2025-11-17
EMP0126,Nisha,Mehta,Nisha Mehta,nisha.mehta126@demoemployee.com,Female,1988-10-23,2019-07-15,Human Resources,Training Coordinator,EMP0098,Contract,Remote,Delhi,Delhi,India,B.Sc.,7,666000,5,3,2,11,9,No,Active,2023-05-06
EMP0127,Meera,Mehta,Meera Mehta,meera.mehta127@demoemployee.com,Male,1984-11-23,2018-05-03,Finance,Finance Manager,EMP0083,Permanent,Remote,Bengaluru,Karnataka,India,M.Com,11,820000,7.5,3,4,25,74,Yes,Active,
EMP0128,Emily,Patel,Emily Patel,emily.patel128@demoemployee.com,Female,2001-10-04,2013-05-01,Operations,Operations Manager,EMP0106,Intern,Onsite,Coimbatore,Tamil Nadu,India,B.Tech,5,548000,5,3,15,1,63,Yes,Active,2023-08-26
EMP0129,Priya,Rao,Priya Rao,priya.rao129@demoemployee.com,Male,1991-04-08,2022-05-30,Information Technology,QA Engineer,EMP0011,Permanent,Onsite,Hyderabad,Telangana,India,B.Sc.,5,863000,12.5,2,6,19,110,No,Active,2024-11-10
EMP0130,Grace,Thomas,Grace Thomas,grace.thomas130@demoemployee.com,Female,1982-04-23,2023-04-02,Sales,Sales Executive,EMP0099,Permanent,Onsite,Pune,Maharashtra,India,Diploma,9,789000,3,4,10,6,113,No,Active,2026-04-23
EMP0131,Priya,Singh,Priya Singh,priya.singh131@demoemployee.com,Male,1993-12-28,2019-02-18,Human Resources,HR Manager,EMP0015,Intern,Hybrid,Pune,Maharashtra,India,B.Sc.,13,1132000,10,2,27,12,78,Yes,Active,2021-12-21
EMP0132,Michael,Martin,Michael Martin,michael.martin132@demoemployee.com,Female,2005-05-10,2020-03-28,Operations,Process Associate,,Contract,Hybrid,Coimbatore,Tamil Nadu,India,B.Com,1,504000,10,4,13,15,22,No,Active,
EMP0133,Olivia,Gupta,Olivia Gupta,olivia.gupta133@demoemployee.com,Male,1972-08-08,2016-03-16,Operations,Operations Executive,EMP0008,Permanent,Onsite,Pune,Maharashtra,India,M.Com,7,696000,7.5,3,5,25,18,No,Active,2024-02-26
EMP0134,Robert,Patel,Robert Patel,robert.patel134@demoemployee.com,Male,1991-08-02,2012-10-18,Sales,Business Development Executive,EMP0065,Permanent,Remote,Pune,Maharashtra,India,B.E.,15,745000,7.5,2,29,5,15,No,Active,2015-01-12
EMP0135,Ishita,Sharma,Ishita Sharma,ishita.sharma135@demoemployee.com,Female,1969-05-26,2018-01-08,Information Technology,Cloud Engineer,EMP0019,Contract,Onsite,Hyderabad,Telangana,India,B.E.,1,649000,12.5,4,14,23,42,No,Active,2024-05-16
EMP0136,Saanvi,Brown,Saanvi Brown,saanvi.brown136@demoemployee.com,Male,2003-06-02,2024-07-04,Sales,Sales Manager,EMP0029,Permanent,Hybrid,Bengaluru,Karnataka,India,M.Sc.,3,633000,0,3,26,23,27,Yes,Active,2026-05-13
EMP0137,Olivia,Clark,Olivia Clark,olivia.clark137@demoemployee.com,Female,1975-01-01,2018-12-14,Operations,Operations Analyst,EMP0129,Contract,Onsite,Kolkata,West Bengal,India,M.Sc.,6,633000,3,1,29,25,67,No,Active,
EMP0138,Vijay,Wilson,Vijay Wilson,vijay.wilson138@demoemployee.com,Female,1979-03-11,2025-09-12,Operations,Operations Analyst,EMP0074,Permanent,Onsite,Kochi,Kerala,India,M.Sc.,4,569000,0,2,26,19,49,No,Active,
EMP0139,Michael,Lewis,Michael Lewis,michael.lewis139@demoemployee.com,Female,1996-01-25,2013-11-25,Marketing,SEO Analyst,EMP0018,Permanent,Onsite,Mumbai,Maharashtra,India,B.E.,10,777000,10,3,21,21,96,No,Active,
EMP0140,Olivia,Reddy,Olivia Reddy,olivia.reddy140@demoemployee.com,Female,1980-11-15,2015-07-21,Sales,Sales Manager,EMP0042,Permanent,Remote,Noida,Uttar Pradesh,India,M.Com,2,462000,12.5,3,17,19,78,Yes,Active,2020-07-22
EMP0141,Grace,Gupta,Grace Gupta,grace.gupta141@demoemployee.com,Male,1972-07-24,2024-11-24,Human Resources,Recruiter,EMP0035,Permanent,Onsite,Pune,Maharashtra,India,M.Sc.,5,492000,0,3,30,3,71,No,Active,
EMP0142,Sophia,Singh,Sophia Singh,sophia.singh142@demoemployee.com,Male,1988-12-14,2018-04-14,Human Resources,Training Coordinator,EMP0014,Contract,Hybrid,Pune,Maharashtra,India,B.Com,3,565000,3,3,28,18,40,No,Active,2026-05-02
EMP0143,Ishita,Martin,Ishita Martin,ishita.martin143@demoemployee.com,Male,1983-10-20,2019-05-26,Customer Support,Support Manager,EMP0089,Permanent,Onsite,Bengaluru,Karnataka,India,B.E.,22,1305000,10,5,13,7,92,Yes,Resigned,
EMP0144,Kavya,Joseph,Kavya Joseph,kavya.joseph144@demoemployee.com,Female,1973-08-10,2022-10-26,Human Resources,Recruiter,EMP0139,Permanent,Onsite,Ahmedabad,Gujarat,India,B.Sc.,7,634000,3,1,3,14,90,No,Active,2026-04-20
EMP0145,David,Sharma,David Sharma,david.sharma145@demoemployee.com,Female,1987-05-13,2025-11-26,Sales,Sales Manager,EMP0069,Permanent,Onsite,Noida,Uttar Pradesh,India,B.Sc.,19,1056000,12.5,4,10,15,37,Yes,Active,
EMP0146,Sophia,Clark,Sophia Clark,sophia.clark146@demoemployee.com,Female,1995-06-18,2017-03-05,Operations,Process Associate,EMP0116,Contract,Remote,Gurugram,Haryana,India,B.Sc.,11,857000,15,2,28,3,113,No,Active,2025-03-17
EMP0147,Rohan,Kumar,Rohan Kumar,rohan.kumar147@demoemployee.com,Female,1981-05-13,2022-09-07,Human Resources,Recruiter,EMP0005,Permanent,Hybrid,Ahmedabad,Gujarat,India,M.Com,19,838000,5,3,8,15,24,No,Active,
EMP0148,Meera,Rao,Meera Rao,meera.rao148@demoemployee.com,Female,1970-06-05,2025-02-17,Finance,Payroll Executive,EMP0129,Intern,Hybrid,Bengaluru,Karnataka,India,M.Sc.,12,874000,3,4,1,16,62,No,Active,
EMP0149,Rahul,Singh,Rahul Singh,rahul.singh149@demoemployee.com,Male,1999-06-06,2020-10-16,Information Technology,Data Engineer,EMP0041,Permanent,Hybrid,Gurugram,Haryana,India,Diploma,7,829000,5,4,12,7,94,No,Active,2022-10-19
EMP0150,Vivaan,Joseph,Vivaan Joseph,vivaan.joseph150@demoemployee.com,Female,1985-02-01,2020-08-26,Customer Support,Support Manager,EMP0099,Contract,Remote,Coimbatore,Tamil Nadu,India,Diploma,19,879000,0,3,10,13,66,Yes,Active,2024-06-01
EMP0151,Nisha,Martin,Nisha Martin,nisha.martin151@demoemployee.com,Female,1982-04-21,2018-07-27,Research and Development,Data Scientist,EMP0140,Permanent,Remote,Kolkata,West Bengal,India,B.Tech,24,1538000,10,5,17,13,41,No,Active,2020-04-18
EMP0152,Arjun,Gupta,Arjun Gupta,arjun.gupta152@demoemployee.com,Female,1987-05-10,2017-06-26,Research and Development,Research Analyst,,Permanent,Onsite,Gurugram,Haryana,India,B.E.,19,1609000,0,1,19,19,39,No,Active,2023-04-12
EMP0153,Ishita,Sharma,Ishita Sharma,ishita.sharma153@demoemployee.com,Female,1985-07-16,2025-07-11,Human Resources,Training Coordinator,EMP0088,Permanent,Hybrid,Ahmedabad,Gujarat,India,M.Com,15,860000,3,4,8,5,66,No,Active,
EMP0154,David,Thomas,David Thomas,david.thomas154@demoemployee.com,Female,1967-11-15,2023-03-25,Information Technology,DevOps Engineer,EMP0042,Intern,Hybrid,Pune,Maharashtra,India,Diploma,22,1298000,15,3,2,21,6,No,Active,2026-02-23
EMP0155,Emily,Singh,Emily Singh,emily.singh155@demoemployee.com,Female,1970-11-13,2013-01-24,Finance,Financial Analyst,EMP0098,Contract,Remote,Gurugram,Haryana,India,B.Com,24,1122000,20,3,27,12,32,No,Active,2023-12-18
EMP0156,John,Gupta,John Gupta,john.gupta156@demoemployee.com,Male,1990-10-11,2021-02-15,Information Technology,Software Engineer,EMP0093,Permanent,Remote,Kochi,Kerala,India,B.E.,0,523000,12.5,3,9,15,96,No,Active,2025-06-11
EMP0157,Grace,Anderson,Grace Anderson,grace.anderson157@demoemployee.com,Male,1994-07-01,2020-01-11,Research and Development,R&D Manager,EMP0144,Contract,Onsite,Coimbatore,Tamil Nadu,India,B.Tech,11,1278000,7.5,3,15,19,7,Yes,Resigned,
EMP0158,Kavya,Kumar,Kavya Kumar,kavya.kumar158@demoemployee.com,Female,1992-11-01,2020-10-27,Marketing,Marketing Manager,EMP0114,Permanent,Onsite,Noida,Uttar Pradesh,India,Diploma,14,954000,7.5,1,16,13,113,Yes,On Leave,
EMP0159,Kavya,Singh,Kavya Singh,kavya.singh159@demoemployee.com,Female,2004-07-02,2020-01-23,Operations,Process Associate,EMP0137,Intern,Hybrid,Kolkata,West Bengal,India,B.Com,2,371000,7.5,3,1,20,7,No,Active,2021-06-13
EMP0160,Priya,Lewis,Priya Lewis,priya.lewis160@demoemployee.com,Female,1987-08-04,2021-06-19,Marketing,SEO Analyst,EMP0151,Contract,Hybrid,Ahmedabad,Gujarat,India,M.Sc.,11,1008000,15,2,3,12,106,No,Active,
EMP0161,Olivia,Mehta,Olivia Mehta,olivia.mehta161@demoemployee.com,Male,1989-03-25,2026-05-06,Customer Support,Support Manager,EMP0136,Contract,Hybrid,Chennai,Tamil Nadu,India,MBA,12,646000,15,3,2,5,19,Yes,Active,
EMP0162,Sanjay,Singh,Sanjay Singh,sanjay.singh162@demoemployee.com,Female,1969-02-22,2014-07-14,Research and Development,Data Scientist,EMP0022,Contract,Onsite,Pune,Maharashtra,India,M.Com,25,1685000,12.5,4,1,4,96,No,Active,2017-12-19
EMP0163,Ishita,Walker,Ishita Walker,ishita.walker163@demoemployee.com,Male,1978-06-07,2023-05-13,Customer Support,Support Executive,EMP0097,Intern,Onsite,Delhi,Delhi,India,M.Com,23,1403000,3,3,6,9,47,No,Active,
EMP0164,Divya,Brown,Divya Brown,divya.brown164@demoemployee.com,Female,1987-04-26,2016-12-31,Marketing,Content Specialist,EMP0137,Contract,Remote,Coimbatore,Tamil Nadu,India,B.Sc.,18,1082000,10,4,10,9,57,No,Active,2018-07-04
EMP0165,Saanvi,Kumar,Saanvi Kumar,saanvi.kumar165@demoemployee.com,Male,1977-11-23,2023-12-19,Sales,Sales Manager,EMP0163,Contract,Hybrid,Mumbai,Maharashtra,India,M.Sc.,2,461000,0,2,12,12,114,Yes,Active,2026-06-11
EMP0166,Robert,Mehta,Robert Mehta,robert.mehta166@demoemployee.com,Male,1979-04-02,2019-09-13,Sales,Account Manager,EMP0129,Permanent,Remote,Noida,Uttar Pradesh,India,B.Sc.,3,428000,12.5,3,30,17,64,Yes,Active,2021-11-05
EMP0167,Daniel,Kumar,Daniel Kumar,daniel.kumar167@demoemployee.com,Male,1973-05-20,2014-08-03,Operations,Process Associate,EMP0118,Intern,Remote,Kolkata,West Bengal,India,B.Sc.,17,1180000,7.5,3,9,22,64,No,Active,2017-10-12
EMP0168,Aarav,Nair,Aarav Nair,aarav.nair168@demoemployee.com,Female,2003-12-27,2015-06-25,Information Technology,Cloud Engineer,EMP0007,Permanent,Hybrid,Chennai,Tamil Nadu,India,B.Com,0,627000,0,4,17,3,6,No,Active,2026-01-08
EMP0169,Rohan,Clark,Rohan Clark,rohan.clark169@demoemployee.com,Male,1976-09-06,2014-05-22,Customer Support,Technical Support Engineer,EMP0148,Contract,Hybrid,Noida,Uttar Pradesh,India,Diploma,21,1052000,0,4,3,8,90,No,Active,
EMP0170,Priya,Martin,Priya Martin,priya.martin170@demoemployee.com,Female,1973-06-10,2022-09-28,Research and Development,Data Scientist,EMP0103,Permanent,Hybrid,Chennai,Tamil Nadu,India,B.Tech,27,1833000,5,4,29,0,80,No,Active,2025-10-06
EMP0171,Robert,Nair,Robert Nair,robert.nair171@demoemployee.com,Female,1976-12-09,2023-07-17,Research and Development,R&D Manager,EMP0168,Intern,Remote,Kolkata,West Bengal,India,B.E.,8,1056000,15,2,0,6,34,Yes,Active,2026-01-29
EMP0172,Meera,Clark,Meera Clark,meera.clark172@demoemployee.com,Male,1987-02-12,2018-08-25,Operations,Process Associate,EMP0096,Contract,Onsite,Coimbatore,Tamil Nadu,India,B.E.,11,754000,3,5,17,18,77,No,Active,2019-09-17
EMP0173,Emily,Lewis,Emily Lewis,emily.lewis173@demoemployee.com,Female,1998-12-24,2012-12-30,Customer Support,Support Executive,,Contract,Onsite,Ahmedabad,Gujarat,India,B.Sc.,8,611000,0,5,18,20,28,No,Active,2018-12-31
EMP0174,Meera,Anderson,Meera Anderson,meera.anderson174@demoemployee.com,Male,1990-04-10,2018-02-23,Customer Support,Support Manager,EMP0132,Permanent,Hybrid,Kochi,Kerala,India,B.Tech,6,544000,3,5,30,22,48,Yes,Active,2024-07-14
EMP0175,Emma,Rao,Emma Rao,emma.rao175@demoemployee.com,Female,1991-03-01,2024-02-17,Marketing,Marketing Executive,EMP0075,Contract,Onsite,Coimbatore,Tamil Nadu,India,B.Sc.,13,701000,12.5,3,30,10,88,No,On Leave,
EMP0176,Divya,Sharma,Divya Sharma,divya.sharma176@demoemployee.com,Female,1979-04-22,2012-06-26,Marketing,Marketing Executive,EMP0005,Permanent,Remote,Noida,Uttar Pradesh,India,MBA,21,1362000,10,3,19,3,5,No,Active,
EMP0177,Divya,Martin,Divya Martin,divya.martin177@demoemployee.com,Female,2005-01-26,2013-03-22,Customer Support,Technical Support Engineer,EMP0011,Intern,Onsite,Ahmedabad,Gujarat,India,MBA,1,280000,7.5,3,0,2,31,No,Active,2024-01-11
EMP0178,Nisha,Lewis,Nisha Lewis,nisha.lewis178@demoemployee.com,Female,1968-08-25,2012-10-11,Customer Support,Support Manager,EMP0080,Permanent,Hybrid,Mumbai,Maharashtra,India,Diploma,25,1347000,20,3,25,17,18,Yes,Active,2021-08-18
EMP0179,Emma,Clark,Emma Clark,emma.clark179@demoemployee.com,Female,2005-11-11,2019-12-06,Customer Support,Technical Support Engineer,,Intern,Hybrid,Hyderabad,Telangana,India,MBA,1,405000,20,3,14,22,65,No,Active,
EMP0180,Sanjay,Sharma,Sanjay Sharma,sanjay.sharma180@demoemployee.com,Male,1970-10-26,2020-01-22,Research and Development,Research Analyst,EMP0174,Intern,Onsite,Noida,Uttar Pradesh,India,B.Com,19,1516000,10,1,30,20,63,No,Active,
EMP0181,Vijay,Singh,Vijay Singh,vijay.singh181@demoemployee.com,Female,1982-10-06,2020-03-16,Customer Support,Support Executive,EMP0146,Intern,Onsite,Kochi,Kerala,India,B.Tech,24,950000,7.5,5,20,8,18,No,Active,2022-02-03
EMP0182,Divya,Nair,Divya Nair,divya.nair182@demoemployee.com,Male,1971-03-01,2016-10-08,Finance,Finance Manager,EMP0045,Intern,Onsite,Chennai,Tamil Nadu,India,Diploma,12,799000,15,4,13,5,61,Yes,Active,2020-11-06
EMP0183,Meera,Martin,Meera Martin,meera.martin183@demoemployee.com,Male,1991-01-07,2017-03-07,Customer Support,Technical Support Engineer,EMP0045,Intern,Remote,Mumbai,Maharashtra,India,M.Com,15,689000,10,2,20,24,75,No,Active,2025-09-16
EMP0184,Daniel,Wilson,Daniel Wilson,daniel.wilson184@demoemployee.com,Male,1991-07-12,2025-02-11,Information Technology,DevOps Engineer,EMP0033,Permanent,Hybrid,Coimbatore,Tamil Nadu,India,MBA,8,867000,12.5,5,10,18,33,No,Resigned,
EMP0185,Krishna,Anderson,Krishna Anderson,krishna.anderson185@demoemployee.com,Female,1999-10-16,2020-11-02,Customer Support,Support Manager,EMP0183,Permanent,Remote,Hyderabad,Telangana,India,MBA,1,396000,20,5,6,19,97,Yes,Active,2025-11-22
EMP0186,Saanvi,Rao,Saanvi Rao,saanvi.rao186@demoemployee.com,Male,1980-08-23,2015-09-22,Sales,Sales Manager,EMP0041,Contract,Hybrid,Coimbatore,Tamil Nadu,India,B.Sc.,20,899000,15,3,16,6,71,Yes,Active,2025-11-16
EMP0187,Lakshmi,Rao,Lakshmi Rao,lakshmi.rao187@demoemployee.com,Female,1994-01-05,2022-01-15,Sales,Business Development Executive,EMP0018,Contract,Onsite,Kolkata,West Bengal,India,B.E.,12,776000,3,3,26,7,28,No,Active,2025-01-01
EMP0188,Olivia,Kumar,Olivia Kumar,olivia.kumar188@demoemployee.com,Female,1981-06-20,2021-07-21,Human Resources,HR Manager,EMP0144,Intern,Remote,Delhi,Delhi,India,B.Com,20,1139000,0,5,9,18,71,Yes,Active,
EMP0189,Aarav,Mehta,Aarav Mehta,aarav.mehta189@demoemployee.com,Female,1982-07-21,2026-06-30,Human Resources,Training Coordinator,EMP0142,Permanent,Remote,Bengaluru,Karnataka,India,Diploma,24,1493000,10,3,22,20,37,No,Active,
EMP0190,Kavya,Brown,Kavya Brown,kavya.brown190@demoemployee.com,Male,1996-12-19,2015-11-19,Marketing,Marketing Manager,EMP0007,Contract,Hybrid,Bengaluru,Karnataka,India,B.Sc.,10,804000,15,5,5,2,64,Yes,Active,
EMP0191,Emma,Thomas,Emma Thomas,emma.thomas191@demoemployee.com,Male,1981-02-14,2012-08-04,Customer Support,Support Manager,EMP0117,Permanent,Remote,Noida,Uttar Pradesh,India,B.E.,4,389000,10,3,21,25,72,Yes,Active,2020-09-04
EMP0192,Ishita,Wilson,Ishita Wilson,ishita.wilson192@demoemployee.com,Female,1967-06-01,2024-06-01,Marketing,Marketing Manager,EMP0097,Permanent,Hybrid,Ahmedabad,Gujarat,India,B.Com,22,1045000,20,4,19,4,1,Yes,Active,
EMP0193,Meera,Singh,Meera Singh,meera.singh193@demoemployee.com,Male,1992-08-09,2020-01-28,Customer Support,Support Manager,EMP0106,Intern,Hybrid,Kolkata,West Bengal,India,B.Sc.,14,1001000,12.5,4,28,9,99,Yes,Active,2021-07-09
EMP0194,Meera,Lewis,Meera Lewis,meera.lewis194@demoemployee.com,Female,1975-05-19,2012-12-15,Sales,Sales Executive,EMP0063,Intern,Onsite,Kolkata,West Bengal,India,B.E.,25,1735000,12.5,5,2,10,8,No,Active,2024-07-04
EMP0195,Krishna,Clark,Krishna Clark,krishna.clark195@demoemployee.com,Female,1995-01-13,2015-11-06,Research and Development,Research Analyst,,Permanent,Remote,Kochi,Kerala,India,B.Tech,11,1183000,3,4,20,1,36,No,Resigned,2019-12-29
EMP0196,David,Gupta,David Gupta,david.gupta196@demoemployee.com,Male,1985-04-13,2013-06-03,Sales,Account Manager,EMP0061,Permanent,Hybrid,Coimbatore,Tamil Nadu,India,Diploma,7,607000,10,4,3,1,54,Yes,Active,2019-05-12
EMP0197,Sanjay,Rao,Sanjay Rao,sanjay.rao197@demoemployee.com,Male,2003-01-21,2023-01-25,Finance,Accountant,EMP0153,Intern,Onsite,Delhi,Delhi,India,B.Sc.,3,627000,5,3,17,18,17,No,Active,2025-02-12
EMP0198,Meera,Gupta,Meera Gupta,meera.gupta198@demoemployee.com,Male,1978-01-09,2013-04-03,Sales,Sales Executive,EMP0072,Permanent,Onsite,Ahmedabad,Gujarat,India,B.Com,8,617000,20,4,2,6,117,No,Active,2019-03-27
EMP0199,Ishita,Thomas,Ishita Thomas,ishita.thomas199@demoemployee.com,Male,1967-12-27,2020-02-01,Marketing,SEO Analyst,EMP0004,Intern,Onsite,Hyderabad,Telangana,India,M.Com,21,1421000,7.5,4,20,20,0,No,Active,2025-05-05
EMP0200,Aarav,Nair,Aarav Nair,aarav.nair200@demoemployee.com,Female,1984-01-28,2023-04-16,Human Resources,HR Executive,EMP0029,Intern,Remote,Chennai,Tamil Nadu,India,B.Com,13,626000,12.5,4,8,20,106,No,Active,2025-06-24
EMP0201,Lakshmi,Wilson,Lakshmi Wilson,lakshmi.wilson201@demoemployee.com,Female,1974-07-18,2024-10-14,Finance,Finance Manager,EMP0082,Permanent,Onsite,Delhi,Delhi,India,B.Com,26,1740000,10,1,7,7,37,Yes,Active,
EMP0202,Karthik,Walker,Karthik Walker,karthik.walker202@demoemployee.com,Male,1981-01-22,2023-07-16,Information Technology,QA Engineer,EMP0133,Contract,Hybrid,Pune,Maharashtra,India,B.Com,21,1488000,3,5,3,22,38,No,Active,2025-10-11
EMP0203,Kavya,Patel,Kavya Patel,kavya.patel203@demoemployee.com,Male,1983-11-11,2016-01-25,Operations,Process Associate,EMP0014,Contract,Hybrid,Coimbatore,Tamil Nadu,India,B.Tech,2,491000,0,2,27,4,2,No,Active,2024-05-24
EMP0204,Priya,Nair,Priya Nair,priya.nair204@demoemployee.com,Female,1978-04-25,2016-03-02,Operations,Operations Manager,EMP0200,Contract,Onsite,Kochi,Kerala,India,B.Com,27,1515000,0,4,25,18,43,Yes,Active,2020-01-03
EMP0205,Aarav,Iyer,Aarav Iyer,aarav.iyer205@demoemployee.com,Male,1991-10-08,2017-11-15,Human Resources,Training Coordinator,EMP0004,Contract,Hybrid,Delhi,Delhi,India,B.Sc.,15,724000,15,5,22,2,23,No,Active,2020-12-18
EMP0206,Divya,Taylor,Divya Taylor,divya.taylor206@demoemployee.com,Female,1982-01-15,2017-08-09,Marketing,Marketing Executive,EMP0122,Intern,Onsite,Chennai,Tamil Nadu,India,M.Com,15,1087000,7.5,3,19,23,94,No,Active,2022-02-10
EMP0207,Lakshmi,Reddy,Lakshmi Reddy,lakshmi.reddy207@demoemployee.com,Female,2004-01-24,2021-11-16,Sales,Business Development Executive,EMP0103,Contract,Remote,Pune,Maharashtra,India,M.Com,2,469000,10,2,16,19,17,No,Resigned,
EMP0208,Karthik,Anderson,Karthik Anderson,karthik.anderson208@demoemployee.com,Male,1978-07-10,2024-12-18,Human Resources,Recruiter,EMP0125,Intern,Hybrid,Delhi,Delhi,India,B.Com,16,1266000,10,2,12,22,79,No,Active,
EMP0209,Rahul,Nair,Rahul Nair,rahul.nair209@demoemployee.com,Female,1972-06-14,2012-03-03,Human Resources,HR Manager,EMP0123,Intern,Hybrid,Delhi,Delhi,India,M.Sc.,17,1004000,7.5,4,25,4,96,Yes,Active,2016-10-18
EMP0210,Sanjay,Sharma,Sanjay Sharma,sanjay.sharma210@demoemployee.com,Female,1995-08-03,2017-11-23,Operations,Operations Manager,EMP0114,Intern,Remote,Delhi,Delhi,India,B.Sc.,11,863000,20,4,28,2,84,Yes,Resigned,2018-11-23
EMP0211,David,Kumar,David Kumar,david.kumar211@demoemployee.com,Male,1993-04-24,2019-07-27,Sales,Sales Executive,EMP0103,Intern,Remote,Noida,Uttar Pradesh,India,Diploma,13,975000,0,1,4,11,17,No,Active,
EMP0212,Grace,Taylor,Grace Taylor,grace.taylor212@demoemployee.com,Female,1975-09-09,2014-10-14,Customer Support,Support Executive,EMP0042,Permanent,Hybrid,Kochi,Kerala,India,B.Tech,19,1107000,5,4,18,25,58,No,Active,2016-04-01
EMP0213,Rohan,Singh,Rohan Singh,rohan.singh213@demoemployee.com,Male,1989-10-04,2017-05-12,Operations,Operations Executive,EMP0045,Intern,Remote,Kochi,Kerala,India,MBA,14,982000,10,3,29,24,6,No,Active,2026-05-06
EMP0214,Vivaan,Wilson,Vivaan Wilson,vivaan.wilson214@demoemployee.com,Female,1969-01-06,2025-12-01,Sales,Sales Manager,EMP0195,Contract,Remote,Bengaluru,Karnataka,India,B.Com,21,947000,3,3,17,12,2,Yes,Active,
EMP0215,Saanvi,Kumar,Saanvi Kumar,saanvi.kumar215@demoemployee.com,Female,2005-01-21,2020-07-07,Research and Development,Research Analyst,EMP0075,Permanent,Remote,Gurugram,Haryana,India,B.E.,1,750000,10,4,18,4,119,No,Active,2024-12-05
EMP0216,David,Rao,David Rao,david.rao216@demoemployee.com,Male,1978-08-02,2014-11-01,Customer Support,Support Executive,EMP0066,Contract,Remote,Mumbai,Maharashtra,India,M.Sc.,24,937000,0,3,1,5,70,No,Active,2018-06-18
EMP0217,Nisha,Lewis,Nisha Lewis,nisha.lewis217@demoemployee.com,Male,1982-04-04,2013-08-06,Information Technology,Software Engineer,EMP0198,Permanent,Hybrid,Coimbatore,Tamil Nadu,India,M.Com,5,851000,12.5,3,17,19,85,No,Active,
EMP0218,Ishita,Nair,Ishita Nair,ishita.nair218@demoemployee.com,Male,1986-12-02,2015-03-23,Customer Support,Support Manager,EMP0057,Permanent,Remote,Kochi,Kerala,India,Diploma,20,1381000,0,2,6,23,103,Yes,Active,2018-06-04
EMP0219,Robert,Brown,Robert Brown,robert.brown219@demoemployee.com,Male,1975-01-13,2012-08-14,Finance,Finance Manager,EMP0015,Intern,Onsite,Coimbatore,Tamil Nadu,India,M.Com,26,1184000,20,4,13,21,7,Yes,Active,2021-09-05
EMP0220,Diya,Iyer,Diya Iyer,diya.iyer220@demoemployee.com,Female,1993-03-01,2012-05-05,Finance,Finance Manager,EMP0015,Contract,Hybrid,Ahmedabad,Gujarat,India,B.Tech,13,937000,20,4,19,18,76,Yes,Active,2022-03-13
EMP0221,Emily,Singh,Emily Singh,emily.singh221@demoemployee.com,Female,1968-01-13,2013-02-14,Research and Development,ML Engineer,EMP0185,Intern,Hybrid,Pune,Maharashtra,India,M.Com,7,1015000,12.5,2,26,2,23,No,Active,2025-03-25
EMP0222,Meera,Iyer,Meera Iyer,meera.iyer222@demoemployee.com,Male,1978-10-23,2019-07-26,Operations,Process Associate,EMP0052,Contract,Remote,Ahmedabad,Gujarat,India,B.Tech,14,996000,3,4,8,9,98,No,Active,
EMP0223,Meera,Wilson,Meera Wilson,meera.wilson223@demoemployee.com,Male,1999-12-23,2019-08-20,Operations,Operations Analyst,EMP0125,Permanent,Hybrid,Ahmedabad,Gujarat,India,B.Com,7,629000,20,5,26,23,43,No,Active,2025-05-21
EMP0224,Nisha,Joseph,Nisha Joseph,nisha.joseph224@demoemployee.com,Female,2003-05-21,2025-08-26,Sales,Account Manager,EMP0187,Contract,Onsite,Gurugram,Haryana,India,B.E.,2,570000,20,3,13,10,2,Yes,Active,
EMP0225,Daniel,Gupta,Daniel Gupta,daniel.gupta225@demoemployee.com,Female,1977-03-07,2018-06-27,Finance,Financial Analyst,EMP0098,Intern,Hybrid,Kochi,Kerala,India,M.Com,1,547000,12.5,5,2,12,119,No,Active,
EMP0226,Grace,Thomas,Grace Thomas,grace.thomas226@demoemployee.com,Male,2002-07-23,2015-08-04,Research and Development,Data Scientist,EMP0060,Permanent,Hybrid,Chennai,Tamil Nadu,India,M.Sc.,4,834000,0,5,23,6,113,No,Active,
EMP0227,Saanvi,Sharma,Saanvi Sharma,saanvi.sharma227@demoemployee.com,Female,1976-06-13,2022-11-03,Human Resources,HR Manager,EMP0116,Intern,Onsite,Ahmedabad,Gujarat,India,M.Sc.,25,1051000,3,4,8,24,86,Yes,Active,2024-09-27
EMP0228,Aarav,Singh,Aarav Singh,aarav.singh228@demoemployee.com,Female,1995-06-24,2022-05-28,Marketing,Marketing Manager,EMP0109,Contract,Onsite,Ahmedabad,Gujarat,India,M.Sc.,0,407000,7.5,3,3,13,42,Yes,Active,2025-07-03
EMP0229,Nisha,Sharma,Nisha Sharma,nisha.sharma229@demoemployee.com,Male,1974-10-11,2022-02-22,Research and Development,R&D Manager,EMP0145,Intern,Remote,Pune,Maharashtra,India,Diploma,11,1157000,3,4,4,5,62,Yes,Active,2023-04-23
EMP0230,Rohan,Walker,Rohan Walker,rohan.walker230@demoemployee.com,Male,2001-01-01,2022-04-16,Sales,Business Development Executive,EMP0191,Permanent,Onsite,Ahmedabad,Gujarat,India,B.Com,5,512000,0,3,26,10,82,No,Active,2023-12-17
EMP0231,Robert,Singh,Robert Singh,robert.singh231@demoemployee.com,Female,1988-04-25,2019-11-20,Sales,Sales Manager,EMP0096,Permanent,Remote,Chennai,Tamil Nadu,India,B.Tech,5,611000,10,3,26,17,92,Yes,Active,2025-02-28
EMP0232,Ananya,Iyer,Ananya Iyer,ananya.iyer232@demoemployee.com,Female,1979-01-26,2012-04-23,Sales,Account Manager,EMP0037,Permanent,Onsite,Noida,Uttar Pradesh,India,M.Sc.,13,879000,12.5,3,28,24,51,Yes,Active,
EMP0233,Ishita,Sharma,Ishita Sharma,ishita.sharma233@demoemployee.com,Female,1989-01-21,2022-12-24,Sales,Business Development Executive,EMP0046,Intern,Remote,Coimbatore,Tamil Nadu,India,MBA,1,340000,20,3,0,10,6,No,Active,2025-07-23
EMP0234,Sanjay,Nair,Sanjay Nair,sanjay.nair234@demoemployee.com,Female,1977-09-12,2023-03-10,Customer Support,Technical Support Engineer,EMP0122,Permanent,Onsite,Gurugram,Haryana,India,B.Tech,18,880000,20,4,23,1,51,No,Active,2026-05-06
EMP0235,Robert,Joseph,Robert Joseph,robert.joseph235@demoemployee.com,Male,2000-11-12,2022-07-26,Research and Development,R&D Manager,EMP0061,Intern,Onsite,Pune,Maharashtra,India,M.Sc.,6,884000,20,5,7,12,43,Yes,Active,2024-12-16
EMP0236,John,Patel,John Patel,john.patel236@demoemployee.com,Female,1975-05-07,2026-06-23,Information Technology,DevOps Engineer,EMP0173,Permanent,Hybrid,Hyderabad,Telangana,India,MBA,15,1346000,12.5,5,10,10,26,No,Active,
EMP0237,Daniel,Patel,Daniel Patel,daniel.patel237@demoemployee.com,Female,1990-04-24,2019-12-24,Marketing,Content Specialist,EMP0142,Permanent,Onsite,Delhi,Delhi,India,MBA,12,938000,0,3,1,10,116,No,Active,2024-01-07
EMP0238,David,Joseph,David Joseph,david.joseph238@demoemployee.com,Female,1975-01-19,2017-08-07,Human Resources,Recruiter,EMP0018,Permanent,Onsite,Delhi,Delhi,India,B.Tech,21,971000,7.5,2,2,20,39,No,Active,2019-01-03
EMP0239,Divya,Nair,Divya Nair,divya.nair239@demoemployee.com,Female,1999-08-12,2022-03-08,Information Technology,Data Engineer,EMP0056,Permanent,Hybrid,Coimbatore,Tamil Nadu,India,M.Sc.,7,963000,12.5,2,24,18,114,No,Active,2025-02-23
EMP0240,Emily,Walker,Emily Walker,emily.walker240@demoemployee.com,Male,2005-04-20,2022-10-12,Research and Development,Data Scientist,EMP0082,Permanent,Onsite,Bengaluru,Karnataka,India,B.Com,1,778000,20,3,22,18,59,No,Active,2025-04-08
EMP0241,Nisha,Clark,Nisha Clark,nisha.clark241@demoemployee.com,Female,1976-03-22,2018-03-30,Research and Development,ML Engineer,EMP0117,Intern,Hybrid,Bengaluru,Karnataka,India,MBA,18,1274000,12.5,4,30,13,63,No,Active,2023-09-27
EMP0242,Daniel,Walker,Daniel Walker,daniel.walker242@demoemployee.com,Female,1976-09-15,2023-09-27,Marketing,Marketing Executive,EMP0104,Permanent,Hybrid,Chennai,Tamil Nadu,India,B.E.,13,1090000,15,3,2,6,0,No,Active,2025-02-18
EMP0243,Karthik,Patel,Karthik Patel,karthik.patel243@demoemployee.com,Male,2000-11-19,2018-04-21,Finance,Financial Analyst,EMP0098,Permanent,Onsite,Gurugram,Haryana,India,B.Tech,6,705000,7.5,4,8,17,41,No,Active,
EMP0244,Saanvi,Iyer,Saanvi Iyer,saanvi.iyer244@demoemployee.com,Female,1983-11-21,2016-08-07,Marketing,Marketing Executive,EMP0017,Contract,Onsite,Chennai,Tamil Nadu,India,Diploma,14,947000,5,4,5,22,17,No,Active,2023-05-01
EMP0245,Aditya,Lewis,Aditya Lewis,aditya.lewis245@demoemployee.com,Female,1985-07-14,2026-01-24,Marketing,SEO Analyst,EMP0040,Contract,Onsite,Ahmedabad,Gujarat,India,M.Sc.,21,1437000,12.5,2,17,18,35,No,Active,
EMP0246,Daniel,Mehta,Daniel Mehta,daniel.mehta246@demoemployee.com,Male,1980-08-17,2023-09-07,Sales,Business Development Executive,EMP0067,Contract,Remote,Chennai,Tamil Nadu,India,B.Com,1,522000,0,2,24,13,120,No,On Leave,2026-07-25
EMP0247,Nisha,Joseph,Nisha Joseph,nisha.joseph247@demoemployee.com,Female,1981-10-06,2017-04-06,Sales,Sales Executive,,Contract,Remote,Hyderabad,Telangana,India,B.Tech,9,577000,5,4,16,25,83,No,Active,
EMP0248,Krishna,Singh,Krishna Singh,krishna.singh248@demoemployee.com,Male,1980-06-13,2012-10-23,Sales,Account Manager,EMP0175,Permanent,Onsite,Noida,Uttar Pradesh,India,B.E.,26,1118000,12.5,2,8,0,55,Yes,Resigned,
EMP0249,Michael,Patel,Michael Patel,michael.patel249@demoemployee.com,Female,1970-09-16,2014-04-17,Operations,Process Associate,EMP0059,Permanent,Onsite,Gurugram,Haryana,India,B.Tech,4,614000,15,4,23,17,100,No,Active,2026-06-04
EMP0250,Aditya,Mehta,Aditya Mehta,aditya.mehta250@demoemployee.com,Male,1997-09-01,2019-01-20,Research and Development,Data Scientist,EMP0185,Permanent,Remote,Gurugram,Haryana,India,B.Sc.,9,1124000,12.5,3,19,18,21,No,Active,2024-03-08
EMP0251,David,Mehta,David Mehta,david.mehta251@demoemployee.com,Male,1976-09-09,2021-09-29,Operations,Operations Manager,EMP0051,Permanent,Onsite,Hyderabad,Telangana,India,B.E.,15,766000,5,2,7,21,1,Yes,Active,2024-02-10
EMP0252,Arjun,Sharma,Arjun Sharma,arjun.sharma252@demoemployee.com,Male,1990-08-06,2019-08-10,Information Technology,Senior Software Engineer,EMP0153,Permanent,Hybrid,Gurugram,Haryana,India,B.Com,16,1050000,3,3,1,20,53,No,Active,2024-10-30
EMP0253,Lakshmi,Nair,Lakshmi Nair,lakshmi.nair253@demoemployee.com,Female,1984-11-26,2014-06-04,Marketing,SEO Analyst,EMP0091,Permanent,Remote,Bengaluru,Karnataka,India,B.Tech,22,874000,3,3,24,25,91,No,Resigned,
EMP0254,Kavya,Kumar,Kavya Kumar,kavya.kumar254@demoemployee.com,Male,1992-03-17,2013-07-21,Research and Development,ML Engineer,EMP0030,Intern,Remote,Kolkata,West Bengal,India,MBA,14,1001000,10,3,7,19,50,No,Active,2023-12-16
EMP0255,Lakshmi,Wilson,Lakshmi Wilson,lakshmi.wilson255@demoemployee.com,Female,1990-09-27,2023-06-29,Human Resources,Recruiter,EMP0180,Permanent,Hybrid,Kolkata,West Bengal,India,M.Com,16,1128000,10,2,6,2,27,No,Resigned,2024-08-20
EMP0256,Olivia,Mehta,Olivia Mehta,olivia.mehta256@demoemployee.com,Male,1975-06-11,2018-09-05,Operations,Operations Executive,EMP0196,Contract,Remote,Coimbatore,Tamil Nadu,India,B.Com,28,1349000,5,1,30,24,25,No,Active,2024-05-04
EMP0257,Nisha,Gupta,Nisha Gupta,nisha.gupta257@demoemployee.com,Male,1979-08-17,2021-02-23,Sales,Business Development Executive,EMP0033,Permanent,Remote,Noida,Uttar Pradesh,India,B.E.,16,1149000,15,3,23,5,87,No,Active,2023-01-10
EMP0258,Arjun,Gupta,Arjun Gupta,arjun.gupta258@demoemployee.com,Male,1989-12-08,2013-03-20,Information Technology,Data Engineer,EMP0140,Permanent,Onsite,Kochi,Kerala,India,B.Com,1,566000,20,4,3,13,105,No,Active,2020-07-25
EMP0259,Sophia,Walker,Sophia Walker,sophia.walker259@demoemployee.com,Male,2002-06-02,2020-05-14,Marketing,Content Specialist,EMP0106,Permanent,Remote,Ahmedabad,Gujarat,India,Diploma,4,533000,10,1,25,7,25,No,Resigned,
EMP0260,Meera,Mehta,Meera Mehta,meera.mehta260@demoemployee.com,Female,1988-01-05,2021-05-28,Marketing,Marketing Manager,EMP0074,Permanent,Onsite,Mumbai,Maharashtra,India,M.Sc.,6,767000,10,4,13,18,111,Yes,Active,2026-07-10
EMP0261,Sanjay,Nair,Sanjay Nair,sanjay.nair261@demoemployee.com,Female,1988-06-03,2021-07-29,Customer Support,Support Executive,EMP0077,Contract,Remote,Kolkata,West Bengal,India,MBA,7,647000,10,3,22,3,89,No,Active,
EMP0262,Priya,Mehta,Priya Mehta,priya.mehta262@demoemployee.com,Male,1973-02-09,2019-02-12,Information Technology,Data Engineer,EMP0026,Permanent,Hybrid,Hyderabad,Telangana,India,B.Sc.,1,545000,3,4,9,1,13,No,Active,2024-05-12
EMP0263,Robert,Taylor,Robert Taylor,robert.taylor263@demoemployee.com,Male,1978-08-18,2025-01-02,Finance,Payroll Executive,EMP0075,Permanent,Onsite,Hyderabad,Telangana,India,B.Sc.,20,985000,3,4,3,11,31,No,Active,
EMP0264,Grace,Joseph,Grace Joseph,grace.joseph264@demoemployee.com,Male,2000-07-15,2022-12-17,Operations,Operations Manager,EMP0015,Permanent,Onsite,Chennai,Tamil Nadu,India,M.Sc.,2,476000,5,4,15,8,83,Yes,Active,2026-06-09
EMP0265,Olivia,Kumar,Olivia Kumar,olivia.kumar265@demoemployee.com,Male,1995-10-07,2021-10-10,Research and Development,Research Analyst,EMP0118,Contract,Remote,Kolkata,West Bengal,India,B.E.,11,1136000,20,3,2,5,86,No,Active,2025-02-12
EMP0266,Diya,Thomas,Diya Thomas,diya.thomas266@demoemployee.com,Female,1969-06-19,2018-05-02,Marketing,Content Specialist,EMP0099,Contract,Hybrid,Delhi,Delhi,India,M.Sc.,27,1598000,3,4,23,3,32,No,Active,2020-10-09
EMP0267,Priya,Lewis,Priya Lewis,priya.lewis267@demoemployee.com,Male,1977-11-18,2017-12-25,Finance,Accountant,EMP0030,Permanent,Remote,Chennai,Tamil Nadu,India,M.Com,8,718000,10,2,27,8,12,No,Active,2023-03-04
EMP0268,Nisha,Singh,Nisha Singh,nisha.singh268@demoemployee.com,Female,1980-02-10,2025-08-09,Sales,Business Development Executive,EMP0032,Permanent,Onsite,Mumbai,Maharashtra,India,M.Sc.,15,1136000,12.5,3,10,5,106,No,Active,
EMP0269,Emma,Gupta,Emma Gupta,emma.gupta269@demoemployee.com,Female,1984-02-24,2017-10-30,Research and Development,Data Scientist,EMP0011,Contract,Hybrid,Kochi,Kerala,India,M.Sc.,20,1360000,5,4,24,25,64,No,Active,
EMP0270,Sanjay,Brown,Sanjay Brown,sanjay.brown270@demoemployee.com,Female,1976-09-22,2014-10-20,Finance,Payroll Executive,EMP0117,Permanent,Hybrid,Hyderabad,Telangana,India,B.Sc.,23,1669000,7.5,5,12,2,44,No,Active,
EMP0271,Saanvi,Anderson,Saanvi Anderson,saanvi.anderson271@demoemployee.com,Female,1978-01-02,2015-01-22,Sales,Sales Manager,EMP0184,Contract,Onsite,Delhi,Delhi,India,Diploma,26,1369000,5,4,15,19,106,Yes,On Leave,
EMP0272,Arjun,Kumar,Arjun Kumar,arjun.kumar272@demoemployee.com,Male,1998-09-06,2020-09-06,Marketing,SEO Analyst,EMP0153,Permanent,Hybrid,Hyderabad,Telangana,India,B.Sc.,3,459000,7.5,3,2,1,83,No,On Leave,2024-07-09
EMP0273,Vijay,Taylor,Vijay Taylor,vijay.taylor273@demoemployee.com,Male,1972-11-07,2022-05-22,Information Technology,QA Engineer,EMP0121,Permanent,Onsite,Pune,Maharashtra,India,B.Tech,15,1066000,0,3,17,6,93,No,Active,
EMP0274,Divya,Mehta,Divya Mehta,divya.mehta274@demoemployee.com,Male,1980-12-12,2016-10-21,Customer Support,Technical Support Engineer,,Permanent,Hybrid,Kolkata,West Bengal,India,Diploma,5,658000,7.5,3,5,9,12,No,Active,2024-04-12
EMP0275,Lakshmi,Nair,Lakshmi Nair,lakshmi.nair275@demoemployee.com,Female,2001-12-07,2023-03-20,Human Resources,Recruiter,EMP0197,Permanent,Remote,Ahmedabad,Gujarat,India,B.Com,5,706000,5,5,19,8,99,No,Active,2025-02-10
EMP0276,Daniel,Nair,Daniel Nair,daniel.nair276@demoemployee.com,Male,1977-03-03,2019-11-26,Sales,Account Manager,EMP0058,Contract,Hybrid,Chennai,Tamil Nadu,India,Diploma,1,359000,12.5,3,26,18,44,Yes,Active,2026-06-27
EMP0277,Vivaan,Iyer,Vivaan Iyer,vivaan.iyer277@demoemployee.com,Male,2000-11-21,2018-02-12,Sales,Sales Manager,EMP0085,Contract,Onsite,Bengaluru,Karnataka,India,B.Tech,6,694000,0,3,7,19,7,Yes,Active,
EMP0278,Priya,Martin,Priya Martin,priya.martin278@demoemployee.com,Male,1968-09-13,2017-06-20,Finance,Payroll Executive,,Intern,Hybrid,Gurugram,Haryana,India,B.E.,1,411000,12.5,4,6,11,111,No,Active,
EMP0279,Sanjay,Rao,Sanjay Rao,sanjay.rao279@demoemployee.com,Male,1996-01-14,2013-12-26,Customer Support,Support Manager,EMP0100,Intern,Remote,Gurugram,Haryana,India,B.Com,10,684000,0,5,11,6,79,Yes,Active,2023-05-03
EMP0280,Meera,Brown,Meera Brown,meera.brown280@demoemployee.com,Male,1971-02-01,2012-01-11,Research and Development,Data Scientist,EMP0146,Permanent,Hybrid,Coimbatore,Tamil Nadu,India,M.Sc.,28,1446000,5,4,24,15,87,No,Active,
EMP0281,Saanvi,Nair,Saanvi Nair,saanvi.nair281@demoemployee.com,Female,1981-03-01,2024-02-16,Information Technology,Data Engineer,EMP0056,Permanent,Hybrid,Coimbatore,Tamil Nadu,India,MBA,7,922000,7.5,4,2,7,112,No,Active,2026-04-06
EMP0282,Ananya,Lewis,Ananya Lewis,ananya.lewis282@demoemployee.com,Female,1986-08-24,2015-05-23,Marketing,Content Specialist,EMP0059,Permanent,Onsite,Gurugram,Haryana,India,M.Com,0,462000,20,5,18,17,77,No,Active,2023-03-08
EMP0283,Priya,Martin,Priya Martin,priya.martin283@demoemployee.com,Male,2004-01-21,2023-05-06,Marketing,Marketing Manager,EMP0159,Permanent,Hybrid,Hyderabad,Telangana,India,B.Com,2,519000,7.5,5,1,19,105,Yes,Active,2025-07-27
EMP0284,Rohan,Nair,Rohan Nair,rohan.nair284@demoemployee.com,Male,1974-02-03,2025-08-19,Research and Development,ML Engineer,EMP0105,Contract,Remote,Chennai,Tamil Nadu,India,B.Sc.,8,950000,10,3,0,14,89,No,Active,
EMP0285,Sophia,Singh,Sophia Singh,sophia.singh285@demoemployee.com,Female,1976-08-08,2025-01-05,Finance,Payroll Executive,EMP0052,Permanent,Hybrid,Kolkata,West Bengal,India,B.E.,13,797000,5,4,30,19,5,No,Active,
EMP0286,Olivia,Kumar,Olivia Kumar,olivia.kumar286@demoemployee.com,Female,1996-06-23,2018-08-28,Marketing,SEO Analyst,EMP0115,Contract,Hybrid,Mumbai,Maharashtra,India,B.Com,10,710000,15,4,5,25,0,No,Active,2023-05-26
EMP0287,Grace,Kumar,Grace Kumar,grace.kumar287@demoemployee.com,Male,1986-03-04,2015-12-19,Research and Development,R&D Manager,EMP0087,Intern,Hybrid,Kolkata,West Bengal,India,M.Sc.,20,1668000,15,2,19,23,21,Yes,Active,
EMP0288,Nisha,Anderson,Nisha Anderson,nisha.anderson288@demoemployee.com,Female,1982-06-05,2023-04-01,Research and Development,R&D Manager,EMP0145,Contract,Hybrid,Noida,Uttar Pradesh,India,B.Com,6,887000,0,2,9,20,28,Yes,Active,2024-06-10
EMP0289,Michael,Patel,Michael Patel,michael.patel289@demoemployee.com,Female,1996-01-27,2019-01-31,Finance,Accountant,EMP0087,Permanent,Onsite,Delhi,Delhi,India,B.Sc.,10,749000,0,4,4,19,29,No,Active,2023-11-24
EMP0290,Nisha,Clark,Nisha Clark,nisha.clark290@demoemployee.com,Female,1994-01-13,2022-11-25,Human Resources,Training Coordinator,EMP0096,Intern,Onsite,Coimbatore,Tamil Nadu,India,B.E.,12,724000,0,3,7,22,101,No,Active,
EMP0291,Arjun,Brown,Arjun Brown,arjun.brown291@demoemployee.com,Female,1998-06-02,2022-10-18,Human Resources,HR Executive,,Permanent,Remote,Coimbatore,Tamil Nadu,India,B.E.,8,802000,5,4,17,16,55,No,Active,2025-08-09
EMP0292,Diya,Clark,Diya Clark,diya.clark292@demoemployee.com,Male,1993-01-07,2018-05-15,Customer Support,Support Manager,EMP0051,Permanent,Hybrid,Kochi,Kerala,India,M.Com,13,787000,15,5,19,22,17,Yes,Active,2020-12-10
EMP0293,Sanjay,Thomas,Sanjay Thomas,sanjay.thomas293@demoemployee.com,Male,1975-02-20,2017-01-02,Marketing,Marketing Executive,EMP0079,Permanent,Remote,Mumbai,Maharashtra,India,B.Com,24,1654000,15,5,24,17,5,No,Active,2018-08-02
EMP0294,John,Walker,John Walker,john.walker294@demoemployee.com,Female,1998-01-01,2014-08-12,Sales,Business Development Executive,EMP0120,Intern,Onsite,Noida,Uttar Pradesh,India,M.Com,8,668000,12.5,3,4,6,93,No,Active,2024-02-09
EMP0295,Diya,Clark,Diya Clark,diya.clark295@demoemployee.com,Female,1987-12-03,2022-04-14,Operations,Operations Manager,EMP0103,Permanent,Hybrid,Coimbatore,Tamil Nadu,India,B.Com,19,895000,20,2,24,4,67,Yes,Active,
EMP0296,Michael,Lewis,Michael Lewis,michael.lewis296@demoemployee.com,Female,1996-08-09,2015-05-13,Research and Development,Research Analyst,EMP0088,Permanent,Onsite,Kolkata,West Bengal,India,B.Com,10,1093000,12.5,5,6,24,22,No,Active,2018-02-06
EMP0297,Vivaan,Brown,Vivaan Brown,vivaan.brown297@demoemployee.com,Female,1968-01-05,2026-07-24,Operations,Operations Executive,EMP0082,Permanent,Remote,Chennai,Tamil Nadu,India,B.E.,1,343000,3,3,22,0,54,No,Active,
EMP0298,Vijay,Mehta,Vijay Mehta,vijay.mehta298@demoemployee.com,Male,1968-06-17,2014-11-02,Information Technology,Senior Software Engineer,EMP0081,Permanent,Hybrid,Hyderabad,Telangana,India,Diploma,3,684000,0,4,8,14,49,No,Active,2016-04-11
EMP0299,Vijay,Iyer,Vijay Iyer,vijay.iyer299@demoemployee.com,Male,1999-04-20,2021-09-03,Sales,Sales Manager,EMP0048,Permanent,Onsite,Hyderabad,Telangana,India,B.Tech,7,610000,10,4,24,15,60,Yes,Active,
EMP0300,Grace,Clark,Grace Clark,grace.clark300@demoemployee.com,Female,1970-10-21,2019-03-18,Operations,Process Associate,EMP0113,Permanent,Hybrid,Coimbatore,Tamil Nadu,India,B.Sc.,24,1165000,5,4,20,3,107,No,Active,2023-11-19
EMP0301,Meera,Kumar,Meera Kumar,meera.kumar301@demoemployee.com,Male,2001-09-10,2024-06-27,Sales,Business Development Executive,EMP0041,Permanent,Onsite,Hyderabad,Telangana,India,Diploma,5,498000,12.5,5,20,19,80,No,Active,2026-05-11
EMP0302,Emma,Wilson,Emma Wilson,emma.wilson302@demoemployee.com,Male,2003-04-09,2017-03-19,Research and Development,ML Engineer,EMP0192,Permanent,Hybrid,Kolkata,West Bengal,India,M.Sc.,3,710000,0,2,15,24,51,No,Active,2025-01-02
EMP0303,Vivaan,Martin,Vivaan Martin,vivaan.martin303@demoemployee.com,Male,1983-10-01,2013-07-28,Information Technology,Senior Software Engineer,EMP0092,Permanent,Hybrid,Chennai,Tamil Nadu,India,Diploma,16,1172000,3,4,23,16,70,No,Active,2015-08-10
EMP0304,Meera,Gupta,Meera Gupta,meera.gupta304@demoemployee.com,Female,1978-07-02,2022-11-26,Human Resources,HR Manager,EMP0195,Intern,Hybrid,Mumbai,Maharashtra,India,MBA,11,808000,20,1,18,5,30,Yes,Active,2025-01-22
EMP0305,Krishna,Sharma,Krishna Sharma,krishna.sharma305@demoemployee.com,Male,1969-06-15,2024-06-05,Research and Development,ML Engineer,EMP0089,Permanent,Hybrid,Kolkata,West Bengal,India,M.Com,18,1324000,12.5,5,23,7,55,No,Active,2026-07-18
EMP0306,Lakshmi,Singh,Lakshmi Singh,lakshmi.singh306@demoemployee.com,Female,1994-06-28,2026-04-04,Operations,Process Associate,EMP0074,Permanent,Onsite,Bengaluru,Karnataka,India,B.E.,12,959000,12.5,2,25,21,14,No,Active,
EMP0307,Aarav,Clark,Aarav Clark,aarav.clark307@demoemployee.com,Female,1974-01-06,2015-03-01,Research and Development,Data Scientist,,Permanent,Remote,Bengaluru,Karnataka,India,M.Sc.,24,1474000,7.5,3,19,23,73,No,On Leave,
EMP0308,Arjun,Walker,Arjun Walker,arjun.walker308@demoemployee.com,Female,1977-10-17,2013-02-03,Finance,Finance Manager,EMP0079,Permanent,Onsite,Noida,Uttar Pradesh,India,B.Tech,16,1179000,7.5,4,20,20,15,Yes,Active,2016-11-16
EMP0309,Nisha,Joseph,Nisha Joseph,nisha.joseph309@demoemployee.com,Male,2003-06-23,2012-08-31,Sales,Account Manager,EMP0116,Contract,Hybrid,Delhi,Delhi,India,B.Tech,3,460000,5,4,4,11,110,Yes,On Leave,
EMP0310,Karthik,Anderson,Karthik Anderson,karthik.anderson310@demoemployee.com,Male,1974-09-22,2018-06-08,Marketing,Content Specialist,EMP0134,Permanent,Hybrid,Delhi,Delhi,India,B.Com,21,946000,15,4,17,0,87,No,Active,
EMP0311,Krishna,Brown,Krishna Brown,krishna.brown311@demoemployee.com,Female,1982-02-14,2024-06-11,Sales,Account Manager,EMP0160,Contract,Remote,Kolkata,West Bengal,India,Diploma,24,1380000,20,2,1,22,56,Yes,Active,
EMP0312,Kavya,Iyer,Kavya Iyer,kavya.iyer312@demoemployee.com,Male,1999-03-01,2012-03-03,Research and Development,Data Scientist,EMP0058,Contract,Remote,Gurugram,Haryana,India,M.Com,7,827000,10,4,16,14,89,No,Active,
EMP0313,Divya,Lewis,Divya Lewis,divya.lewis313@demoemployee.com,Male,1991-10-15,2020-07-04,Finance,Finance Manager,EMP0071,Permanent,Remote,Bengaluru,Karnataka,India,MBA,15,1209000,5,5,11,9,89,Yes,Active,2024-05-30
EMP0314,Priya,Martin,Priya Martin,priya.martin314@demoemployee.com,Female,1990-04-15,2025-09-27,Customer Support,Technical Support Engineer,EMP0068,Permanent,Hybrid,Gurugram,Haryana,India,B.E.,6,704000,3,3,18,3,89,No,Active,
EMP0315,Ananya,Kumar,Ananya Kumar,ananya.kumar315@demoemployee.com,Female,2001-11-19,2013-07-21,Marketing,Content Specialist,EMP0022,Intern,Hybrid,Delhi,Delhi,India,M.Sc.,5,633000,15,4,29,9,1,No,Active,2015-01-28
EMP0316,Emily,Sharma,Emily Sharma,emily.sharma316@demoemployee.com,Male,1993-03-03,2016-03-28,Customer Support,Support Executive,EMP0009,Permanent,Remote,Chennai,Tamil Nadu,India,B.Com,13,899000,0,4,19,1,118,No,Active,2023-07-29
EMP0317,Aditya,Sharma,Aditya Sharma,aditya.sharma317@demoemployee.com,Male,1999-04-05,2023-02-01,Human Resources,HR Manager,EMP0165,Contract,Onsite,Ahmedabad,Gujarat,India,B.E.,6,567000,5,3,23,11,44,Yes,Active,
EMP0318,Vijay,Brown,Vijay Brown,vijay.brown318@demoemployee.com,Male,2000-11-25,2015-08-18,Research and Development,Data Scientist,EMP0093,Permanent,Onsite,Delhi,Delhi,India,B.E.,6,867000,0,4,3,14,85,No,Active,2025-10-18
EMP0319,Rahul,Mehta,Rahul Mehta,rahul.mehta319@demoemployee.com,Male,2001-12-16,2021-04-19,Human Resources,HR Executive,EMP0178,Permanent,Hybrid,Hyderabad,Telangana,India,B.Sc.,5,583000,12.5,4,6,12,6,No,Active,2023-05-26
EMP0320,Daniel,Thomas,Daniel Thomas,daniel.thomas320@demoemployee.com,Male,1979-10-19,2019-04-24,Research and Development,ML Engineer,EMP0139,Permanent,Hybrid,Kolkata,West Bengal,India,B.E.,10,1157000,0,4,29,5,63,No,Active,2026-07-12
EMP0321,Aarav,Wilson,Aarav Wilson,aarav.wilson321@demoemployee.com,Male,1986-05-23,2018-12-02,Human Resources,Recruiter,EMP0064,Permanent,Onsite,Chennai,Tamil Nadu,India,Diploma,12,816000,5,4,24,1,17,No,Active,
EMP0322,Lakshmi,Lewis,Lakshmi Lewis,lakshmi.lewis322@demoemployee.com,Female,1987-04-10,2012-10-29,Finance,Financial Analyst,EMP0100,Contract,Onsite,Pune,Maharashtra,India,MBA,6,633000,3,4,10,6,118,No,Resigned,2015-10-08
EMP0323,Meera,Mehta,Meera Mehta,meera.mehta323@demoemployee.com,Female,1979-08-23,2014-12-06,Information Technology,QA Engineer,EMP0095,Intern,Remote,Gurugram,Haryana,India,B.Com,9,1008000,15,1,15,2,28,No,Active,2016-09-24
EMP0324,Vijay,Singh,Vijay Singh,vijay.singh324@demoemployee.com,Female,2001-05-24,2024-05-04,Research and Development,R&D Manager,EMP0153,Permanent,Remote,Coimbatore,Tamil Nadu,India,MBA,0,584000,15,4,6,23,25,Yes,Active,
EMP0325,Meera,Anderson,Meera Anderson,meera.anderson325@demoemployee.com,Male,1994-03-23,2015-08-23,Marketing,Marketing Manager,EMP0191,Permanent,Remote,Kochi,Kerala,India,B.Sc.,12,868000,3,3,23,12,17,Yes,Active,2019-05-26
EMP0326,Vijay,Gupta,Vijay Gupta,vijay.gupta326@demoemployee.com,Male,1997-12-07,2019-12-14,Finance,Accountant,,Intern,Onsite,Chennai,Tamil Nadu,India,B.Com,9,582000,0,4,15,15,9,No,Active,2023-03-18
EMP0327,Divya,Walker,Divya Walker,divya.walker327@demoemployee.com,Male,1969-03-16,2017-07-22,Customer Support,Support Manager,EMP0007,Contract,Hybrid,Gurugram,Haryana,India,M.Com,1,412000,7.5,3,28,12,106,Yes,Resigned,2024-07-11
EMP0328,Diya,Iyer,Diya Iyer,diya.iyer328@demoemployee.com,Male,2000-05-20,2018-11-22,Sales,Sales Executive,EMP0118,Permanent,Remote,Hyderabad,Telangana,India,Diploma,0,414000,15,4,13,24,92,No,Active,2020-09-24
EMP0329,Robert,Mehta,Robert Mehta,robert.mehta329@demoemployee.com,Female,1969-05-25,2022-07-28,Finance,Finance Manager,,Contract,Remote,Hyderabad,Telangana,India,M.Sc.,22,1594000,5,3,28,22,37,Yes,Active,2025-03-19
EMP0330,John,Taylor,John Taylor,john.taylor330@demoemployee.com,Male,1984-02-19,2022-01-12,Research and Development,Research Analyst,EMP0004,Permanent,Remote,Bengaluru,Karnataka,India,B.Sc.,15,1531000,0,4,0,8,65,No,Active,2024-09-12
EMP0331,Michael,Clark,Michael Clark,michael.clark331@demoemployee.com,Female,1991-11-25,2015-12-27,Information Technology,Data Engineer,EMP0053,Permanent,Hybrid,Chennai,Tamil Nadu,India,Diploma,15,860000,5,3,14,14,91,No,Active,2020-10-09
EMP0332,Rohan,Wilson,Rohan Wilson,rohan.wilson332@demoemployee.com,Female,1969-02-13,2019-12-25,Human Resources,HR Executive,EMP0123,Intern,Hybrid,Chennai,Tamil Nadu,India,B.E.,5,541000,12.5,3,16,24,84,No,Active,2025-11-12
EMP0333,Sanjay,Lewis,Sanjay Lewis,sanjay.lewis333@demoemployee.com,Male,1981-07-23,2014-05-16,Marketing,SEO Analyst,EMP0154,Intern,Onsite,Coimbatore,Tamil Nadu,India,MBA,8,778000,3,4,11,11,19,No,Active,2026-03-06
EMP0334,Rahul,Taylor,Rahul Taylor,rahul.taylor334@demoemployee.com,Male,1993-12-14,2024-09-26,Operations,Process Associate,EMP0038,Permanent,Hybrid,Hyderabad,Telangana,India,Diploma,1,453000,0,4,24,15,41,No,Active,
EMP0335,Saanvi,Kumar,Saanvi Kumar,saanvi.kumar335@demoemployee.com,Female,2003-03-01,2017-10-12,Research and Development,R&D Manager,EMP0007,Permanent,Remote,Kochi,Kerala,India,B.Sc.,3,772000,15,2,8,14,72,Yes,Active,
EMP0336,Rahul,Joseph,Rahul Joseph,rahul.joseph336@demoemployee.com,Male,1994-08-11,2023-10-16,Finance,Financial Analyst,,Permanent,Onsite,Hyderabad,Telangana,India,B.E.,12,974000,20,1,12,7,96,No,Active,
EMP0337,Aditya,Wilson,Aditya Wilson,aditya.wilson337@demoemployee.com,Male,1970-03-15,2022-07-22,Human Resources,Recruiter,EMP0143,Permanent,Remote,Delhi,Delhi,India,B.Com,21,1468000,5,3,8,18,3,No,Active,2024-03-14
EMP0338,Vivaan,Brown,Vivaan Brown,vivaan.brown338@demoemployee.com,Female,1998-05-15,2015-01-17,Finance,Payroll Executive,EMP0081,Permanent,Remote,Noida,Uttar Pradesh,India,MBA,1,526000,20,4,6,2,11,No,Active,2025-12-04
EMP0339,Diya,Brown,Diya Brown,diya.brown339@demoemployee.com,Female,1989-12-09,2014-02-25,Human Resources,Recruiter,EMP0106,Permanent,Remote,Chennai,Tamil Nadu,India,Diploma,17,1153000,3,2,11,16,7,No,Active,
EMP0340,Vivaan,Nair,Vivaan Nair,vivaan.nair340@demoemployee.com,Male,1994-04-18,2019-09-27,Information Technology,DevOps Engineer,EMP0153,Contract,Hybrid,Delhi,Delhi,India,B.Sc.,12,891000,15,3,9,22,40,No,Resigned,2020-11-23
EMP0341,Michael,Reddy,Michael Reddy,michael.reddy341@demoemployee.com,Male,2001-08-11,2017-06-03,Sales,Account Manager,EMP0160,Permanent,Onsite,Bengaluru,Karnataka,India,M.Sc.,5,589000,7.5,3,0,13,56,Yes,On Leave,
EMP0342,Grace,Wilson,Grace Wilson,grace.wilson342@demoemployee.com,Male,1985-11-03,2015-08-28,Human Resources,Training Coordinator,EMP0028,Intern,Hybrid,Mumbai,Maharashtra,India,B.Sc.,21,1099000,7.5,4,7,11,6,No,Active,
EMP0343,Diya,Joseph,Diya Joseph,diya.joseph343@demoemployee.com,Female,2004-12-15,2022-07-19,Customer Support,Support Executive,EMP0112,Permanent,Hybrid,Chennai,Tamil Nadu,India,B.Tech,2,363000,20,3,3,6,100,No,Active,
EMP0344,Lakshmi,Anderson,Lakshmi Anderson,lakshmi.anderson344@demoemployee.com,Male,1996-11-24,2024-08-14,Marketing,Marketing Manager,EMP0075,Contract,Hybrid,Gurugram,Haryana,India,B.E.,10,1023000,20,4,0,22,20,Yes,Active,
EMP0345,Aarav,Nair,Aarav Nair,aarav.nair345@demoemployee.com,Male,2001-01-20,2014-01-17,Human Resources,Recruiter,EMP0092,Permanent,Remote,Mumbai,Maharashtra,India,B.Sc.,5,564000,15,3,21,4,82,No,Active,
EMP0346,Priya,Kumar,Priya Kumar,priya.kumar346@demoemployee.com,Male,1970-11-26,2019-08-31,Sales,Business Development Executive,EMP0093,Intern,Remote,Bengaluru,Karnataka,India,B.Tech,14,892000,3,4,21,3,37,No,Active,
EMP0347,Ananya,Kumar,Ananya Kumar,ananya.kumar347@demoemployee.com,Male,1983-09-07,2012-09-08,Sales,Business Development Executive,EMP0123,Permanent,Remote,Ahmedabad,Gujarat,India,MBA,17,687000,20,4,9,8,109,No,Active,2024-01-18
EMP0348,Divya,Sharma,Divya Sharma,divya.sharma348@demoemployee.com,Female,1971-10-20,2016-05-07,Finance,Finance Manager,EMP0049,Contract,Onsite,Bengaluru,Karnataka,India,B.Sc.,8,759000,20,4,20,21,23,Yes,On Leave,2020-09-15
EMP0349,Rohan,Reddy,Rohan Reddy,rohan.reddy349@demoemployee.com,Female,1988-03-17,2025-08-07,Operations,Operations Manager,EMP0014,Contract,Hybrid,Gurugram,Haryana,India,MBA,18,868000,12.5,1,27,20,98,Yes,Active,
EMP0350,Olivia,Kumar,Olivia Kumar,olivia.kumar350@demoemployee.com,Male,1976-11-26,2015-10-12,Sales,Sales Manager,EMP0060,Permanent,Remote,Delhi,Delhi,India,Diploma,4,514000,10,3,6,10,53,Yes,Active,2019-08-27
EMP0351,Emily,Gupta,Emily Gupta,emily.gupta351@demoemployee.com,Female,1985-06-18,2024-06-23,Customer Support,Technical Support Engineer,EMP0190,Contract,Onsite,Hyderabad,Telangana,India,B.Tech,11,588000,12.5,2,22,14,32,No,Active,2025-07-24
EMP0352,Michael,Singh,Michael Singh,michael.singh352@demoemployee.com,Male,1999-03-08,2019-03-03,Research and Development,R&D Manager,EMP0082,Permanent,Remote,Bengaluru,Karnataka,India,Diploma,7,835000,12.5,2,11,12,31,Yes,Active,2026-02-21
EMP0353,Daniel,Walker,Daniel Walker,daniel.walker353@demoemployee.com,Male,1972-04-12,2025-04-09,Human Resources,Recruiter,EMP0067,Permanent,Onsite,Noida,Uttar Pradesh,India,B.Tech,18,1437000,7.5,4,12,7,21,No,Active,
EMP0354,Diya,Thomas,Diya Thomas,diya.thomas354@demoemployee.com,Male,1978-05-09,2019-05-06,Operations,Operations Executive,EMP0135,Permanent,Hybrid,Bengaluru,Karnataka,India,M.Com,24,1256000,0,3,21,4,53,No,Active,
EMP0355,David,Patel,David Patel,david.patel355@demoemployee.com,Male,1970-11-26,2023-10-11,Finance,Payroll Executive,EMP0175,Intern,Remote,Mumbai,Maharashtra,India,M.Com,27,1524000,7.5,2,11,20,113,No,On Leave,
EMP0356,Rahul,Clark,Rahul Clark,rahul.clark356@demoemployee.com,Female,1980-06-02,2016-06-30,Information Technology,Data Engineer,,Permanent,Remote,Pune,Maharashtra,India,MBA,15,1119000,15,5,11,11,17,No,On Leave,
EMP0357,Daniel,Gupta,Daniel Gupta,daniel.gupta357@demoemployee.com,Female,1985-05-26,2024-12-02,Research and Development,R&D Manager,EMP0032,Intern,Remote,Ahmedabad,Gujarat,India,B.Sc.,2,780000,0,3,10,25,29,Yes,Active,
EMP0358,Grace,Rao,Grace Rao,grace.rao358@demoemployee.com,Male,1972-09-24,2019-01-02,Human Resources,Recruiter,EMP0052,Intern,Remote,Bengaluru,Karnataka,India,Diploma,2,483000,0,2,13,16,112,No,Active,
EMP0359,Olivia,Clark,Olivia Clark,olivia.clark359@demoemployee.com,Female,1992-04-18,2024-06-13,Sales,Account Manager,EMP0171,Intern,Remote,Ahmedabad,Gujarat,India,Diploma,14,1023000,10,1,21,16,83,Yes,Active,2026-02-01
EMP0360,Michael,Rao,Michael Rao,michael.rao360@demoemployee.com,Male,1968-10-25,2021-09-22,Research and Development,ML Engineer,EMP0072,Contract,Hybrid,Gurugram,Haryana,India,M.Sc.,20,1157000,20,3,16,5,24,No,Active,2023-02-22
EMP0361,Vijay,Patel,Vijay Patel,vijay.patel361@demoemployee.com,Female,1997-11-05,2013-11-23,Research and Development,R&D Manager,EMP0114,Intern,Hybrid,Kolkata,West Bengal,India,MBA,9,1106000,10,2,14,14,57,Yes,Active,2018-11-06
EMP0362,Vijay,Walker,Vijay Walker,vijay.walker362@demoemployee.com,Male,1995-03-17,2021-09-27,Operations,Operations Analyst,EMP0051,Permanent,Onsite,Ahmedabad,Gujarat,India,B.Com,11,796000,10,4,20,11,59,No,Active,2024-03-09
EMP0363,Krishna,Nair,Krishna Nair,krishna.nair363@demoemployee.com,Female,2002-10-23,2024-09-29,Marketing,Content Specialist,,Permanent,Onsite,Bengaluru,Karnataka,India,MBA,4,444000,0,4,14,18,88,No,Active,
EMP0364,Emma,Anderson,Emma Anderson,emma.anderson364@demoemployee.com,Male,1974-09-10,2021-04-03,Information Technology,Software Engineer,EMP0080,Permanent,Remote,Bengaluru,Karnataka,India,B.Com,16,1044000,7.5,5,25,18,10,No,Active,2024-06-13
EMP0365,John,Anderson,John Anderson,john.anderson365@demoemployee.com,Female,1984-02-27,2021-12-13,Finance,Finance Manager,EMP0175,Permanent,Onsite,Bengaluru,Karnataka,India,B.Sc.,17,988000,3,4,26,3,24,Yes,Active,
EMP0366,Meera,Patel,Meera Patel,meera.patel366@demoemployee.com,Male,1983-04-16,2017-11-06,Information Technology,QA Engineer,EMP0084,Intern,Onsite,Bengaluru,Karnataka,India,Diploma,20,1556000,3,4,25,9,45,No,Active,2019-09-20
EMP0367,Grace,Mehta,Grace Mehta,grace.mehta367@demoemployee.com,Female,1974-03-27,2025-11-03,Operations,Operations Manager,EMP0062,Contract,Hybrid,Kolkata,West Bengal,India,B.Sc.,26,1469000,15,3,10,18,90,Yes,Active,
EMP0368,Aarav,Wilson,Aarav Wilson,aarav.wilson368@demoemployee.com,Male,1974-09-26,2025-07-04,Marketing,Marketing Manager,,Permanent,Hybrid,Pune,Maharashtra,India,Diploma,6,700000,0,3,28,15,3,Yes,Active,
EMP0369,Sophia,Mehta,Sophia Mehta,sophia.mehta369@demoemployee.com,Male,1975-03-19,2025-08-30,Sales,Account Manager,EMP0082,Contract,Onsite,Bengaluru,Karnataka,India,Diploma,5,615000,3,5,8,5,85,Yes,Active,
EMP0370,Sanjay,Reddy,Sanjay Reddy,sanjay.reddy370@demoemployee.com,Male,1979-07-17,2022-08-22,Finance,Financial Analyst,EMP0046,Contract,Onsite,Ahmedabad,Gujarat,India,B.Com,20,979000,10,5,21,7,94,No,Active,2026-05-31
EMP0371,Michael,Joseph,Michael Joseph,michael.joseph371@demoemployee.com,Male,2001-08-01,2012-01-01,Human Resources,HR Manager,EMP0200,Permanent,Remote,Hyderabad,Telangana,India,B.E.,5,676000,10,3,15,24,74,Yes,Active,
EMP0372,Emma,Lewis,Emma Lewis,emma.lewis372@demoemployee.com,Male,2004-01-27,2013-01-04,Customer Support,Support Manager,EMP0077,Contract,Onsite,Hyderabad,Telangana,India,M.Com,2,457000,15,2,14,10,37,Yes,Active,2017-07-21
EMP0373,Ishita,Iyer,Ishita Iyer,ishita.iyer373@demoemployee.com,Male,1979-10-15,2018-08-29,Research and Development,ML Engineer,EMP0151,Permanent,Onsite,Pune,Maharashtra,India,MBA,14,1217000,3,3,10,4,65,No,Active,2021-03-28
EMP0374,Ananya,Kumar,Ananya Kumar,ananya.kumar374@demoemployee.com,Male,1995-06-23,2025-10-19,Marketing,Content Specialist,EMP0044,Permanent,Hybrid,Coimbatore,Tamil Nadu,India,Diploma,11,731000,3,4,11,1,103,No,Active,
EMP0375,Ishita,Wilson,Ishita Wilson,ishita.wilson375@demoemployee.com,Female,1991-10-22,2018-11-09,Research and Development,Data Scientist,EMP0086,Intern,Onsite,Hyderabad,Telangana,India,M.Com,15,1054000,10,4,9,0,106,No,Active,2024-04-27
EMP0376,John,Rao,John Rao,john.rao376@demoemployee.com,Male,2004-03-11,2012-11-27,Sales,Sales Manager,EMP0056,Permanent,Hybrid,Noida,Uttar Pradesh,India,B.Com,2,448000,0,3,21,10,64,Yes,Active,2017-01-18
EMP0377,Olivia,Nair,Olivia Nair,olivia.nair377@demoemployee.com,Male,1986-06-21,2022-07-31,Operations,Process Associate,EMP0190,Intern,Remote,Hyderabad,Telangana,India,B.Sc.,8,642000,3,2,16,9,73,No,Active,
EMP0378,John,Walker,John Walker,john.walker378@demoemployee.com,Male,1975-07-17,2020-02-23,Operations,Process Associate,EMP0167,Intern,Onsite,Kochi,Kerala,India,B.Sc.,24,1072000,3,2,16,14,118,No,Active,2024-09-16
EMP0379,Arjun,Rao,Arjun Rao,arjun.rao379@demoemployee.com,Male,1980-04-01,2015-10-12,Customer Support,Support Executive,EMP0104,Contract,Onsite,Pune,Maharashtra,India,B.Sc.,8,658000,3,2,15,0,108,No,Active,
EMP0380,Sanjay,Martin,Sanjay Martin,sanjay.martin380@demoemployee.com,Male,1991-08-17,2018-07-06,Finance,Payroll Executive,EMP0123,Permanent,Hybrid,Pune,Maharashtra,India,MBA,15,871000,10,4,28,25,108,No,Active,2022-01-15
EMP0381,Arjun,Sharma,Arjun Sharma,arjun.sharma381@demoemployee.com,Female,2005-07-03,2018-07-15,Sales,Account Manager,EMP0023,Contract,Remote,Mumbai,Maharashtra,India,M.Com,1,324000,12.5,3,2,5,53,Yes,Active,
EMP0382,Sophia,Iyer,Sophia Iyer,sophia.iyer382@demoemployee.com,Male,1985-08-11,2024-04-07,Customer Support,Support Executive,EMP0010,Contract,Onsite,Kolkata,West Bengal,India,M.Sc.,18,1048000,12.5,4,3,23,12,No,Active,2026-06-10
EMP0383,Emily,Reddy,Emily Reddy,emily.reddy383@demoemployee.com,Female,1967-05-03,2018-09-28,Information Technology,Senior Software Engineer,EMP0055,Permanent,Hybrid,Gurugram,Haryana,India,B.Com,3,753000,0,3,15,23,12,No,Active,2022-06-14
EMP0384,Karthik,Taylor,Karthik Taylor,karthik.taylor384@demoemployee.com,Male,1980-12-12,2021-05-07,Sales,Sales Executive,EMP0186,Permanent,Hybrid,Bengaluru,Karnataka,India,M.Sc.,9,747000,3,1,20,0,106,No,Active,
EMP0385,Rohan,Iyer,Rohan Iyer,rohan.iyer385@demoemployee.com,Male,2003-11-28,2016-06-03,Sales,Sales Manager,EMP0198,Permanent,Onsite,Chennai,Tamil Nadu,India,B.E.,3,559000,3,3,16,12,70,Yes,Resigned,
EMP0386,Meera,Mehta,Meera Mehta,meera.mehta386@demoemployee.com,Female,1992-01-25,2023-09-01,Sales,Business Development Executive,EMP0200,Permanent,Onsite,Gurugram,Haryana,India,B.E.,14,882000,10,4,30,16,49,No,Active,2025-09-14
EMP0387,Divya,Clark,Divya Clark,divya.clark387@demoemployee.com,Male,1975-09-23,2021-11-06,Research and Development,ML Engineer,EMP0129,Intern,Hybrid,Noida,Uttar Pradesh,India,B.Com,2,710000,10,1,19,9,26,No,Active,2024-08-14
EMP0388,David,Walker,David Walker,david.walker388@demoemployee.com,Male,2000-02-12,2020-12-03,Research and Development,Data Scientist,EMP0038,Permanent,Remote,Delhi,Delhi,India,B.Com,1,703000,12.5,4,29,22,88,No,Active,
EMP0389,Vijay,Gupta,Vijay Gupta,vijay.gupta389@demoemployee.com,Male,1982-11-23,2020-01-30,Research and Development,Data Scientist,EMP0108,Permanent,Remote,Chennai,Tamil Nadu,India,B.Sc.,22,1348000,10,4,29,25,120,No,Active,2024-11-10
EMP0390,Ananya,Iyer,Ananya Iyer,ananya.iyer390@demoemployee.com,Male,1996-03-13,2025-12-02,Finance,Payroll Executive,EMP0092,Permanent,Hybrid,Noida,Uttar Pradesh,India,B.Sc.,3,621000,20,3,13,19,3,No,Active,
EMP0391,Saanvi,Lewis,Saanvi Lewis,saanvi.lewis391@demoemployee.com,Male,1992-05-12,2026-07-22,Sales,Account Manager,EMP0032,Permanent,Hybrid,Hyderabad,Telangana,India,B.Com,14,891000,10,4,9,2,69,Yes,Active,
EMP0392,Michael,Gupta,Michael Gupta,michael.gupta392@demoemployee.com,Male,1985-02-20,2016-02-20,Research and Development,Research Analyst,EMP0065,Permanent,Remote,Coimbatore,Tamil Nadu,India,B.Sc.,11,1208000,5,1,12,9,105,No,Active,2022-06-10
EMP0393,Aditya,Iyer,Aditya Iyer,aditya.iyer393@demoemployee.com,Male,2001-04-11,2014-03-22,Human Resources,HR Executive,EMP0164,Contract,Remote,Chennai,Tamil Nadu,India,M.Sc.,1,370000,10,5,0,25,3,No,Active,2015-04-24
EMP0394,Diya,Mehta,Diya Mehta,diya.mehta394@demoemployee.com,Male,1978-08-20,2026-05-14,Information Technology,Data Engineer,EMP0126,Permanent,Onsite,Pune,Maharashtra,India,M.Sc.,19,1454000,10,1,1,11,24,No,Active,
EMP0395,Karthik,Singh,Karthik Singh,karthik.singh395@demoemployee.com,Female,1998-09-18,2023-05-30,Finance,Finance Manager,EMP0089,Permanent,Onsite,Noida,Uttar Pradesh,India,B.E.,6,686000,3,4,7,14,11,Yes,Active,
EMP0396,John,Rao,John Rao,john.rao396@demoemployee.com,Male,1989-12-26,2019-03-03,Finance,Finance Manager,EMP0186,Permanent,Remote,Bengaluru,Karnataka,India,Diploma,14,1002000,0,4,13,9,22,Yes,Active,2021-06-12
EMP0397,Arjun,Sharma,Arjun Sharma,arjun.sharma397@demoemployee.com,Female,1974-10-19,2024-02-23,Information Technology,QA Engineer,EMP0013,Permanent,Onsite,Chennai,Tamil Nadu,India,B.E.,4,615000,3,4,26,10,40,No,Active,2026-01-09
EMP0398,John,Brown,John Brown,john.brown398@demoemployee.com,Male,1995-07-11,2012-03-21,Finance,Finance Manager,EMP0132,Intern,Hybrid,Noida,Uttar Pradesh,India,B.Tech,11,1109000,10,4,20,0,79,Yes,Active,2013-03-29
EMP0399,Saanvi,Thomas,Saanvi Thomas,saanvi.thomas399@demoemployee.com,Male,2004-06-22,2015-01-26,Marketing,Content Specialist,EMP0122,Permanent,Onsite,Chennai,Tamil Nadu,India,B.Com,2,462000,5,5,5,17,13,No,Active,2024-06-30
EMP0400,Daniel,Thomas,Daniel Thomas,daniel.thomas400@demoemployee.com,Male,2002-10-23,2024-05-06,Sales,Sales Executive,EMP0079,Permanent,Hybrid,Gurugram,Haryana,India,MBA,4,594000,15,3,10,2,25,No,Active,2026-06-26
EMP0401,Emma,Anderson,Emma Anderson,emma.anderson401@demoemployee.com,Male,1971-06-19,2022-03-09,Sales,Sales Executive,EMP0064,Permanent,Hybrid,Chennai,Tamil Nadu,India,B.Tech,11,803000,20,3,1,6,15,No,Active,2024-07-28
EMP0402,Aditya,Sharma,Aditya Sharma,aditya.sharma402@demoemployee.com,Male,1998-07-07,2019-03-18,Information Technology,Senior Software Engineer,EMP0194,Intern,Onsite,Kolkata,West Bengal,India,MBA,7,714000,3,3,16,13,87,No,Active,2026-03-02
EMP0403,Vivaan,Martin,Vivaan Martin,vivaan.martin403@demoemployee.com,Female,1976-04-28,2019-09-14,Finance,Finance Manager,EMP0005,Contract,Remote,Delhi,Delhi,India,M.Sc.,15,921000,15,3,10,10,20,Yes,Active,
EMP0404,Daniel,Taylor,Daniel Taylor,daniel.taylor404@demoemployee.com,Male,1995-01-22,2023-01-23,Customer Support,Support Manager,EMP0099,Permanent,Hybrid,Mumbai,Maharashtra,India,Diploma,11,723000,12.5,4,9,17,11,Yes,Active,
EMP0405,Kavya,Walker,Kavya Walker,kavya.walker405@demoemployee.com,Male,2002-01-23,2016-12-20,Research and Development,Research Analyst,EMP0195,Intern,Onsite,Chennai,Tamil Nadu,India,B.Tech,4,942000,5,4,22,4,87,No,Active,2026-01-25
EMP0406,Meera,Clark,Meera Clark,meera.clark406@demoemployee.com,Male,1989-07-12,2022-02-12,Finance,Accountant,EMP0072,Intern,Remote,Noida,Uttar Pradesh,India,B.Tech,7,833000,5,3,11,0,62,No,Active,2024-01-29
EMP0407,Emma,Iyer,Emma Iyer,emma.iyer407@demoemployee.com,Female,1983-02-16,2017-06-02,Operations,Operations Executive,EMP0120,Permanent,Onsite,Gurugram,Haryana,India,M.Sc.,23,1145000,15,1,13,22,26,No,Active,
EMP0408,Aditya,Anderson,Aditya Anderson,aditya.anderson408@demoemployee.com,Female,2002-11-08,2013-06-08,Sales,Account Manager,EMP0026,Contract,Hybrid,Bengaluru,Karnataka,India,B.E.,3,611000,12.5,3,26,22,39,Yes,Active,2016-08-14
EMP0409,Rohan,Anderson,Rohan Anderson,rohan.anderson409@demoemployee.com,Female,1990-05-16,2013-06-08,Information Technology,QA Engineer,EMP0074,Contract,Hybrid,Kolkata,West Bengal,India,B.Tech,0,654000,0,1,22,17,77,No,Active,2023-05-15
EMP0410,Diya,Reddy,Diya Reddy,diya.reddy410@demoemployee.com,Male,1990-07-13,2018-10-07,Human Resources,HR Manager,EMP0143,Contract,Onsite,Hyderabad,Telangana,India,B.Tech,16,1113000,15,4,16,16,104,Yes,Active,2026-04-27
EMP0411,Emily,Singh,Emily Singh,emily.singh411@demoemployee.com,Male,1991-02-12,2016-07-18,Research and Development,ML Engineer,EMP0078,Permanent,Hybrid,Mumbai,Maharashtra,India,B.Sc.,11,1070000,12.5,3,1,6,8,No,Resigned,2020-05-07
EMP0412,Diya,Martin,Diya Martin,diya.martin412@demoemployee.com,Male,1974-09-05,2023-11-20,Research and Development,Data Scientist,EMP0133,Contract,Remote,Hyderabad,Telangana,India,MBA,1,598000,0,2,24,3,89,No,Active,2025-09-09
EMP0413,John,Gupta,John Gupta,john.gupta413@demoemployee.com,Female,1996-05-15,2014-04-10,Marketing,Content Specialist,EMP0176,Permanent,Remote,Bengaluru,Karnataka,India,B.Sc.,10,839000,15,3,2,13,10,No,On Leave,
EMP0414,Emily,Taylor,Emily Taylor,emily.taylor414@demoemployee.com,Female,1985-05-03,2014-07-15,Human Resources,HR Manager,EMP0059,Permanent,Hybrid,Ahmedabad,Gujarat,India,Diploma,17,1070000,0,2,19,11,44,Yes,Active,2024-02-24
EMP0415,Meera,Singh,Meera Singh,meera.singh415@demoemployee.com,Male,1994-05-08,2015-10-12,Information Technology,Senior Software Engineer,EMP0013,Permanent,Onsite,Bengaluru,Karnataka,India,B.Com,2,686000,3,1,19,19,90,No,On Leave,
EMP0416,Michael,Reddy,Michael Reddy,michael.reddy416@demoemployee.com,Female,2001-07-28,2014-05-31,Finance,Financial Analyst,EMP0092,Permanent,Onsite,Coimbatore,Tamil Nadu,India,B.Tech,5,509000,12.5,4,19,1,27,No,Active,2024-08-20
EMP0417,Daniel,Clark,Daniel Clark,daniel.clark417@demoemployee.com,Female,1974-07-06,2017-07-26,Information Technology,Senior Software Engineer,EMP0198,Intern,Hybrid,Pune,Maharashtra,India,Diploma,23,1672000,20,1,9,18,111,No,Active,
EMP0418,Rahul,Gupta,Rahul Gupta,rahul.gupta418@demoemployee.com,Male,1997-09-15,2012-10-01,Human Resources,Training Coordinator,EMP0184,Contract,Onsite,Bengaluru,Karnataka,India,Diploma,0,429000,7.5,3,23,0,103,No,Resigned,
EMP0419,Arjun,Sharma,Arjun Sharma,arjun.sharma419@demoemployee.com,Male,2003-03-07,2018-12-26,Customer Support,Technical Support Engineer,EMP0198,Contract,Hybrid,Coimbatore,Tamil Nadu,India,M.Sc.,3,346000,3,5,7,14,69,No,Active,
EMP0420,Ishita,Wilson,Ishita Wilson,ishita.wilson420@demoemployee.com,Female,1991-09-19,2020-08-31,Marketing,Marketing Executive,EMP0027,Intern,Hybrid,Delhi,Delhi,India,MBA,15,1189000,7.5,1,13,0,85,No,Active,
EMP0421,Priya,Patel,Priya Patel,priya.patel421@demoemployee.com,Female,1995-08-28,2025-08-30,Research and Development,ML Engineer,EMP0107,Permanent,Onsite,Kochi,Kerala,India,M.Com,11,1244000,12.5,3,13,19,85,No,On Leave,
EMP0422,Priya,Singh,Priya Singh,priya.singh422@demoemployee.com,Female,1975-03-06,2014-08-24,Sales,Business Development Executive,EMP0199,Contract,Hybrid,Noida,Uttar Pradesh,India,B.Sc.,18,1003000,7.5,2,28,1,120,No,Active,2018-04-18
EMP0423,Divya,Thomas,Divya Thomas,divya.thomas423@demoemployee.com,Female,1972-09-27,2020-08-25,Customer Support,Support Manager,EMP0040,Permanent,Hybrid,Mumbai,Maharashtra,India,B.Com,16,765000,12.5,5,6,14,102,Yes,Active,
EMP0424,Rahul,Reddy,Rahul Reddy,rahul.reddy424@demoemployee.com,Female,1984-01-18,2016-01-13,Information Technology,QA Engineer,EMP0014,Permanent,Remote,Kolkata,West Bengal,India,B.E.,3,747000,15,4,28,16,79,No,Active,2025-02-23
EMP0425,Meera,Iyer,Meera Iyer,meera.iyer425@demoemployee.com,Female,2001-11-20,2015-06-09,Information Technology,Senior Software Engineer,EMP0166,Contract,Hybrid,Pune,Maharashtra,India,M.Sc.,5,725000,12.5,3,24,23,120,No,Active,2020-10-25
EMP0426,Aditya,Reddy,Aditya Reddy,aditya.reddy426@demoemployee.com,Female,1978-01-12,2022-05-12,Operations,Operations Manager,EMP0170,Permanent,Onsite,Kolkata,West Bengal,India,MBA,23,1523000,10,3,18,19,20,Yes,Active,2026-02-05
EMP0427,Vijay,Mehta,Vijay Mehta,vijay.mehta427@demoemployee.com,Female,1971-09-16,2012-01-12,Information Technology,QA Engineer,EMP0004,Contract,Onsite,Chennai,Tamil Nadu,India,Diploma,4,798000,3,3,26,18,77,No,Active,2020-11-17
EMP0428,Michael,Joseph,Michael Joseph,michael.joseph428@demoemployee.com,Female,1986-06-15,2024-04-16,Marketing,SEO Analyst,EMP0085,Permanent,Onsite,Gurugram,Haryana,India,M.Sc.,4,535000,5,3,19,8,90,No,Active,2025-07-12
EMP0429,John,Iyer,John Iyer,john.iyer429@demoemployee.com,Male,1975-05-23,2019-04-21,Sales,Account Manager,EMP0006,Permanent,Remote,Coimbatore,Tamil Nadu,India,B.E.,12,900000,0,5,11,25,108,Yes,Active,2024-10-03
EMP0430,Grace,Joseph,Grace Joseph,grace.joseph430@demoemployee.com,Female,1967-09-26,2014-05-14,Research and Development,R&D Manager,EMP0053,Permanent,Hybrid,Mumbai,Maharashtra,India,M.Com,2,795000,5,1,12,6,52,Yes,On Leave,
EMP0431,Michael,Rao,Michael Rao,michael.rao431@demoemployee.com,Male,1974-02-14,2023-03-28,Marketing,Content Specialist,EMP0112,Permanent,Remote,Coimbatore,Tamil Nadu,India,B.Com,9,735000,10,3,9,6,98,No,Active,
EMP0432,Daniel,Taylor,Daniel Taylor,daniel.taylor432@demoemployee.com,Female,1975-08-11,2019-02-27,Human Resources,Recruiter,EMP0059,Intern,Hybrid,Mumbai,Maharashtra,India,B.Sc.,9,790000,15,4,9,20,79,No,Active,2023-12-02
EMP0433,Rahul,Patel,Rahul Patel,rahul.patel433@demoemployee.com,Female,1971-01-05,2019-06-04,Customer Support,Support Executive,EMP0020,Contract,Hybrid,Gurugram,Haryana,India,MBA,13,926000,0,5,1,22,64,No,Active,2020-11-07
EMP0434,David,Clark,David Clark,david.clark434@demoemployee.com,Female,2000-03-02,2018-09-16,Marketing,Marketing Executive,EMP0128,Contract,Remote,Chennai,Tamil Nadu,India,M.Sc.,6,656000,10,3,22,13,89,No,Active,
EMP0435,Aarav,Kumar,Aarav Kumar,aarav.kumar435@demoemployee.com,Female,1984-06-07,2015-03-09,Operations,Operations Manager,EMP0065,Intern,Hybrid,Chennai,Tamil Nadu,India,B.Sc.,13,826000,15,4,14,7,115,Yes,Active,2020-12-03
EMP0436,Arjun,Gupta,Arjun Gupta,arjun.gupta436@demoemployee.com,Male,1975-06-13,2013-05-27,Sales,Sales Manager,EMP0025,Permanent,Onsite,Hyderabad,Telangana,India,M.Com,16,849000,12.5,3,22,14,66,Yes,Active,
EMP0437,Aarav,Thomas,Aarav Thomas,aarav.thomas437@demoemployee.com,Male,1976-06-24,2015-05-16,Research and Development,Research Analyst,EMP0061,Permanent,Hybrid,Delhi,Delhi,India,Diploma,2,834000,10,5,5,19,79,No,Active,2021-02-08
EMP0438,Robert,Thomas,Robert Thomas,robert.thomas438@demoemployee.com,Female,1991-10-03,2019-07-27,Marketing,Content Specialist,EMP0086,Contract,Hybrid,Kochi,Kerala,India,M.Sc.,6,719000,12.5,3,20,7,56,No,Active,2021-07-30
EMP0439,Vijay,Kumar,Vijay Kumar,vijay.kumar439@demoemployee.com,Female,2000-05-28,2025-05-16,Marketing,Marketing Executive,EMP0193,Intern,Hybrid,Noida,Uttar Pradesh,India,B.E.,6,690000,0,4,6,14,29,No,Active,
EMP0440,Rohan,Martin,Rohan Martin,rohan.martin440@demoemployee.com,Female,1995-07-12,2022-10-11,Research and Development,Data Scientist,EMP0051,Permanent,Remote,Kochi,Kerala,India,B.Com,11,1264000,7.5,3,15,9,79,No,Resigned,2026-01-04
EMP0441,Kavya,Clark,Kavya Clark,kavya.clark441@demoemployee.com,Female,1985-08-10,2018-10-28,Information Technology,Data Engineer,EMP0137,Intern,Hybrid,Mumbai,Maharashtra,India,MBA,8,692000,3,2,10,16,114,No,Active,
EMP0442,John,Joseph,John Joseph,john.joseph442@demoemployee.com,Female,1984-03-07,2017-07-19,Customer Support,Support Executive,EMP0088,Intern,Remote,Kolkata,West Bengal,India,M.Com,21,975000,12.5,4,28,22,88,No,Active,
EMP0443,Meera,Lewis,Meera Lewis,meera.lewis443@demoemployee.com,Male,1988-08-07,2013-02-06,Sales,Sales Manager,EMP0103,Permanent,Onsite,Kochi,Kerala,India,B.Com,8,743000,3,5,25,12,28,Yes,Active,2020-11-16
EMP0444,Priya,Brown,Priya Brown,priya.brown444@demoemployee.com,Male,1994-07-05,2022-10-23,Human Resources,HR Manager,EMP0087,Permanent,Remote,Pune,Maharashtra,India,Diploma,4,464000,3,4,20,0,29,Yes,Active,2024-10-12
EMP0445,Emma,Kumar,Emma Kumar,emma.kumar445@demoemployee.com,Male,1997-01-19,2013-05-16,Customer Support,Technical Support Engineer,EMP0144,Permanent,Hybrid,Pune,Maharashtra,India,B.Com,9,794000,20,1,21,18,75,No,Active,
EMP0446,Daniel,Iyer,Daniel Iyer,daniel.iyer446@demoemployee.com,Female,1970-10-17,2019-01-11,Human Resources,HR Executive,EMP0069,Contract,Onsite,Noida,Uttar Pradesh,India,Diploma,3,623000,20,1,16,16,78,No,Active,2025-03-30
EMP0447,Rahul,Joseph,Rahul Joseph,rahul.joseph447@demoemployee.com,Female,1999-02-13,2021-07-18,Marketing,Content Specialist,EMP0181,Contract,Remote,Ahmedabad,Gujarat,India,M.Com,1,523000,5,4,15,3,42,No,Active,2023-03-05
EMP0448,Robert,Walker,Robert Walker,robert.walker448@demoemployee.com,Female,2004-01-19,2021-02-21,Finance,Financial Analyst,EMP0124,Permanent,Hybrid,Noida,Uttar Pradesh,India,B.E.,2,497000,10,4,13,12,15,No,Resigned,
EMP0449,Emily,Thomas,Emily Thomas,emily.thomas449@demoemployee.com,Male,1986-11-28,2025-10-22,Marketing,Marketing Manager,EMP0074,Permanent,Remote,Kolkata,West Bengal,India,B.Sc.,8,608000,3,3,7,17,105,Yes,Active,
EMP0450,Michael,Kumar,Michael Kumar,michael.kumar450@demoemployee.com,Female,1980-12-14,2013-11-19,Human Resources,HR Manager,EMP0112,Contract,Hybrid,Kolkata,West Bengal,India,MBA,23,1237000,7.5,4,9,12,61,Yes,Active,2014-11-25
EMP0451,Rohan,Anderson,Rohan Anderson,rohan.anderson451@demoemployee.com,Female,1995-04-11,2013-08-16,Sales,Sales Manager,EMP0068,Permanent,Hybrid,Ahmedabad,Gujarat,India,M.Sc.,2,485000,10,1,13,3,97,Yes,Active,
EMP0452,Sanjay,Iyer,Sanjay Iyer,sanjay.iyer452@demoemployee.com,Female,1971-10-01,2014-04-03,Sales,Business Development Executive,,Permanent,Onsite,Pune,Maharashtra,India,B.Com,28,1720000,3,5,29,24,1,No,Active,
EMP0453,Diya,Walker,Diya Walker,diya.walker453@demoemployee.com,Female,1996-11-09,2020-03-30,Operations,Process Associate,EMP0050,Permanent,Hybrid,Delhi,Delhi,India,Diploma,10,729000,0,4,20,2,73,No,Active,2025-06-30
EMP0454,Michael,Kumar,Michael Kumar,michael.kumar454@demoemployee.com,Female,1989-04-21,2012-03-18,Customer Support,Support Executive,EMP0107,Intern,Remote,Kolkata,West Bengal,India,B.Tech,9,791000,20,3,17,22,48,No,Active,2013-07-29
EMP0455,Daniel,Thomas,Daniel Thomas,daniel.thomas455@demoemployee.com,Male,1971-10-17,2020-11-27,Customer Support,Support Executive,EMP0014,Permanent,Hybrid,Chennai,Tamil Nadu,India,M.Com,19,1175000,15,4,26,10,66,No,Active,
EMP0456,Aarav,Singh,Aarav Singh,aarav.singh456@demoemployee.com,Female,1969-10-21,2025-04-02,Marketing,Content Specialist,EMP0034,Contract,Onsite,Delhi,Delhi,India,M.Com,3,617000,10,4,6,0,61,No,Active,
EMP0457,Vijay,Joseph,Vijay Joseph,vijay.joseph457@demoemployee.com,Female,1984-07-05,2017-09-25,Operations,Operations Executive,EMP0070,Intern,Onsite,Gurugram,Haryana,India,B.Sc.,9,754000,10,4,9,24,54,No,Active,2022-08-21
EMP0458,Vijay,Reddy,Vijay Reddy,vijay.reddy458@demoemployee.com,Female,1994-02-19,2018-10-20,Customer Support,Support Executive,EMP0022,Permanent,Remote,Hyderabad,Telangana,India,Diploma,11,784000,12.5,4,21,4,9,No,Active,2025-10-11
EMP0459,Karthik,Lewis,Karthik Lewis,karthik.lewis459@demoemployee.com,Female,2002-07-23,2012-06-11,Human Resources,HR Manager,,Intern,Onsite,Bengaluru,Karnataka,India,M.Com,4,543000,5,3,15,4,105,Yes,Active,
EMP0460,Kavya,Singh,Kavya Singh,kavya.singh460@demoemployee.com,Male,2004-08-26,2019-09-12,Human Resources,Recruiter,EMP0021,Permanent,Hybrid,Kolkata,West Bengal,India,B.Sc.,2,508000,7.5,3,23,19,34,No,Active,
EMP0461,Emma,Walker,Emma Walker,emma.walker461@demoemployee.com,Female,1986-01-19,2020-07-01,Research and Development,Research Analyst,EMP0142,Permanent,Remote,Delhi,Delhi,India,B.Com,18,1257000,0,2,0,2,119,No,Active,2021-07-21
EMP0462,Michael,Clark,Michael Clark,michael.clark462@demoemployee.com,Male,1981-02-12,2020-08-08,Information Technology,QA Engineer,EMP0147,Contract,Remote,Bengaluru,Karnataka,India,MBA,18,1103000,0,1,14,13,49,No,Active,
EMP0463,Grace,Singh,Grace Singh,grace.singh463@demoemployee.com,Female,1976-12-24,2015-02-21,Customer Support,Technical Support Engineer,EMP0012,Contract,Onsite,Hyderabad,Telangana,India,Diploma,6,606000,7.5,5,16,8,30,No,Active,2019-07-02
EMP0464,Robert,Thomas,Robert Thomas,robert.thomas464@demoemployee.com,Female,1985-04-07,2021-10-21,Marketing,Content Specialist,EMP0148,Permanent,Onsite,Kolkata,West Bengal,India,M.Com,18,1175000,3,3,23,6,64,No,Active,
EMP0465,Priya,Walker,Priya Walker,priya.walker465@demoemployee.com,Female,1980-12-21,2014-03-10,Customer Support,Support Manager,EMP0118,Permanent,Hybrid,Pune,Maharashtra,India,B.E.,8,686000,7.5,5,13,18,19,Yes,Active,2017-07-18
EMP0466,Diya,Anderson,Diya Anderson,diya.anderson466@demoemployee.com,Male,1972-11-25,2016-04-09,Research and Development,ML Engineer,EMP0156,Contract,Onsite,Delhi,Delhi,India,B.E.,9,982000,7.5,5,30,13,120,No,Active,2019-10-17
EMP0467,Olivia,Wilson,Olivia Wilson,olivia.wilson467@demoemployee.com,Male,1970-09-05,2020-04-01,Research and Development,R&D Manager,EMP0066,Permanent,Remote,Ahmedabad,Gujarat,India,B.E.,26,1565000,0,4,6,0,35,Yes,Active,2022-12-27
EMP0468,Ishita,Reddy,Ishita Reddy,ishita.reddy468@demoemployee.com,Male,1970-10-13,2023-03-28,Sales,Account Manager,EMP0040,Permanent,Remote,Bengaluru,Karnataka,India,B.Com,14,865000,7.5,3,10,12,50,Yes,Active,2025-08-06
EMP0469,Aditya,Reddy,Aditya Reddy,aditya.reddy469@demoemployee.com,Female,1989-11-11,2019-05-26,Research and Development,Research Analyst,EMP0070,Contract,Remote,Mumbai,Maharashtra,India,B.E.,12,1260000,7.5,3,26,15,31,No,Active,
EMP0470,Sanjay,Gupta,Sanjay Gupta,sanjay.gupta470@demoemployee.com,Male,1999-02-22,2021-11-27,Finance,Finance Manager,EMP0086,Intern,Remote,Gurugram,Haryana,India,M.Sc.,7,673000,7.5,1,14,7,64,Yes,Active,
EMP0471,Michael,Walker,Michael Walker,michael.walker471@demoemployee.com,Female,1971-06-20,2020-09-23,Finance,Accountant,EMP0156,Permanent,Remote,Noida,Uttar Pradesh,India,M.Sc.,3,653000,20,2,14,4,82,No,Active,2021-10-28
EMP0472,Diya,Anderson,Diya Anderson,diya.anderson472@demoemployee.com,Female,1982-10-19,2014-08-13,Customer Support,Support Executive,EMP0195,Permanent,Remote,Bengaluru,Karnataka,India,Diploma,20,1081000,20,3,12,8,95,No,Active,
EMP0473,Aarav,Taylor,Aarav Taylor,aarav.taylor473@demoemployee.com,Male,1989-02-08,2019-02-26,Finance,Payroll Executive,EMP0051,Intern,Remote,Hyderabad,Telangana,India,M.Com,17,1070000,15,3,17,11,63,No,Active,
EMP0474,Diya,Joseph,Diya Joseph,diya.joseph474@demoemployee.com,Male,2000-04-01,2014-07-20,Operations,Process Associate,EMP0019,Contract,Hybrid,Gurugram,Haryana,India,B.Tech,6,625000,20,5,1,16,4,No,Active,2020-11-09
EMP0475,Ananya,Rao,Ananya Rao,ananya.rao475@demoemployee.com,Male,1998-10-18,2024-06-06,Operations,Operations Manager,EMP0057,Contract,Hybrid,Kolkata,West Bengal,India,B.Sc.,1,324000,7.5,4,13,16,55,Yes,Active,2026-05-11
EMP0476,Krishna,Gupta,Krishna Gupta,krishna.gupta476@demoemployee.com,Female,1993-12-13,2016-12-27,Research and Development,Data Scientist,EMP0186,Permanent,Onsite,Gurugram,Haryana,India,M.Sc.,13,1194000,3,3,11,14,111,No,Active,2026-06-15
EMP0477,Nisha,Anderson,Nisha Anderson,nisha.anderson477@demoemployee.com,Female,1972-07-10,2023-09-04,Customer Support,Technical Support Engineer,EMP0129,Contract,Onsite,Ahmedabad,Gujarat,India,B.E.,6,577000,0,2,18,10,61,No,Active,
EMP0478,Robert,Thomas,Robert Thomas,robert.thomas478@demoemployee.com,Female,1972-08-12,2025-02-12,Customer Support,Technical Support Engineer,EMP0040,Permanent,Remote,Gurugram,Haryana,India,M.Sc.,16,737000,12.5,4,7,12,119,No,Active,
EMP0479,Michael,Brown,Michael Brown,michael.brown479@demoemployee.com,Female,1993-11-21,2018-11-05,Information Technology,QA Engineer,EMP0131,Permanent,Remote,Coimbatore,Tamil Nadu,India,M.Sc.,12,979000,0,4,21,21,11,No,Active,2026-07-23
EMP0480,Emma,Patel,Emma Patel,emma.patel480@demoemployee.com,Male,1975-03-24,2014-11-30,Research and Development,Data Scientist,EMP0027,Permanent,Onsite,Pune,Maharashtra,India,Diploma,5,917000,12.5,2,8,25,50,No,Resigned,2025-07-30
EMP0481,Emily,Gupta,Emily Gupta,emily.gupta481@demoemployee.com,Female,1998-02-22,2025-07-05,Sales,Sales Executive,EMP0137,Permanent,Hybrid,Kochi,Kerala,India,M.Com,1,522000,7.5,3,18,16,68,No,Active,
EMP0482,Kavya,Martin,Kavya Martin,kavya.martin482@demoemployee.com,Male,1980-03-28,2023-10-28,Research and Development,R&D Manager,EMP0095,Permanent,Remote,Mumbai,Maharashtra,India,B.Tech,6,893000,5,4,8,7,110,Yes,Active,2026-06-15
EMP0483,Divya,Rao,Divya Rao,divya.rao483@demoemployee.com,Female,2005-07-03,2015-11-16,Operations,Process Associate,EMP0035,Permanent,Remote,Bengaluru,Karnataka,India,B.Com,1,420000,7.5,4,3,19,56,No,Active,
EMP0484,Daniel,Singh,Daniel Singh,daniel.singh484@demoemployee.com,Female,2004-01-19,2021-01-27,Marketing,Marketing Executive,EMP0189,Intern,Hybrid,Noida,Uttar Pradesh,India,B.Sc.,2,375000,20,4,9,3,15,No,Active,
EMP0485,Meera,Taylor,Meera Taylor,meera.taylor485@demoemployee.com,Male,2000-07-09,2017-07-30,Finance,Payroll Executive,EMP0117,Contract,Hybrid,Kolkata,West Bengal,India,B.Tech,6,581000,0,3,17,22,51,No,Active,
EMP0486,Diya,Iyer,Diya Iyer,diya.iyer486@demoemployee.com,Male,1970-06-09,2020-05-31,Marketing,Marketing Executive,EMP0114,Permanent,Onsite,Chennai,Tamil Nadu,India,M.Com,13,716000,3,5,24,6,24,No,Active,2023-07-01
EMP0487,Vivaan,Singh,Vivaan Singh,vivaan.singh487@demoemployee.com,Female,2003-06-22,2018-09-19,Marketing,Content Specialist,EMP0200,Intern,Remote,Delhi,Delhi,India,Diploma,3,499000,10,3,18,20,1,No,Active,2021-11-26
EMP0488,Rahul,Walker,Rahul Walker,rahul.walker488@demoemployee.com,Male,1980-03-11,2022-04-13,Finance,Payroll Executive,EMP0070,Intern,Onsite,Ahmedabad,Gujarat,India,M.Com,5,553000,20,4,28,7,18,No,Active,
EMP0489,John,Thomas,John Thomas,john.thomas489@demoemployee.com,Female,1985-12-18,2018-09-06,Sales,Sales Executive,EMP0057,Permanent,Onsite,Kochi,Kerala,India,M.Com,0,320000,0,3,25,6,108,No,On Leave,
EMP0490,Karthik,Iyer,Karthik Iyer,karthik.iyer490@demoemployee.com,Male,1978-11-17,2024-06-08,Finance,Financial Analyst,EMP0107,Intern,Hybrid,Chennai,Tamil Nadu,India,MBA,12,1023000,7.5,4,30,15,57,No,Active,2026-02-05
EMP0491,Meera,Rao,Meera Rao,meera.rao491@demoemployee.com,Female,2005-05-03,2019-01-15,Information Technology,QA Engineer,EMP0187,Permanent,Remote,Noida,Uttar Pradesh,India,B.Tech,1,638000,3,3,11,20,56,No,Active,
EMP0492,Robert,Lewis,Robert Lewis,robert.lewis492@demoemployee.com,Male,1985-02-02,2023-10-08,Operations,Operations Manager,EMP0054,Permanent,Remote,Pune,Maharashtra,India,B.E.,21,1164000,15,2,23,16,108,Yes,Active,2025-04-04
EMP0493,Ananya,Singh,Ananya Singh,ananya.singh493@demoemployee.com,Male,2001-03-09,2014-11-10,Information Technology,QA Engineer,EMP0008,Permanent,Remote,Coimbatore,Tamil Nadu,India,M.Com,5,787000,12.5,3,18,10,23,No,Active,2020-08-16
EMP0494,Sanjay,Reddy,Sanjay Reddy,sanjay.reddy494@demoemployee.com,Female,1973-07-02,2013-12-11,Customer Support,Technical Support Engineer,EMP0010,Contract,Hybrid,Mumbai,Maharashtra,India,M.Sc.,21,1143000,5,3,14,1,41,No,Active,2021-10-21
EMP0495,Priya,Kumar,Priya Kumar,priya.kumar495@demoemployee.com,Female,1997-06-19,2019-09-13,Operations,Operations Executive,EMP0006,Permanent,Hybrid,Coimbatore,Tamil Nadu,India,B.E.,9,718000,10,2,17,2,20,No,Active,
EMP0496,Michael,Brown,Michael Brown,michael.brown496@demoemployee.com,Female,2002-12-06,2015-08-28,Customer Support,Support Manager,EMP0100,Permanent,Onsite,Ahmedabad,Gujarat,India,M.Sc.,4,474000,10,4,27,22,108,Yes,Active,2017-11-19
EMP0497,Daniel,Nair,Daniel Nair,daniel.nair497@demoemployee.com,Female,1980-11-19,2025-01-22,Marketing,SEO Analyst,EMP0038,Permanent,Onsite,Delhi,Delhi,India,M.Com,7,687000,7.5,1,3,5,88,No,Active,
EMP0498,Ishita,Joseph,Ishita Joseph,ishita.joseph498@demoemployee.com,Male,1994-04-14,2024-08-01,Human Resources,Training Coordinator,EMP0075,Permanent,Remote,Delhi,Delhi,India,B.E.,12,1055000,12.5,4,21,25,41,No,Active,2025-09-30
EMP0499,Vijay,Anderson,Vijay Anderson,vijay.anderson499@demoemployee.com,Female,1985-05-23,2020-03-14,Marketing,Marketing Manager,EMP0017,Intern,Hybrid,Chennai,Tamil Nadu,India,Diploma,21,1352000,12.5,5,2,3,112,Yes,Active,2023-09-18
EMP0500,Sophia,Anderson,Sophia Anderson,sophia.anderson500@demoemployee.com,Female,1992-08-08,2016-08-06,Marketing,Content Specialist,EMP0127,Contract,Hybrid,Hyderabad,Telangana,India,B.Tech,2,459000,5,4,8,9,65,No,Active,
EMP0501,Michael,Wilson,Michael Wilson,michael.wilson501@demoemployee.com,Male,1972-05-23,2025-04-26,Information Technology,Data Engineer,EMP0163,Contract,Onsite,Chennai,Tamil Nadu,India,MBA,22,1493000,15,3,12,10,27,No,Active,
EMP0502,John,Thomas,John Thomas,john.thomas502@demoemployee.com,Female,1984-06-11,2014-10-31,Customer Support,Technical Support Engineer,EMP0073,Permanent,Onsite,Chennai,Tamil Nadu,India,B.Sc.,4,528000,3,4,24,14,11,No,Active,2026-01-02
EMP0503,Krishna,Brown,Krishna Brown,krishna.brown503@demoemployee.com,Male,1992-11-23,2016-10-07,Information Technology,Cloud Engineer,EMP0149,Intern,Remote,Ahmedabad,Gujarat,India,M.Sc.,1,526000,3,5,9,20,44,No,Active,2024-01-17
EMP0504,Michael,Walker,Michael Walker,michael.walker504@demoemployee.com,Male,2000-05-24,2024-08-03,Sales,Account Manager,EMP0157,Contract,Hybrid,Kochi,Kerala,India,M.Sc.,6,588000,20,1,19,22,61,Yes,On Leave,2025-11-21
EMP0505,Kavya,Clark,Kavya Clark,kavya.clark505@demoemployee.com,Female,1975-04-27,2021-02-01,Operations,Operations Executive,EMP0099,Intern,Hybrid,Pune,Maharashtra,India,B.Tech,14,1067000,12.5,4,23,22,114,No,Resigned,
EMP0506,Vijay,Thomas,Vijay Thomas,vijay.thomas506@demoemployee.com,Male,1980-05-04,2014-12-25,Customer Support,Technical Support Engineer,EMP0179,Permanent,Hybrid,Kolkata,West Bengal,India,M.Com,9,516000,15,2,26,19,96,No,Active,
EMP0507,Olivia,Reddy,Olivia Reddy,olivia.reddy507@demoemployee.com,Male,1976-05-15,2021-07-21,Information Technology,Senior Software Engineer,EMP0022,Permanent,Hybrid,Kochi,Kerala,India,MBA,3,759000,20,2,6,12,85,No,Resigned,2026-04-22
EMP0508,Divya,Thomas,Divya Thomas,divya.thomas508@demoemployee.com,Female,1976-08-03,2017-08-06,Finance,Accountant,EMP0139,Intern,Remote,Hyderabad,Telangana,India,M.Com,8,858000,0,3,12,23,113,No,Active,
EMP0509,Arjun,Thomas,Arjun Thomas,arjun.thomas509@demoemployee.com,Male,1973-11-17,2021-12-29,Sales,Business Development Executive,EMP0181,Permanent,Hybrid,Ahmedabad,Gujarat,India,MBA,16,943000,3,3,9,4,10,No,Resigned,2024-06-21
EMP0510,Ishita,Gupta,Ishita Gupta,ishita.gupta510@demoemployee.com,Male,2001-01-24,2015-01-04,Marketing,SEO Analyst,EMP0060,Permanent,Remote,Mumbai,Maharashtra,India,MBA,5,626000,15,3,0,11,10,No,Active,2024-05-01
EMP0511,Krishna,Brown,Krishna Brown,krishna.brown511@demoemployee.com,Male,1989-10-14,2018-07-20,Finance,Finance Manager,EMP0188,Permanent,Remote,Gurugram,Haryana,India,M.Sc.,17,1032000,20,2,26,24,30,Yes,Active,2020-02-27
EMP0512,Vivaan,Anderson,Vivaan Anderson,vivaan.anderson512@demoemployee.com,Female,1996-08-28,2021-09-02,Customer Support,Support Executive,EMP0193,Permanent,Hybrid,Ahmedabad,Gujarat,India,Diploma,10,808000,15,3,12,15,81,No,Active,
EMP0513,Divya,Clark,Divya Clark,divya.clark513@demoemployee.com,Male,1989-09-05,2013-10-25,Customer Support,Support Manager,EMP0047,Contract,Hybrid,Coimbatore,Tamil Nadu,India,Diploma,12,913000,20,3,18,8,58,Yes,Active,
EMP0514,Sophia,Walker,Sophia Walker,sophia.walker514@demoemployee.com,Male,1989-05-27,2016-02-28,Marketing,Marketing Manager,EMP0034,Contract,Remote,Kolkata,West Bengal,India,B.Com,17,952000,12.5,4,6,7,4,Yes,Active,2022-06-28
EMP0515,Krishna,Martin,Krishna Martin,krishna.martin515@demoemployee.com,Male,1986-01-12,2017-11-18,Information Technology,Data Engineer,EMP0064,Permanent,Hybrid,Bengaluru,Karnataka,India,MBA,5,764000,10,4,8,20,91,No,Active,
EMP0516,Priya,Lewis,Priya Lewis,priya.lewis516@demoemployee.com,Female,1972-04-18,2018-11-15,Human Resources,HR Manager,EMP0152,Permanent,Onsite,Noida,Uttar Pradesh,India,M.Sc.,7,626000,10,4,21,0,103,Yes,Active,2022-10-24
EMP0517,Ishita,Clark,Ishita Clark,ishita.clark517@demoemployee.com,Female,1970-12-23,2022-06-27,Marketing,SEO Analyst,EMP0160,Permanent,Remote,Coimbatore,Tamil Nadu,India,B.Tech,24,1620000,20,4,21,12,26,No,Active,2026-06-08
EMP0518,Saanvi,Sharma,Saanvi Sharma,saanvi.sharma518@demoemployee.com,Male,1982-09-11,2012-05-22,Customer Support,Support Executive,EMP0065,Contract,Remote,Hyderabad,Telangana,India,B.Tech,13,788000,5,3,17,18,51,No,Active,
EMP0519,Diya,Mehta,Diya Mehta,diya.mehta519@demoemployee.com,Female,1975-12-05,2019-09-18,Marketing,Marketing Manager,EMP0035,Contract,Onsite,Ahmedabad,Gujarat,India,M.Com,23,1105000,3,2,14,23,111,Yes,Active,
EMP0520,Rahul,Martin,Rahul Martin,rahul.martin520@demoemployee.com,Male,1986-12-06,2012-08-23,Finance,Accountant,EMP0174,Permanent,Onsite,Kochi,Kerala,India,B.E.,12,973000,5,5,18,9,53,No,Active,2019-04-18
EMP0521,Divya,Clark,Divya Clark,divya.clark521@demoemployee.com,Male,1988-10-22,2021-01-22,Human Resources,HR Manager,EMP0145,Permanent,Remote,Mumbai,Maharashtra,India,B.E.,18,913000,3,4,23,19,18,Yes,Active,2025-09-13
EMP0522,John,Lewis,John Lewis,john.lewis522@demoemployee.com,Female,1981-02-24,2015-06-10,Marketing,SEO Analyst,EMP0141,Permanent,Onsite,Pune,Maharashtra,India,MBA,22,1098000,10,3,22,24,16,No,Active,2020-03-20
EMP0523,Robert,Joseph,Robert Joseph,robert.joseph523@demoemployee.com,Male,2002-12-07,2018-07-01,Operations,Process Associate,EMP0194,Contract,Hybrid,Bengaluru,Karnataka,India,M.Sc.,4,594000,20,2,16,24,44,No,Active,2021-09-19
EMP0524,Michael,Gupta,Michael Gupta,michael.gupta524@demoemployee.com,Male,1982-10-18,2022-08-16,Research and Development,Data Scientist,EMP0036,Permanent,Onsite,Chennai,Tamil Nadu,India,B.Sc.,6,831000,10,4,28,5,98,No,Active,2023-09-22
EMP0525,Grace,Reddy,Grace Reddy,grace.reddy525@demoemployee.com,Male,1977-05-04,2015-06-01,Operations,Operations Manager,EMP0145,Permanent,Remote,Ahmedabad,Gujarat,India,B.Tech,14,1126000,10,4,6,17,35,Yes,Active,
EMP0526,Olivia,Reddy,Olivia Reddy,olivia.reddy526@demoemployee.com,Male,1970-07-15,2017-03-20,Research and Development,Research Analyst,EMP0085,Intern,Onsite,Kolkata,West Bengal,India,B.Sc.,3,784000,10,4,25,25,116,No,Active,2021-03-13
EMP0527,Meera,Wilson,Meera Wilson,meera.wilson527@demoemployee.com,Female,1985-02-23,2022-06-22,Information Technology,DevOps Engineer,EMP0179,Permanent,Onsite,Coimbatore,Tamil Nadu,India,Diploma,7,749000,15,3,14,15,96,No,Active,2026-01-21
EMP0528,Robert,Nair,Robert Nair,robert.nair528@demoemployee.com,Female,1997-01-16,2018-09-01,Sales,Business Development Executive,EMP0083,Permanent,Hybrid,Chennai,Tamil Nadu,India,M.Sc.,1,349000,12.5,4,15,0,5,No,Active,2023-06-26
EMP0529,Meera,Walker,Meera Walker,meera.walker529@demoemployee.com,Male,2004-06-21,2016-08-26,Sales,Sales Executive,EMP0089,Permanent,Hybrid,Ahmedabad,Gujarat,India,B.Com,2,474000,10,3,19,15,102,No,Active,2017-10-29
EMP0530,Vivaan,Mehta,Vivaan Mehta,vivaan.mehta530@demoemployee.com,Female,1984-11-20,2018-08-30,Operations,Operations Executive,EMP0024,Contract,Hybrid,Coimbatore,Tamil Nadu,India,M.Com,22,1310000,10,4,19,16,50,No,Active,2025-01-20
EMP0531,Kavya,Kumar,Kavya Kumar,kavya.kumar531@demoemployee.com,Male,1979-03-09,2024-07-21,Operations,Operations Analyst,EMP0113,Permanent,Hybrid,Kolkata,West Bengal,India,Diploma,13,903000,0,4,3,22,69,No,Active,2026-06-16
EMP0532,Kavya,Clark,Kavya Clark,kavya.clark532@demoemployee.com,Female,1996-05-23,2025-11-24,Operations,Operations Manager,EMP0024,Permanent,Onsite,Coimbatore,Tamil Nadu,India,B.Sc.,10,717000,5,5,27,23,18,Yes,Active,
EMP0533,Grace,Brown,Grace Brown,grace.brown533@demoemployee.com,Male,1970-11-01,2020-02-25,Sales,Sales Manager,EMP0042,Permanent,Remote,Kolkata,West Bengal,India,MBA,28,1863000,0,1,7,12,112,Yes,Active,2026-07-31
EMP0534,Arjun,Singh,Arjun Singh,arjun.singh534@demoemployee.com,Male,1979-11-15,2018-02-09,Research and Development,Data Scientist,EMP0056,Permanent,Onsite,Coimbatore,Tamil Nadu,India,B.Tech,13,1100000,20,3,2,20,84,No,Active,2021-01-14
EMP0535,Kavya,Reddy,Kavya Reddy,kavya.reddy535@demoemployee.com,Male,2002-11-11,2016-02-29,Sales,Business Development Executive,EMP0134,Permanent,Onsite,Chennai,Tamil Nadu,India,B.E.,4,483000,10,4,30,20,16,No,On Leave,
EMP0536,Arjun,Taylor,Arjun Taylor,arjun.taylor536@demoemployee.com,Female,1982-12-20,2016-07-15,Finance,Accountant,EMP0128,Intern,Hybrid,Ahmedabad,Gujarat,India,M.Com,24,1387000,12.5,1,16,20,95,No,Active,
EMP0537,Arjun,Thomas,Arjun Thomas,arjun.thomas537@demoemployee.com,Male,1997-09-10,2026-07-01,Research and Development,R&D Manager,EMP0098,Permanent,Onsite,Pune,Maharashtra,India,B.Com,9,962000,7.5,3,1,9,95,Yes,Active,
EMP0538,Daniel,Sharma,Daniel Sharma,daniel.sharma538@demoemployee.com,Male,1993-07-22,2024-05-02,Finance,Finance Manager,EMP0146,Contract,Remote,Mumbai,Maharashtra,India,M.Sc.,13,802000,0,4,26,11,11,Yes,Resigned,2026-05-21
EMP0539,Diya,Gupta,Diya Gupta,diya.gupta539@demoemployee.com,Female,1973-03-22,2021-02-28,Operations,Operations Executive,EMP0114,Permanent,Hybrid,Delhi,Delhi,India,B.Sc.,13,974000,3,4,19,18,5,No,Active,2023-06-29
EMP0540,Rohan,Thomas,Rohan Thomas,rohan.thomas540@demoemployee.com,Male,1982-10-08,2025-06-09,Operations,Process Associate,EMP0191,Permanent,Remote,Coimbatore,Tamil Nadu,India,M.Com,3,533000,7.5,2,1,21,26,No,Active,
EMP0541,David,Brown,David Brown,david.brown541@demoemployee.com,Male,1970-12-15,2015-02-27,Operations,Process Associate,EMP0064,Permanent,Onsite,Gurugram,Haryana,India,B.Com,23,1319000,7.5,2,26,8,19,No,Active,
EMP0542,David,Mehta,David Mehta,david.mehta542@demoemployee.com,Male,1970-10-14,2017-05-18,Customer Support,Support Executive,EMP0109,Contract,Hybrid,Gurugram,Haryana,India,B.Tech,23,1029000,10,4,1,11,19,No,Active,2026-07-06
EMP0543,Arjun,Singh,Arjun Singh,arjun.singh543@demoemployee.com,Female,1976-05-08,2013-07-03,Information Technology,Data Engineer,EMP0020,Contract,Remote,Ahmedabad,Gujarat,India,M.Com,9,825000,3,3,22,15,11,No,Active,2018-04-27
EMP0544,Rohan,Wilson,Rohan Wilson,rohan.wilson544@demoemployee.com,Male,1968-04-07,2013-05-08,Human Resources,HR Executive,EMP0102,Contract,Hybrid,Hyderabad,Telangana,India,B.E.,21,1201000,10,5,29,14,47,No,Active,2023-06-13
EMP0545,Kavya,Walker,Kavya Walker,kavya.walker545@demoemployee.com,Male,2001-11-11,2018-12-15,Operations,Process Associate,EMP0035,Permanent,Hybrid,Chennai,Tamil Nadu,India,B.Sc.,5,487000,12.5,5,23,6,120,No,Active,2023-03-21
EMP0546,Meera,Sharma,Meera Sharma,meera.sharma546@demoemployee.com,Male,1982-02-02,2022-09-26,Sales,Business Development Executive,EMP0093,Permanent,Hybrid,Kochi,Kerala,India,B.Com,6,666000,12.5,5,1,9,78,No,Active,2024-04-19
EMP0547,Aarav,Nair,Aarav Nair,aarav.nair547@demoemployee.com,Female,1978-09-02,2018-05-14,Information Technology,Senior Software Engineer,EMP0180,Contract,Remote,Noida,Uttar Pradesh,India,B.E.,4,828000,5,2,5,9,56,No,Active,2022-09-23
EMP0548,Krishna,Reddy,Krishna Reddy,krishna.reddy548@demoemployee.com,Female,1998-10-08,2012-07-05,Marketing,Content Specialist,EMP0075,Permanent,Hybrid,Noida,Uttar Pradesh,India,B.Tech,3,459000,15,3,11,2,17,No,Active,2016-09-20
EMP0549,Sophia,Joseph,Sophia Joseph,sophia.joseph549@demoemployee.com,Female,2004-07-02,2021-12-20,Research and Development,R&D Manager,EMP0135,Permanent,Hybrid,Kolkata,West Bengal,India,B.Tech,2,734000,20,4,23,7,11,Yes,Active,
EMP0550,Lakshmi,Wilson,Lakshmi Wilson,lakshmi.wilson550@demoemployee.com,Male,1968-09-05,2021-07-16,Operations,Process Associate,EMP0070,Permanent,Remote,Hyderabad,Telangana,India,M.Sc.,14,671000,0,5,21,13,15,No,Active,2023-05-10
EMP0551,Karthik,Martin,Karthik Martin,karthik.martin551@demoemployee.com,Male,1985-07-26,2022-04-20,Research and Development,ML Engineer,EMP0180,Intern,Remote,Ahmedabad,Gujarat,India,B.Com,13,1020000,15,2,3,21,13,No,Active,2025-03-18
EMP0552,Saanvi,Joseph,Saanvi Joseph,saanvi.joseph552@demoemployee.com,Female,1972-04-24,2014-12-25,Operations,Operations Executive,EMP0115,Contract,Remote,Coimbatore,Tamil Nadu,India,M.Sc.,1,490000,20,4,20,15,3,No,Active,2023-06-15
EMP0553,Emma,Mehta,Emma Mehta,emma.mehta553@demoemployee.com,Male,1997-08-22,2019-09-23,Research and Development,Research Analyst,EMP0193,Permanent,Onsite,Pune,Maharashtra,India,Diploma,9,1073000,20,3,14,23,19,No,Active,2021-04-10
EMP0554,Daniel,Singh,Daniel Singh,daniel.singh554@demoemployee.com,Male,1981-07-17,2016-10-25,Finance,Finance Manager,EMP0142,Permanent,Hybrid,Mumbai,Maharashtra,India,B.Tech,5,689000,10,3,26,5,112,Yes,Active,
EMP0555,Rahul,Sharma,Rahul Sharma,rahul.sharma555@demoemployee.com,Male,1996-09-19,2022-09-18,Information Technology,QA Engineer,EMP0084,Permanent,Onsite,Ahmedabad,Gujarat,India,Diploma,4,621000,5,3,17,0,28,No,Active,
EMP0556,Robert,Wilson,Robert Wilson,robert.wilson556@demoemployee.com,Female,1992-01-26,2024-03-15,Sales,Sales Executive,EMP0182,Intern,Hybrid,Hyderabad,Telangana,India,B.Sc.,14,931000,3,3,6,7,93,No,Active,
EMP0557,Meera,Martin,Meera Martin,meera.martin557@demoemployee.com,Male,1977-08-13,2012-03-04,Human Resources,HR Manager,EMP0018,Permanent,Remote,Pune,Maharashtra,India,B.Tech,0,360000,12.5,2,28,3,41,Yes,Active,2013-12-23
EMP0558,Emily,Lewis,Emily Lewis,emily.lewis558@demoemployee.com,Female,1988-01-18,2018-04-20,Human Resources,HR Manager,EMP0128,Contract,Remote,Kochi,Kerala,India,MBA,4,618000,7.5,4,11,19,32,Yes,Active,2019-09-26
EMP0559,Sanjay,Clark,Sanjay Clark,sanjay.clark559@demoemployee.com,Female,2000-03-25,2023-02-27,Customer Support,Technical Support Engineer,EMP0131,Permanent,Remote,Coimbatore,Tamil Nadu,India,MBA,6,602000,7.5,1,24,10,81,No,Active,2024-06-09
EMP0560,Vivaan,Taylor,Vivaan Taylor,vivaan.taylor560@demoemployee.com,Male,1997-05-15,2014-06-25,Human Resources,HR Manager,EMP0144,Intern,Hybrid,Hyderabad,Telangana,India,B.E.,9,557000,20,1,15,17,96,Yes,Active,
EMP0561,Karthik,Patel,Karthik Patel,karthik.patel561@demoemployee.com,Male,1980-03-13,2021-06-20,Customer Support,Support Executive,EMP0130,Contract,Hybrid,Mumbai,Maharashtra,India,B.E.,23,1610000,5,3,13,9,101,No,Active,2025-09-07
EMP0562,Nisha,Walker,Nisha Walker,nisha.walker562@demoemployee.com,Male,1986-06-05,2014-04-13,Finance,Finance Manager,,Intern,Hybrid,Noida,Uttar Pradesh,India,M.Com,15,1195000,7.5,3,6,5,87,Yes,Active,2018-10-13
EMP0563,Sophia,Thomas,Sophia Thomas,sophia.thomas563@demoemployee.com,Female,1980-12-06,2014-08-13,Customer Support,Support Executive,EMP0193,Permanent,Onsite,Chennai,Tamil Nadu,India,MBA,6,433000,10,3,26,22,59,No,Active,2017-02-08
EMP0564,Daniel,Taylor,Daniel Taylor,daniel.taylor564@demoemployee.com,Male,1971-05-23,2020-06-12,Customer Support,Support Manager,EMP0102,Permanent,Hybrid,Bengaluru,Karnataka,India,M.Com,5,496000,3,1,12,7,119,Yes,Active,2024-07-28
EMP0565,Divya,Taylor,Divya Taylor,divya.taylor565@demoemployee.com,Female,1991-08-11,2016-01-24,Information Technology,QA Engineer,EMP0071,Permanent,Hybrid,Gurugram,Haryana,India,M.Com,2,616000,0,1,2,25,66,No,Active,2025-05-18
EMP0566,Karthik,Mehta,Karthik Mehta,karthik.mehta566@demoemployee.com,Male,1968-03-03,2016-08-31,Human Resources,Recruiter,EMP0003,Intern,Hybrid,Noida,Uttar Pradesh,India,Diploma,5,644000,20,3,12,18,104,No,On Leave,2025-04-18
EMP0567,Grace,Patel,Grace Patel,grace.patel567@demoemployee.com,Male,1990-09-21,2023-05-16,Customer Support,Support Executive,EMP0095,Contract,Remote,Pune,Maharashtra,India,B.Tech,2,467000,12.5,4,27,19,116,No,Active,2024-10-24
EMP0568,Sophia,Brown,Sophia Brown,sophia.brown568@demoemployee.com,Male,1968-12-13,2023-03-09,Marketing,Marketing Executive,EMP0054,Permanent,Remote,Noida,Uttar Pradesh,India,MBA,2,433000,3,3,30,9,88,No,Active,
EMP0569,Rohan,Rao,Rohan Rao,rohan.rao569@demoemployee.com,Male,1981-05-01,2021-03-22,Information Technology,Software Engineer,EMP0092,Contract,Remote,Bengaluru,Karnataka,India,MBA,9,904000,12.5,2,10,3,31,No,Active,
EMP0570,Aditya,Kumar,Aditya Kumar,aditya.kumar570@demoemployee.com,Female,2005-04-08,2024-10-17,Research and Development,ML Engineer,EMP0171,Intern,Onsite,Noida,Uttar Pradesh,India,M.Com,1,587000,15,4,15,25,78,No,Active,
EMP0571,Ishita,Joseph,Ishita Joseph,ishita.joseph571@demoemployee.com,Female,1997-03-23,2025-03-16,Operations,Operations Manager,EMP0182,Permanent,Hybrid,Kochi,Kerala,India,B.E.,9,693000,12.5,3,5,9,117,Yes,Active,
EMP0572,Diya,Walker,Diya Walker,diya.walker572@demoemployee.com,Male,1979-07-25,2025-12-26,Operations,Operations Manager,EMP0153,Contract,Remote,Ahmedabad,Gujarat,India,M.Sc.,23,1231000,5,2,16,18,95,Yes,Active,
EMP0573,Sanjay,Martin,Sanjay Martin,sanjay.martin573@demoemployee.com,Female,1972-11-14,2017-01-17,Finance,Financial Analyst,EMP0148,Intern,Hybrid,Ahmedabad,Gujarat,India,B.Tech,19,1244000,5,3,21,22,17,No,Active,2025-04-21
EMP0574,Saanvi,Joseph,Saanvi Joseph,saanvi.joseph574@demoemployee.com,Female,1969-07-12,2015-12-10,Human Resources,Recruiter,EMP0010,Intern,Hybrid,Ahmedabad,Gujarat,India,B.E.,25,993000,5,3,20,12,31,No,Active,2023-12-05
EMP0575,Priya,Lewis,Priya Lewis,priya.lewis575@demoemployee.com,Male,1991-10-01,2025-12-28,Finance,Accountant,EMP0033,Permanent,Onsite,Gurugram,Haryana,India,Diploma,15,1250000,10,3,10,16,110,No,Active,
EMP0576,Rahul,Nair,Rahul Nair,rahul.nair576@demoemployee.com,Female,1979-08-09,2021-12-28,Research and Development,R&D Manager,EMP0144,Contract,Remote,Ahmedabad,Gujarat,India,B.E.,21,1269000,0,3,6,11,93,Yes,Active,2026-02-06
EMP0577,Vijay,Anderson,Vijay Anderson,vijay.anderson577@demoemployee.com,Male,1998-03-04,2026-07-16,Customer Support,Support Executive,EMP0156,Permanent,Remote,Kolkata,West Bengal,India,MBA,3,540000,15,3,14,10,51,No,Active,
EMP0578,Priya,Taylor,Priya Taylor,priya.taylor578@demoemployee.com,Female,1967-04-04,2014-09-11,Finance,Finance Manager,EMP0168,Permanent,Remote,Bengaluru,Karnataka,India,B.E.,7,787000,0,1,29,8,102,Yes,Active,2025-07-07
EMP0579,Rahul,Lewis,Rahul Lewis,rahul.lewis579@demoemployee.com,Male,1993-04-17,2017-02-27,Finance,Financial Analyst,EMP0017,Intern,Remote,Kolkata,West Bengal,India,M.Sc.,2,647000,0,4,26,2,75,No,Active,
EMP0580,Kavya,Lewis,Kavya Lewis,kavya.lewis580@demoemployee.com,Male,1968-07-27,2022-05-22,Customer Support,Technical Support Engineer,EMP0182,Contract,Onsite,Chennai,Tamil Nadu,India,M.Sc.,18,1112000,0,2,12,17,68,No,Active,2026-04-08
EMP0581,Robert,Nair,Robert Nair,robert.nair581@demoemployee.com,Male,1977-09-13,2024-04-18,Sales,Account Manager,EMP0073,Contract,Onsite,Hyderabad,Telangana,India,MBA,23,1081000,3,4,0,1,28,Yes,Active,2026-04-30
EMP0582,David,Mehta,David Mehta,david.mehta582@demoemployee.com,Female,1971-12-16,2013-07-23,Research and Development,R&D Manager,EMP0058,Intern,Hybrid,Chennai,Tamil Nadu,India,M.Com,25,1737000,7.5,3,30,8,17,Yes,Active,2023-08-25
EMP0583,Divya,Nair,Divya Nair,divya.nair583@demoemployee.com,Male,1972-10-05,2026-01-02,Research and Development,Data Scientist,EMP0019,Contract,Onsite,Kochi,Kerala,India,M.Sc.,18,1072000,0,4,11,8,116,No,Active,
EMP0584,Ishita,Iyer,Ishita Iyer,ishita.iyer584@demoemployee.com,Male,1982-12-07,2012-02-29,Sales,Sales Manager,EMP0017,Intern,Onsite,Kolkata,West Bengal,India,M.Sc.,22,1193000,12.5,3,29,4,41,Yes,Active,
EMP0585,Diya,Sharma,Diya Sharma,diya.sharma585@demoemployee.com,Female,1985-03-16,2016-10-05,Sales,Sales Manager,EMP0132,Contract,Remote,Coimbatore,Tamil Nadu,India,B.E.,21,1230000,20,3,22,25,104,Yes,Active,2018-01-27
EMP0586,Arjun,Sharma,Arjun Sharma,arjun.sharma586@demoemployee.com,Male,1987-01-11,2018-06-20,Operations,Operations Analyst,EMP0008,Permanent,Hybrid,Coimbatore,Tamil Nadu,India,B.Com,8,516000,5,1,6,19,58,No,Active,
EMP0587,Rahul,Rao,Rahul Rao,rahul.rao587@demoemployee.com,Male,1983-06-16,2024-11-19,Research and Development,ML Engineer,EMP0047,Permanent,Onsite,Coimbatore,Tamil Nadu,India,B.Sc.,19,1289000,15,5,15,15,38,No,On Leave,
EMP0588,Priya,Lewis,Priya Lewis,priya.lewis588@demoemployee.com,Male,1986-05-15,2021-06-23,Sales,Sales Executive,EMP0148,Permanent,Hybrid,Delhi,Delhi,India,MBA,18,1275000,5,3,7,12,97,No,Active,2025-10-31
EMP0589,Sanjay,Anderson,Sanjay Anderson,sanjay.anderson589@demoemployee.com,Male,1991-05-01,2015-02-23,Customer Support,Support Executive,EMP0053,Contract,Remote,Kolkata,West Bengal,India,MBA,15,1131000,5,2,11,3,58,No,Active,2017-10-13
EMP0590,Rahul,Iyer,Rahul Iyer,rahul.iyer590@demoemployee.com,Female,2002-01-25,2014-03-10,Customer Support,Technical Support Engineer,EMP0073,Permanent,Remote,Kolkata,West Bengal,India,M.Com,4,430000,12.5,3,6,12,70,No,Active,2019-04-23
EMP0591,Sophia,Gupta,Sophia Gupta,sophia.gupta591@demoemployee.com,Male,2003-11-26,2022-07-02,Human Resources,HR Executive,EMP0196,Contract,Hybrid,Mumbai,Maharashtra,India,M.Com,3,440000,15,4,30,21,14,No,Active,
EMP0592,Diya,Singh,Diya Singh,diya.singh592@demoemployee.com,Male,1998-02-26,2017-01-28,Marketing,Marketing Manager,EMP0127,Permanent,Onsite,Kolkata,West Bengal,India,B.Tech,6,467000,20,4,1,13,28,Yes,Active,2026-05-11
EMP0593,Priya,Walker,Priya Walker,priya.walker593@demoemployee.com,Male,1984-07-21,2024-07-16,Finance,Finance Manager,,Contract,Remote,Kolkata,West Bengal,India,MBA,10,978000,0,1,4,7,90,Yes,Active,
EMP0594,Aditya,Clark,Aditya Clark,aditya.clark594@demoemployee.com,Male,1995-03-21,2016-07-05,Sales,Sales Manager,EMP0014,Contract,Onsite,Kolkata,West Bengal,India,B.Com,11,790000,12.5,2,4,3,74,Yes,Active,
EMP0595,Sanjay,Iyer,Sanjay Iyer,sanjay.iyer595@demoemployee.com,Female,1993-07-10,2026-02-26,Marketing,SEO Analyst,EMP0044,Permanent,Hybrid,Ahmedabad,Gujarat,India,Diploma,13,925000,5,1,3,24,93,No,Active,
EMP0596,Krishna,Wilson,Krishna Wilson,krishna.wilson596@demoemployee.com,Male,1997-07-16,2015-04-08,Customer Support,Technical Support Engineer,EMP0024,Intern,Hybrid,Delhi,Delhi,India,M.Sc.,9,478000,0,3,30,22,24,No,On Leave,2025-02-16
EMP0597,Rahul,Wilson,Rahul Wilson,rahul.wilson597@demoemployee.com,Female,1976-02-10,2013-06-09,Operations,Operations Analyst,EMP0068,Intern,Onsite,Delhi,Delhi,India,B.Sc.,22,1370000,12.5,2,29,4,32,No,Active,2019-08-18
EMP0598,Daniel,Nair,Daniel Nair,daniel.nair598@demoemployee.com,Female,1982-04-26,2021-07-13,Operations,Operations Analyst,EMP0008,Permanent,Remote,Noida,Uttar Pradesh,India,B.Tech,13,692000,12.5,1,17,4,87,No,Active,2024-06-13
EMP0599,Diya,Singh,Diya Singh,diya.singh599@demoemployee.com,Female,1991-05-06,2025-04-20,Operations,Process Associate,EMP0148,Permanent,Hybrid,Bengaluru,Karnataka,India,M.Com,15,668000,7.5,4,26,19,42,No,Active,
EMP0600,Robert,Kumar,Robert Kumar,robert.kumar600@demoemployee.com,Female,1976-03-06,2015-04-09,Research and Development,Research Analyst,EMP0141,Contract,Onsite,Kolkata,West Bengal,India,Diploma,25,1443000,0,2,18,23,0,No,Active,2018-08-20
EMP0601,Krishna,Martin,Krishna Martin,krishna.martin601@demoemployee.com,Male,1995-11-18,2021-07-29,Information Technology,Cloud Engineer,EMP0104,Permanent,Onsite,Bengaluru,Karnataka,India,M.Sc.,11,1032000,10,2,1,18,74,No,Active,2023-12-17
EMP0602,Olivia,Walker,Olivia Walker,olivia.walker602@demoemployee.com,Female,1981-08-13,2015-08-12,Finance,Accountant,EMP0077,Intern,Hybrid,Kochi,Kerala,India,B.Tech,10,880000,7.5,4,29,19,105,No,Active,2017-05-02
EMP0603,Kavya,Brown,Kavya Brown,kavya.brown603@demoemployee.com,Male,1991-06-10,2013-12-06,Research and Development,R&D Manager,EMP0049,Permanent,Hybrid,Kolkata,West Bengal,India,MBA,15,1527000,7.5,4,30,8,23,Yes,Active,
EMP0604,Robert,Martin,Robert Martin,robert.martin604@demoemployee.com,Female,1994-10-16,2026-03-24,Information Technology,Software Engineer,EMP0086,Permanent,Onsite,Pune,Maharashtra,India,Diploma,12,1277000,20,3,15,24,55,No,Active,
EMP0605,Daniel,Martin,Daniel Martin,daniel.martin605@demoemployee.com,Male,1994-07-05,2021-03-17,Research and Development,Research Analyst,EMP0047,Intern,Hybrid,Noida,Uttar Pradesh,India,B.Sc.,12,1282000,3,4,18,8,75,No,Active,2023-06-11
EMP0606,David,Wilson,David Wilson,david.wilson606@demoemployee.com,Female,1979-04-24,2020-08-01,Finance,Accountant,EMP0053,Intern,Onsite,Ahmedabad,Gujarat,India,B.Sc.,22,1339000,10,3,3,1,48,No,Active,2024-03-05
EMP0607,Sanjay,Taylor,Sanjay Taylor,sanjay.taylor607@demoemployee.com,Female,1987-12-01,2023-07-05,Sales,Business Development Executive,,Permanent,Onsite,Mumbai,Maharashtra,India,M.Com,19,1209000,0,4,9,11,4,No,Active,2024-08-08
EMP0608,Vijay,Walker,Vijay Walker,vijay.walker608@demoemployee.com,Male,2005-01-11,2017-09-13,Human Resources,HR Executive,EMP0056,Permanent,Onsite,Kochi,Kerala,India,B.Sc.,1,422000,5,4,1,16,75,No,Active,2025-04-13
EMP0609,Vivaan,Walker,Vivaan Walker,vivaan.walker609@demoemployee.com,Female,2003-05-04,2021-04-12,Marketing,Marketing Executive,EMP0107,Permanent,Onsite,Bengaluru,Karnataka,India,M.Com,3,437000,20,3,1,0,0,No,Active,2026-07-23
EMP0610,Ananya,Joseph,Ananya Joseph,ananya.joseph610@demoemployee.com,Male,1984-09-15,2019-03-02,Research and Development,ML Engineer,EMP0017,Permanent,Onsite,Bengaluru,Karnataka,India,Diploma,22,1391000,15,5,19,18,61,No,On Leave,2021-12-13
EMP0611,Diya,Patel,Diya Patel,diya.patel611@demoemployee.com,Female,2003-09-05,2023-04-23,Sales,Account Manager,EMP0120,Permanent,Remote,Kochi,Kerala,India,B.Tech,3,477000,10,1,19,6,98,Yes,Active,2025-07-10
EMP0612,Divya,Lewis,Divya Lewis,divya.lewis612@demoemployee.com,Female,1993-08-20,2021-03-11,Finance,Accountant,EMP0190,Permanent,Hybrid,Bengaluru,Karnataka,India,B.Tech,13,1109000,10,3,22,3,99,No,Active,2024-12-14
EMP0613,Kavya,Anderson,Kavya Anderson,kavya.anderson613@demoemployee.com,Male,1968-04-12,2023-12-30,Customer Support,Support Manager,EMP0143,Contract,Hybrid,Kolkata,West Bengal,India,M.Sc.,16,1261000,5,1,7,4,53,Yes,Active,2026-06-02
EMP0614,David,Sharma,David Sharma,david.sharma614@demoemployee.com,Female,2003-02-07,2025-07-04,Research and Development,Data Scientist,EMP0052,Permanent,Remote,Ahmedabad,Gujarat,India,B.Tech,3,840000,0,3,18,5,120,No,On Leave,
EMP0615,Michael,Nair,Michael Nair,michael.nair615@demoemployee.com,Male,1988-10-10,2026-07-21,Finance,Financial Analyst,EMP0138,Contract,Remote,Delhi,Delhi,India,M.Com,13,790000,10,3,29,3,24,No,Active,
EMP0616,Priya,Patel,Priya Patel,priya.patel616@demoemployee.com,Male,1994-12-18,2012-03-14,Customer Support,Support Manager,EMP0054,Intern,Remote,Hyderabad,Telangana,India,B.E.,5,554000,5,3,17,13,100,Yes,Resigned,2020-09-10
EMP0617,Vijay,Lewis,Vijay Lewis,vijay.lewis617@demoemployee.com,Female,1990-01-16,2018-01-28,Research and Development,R&D Manager,,Permanent,Onsite,Chennai,Tamil Nadu,India,B.Tech,12,1145000,15,5,17,21,90,Yes,Active,
EMP0618,Divya,Brown,Divya Brown,divya.brown618@demoemployee.com,Male,1983-05-21,2018-07-29,Marketing,Content Specialist,EMP0111,Intern,Hybrid,Gurugram,Haryana,India,M.Com,19,1189000,15,5,4,20,0,No,Resigned,2022-01-09
EMP0619,Divya,Singh,Divya Singh,divya.singh619@demoemployee.com,Male,1969-08-17,2024-05-19,Operations,Operations Manager,EMP0118,Contract,Onsite,Chennai,Tamil Nadu,India,B.Tech,23,1350000,20,4,21,23,90,Yes,Active,2026-07-14
EMP0620,Robert,Sharma,Robert Sharma,robert.sharma620@demoemployee.com,Male,1973-08-20,2014-01-28,Operations,Operations Manager,EMP0045,Permanent,Hybrid,Pune,Maharashtra,India,MBA,13,686000,20,4,14,13,110,Yes,Active,2023-11-01
EMP0621,Priya,Joseph,Priya Joseph,priya.joseph621@demoemployee.com,Female,1975-01-10,2017-09-27,Human Resources,Training Coordinator,,Intern,Remote,Kochi,Kerala,India,B.Tech,0,361000,10,1,13,12,25,No,Active,2026-04-04
EMP0622,Grace,Reddy,Grace Reddy,grace.reddy622@demoemployee.com,Female,1993-11-13,2025-12-17,Customer Support,Technical Support Engineer,EMP0037,Permanent,Remote,Bengaluru,Karnataka,India,B.Tech,13,933000,15,3,21,21,75,No,Active,
EMP0623,Arjun,Kumar,Arjun Kumar,arjun.kumar623@demoemployee.com,Male,1986-11-19,2012-06-16,Research and Development,ML Engineer,EMP0018,Permanent,Onsite,Noida,Uttar Pradesh,India,B.Sc.,15,1083000,10,1,27,4,70,No,Active,2018-01-26
EMP0624,Olivia,Joseph,Olivia Joseph,olivia.joseph624@demoemployee.com,Male,1968-10-10,2014-02-06,Sales,Account Manager,EMP0141,Permanent,Hybrid,Kochi,Kerala,India,B.Sc.,13,790000,12.5,5,9,20,47,Yes,Active,2024-04-18
EMP0625,David,Brown,David Brown,david.brown625@demoemployee.com,Female,1972-04-11,2016-12-21,Human Resources,HR Manager,EMP0163,Permanent,Hybrid,Delhi,Delhi,India,B.E.,7,543000,12.5,5,25,19,43,Yes,Active,2025-06-13
EMP0626,Vivaan,Reddy,Vivaan Reddy,vivaan.reddy626@demoemployee.com,Male,1972-01-16,2013-02-28,Operations,Operations Manager,EMP0125,Permanent,Onsite,Delhi,Delhi,India,B.Com,8,743000,3,4,0,15,14,Yes,On Leave,
EMP0627,Karthik,Nair,Karthik Nair,karthik.nair627@demoemployee.com,Male,1972-01-27,2019-12-20,Customer Support,Support Manager,EMP0154,Permanent,Remote,Gurugram,Haryana,India,B.Tech,3,403000,20,5,27,11,34,Yes,Active,2021-04-11
EMP0628,Krishna,Kumar,Krishna Kumar,krishna.kumar628@demoemployee.com,Male,1971-02-28,2023-03-24,Customer Support,Support Manager,EMP0116,Contract,Onsite,Chennai,Tamil Nadu,India,B.Tech,11,801000,20,4,18,0,6,Yes,Active,2025-03-02
EMP0629,Ananya,Kumar,Ananya Kumar,ananya.kumar629@demoemployee.com,Female,1975-01-20,2016-11-22,Operations,Operations Manager,EMP0200,Permanent,Hybrid,Pune,Maharashtra,India,B.Com,16,815000,0,4,16,20,63,Yes,Active,2019-12-15
EMP0630,Olivia,Rao,Olivia Rao,olivia.rao630@demoemployee.com,Male,1997-12-28,2020-07-31,Research and Development,Research Analyst,EMP0020,Permanent,Remote,Chennai,Tamil Nadu,India,M.Sc.,9,914000,3,3,9,19,14,No,Active,2024-07-04
EMP0631,Olivia,Martin,Olivia Martin,olivia.martin631@demoemployee.com,Female,1999-03-01,2016-09-16,Customer Support,Support Executive,EMP0046,Intern,Remote,Delhi,Delhi,India,B.Sc.,7,611000,20,3,14,1,69,No,Active,2019-04-10
EMP0632,Rahul,Lewis,Rahul Lewis,rahul.lewis632@demoemployee.com,Female,1976-11-23,2022-07-20,Finance,Accountant,EMP0158,Permanent,Hybrid,Noida,Uttar Pradesh,India,M.Com,4,606000,5,3,16,8,57,No,Active,2026-05-14
EMP0633,Krishna,Joseph,Krishna Joseph,krishna.joseph633@demoemployee.com,Female,1971-07-11,2012-07-07,Finance,Payroll Executive,EMP0164,Permanent,Hybrid,Hyderabad,Telangana,India,B.Tech,0,550000,20,3,9,25,43,No,Active,2019-01-18
EMP0634,Daniel,Lewis,Daniel Lewis,daniel.lewis634@demoemployee.com,Male,1979-11-22,2021-07-30,Human Resources,HR Executive,EMP0098,Permanent,Hybrid,Pune,Maharashtra,India,Diploma,7,632000,12.5,4,26,10,78,No,Active,2022-12-02
EMP0635,Krishna,Nair,Krishna Nair,krishna.nair635@demoemployee.com,Female,1998-11-21,2017-07-23,Finance,Payroll Executive,EMP0063,Intern,Remote,Chennai,Tamil Nadu,India,B.Com,8,741000,0,3,8,4,83,No,Active,2025-11-14
EMP0636,Grace,Martin,Grace Martin,grace.martin636@demoemployee.com,Male,1998-07-11,2016-02-06,Research and Development,ML Engineer,EMP0180,Permanent,Remote,Ahmedabad,Gujarat,India,B.Com,8,1107000,12.5,2,6,8,28,No,On Leave,2019-04-29
EMP0637,Karthik,Gupta,Karthik Gupta,karthik.gupta637@demoemployee.com,Female,1989-05-27,2025-04-05,Sales,Business Development Executive,EMP0114,Permanent,Onsite,Noida,Uttar Pradesh,India,M.Com,9,766000,0,4,16,7,103,No,Active,
EMP0638,Vivaan,Reddy,Vivaan Reddy,vivaan.reddy638@demoemployee.com,Female,1967-02-25,2019-02-23,Human Resources,HR Executive,EMP0111,Permanent,Hybrid,Noida,Uttar Pradesh,India,B.Sc.,15,1065000,20,4,2,10,88,No,Active,2022-10-06
EMP0639,Divya,Martin,Divya Martin,divya.martin639@demoemployee.com,Female,1992-07-02,2016-06-10,Research and Development,Data Scientist,EMP0092,Contract,Remote,Noida,Uttar Pradesh,India,B.Sc.,13,983000,7.5,1,3,20,61,No,Active,2025-04-17
EMP0640,Arjun,Thomas,Arjun Thomas,arjun.thomas640@demoemployee.com,Female,1995-12-05,2018-09-30,Finance,Financial Analyst,EMP0090,Intern,Hybrid,Mumbai,Maharashtra,India,M.Sc.,11,995000,15,4,6,18,82,No,Active,
EMP0641,Vijay,Joseph,Vijay Joseph,vijay.joseph641@demoemployee.com,Female,1993-10-04,2018-11-25,Finance,Financial Analyst,EMP0044,Permanent,Onsite,Hyderabad,Telangana,India,Diploma,1,546000,5,4,14,12,105,No,Active,2025-10-07
EMP0642,Saanvi,Iyer,Saanvi Iyer,saanvi.iyer642@demoemployee.com,Female,1986-02-01,2025-10-01,Human Resources,Training Coordinator,EMP0058,Intern,Hybrid,Kolkata,West Bengal,India,B.Sc.,9,787000,15,4,24,25,30,No,Active,
EMP0643,Krishna,Joseph,Krishna Joseph,krishna.joseph643@demoemployee.com,Male,1970-02-14,2019-04-29,Information Technology,Software Engineer,EMP0063,Permanent,Onsite,Coimbatore,Tamil Nadu,India,Diploma,27,1330000,5,3,10,10,44,No,Active,2023-08-08
EMP0644,Rahul,Singh,Rahul Singh,rahul.singh644@demoemployee.com,Female,1975-06-11,2025-12-07,Operations,Operations Manager,EMP0109,Permanent,Hybrid,Gurugram,Haryana,India,M.Com,21,1013000,12.5,3,22,21,65,Yes,Active,
EMP0645,Sanjay,Iyer,Sanjay Iyer,sanjay.iyer645@demoemployee.com,Female,1998-09-12,2013-12-16,Information Technology,Data Engineer,EMP0075,Contract,Hybrid,Kolkata,West Bengal,India,B.Tech,8,951000,10,3,18,16,33,No,Active,
EMP0646,Divya,Anderson,Divya Anderson,divya.anderson646@demoemployee.com,Male,2002-10-18,2026-06-16,Research and Development,ML Engineer,EMP0098,Permanent,Remote,Coimbatore,Tamil Nadu,India,B.Tech,0,625000,7.5,2,20,3,33,No,Active,
EMP0647,Diya,Kumar,Diya Kumar,diya.kumar647@demoemployee.com,Female,1996-06-19,2015-11-15,Customer Support,Support Executive,EMP0112,Contract,Remote,Pune,Maharashtra,India,Diploma,0,283000,5,3,7,23,18,No,Resigned,2025-07-10
EMP0648,Rohan,Reddy,Rohan Reddy,rohan.reddy648@demoemployee.com,Female,1988-11-15,2019-05-03,Information Technology,DevOps Engineer,EMP0174,Permanent,Remote,Coimbatore,Tamil Nadu,India,B.Tech,6,788000,3,5,2,15,50,No,Active,
EMP0649,Olivia,Rao,Olivia Rao,olivia.rao649@demoemployee.com,Female,1988-05-17,2016-08-30,Customer Support,Support Manager,EMP0181,Contract,Onsite,Kochi,Kerala,India,M.Sc.,2,297000,5,4,12,20,55,Yes,Active,2022-07-10
EMP0650,Rahul,Joseph,Rahul Joseph,rahul.joseph650@demoemployee.com,Female,1983-11-19,2012-05-04,Research and Development,ML Engineer,EMP0077,Permanent,Remote,Gurugram,Haryana,India,Diploma,23,1648000,7.5,3,14,12,0,No,Active,2021-09-02
EMP0651,Priya,Sharma,Priya Sharma,priya.sharma651@demoemployee.com,Female,1977-11-10,2023-12-27,Operations,Operations Analyst,EMP0060,Permanent,Onsite,Ahmedabad,Gujarat,India,B.E.,20,1149000,10,2,24,18,92,No,Active,2026-04-29
EMP0652,Daniel,Mehta,Daniel Mehta,daniel.mehta652@demoemployee.com,Male,1975-12-11,2012-09-25,Operations,Process Associate,EMP0020,Contract,Remote,Delhi,Delhi,India,B.Com,26,967000,7.5,5,30,25,97,No,Active,
EMP0653,Rahul,Wilson,Rahul Wilson,rahul.wilson653@demoemployee.com,Male,1996-07-05,2018-11-16,Customer Support,Technical Support Engineer,EMP0004,Intern,Onsite,Pune,Maharashtra,India,M.Sc.,10,498000,10,3,11,13,67,No,Active,2020-08-16
EMP0654,Krishna,Joseph,Krishna Joseph,krishna.joseph654@demoemployee.com,Male,1978-09-27,2012-08-24,Customer Support,Support Executive,EMP0028,Intern,Hybrid,Bengaluru,Karnataka,India,M.Sc.,22,1299000,15,4,25,7,12,No,Active,2017-01-14
EMP0655,Emma,Rao,Emma Rao,emma.rao655@demoemployee.com,Male,1975-06-24,2023-10-16,Customer Support,Support Executive,EMP0102,Permanent,Onsite,Noida,Uttar Pradesh,India,B.E.,9,516000,15,4,21,18,58,No,Active,2024-12-06
EMP0656,Aarav,Thomas,Aarav Thomas,aarav.thomas656@demoemployee.com,Male,1976-10-27,2014-04-27,Customer Support,Support Executive,EMP0113,Permanent,Onsite,Kochi,Kerala,India,B.E.,24,1240000,3,3,19,7,114,No,Active,
EMP0657,Saanvi,Joseph,Saanvi Joseph,saanvi.joseph657@demoemployee.com,Male,2004-02-12,2017-12-19,Sales,Account Manager,EMP0114,Permanent,Onsite,Hyderabad,Telangana,India,MBA,2,429000,12.5,4,3,8,76,Yes,Active,2024-06-20
EMP0658,Vijay,Iyer,Vijay Iyer,vijay.iyer658@demoemployee.com,Female,1981-12-11,2026-02-13,Customer Support,Technical Support Engineer,EMP0123,Intern,Onsite,Chennai,Tamil Nadu,India,MBA,2,384000,0,4,13,15,63,No,Active,
EMP0659,Divya,Lewis,Divya Lewis,divya.lewis659@demoemployee.com,Female,1978-07-14,2012-09-16,Sales,Account Manager,EMP0158,Permanent,Hybrid,Noida,Uttar Pradesh,India,B.E.,3,549000,15,4,2,1,31,Yes,Active,2017-03-07
EMP0660,Robert,Clark,Robert Clark,robert.clark660@demoemployee.com,Male,1970-11-01,2014-10-19,Sales,Account Manager,EMP0032,Permanent,Onsite,Kochi,Kerala,India,Diploma,15,818000,12.5,3,4,18,120,Yes,Active,2020-12-18
EMP0661,Saanvi,Patel,Saanvi Patel,saanvi.patel661@demoemployee.com,Female,1986-05-01,2021-08-23,Marketing,Marketing Manager,EMP0008,Permanent,Remote,Ahmedabad,Gujarat,India,Diploma,20,1458000,3,4,21,14,64,Yes,Active,2023-01-22
EMP0662,Priya,Kumar,Priya Kumar,priya.kumar662@demoemployee.com,Male,1999-09-01,2016-10-31,Human Resources,HR Manager,,Permanent,Remote,Hyderabad,Telangana,India,B.Sc.,7,836000,10,3,22,0,1,Yes,Active,2020-02-23
EMP0663,Michael,Reddy,Michael Reddy,michael.reddy663@demoemployee.com,Male,1988-12-17,2017-05-17,Customer Support,Support Executive,EMP0176,Permanent,Onsite,Hyderabad,Telangana,India,B.E.,18,1384000,3,1,12,21,45,No,Active,
EMP0664,Daniel,Thomas,Daniel Thomas,daniel.thomas664@demoemployee.com,Female,1987-12-08,2014-10-04,Human Resources,Training Coordinator,EMP0147,Permanent,Onsite,Mumbai,Maharashtra,India,B.E.,0,368000,5,2,23,11,21,No,Resigned,2024-09-06
EMP0665,Vivaan,Mehta,Vivaan Mehta,vivaan.mehta665@demoemployee.com,Female,2004-11-09,2020-01-01,Sales,Business Development Executive,,Permanent,Onsite,Hyderabad,Telangana,India,B.E.,2,545000,15,4,5,10,31,No,Active,2021-05-29
EMP0666,Sophia,Nair,Sophia Nair,sophia.nair666@demoemployee.com,Male,2001-03-24,2021-06-23,Customer Support,Support Executive,,Intern,Onsite,Bengaluru,Karnataka,India,B.Tech,5,515000,20,1,26,15,51,No,Active,2024-05-17
EMP0667,Sophia,Nair,Sophia Nair,sophia.nair667@demoemployee.com,Female,1969-06-23,2024-06-30,Human Resources,Training Coordinator,EMP0133,Permanent,Remote,Gurugram,Haryana,India,MBA,15,1200000,12.5,4,2,14,66,No,Active,
EMP0668,Arjun,Wilson,Arjun Wilson,arjun.wilson668@demoemployee.com,Female,1997-05-22,2023-07-24,Operations,Process Associate,EMP0126,Permanent,Hybrid,Gurugram,Haryana,India,M.Sc.,9,801000,3,4,19,7,44,No,Active,2024-09-04
EMP0669,Rohan,Lewis,Rohan Lewis,rohan.lewis669@demoemployee.com,Female,1993-01-09,2023-10-26,Human Resources,HR Manager,EMP0076,Permanent,Hybrid,Kochi,Kerala,India,B.Sc.,13,737000,12.5,3,18,2,67,Yes,Active,
EMP0670,Nisha,Nair,Nisha Nair,nisha.nair670@demoemployee.com,Male,2002-04-24,2025-12-03,Finance,Accountant,EMP0021,Permanent,Onsite,Chennai,Tamil Nadu,India,B.Sc.,4,584000,15,4,19,3,6,No,Active,
EMP0671,Sophia,Lewis,Sophia Lewis,sophia.lewis671@demoemployee.com,Female,1975-07-12,2022-02-21,Human Resources,HR Manager,,Permanent,Remote,Gurugram,Haryana,India,B.Com,15,730000,0,4,3,8,70,Yes,Active,
EMP0672,Saanvi,Taylor,Saanvi Taylor,saanvi.taylor672@demoemployee.com,Male,1985-02-23,2023-08-07,Information Technology,Cloud Engineer,EMP0074,Permanent,Onsite,Delhi,Delhi,India,M.Com,13,1133000,5,1,11,17,63,No,Active,2025-11-25
EMP0673,Olivia,Wilson,Olivia Wilson,olivia.wilson673@demoemployee.com,Female,2002-11-16,2020-01-06,Sales,Sales Executive,EMP0124,Permanent,Onsite,Kolkata,West Bengal,India,B.Com,4,527000,7.5,3,11,17,67,No,Active,2023-12-24
EMP0674,Vijay,Anderson,Vijay Anderson,vijay.anderson674@demoemployee.com,Female,1989-08-03,2021-10-30,Information Technology,Software Engineer,EMP0179,Permanent,Onsite,Hyderabad,Telangana,India,B.Tech,0,648000,15,4,16,7,50,No,Active,2023-09-11
EMP0675,Lakshmi,Singh,Lakshmi Singh,lakshmi.singh675@demoemployee.com,Male,2003-02-24,2013-10-11,Customer Support,Support Manager,EMP0030,Permanent,Hybrid,Kochi,Kerala,India,B.Sc.,3,379000,12.5,3,5,4,108,Yes,Active,
EMP0676,Vivaan,Nair,Vivaan Nair,vivaan.nair676@demoemployee.com,Female,1979-03-27,2016-09-18,Customer Support,Support Manager,EMP0010,Contract,Remote,Gurugram,Haryana,India,M.Sc.,9,707000,10,3,4,5,91,Yes,Active,2025-08-10
EMP0677,Diya,Joseph,Diya Joseph,diya.joseph677@demoemployee.com,Male,1998-11-15,2022-08-05,Research and Development,R&D Manager,EMP0185,Permanent,Remote,Chennai,Tamil Nadu,India,B.Com,8,1014000,5,4,28,13,106,Yes,Active,2023-10-07
EMP0678,Karthik,Mehta,Karthik Mehta,karthik.mehta678@demoemployee.com,Female,1976-05-05,2018-06-30,Research and Development,Data Scientist,EMP0193,Permanent,Hybrid,Pune,Maharashtra,India,MBA,9,1083000,12.5,3,20,20,54,No,On Leave,
EMP0679,Vijay,Nair,Vijay Nair,vijay.nair679@demoemployee.com,Male,1989-02-10,2019-09-08,Operations,Operations Manager,EMP0051,Contract,Remote,Kochi,Kerala,India,B.Com,9,710000,7.5,1,4,19,79,Yes,Active,2025-11-16
EMP0680,Nisha,Clark,Nisha Clark,nisha.clark680@demoemployee.com,Female,1994-02-27,2017-05-31,Customer Support,Support Manager,EMP0029,Intern,Hybrid,Pune,Maharashtra,India,B.Com,0,288000,12.5,4,18,0,20,Yes,Active,2023-04-25
EMP0681,Emma,Brown,Emma Brown,emma.brown681@demoemployee.com,Female,1987-02-16,2012-09-06,Marketing,SEO Analyst,EMP0132,Contract,Onsite,Ahmedabad,Gujarat,India,M.Sc.,19,1394000,5,3,22,1,75,No,Active,
EMP0682,Diya,Lewis,Diya Lewis,diya.lewis682@demoemployee.com,Male,1990-10-01,2022-08-23,Customer Support,Support Executive,,Permanent,Remote,Pune,Maharashtra,India,M.Com,14,844000,7.5,5,5,3,104,No,On Leave,2026-05-18
EMP0683,Nisha,Nair,Nisha Nair,nisha.nair683@demoemployee.com,Male,1974-12-21,2021-05-22,Finance,Payroll Executive,EMP0048,Permanent,Onsite,Pune,Maharashtra,India,M.Sc.,9,788000,12.5,4,20,8,99,No,Active,
EMP0684,Krishna,Walker,Krishna Walker,krishna.walker684@demoemployee.com,Female,1994-09-24,2016-06-17,Marketing,Content Specialist,EMP0026,Intern,Hybrid,Pune,Maharashtra,India,MBA,12,861000,0,4,15,18,38,No,Active,
EMP0685,Aarav,Mehta,Aarav Mehta,aarav.mehta685@demoemployee.com,Male,1982-10-10,2023-10-30,Customer Support,Support Manager,EMP0101,Permanent,Remote,Noida,Uttar Pradesh,India,M.Com,16,895000,0,3,27,15,55,Yes,Active,
EMP0686,Robert,Reddy,Robert Reddy,robert.reddy686@demoemployee.com,Female,1981-10-15,2015-02-14,Finance,Financial Analyst,EMP0132,Intern,Remote,Ahmedabad,Gujarat,India,B.Com,21,976000,5,2,6,6,48,No,Active,2019-09-22
EMP0687,Daniel,Sharma,Daniel Sharma,daniel.sharma687@demoemployee.com,Female,1982-05-03,2025-05-29,Finance,Payroll Executive,EMP0109,Intern,Onsite,Hyderabad,Telangana,India,B.Sc.,18,821000,0,4,6,18,79,No,Active,
EMP0688,Sanjay,Joseph,Sanjay Joseph,sanjay.joseph688@demoemployee.com,Male,1970-11-13,2024-09-05,Research and Development,Data Scientist,EMP0139,Permanent,Remote,Kochi,Kerala,India,B.Sc.,22,1124000,15,1,10,24,25,No,Active,
EMP0689,Robert,Martin,Robert Martin,robert.martin689@demoemployee.com,Female,1999-03-02,2021-05-07,Sales,Account Manager,EMP0003,Intern,Remote,Hyderabad,Telangana,India,M.Com,3,505000,20,1,25,19,15,Yes,Resigned,
EMP0690,Priya,Taylor,Priya Taylor,priya.taylor690@demoemployee.com,Male,1997-08-25,2020-03-16,Customer Support,Support Manager,EMP0160,Permanent,Hybrid,Kochi,Kerala,India,B.Com,5,385000,20,4,24,16,3,Yes,Active,2023-02-20
EMP0691,Ananya,Walker,Ananya Walker,ananya.walker691@demoemployee.com,Female,1980-06-01,2016-08-13,Sales,Account Manager,EMP0076,Contract,Onsite,Kochi,Kerala,India,B.Com,15,902000,5,2,12,13,109,Yes,Active,2020-11-12
EMP0692,Ananya,Sharma,Ananya Sharma,ananya.sharma692@demoemployee.com,Female,1990-10-03,2023-03-01,Marketing,Marketing Manager,EMP0097,Contract,Onsite,Hyderabad,Telangana,India,M.Sc.,13,935000,10,3,3,6,84,Yes,Active,
EMP0693,Sophia,Patel,Sophia Patel,sophia.patel693@demoemployee.com,Male,1976-08-27,2016-04-02,Sales,Account Manager,EMP0088,Permanent,Remote,Hyderabad,Telangana,India,M.Sc.,4,532000,15,2,3,8,13,Yes,On Leave,2022-01-29
EMP0694,Lakshmi,Rao,Lakshmi Rao,lakshmi.rao694@demoemployee.com,Female,1983-09-10,2022-10-12,Customer Support,Support Manager,EMP0135,Permanent,Remote,Coimbatore,Tamil Nadu,India,Diploma,18,839000,0,5,20,20,76,Yes,Active,
EMP0695,Rahul,Joseph,Rahul Joseph,rahul.joseph695@demoemployee.com,Female,1969-10-01,2021-06-28,Human Resources,Recruiter,EMP0167,Permanent,Onsite,Chennai,Tamil Nadu,India,B.E.,20,886000,12.5,2,0,4,67,No,Resigned,2024-12-19
EMP0696,Olivia,Brown,Olivia Brown,olivia.brown696@demoemployee.com,Male,2004-02-25,2021-12-22,Information Technology,Software Engineer,EMP0069,Contract,Onsite,Gurugram,Haryana,India,B.Sc.,2,707000,7.5,2,21,19,91,No,Active,
EMP0697,Priya,Reddy,Priya Reddy,priya.reddy697@demoemployee.com,Female,1976-04-01,2025-09-05,Research and Development,Data Scientist,EMP0145,Permanent,Hybrid,Mumbai,Maharashtra,India,Diploma,4,659000,10,4,13,11,8,No,Active,
EMP0698,Robert,Joseph,Robert Joseph,robert.joseph698@demoemployee.com,Female,2005-12-17,2025-06-09,Sales,Sales Manager,EMP0181,Contract,Onsite,Coimbatore,Tamil Nadu,India,B.E.,1,432000,3,3,14,0,6,Yes,Active,
EMP0699,Robert,Reddy,Robert Reddy,robert.reddy699@demoemployee.com,Female,1973-12-02,2020-11-07,Customer Support,Support Executive,EMP0183,Permanent,Onsite,Bengaluru,Karnataka,India,M.Com,21,1330000,15,4,25,11,28,No,Active,2025-02-26
EMP0700,Diya,Martin,Diya Martin,diya.martin700@demoemployee.com,Male,1987-05-02,2012-08-24,Finance,Accountant,EMP0123,Intern,Onsite,Ahmedabad,Gujarat,India,M.Sc.,15,997000,7.5,2,15,16,18,No,Active,2015-02-13
EMP0701,Vijay,Singh,Vijay Singh,vijay.singh701@demoemployee.com,Male,1971-05-22,2012-11-03,Marketing,Marketing Executive,EMP0132,Permanent,Hybrid,Gurugram,Haryana,India,B.Tech,26,1332000,10,1,7,22,38,No,Active,2025-02-04
EMP0702,Sanjay,Singh,Sanjay Singh,sanjay.singh702@demoemployee.com,Female,2005-06-17,2021-10-27,Customer Support,Support Executive,,Contract,Onsite,Noida,Uttar Pradesh,India,Diploma,1,362000,20,2,18,3,36,No,Active,2026-04-18
EMP0703,Divya,Martin,Divya Martin,divya.martin703@demoemployee.com,Female,2005-11-09,2026-01-09,Human Resources,HR Manager,EMP0013,Permanent,Onsite,Kochi,Kerala,India,B.Sc.,1,437000,3,4,19,25,5,Yes,Active,
EMP0704,Sanjay,Sharma,Sanjay Sharma,sanjay.sharma704@demoemployee.com,Female,1989-11-14,2017-08-31,Finance,Financial Analyst,EMP0152,Permanent,Onsite,Noida,Uttar Pradesh,India,B.Tech,3,527000,0,2,5,10,47,No,Active,2024-10-23
EMP0705,Vijay,Singh,Vijay Singh,vijay.singh705@demoemployee.com,Female,1983-09-06,2013-12-27,Finance,Financial Analyst,EMP0085,Permanent,Onsite,Pune,Maharashtra,India,B.E.,3,566000,20,1,1,11,7,No,Active,2024-07-24
EMP0706,Karthik,Gupta,Karthik Gupta,karthik.gupta706@demoemployee.com,Male,1971-03-23,2021-11-05,Research and Development,ML Engineer,EMP0010,Permanent,Onsite,Chennai,Tamil Nadu,India,M.Sc.,8,1090000,5,4,22,25,101,No,Active,2024-09-15
EMP0707,Rahul,Walker,Rahul Walker,rahul.walker707@demoemployee.com,Female,1998-10-02,2013-07-05,Sales,Business Development Executive,EMP0052,Intern,Hybrid,Gurugram,Haryana,India,Diploma,8,776000,12.5,4,22,13,39,No,Active,2025-05-19
EMP0708,Olivia,Gupta,Olivia Gupta,olivia.gupta708@demoemployee.com,Male,1980-07-17,2017-02-10,Information Technology,Software Engineer,EMP0091,Permanent,Hybrid,Coimbatore,Tamil Nadu,India,B.E.,7,933000,0,1,10,13,66,No,Active,
EMP0709,Emily,Martin,Emily Martin,emily.martin709@demoemployee.com,Male,1974-02-01,2022-12-23,Marketing,Marketing Executive,EMP0027,Contract,Remote,Gurugram,Haryana,India,Diploma,28,1350000,0,3,2,3,104,No,Active,2025-07-21
EMP0710,Vivaan,Patel,Vivaan Patel,vivaan.patel710@demoemployee.com,Male,1999-01-18,2020-10-16,Information Technology,QA Engineer,EMP0111,Intern,Hybrid,Chennai,Tamil Nadu,India,B.E.,7,812000,7.5,5,23,19,71,No,Active,2025-09-10
EMP0711,Rohan,Singh,Rohan Singh,rohan.singh711@demoemployee.com,Female,1967-11-21,2024-02-19,Information Technology,Data Engineer,EMP0057,Permanent,Onsite,Gurugram,Haryana,India,MBA,18,944000,3,4,17,16,41,No,Active,2025-10-18
EMP0712,Daniel,Iyer,Daniel Iyer,daniel.iyer712@demoemployee.com,Female,1984-10-25,2020-04-27,Marketing,Marketing Manager,EMP0121,Permanent,Remote,Chennai,Tamil Nadu,India,Diploma,3,539000,7.5,2,25,1,60,Yes,Active,2024-02-21
EMP0713,Ananya,Martin,Ananya Martin,ananya.martin713@demoemployee.com,Female,2003-01-06,2018-09-28,Information Technology,Cloud Engineer,EMP0074,Contract,Hybrid,Pune,Maharashtra,India,M.Sc.,3,694000,3,3,19,8,55,No,Active,
EMP0714,Rohan,Singh,Rohan Singh,rohan.singh714@demoemployee.com,Male,1968-11-24,2016-08-31,Research and Development,ML Engineer,EMP0143,Permanent,Onsite,Kolkata,West Bengal,India,B.Com,12,1085000,20,4,5,23,6,No,Active,2024-01-19
EMP0715,Emily,Taylor,Emily Taylor,emily.taylor715@demoemployee.com,Male,1972-02-17,2026-03-13,Finance,Finance Manager,EMP0053,Permanent,Onsite,Kolkata,West Bengal,India,B.E.,20,1190000,12.5,4,4,14,7,Yes,Active,
EMP0716,Vivaan,Martin,Vivaan Martin,vivaan.martin716@demoemployee.com,Male,1993-03-10,2019-03-31,Operations,Operations Manager,EMP0100,Permanent,Onsite,Kochi,Kerala,India,B.Com,13,836000,7.5,3,30,19,52,Yes,Active,2024-02-09
EMP0717,David,Thomas,David Thomas,david.thomas717@demoemployee.com,Male,2000-07-18,2020-11-19,Marketing,Marketing Executive,EMP0065,Contract,Remote,Chennai,Tamil Nadu,India,M.Com,6,612000,5,1,9,14,66,No,Active,2026-07-22
EMP0718,Karthik,Wilson,Karthik Wilson,karthik.wilson718@demoemployee.com,Female,1968-02-19,2021-10-26,Operations,Process Associate,EMP0037,Permanent,Remote,Chennai,Tamil Nadu,India,Diploma,9,701000,15,4,19,18,4,No,Active,
EMP0719,Divya,Nair,Divya Nair,divya.nair719@demoemployee.com,Male,2002-10-24,2019-02-01,Marketing,Content Specialist,EMP0181,Intern,Remote,Bengaluru,Karnataka,India,B.Tech,4,502000,12.5,3,5,4,112,No,Active,2022-06-01
EMP0720,Saanvi,Wilson,Saanvi Wilson,saanvi.wilson720@demoemployee.com,Female,1986-10-07,2014-08-19,Information Technology,QA Engineer,EMP0070,Permanent,Remote,Noida,Uttar Pradesh,India,B.Com,10,1125000,5,1,19,18,38,No,Active,2018-09-29
EMP0721,Sanjay,Nair,Sanjay Nair,sanjay.nair721@demoemployee.com,Male,1971-10-05,2024-03-28,Marketing,Marketing Manager,EMP0196,Contract,Hybrid,Delhi,Delhi,India,M.Com,26,1132000,15,4,27,9,16,Yes,Active,
EMP0722,Emily,Rao,Emily Rao,emily.rao722@demoemployee.com,Female,1987-02-11,2025-09-03,Customer Support,Support Manager,EMP0040,Permanent,Onsite,Ahmedabad,Gujarat,India,Diploma,11,951000,20,1,21,3,92,Yes,Active,
EMP0723,David,Clark,David Clark,david.clark723@demoemployee.com,Male,1986-01-07,2023-12-26,Finance,Finance Manager,EMP0149,Intern,Onsite,Kochi,Kerala,India,M.Com,17,904000,7.5,3,29,2,2,Yes,Active,
EMP0724,Priya,Anderson,Priya Anderson,priya.anderson724@demoemployee.com,Female,1970-01-26,2024-12-10,Information Technology,Software Engineer,EMP0001,Permanent,Hybrid,Delhi,Delhi,India,B.Tech,7,969000,10,5,4,7,34,No,On Leave,
EMP0725,David,Taylor,David Taylor,david.taylor725@demoemployee.com,Male,1984-01-13,2014-09-07,Customer Support,Support Manager,EMP0044,Intern,Hybrid,Ahmedabad,Gujarat,India,Diploma,3,506000,7.5,2,27,3,85,Yes,Active,2016-08-23
EMP0726,Vijay,Wilson,Vijay Wilson,vijay.wilson726@demoemployee.com,Female,1972-05-04,2021-07-20,Sales,Business Development Executive,EMP0085,Permanent,Remote,Kolkata,West Bengal,India,M.Sc.,16,1336000,3,3,8,9,57,No,Active,2025-06-30
EMP0727,Sanjay,Kumar,Sanjay Kumar,sanjay.kumar727@demoemployee.com,Male,1983-01-25,2015-08-22,Finance,Finance Manager,EMP0059,Permanent,Hybrid,Coimbatore,Tamil Nadu,India,Diploma,5,679000,12.5,4,27,3,37,Yes,Active,2016-09-15
EMP0728,Michael,Lewis,Michael Lewis,michael.lewis728@demoemployee.com,Female,1988-06-27,2020-09-15,Information Technology,Data Engineer,EMP0004,Intern,Remote,Noida,Uttar Pradesh,India,B.Tech,12,1244000,7.5,1,28,22,57,No,Active,2025-09-10
EMP0729,Daniel,Lewis,Daniel Lewis,daniel.lewis729@demoemployee.com,Male,1970-03-19,2021-10-04,Customer Support,Technical Support Engineer,EMP0051,Contract,Remote,Coimbatore,Tamil Nadu,India,M.Sc.,3,404000,12.5,2,20,4,51,No,Active,
EMP0730,John,Joseph,John Joseph,john.joseph730@demoemployee.com,Female,1976-06-17,2013-06-23,Sales,Business Development Executive,EMP0189,Contract,Remote,Kochi,Kerala,India,B.Tech,11,771000,12.5,4,25,7,0,No,Active,
EMP0731,Saanvi,Rao,Saanvi Rao,saanvi.rao731@demoemployee.com,Female,1984-12-19,2026-03-17,Marketing,Content Specialist,EMP0177,Intern,Hybrid,Ahmedabad,Gujarat,India,B.E.,15,1147000,7.5,2,21,14,36,No,Active,
EMP0732,Michael,Nair,Michael Nair,michael.nair732@demoemployee.com,Female,1985-05-11,2022-01-19,Finance,Financial Analyst,,Permanent,Hybrid,Gurugram,Haryana,India,Diploma,8,726000,7.5,4,22,7,119,No,Active,2025-01-16
EMP0733,Olivia,Wilson,Olivia Wilson,olivia.wilson733@demoemployee.com,Female,1994-04-05,2026-01-15,Research and Development,R&D Manager,EMP0104,Permanent,Hybrid,Pune,Maharashtra,India,B.E.,10,1033000,3,5,13,1,98,Yes,On Leave,
EMP0734,Nisha,Joseph,Nisha Joseph,nisha.joseph734@demoemployee.com,Male,1971-03-04,2014-06-30,Marketing,SEO Analyst,EMP0185,Permanent,Remote,Noida,Uttar Pradesh,India,MBA,28,1574000,7.5,4,13,1,38,No,Active,
EMP0735,Rohan,Martin,Rohan Martin,rohan.martin735@demoemployee.com,Female,1996-05-24,2023-10-03,Sales,Sales Executive,EMP0042,Permanent,Onsite,Kolkata,West Bengal,India,B.Tech,4,605000,5,3,24,5,88,No,Active,2025-07-04
EMP0736,Rohan,Joseph,Rohan Joseph,rohan.joseph736@demoemployee.com,Male,1970-09-19,2020-09-03,Marketing,Content Specialist,EMP0037,Contract,Onsite,Mumbai,Maharashtra,India,B.Sc.,25,1798000,7.5,3,6,5,76,No,Active,2026-06-04
EMP0737,Ananya,Joseph,Ananya Joseph,ananya.joseph737@demoemployee.com,Female,1998-06-06,2026-01-16,Finance,Financial Analyst,EMP0062,Permanent,Hybrid,Hyderabad,Telangana,India,B.E.,8,854000,0,5,5,6,63,No,Active,
EMP0738,David,Gupta,David Gupta,david.gupta738@demoemployee.com,Female,1973-11-04,2019-02-11,Human Resources,Recruiter,EMP0159,Contract,Hybrid,Coimbatore,Tamil Nadu,India,Diploma,4,485000,20,3,24,3,73,No,Active,2021-05-04
EMP0739,Divya,Sharma,Divya Sharma,divya.sharma739@demoemployee.com,Male,1993-05-14,2021-12-08,Finance,Finance Manager,EMP0122,Permanent,Onsite,Noida,Uttar Pradesh,India,B.Com,5,668000,0,5,9,6,76,Yes,Active,2025-09-07
EMP0740,Nisha,Kumar,Nisha Kumar,nisha.kumar740@demoemployee.com,Male,1977-06-05,2016-07-17,Information Technology,Software Engineer,EMP0161,Permanent,Hybrid,Bengaluru,Karnataka,India,M.Sc.,5,729000,3,4,16,12,2,No,Active,2025-03-28
EMP0741,John,Taylor,John Taylor,john.taylor741@demoemployee.com,Male,1980-03-15,2021-02-12,Finance,Payroll Executive,EMP0181,Permanent,Remote,Kolkata,West Bengal,India,MBA,0,463000,0,1,6,6,2,No,Active,
EMP0742,Michael,Rao,Michael Rao,michael.rao742@demoemployee.com,Female,1996-06-05,2022-02-04,Sales,Account Manager,EMP0081,Permanent,Onsite,Noida,Uttar Pradesh,India,M.Sc.,10,962000,3,4,9,19,80,Yes,Active,2025-06-09
EMP0743,Ishita,Patel,Ishita Patel,ishita.patel743@demoemployee.com,Male,1998-05-10,2024-12-02,Research and Development,ML Engineer,EMP0141,Intern,Onsite,Chennai,Tamil Nadu,India,M.Com,8,869000,15,4,20,3,61,No,Active,
EMP0744,Saanvi,Nair,Saanvi Nair,saanvi.nair744@demoemployee.com,Male,1996-04-27,2015-06-19,Operations,Operations Analyst,EMP0077,Permanent,Onsite,Bengaluru,Karnataka,India,MBA,10,748000,5,4,15,14,92,No,Active,2018-04-04
EMP0745,Arjun,Brown,Arjun Brown,arjun.brown745@demoemployee.com,Female,1970-09-07,2013-02-14,Finance,Financial Analyst,EMP0126,Permanent,Hybrid,Delhi,Delhi,India,M.Sc.,28,1758000,3,4,11,20,77,No,Active,
EMP0746,Nisha,Brown,Nisha Brown,nisha.brown746@demoemployee.com,Female,1979-06-21,2018-09-30,Research and Development,ML Engineer,EMP0183,Contract,Onsite,Coimbatore,Tamil Nadu,India,M.Com,2,656000,12.5,1,6,5,117,No,Active,2022-03-12
EMP0747,Sanjay,Gupta,Sanjay Gupta,sanjay.gupta747@demoemployee.com,Female,2004-07-25,2016-02-14,Human Resources,Recruiter,EMP0186,Contract,Onsite,Delhi,Delhi,India,B.Tech,2,494000,3,5,21,15,16,No,Active,2021-10-05
EMP0748,Ananya,Walker,Ananya Walker,ananya.walker748@demoemployee.com,Female,1987-02-16,2017-01-29,Human Resources,Recruiter,EMP0056,Permanent,Remote,Hyderabad,Telangana,India,B.E.,19,1147000,5,3,22,13,77,No,Active,
EMP0749,Sanjay,Anderson,Sanjay Anderson,sanjay.anderson749@demoemployee.com,Male,1975-09-22,2012-10-29,Customer Support,Support Executive,EMP0012,Permanent,Remote,Pune,Maharashtra,India,M.Com,20,1253000,10,1,4,21,26,No,On Leave,
EMP0750,Vijay,Walker,Vijay Walker,vijay.walker750@demoemployee.com,Female,2003-10-04,2022-11-01,Human Resources,Training Coordinator,EMP0194,Permanent,Onsite,Bengaluru,Karnataka,India,Diploma,3,596000,12.5,4,13,22,35,No,Active,2026-02-04
EMP0751,Kavya,Reddy,Kavya Reddy,kavya.reddy751@demoemployee.com,Male,1997-06-25,2016-10-01,Research and Development,Data Scientist,EMP0133,Permanent,Remote,Kochi,Kerala,India,B.Com,9,1059000,15,2,25,25,96,No,Active,2023-05-07
EMP0752,David,Taylor,David Taylor,david.taylor752@demoemployee.com,Male,2001-05-09,2015-04-03,Operations,Operations Executive,EMP0098,Permanent,Onsite,Chennai,Tamil Nadu,India,MBA,1,499000,5,3,25,5,7,No,Active,2025-12-07
EMP0753,Priya,Clark,Priya Clark,priya.clark753@demoemployee.com,Male,1996-12-26,2012-08-09,Customer Support,Support Executive,EMP0081,Permanent,Hybrid,Bengaluru,Karnataka,India,B.Tech,1,336000,3,3,11,5,120,No,Active,
EMP0754,Ananya,Iyer,Ananya Iyer,ananya.iyer754@demoemployee.com,Male,1967-12-19,2017-04-08,Sales,Account Manager,EMP0081,Intern,Remote,Mumbai,Maharashtra,India,M.Sc.,9,714000,20,4,21,12,91,Yes,Active,2020-05-05
EMP0755,Aditya,Iyer,Aditya Iyer,aditya.iyer755@demoemployee.com,Female,2002-11-17,2024-02-15,Research and Development,R&D Manager,EMP0089,Permanent,Onsite,Kochi,Kerala,India,B.E.,4,722000,0,2,0,7,103,Yes,Active,2026-07-31
EMP0756,Vijay,Singh,Vijay Singh,vijay.singh756@demoemployee.com,Female,1989-08-06,2018-02-21,Information Technology,Software Engineer,EMP0068,Intern,Hybrid,Coimbatore,Tamil Nadu,India,B.Tech,17,1049000,5,3,7,12,13,No,Active,2023-08-08
EMP0757,Kavya,Gupta,Kavya Gupta,kavya.gupta757@demoemployee.com,Male,1989-05-03,2019-05-23,Customer Support,Support Manager,EMP0021,Intern,Onsite,Kochi,Kerala,India,MBA,9,644000,20,3,21,22,68,Yes,Active,2021-03-09
EMP0758,Divya,Joseph,Divya Joseph,divya.joseph758@demoemployee.com,Male,1994-05-15,2018-01-11,Finance,Payroll Executive,EMP0037,Intern,Remote,Hyderabad,Telangana,India,MBA,12,862000,15,3,8,24,103,No,Active,2022-04-17
EMP0759,Saanvi,Anderson,Saanvi Anderson,saanvi.anderson759@demoemployee.com,Male,1992-10-06,2017-06-22,Research and Development,Research Analyst,EMP0047,Permanent,Remote,Kochi,Kerala,India,M.Com,12,1199000,10,1,14,22,112,No,Active,
EMP0760,Aditya,Singh,Aditya Singh,aditya.singh760@demoemployee.com,Female,1983-09-05,2026-03-08,Research and Development,Data Scientist,EMP0141,Permanent,Remote,Hyderabad,Telangana,India,M.Com,3,798000,10,4,14,1,108,No,Active,
EMP0761,Sophia,Thomas,Sophia Thomas,sophia.thomas761@demoemployee.com,Male,1983-11-25,2014-02-10,Information Technology,Senior Software Engineer,EMP0050,Permanent,Onsite,Bengaluru,Karnataka,India,B.Com,4,776000,7.5,3,25,20,95,No,Active,
EMP0762,Vijay,Nair,Vijay Nair,vijay.nair762@demoemployee.com,Male,1989-03-15,2026-01-31,Marketing,Content Specialist,EMP0103,Contract,Hybrid,Noida,Uttar Pradesh,India,B.E.,17,1019000,0,2,4,7,98,No,Active,
EMP0763,Meera,Nair,Meera Nair,meera.nair763@demoemployee.com,Female,1970-08-11,2018-05-01,Human Resources,Recruiter,EMP0069,Permanent,Remote,Mumbai,Maharashtra,India,B.Tech,5,651000,12.5,4,27,24,19,No,Resigned,2022-06-25
EMP0764,Michael,Nair,Michael Nair,michael.nair764@demoemployee.com,Female,1991-01-01,2012-10-20,Operations,Operations Analyst,EMP0016,Permanent,Remote,Coimbatore,Tamil Nadu,India,M.Sc.,5,700000,0,3,1,5,70,No,Active,2015-05-07
EMP0765,Karthik,Gupta,Karthik Gupta,karthik.gupta765@demoemployee.com,Male,1977-10-21,2015-08-26,Human Resources,Training Coordinator,EMP0135,Permanent,Onsite,Coimbatore,Tamil Nadu,India,B.Tech,15,994000,5,4,7,18,31,No,Active,2024-06-27
EMP0766,Priya,Gupta,Priya Gupta,priya.gupta766@demoemployee.com,Male,1990-09-10,2012-06-25,Information Technology,Data Engineer,,Permanent,Hybrid,Coimbatore,Tamil Nadu,India,MBA,6,656000,0,5,28,0,91,No,Active,2025-11-13
EMP0767,Ishita,Kumar,Ishita Kumar,ishita.kumar767@demoemployee.com,Male,1984-10-03,2016-01-22,Sales,Sales Executive,EMP0085,Intern,Remote,Delhi,Delhi,India,M.Sc.,0,340000,3,3,17,6,35,No,Active,2021-01-13
EMP0768,Olivia,Iyer,Olivia Iyer,olivia.iyer768@demoemployee.com,Male,2002-12-10,2017-10-23,Customer Support,Support Executive,EMP0022,Intern,Hybrid,Bengaluru,Karnataka,India,M.Com,4,484000,10,1,13,4,104,No,Active,2020-06-14
EMP0769,Emily,Brown,Emily Brown,emily.brown769@demoemployee.com,Male,1995-02-14,2025-03-17,Operations,Operations Manager,EMP0128,Permanent,Hybrid,Delhi,Delhi,India,B.Sc.,11,706000,3,3,5,18,109,Yes,Active,
EMP0770,Olivia,Rao,Olivia Rao,olivia.rao770@demoemployee.com,Male,1998-10-24,2016-08-25,Finance,Financial Analyst,,Permanent,Remote,Gurugram,Haryana,India,B.Sc.,8,773000,3,2,20,3,32,No,Active,2022-06-23
EMP0771,Priya,Lewis,Priya Lewis,priya.lewis771@demoemployee.com,Female,1968-09-21,2012-07-05,Research and Development,Research Analyst,EMP0045,Permanent,Onsite,Ahmedabad,Gujarat,India,B.Com,9,1078000,15,1,16,20,101,No,Active,2017-10-22
EMP0772,Saanvi,Reddy,Saanvi Reddy,saanvi.reddy772@demoemployee.com,Male,1983-09-13,2023-12-04,Human Resources,HR Executive,EMP0130,Permanent,Hybrid,Kolkata,West Bengal,India,B.Tech,5,604000,5,3,23,3,96,No,Active,
EMP0773,Nisha,Anderson,Nisha Anderson,nisha.anderson773@demoemployee.com,Female,1985-01-15,2013-03-11,Operations,Process Associate,EMP0111,Permanent,Hybrid,Ahmedabad,Gujarat,India,Diploma,19,933000,10,4,18,0,0,No,On Leave,
EMP0774,Rahul,Mehta,Rahul Mehta,rahul.mehta774@demoemployee.com,Female,1977-09-03,2025-11-26,Information Technology,DevOps Engineer,EMP0121,Permanent,Remote,Delhi,Delhi,India,Diploma,17,1461000,15,3,30,14,97,No,Active,
EMP0775,Meera,Clark,Meera Clark,meera.clark775@demoemployee.com,Male,1990-04-26,2023-01-26,Finance,Finance Manager,,Permanent,Onsite,Noida,Uttar Pradesh,India,M.Com,12,651000,0,3,13,0,78,Yes,Active,2024-03-07
EMP0776,Emily,Brown,Emily Brown,emily.brown776@demoemployee.com,Female,1983-02-01,2015-02-04,Research and Development,R&D Manager,EMP0091,Permanent,Onsite,Delhi,Delhi,India,MBA,10,900000,7.5,5,21,21,4,Yes,Active,
EMP0777,Michael,Gupta,Michael Gupta,michael.gupta777@demoemployee.com,Male,1988-08-25,2015-06-30,Finance,Financial Analyst,EMP0171,Intern,Hybrid,Gurugram,Haryana,India,B.E.,13,733000,10,4,25,21,58,No,Active,2019-03-12
EMP0778,Saanvi,Kumar,Saanvi Kumar,saanvi.kumar778@demoemployee.com,Male,1998-01-12,2012-12-11,Customer Support,Technical Support Engineer,EMP0182,Permanent,Remote,Kochi,Kerala,India,M.Com,1,366000,3,5,3,19,106,No,Active,2022-01-11
EMP0779,John,Patel,John Patel,john.patel779@demoemployee.com,Male,1974-05-08,2021-09-14,Finance,Payroll Executive,EMP0137,Permanent,Remote,Hyderabad,Telangana,India,B.Sc.,18,1129000,5,2,23,21,83,No,Active,2024-08-23
EMP0780,Krishna,Gupta,Krishna Gupta,krishna.gupta780@demoemployee.com,Male,1972-06-14,2024-09-12,Information Technology,Data Engineer,EMP0103,Permanent,Hybrid,Ahmedabad,Gujarat,India,B.Tech,9,1070000,12.5,3,10,0,113,No,Active,
EMP0781,Daniel,Walker,Daniel Walker,daniel.walker781@demoemployee.com,Female,1993-03-09,2024-10-02,Sales,Business Development Executive,EMP0006,Permanent,Onsite,Noida,Uttar Pradesh,India,M.Sc.,13,746000,15,3,21,1,15,No,Active,
EMP0782,Krishna,Taylor,Krishna Taylor,krishna.taylor782@demoemployee.com,Male,1997-04-13,2020-09-04,Research and Development,Research Analyst,EMP0115,Permanent,Hybrid,Chennai,Tamil Nadu,India,MBA,9,899000,20,4,7,24,79,No,Active,2021-11-14
EMP0783,Arjun,Patel,Arjun Patel,arjun.patel783@demoemployee.com,Female,1980-05-07,2018-01-12,Information Technology,Data Engineer,EMP0124,Permanent,Hybrid,Coimbatore,Tamil Nadu,India,B.E.,21,1137000,15,4,8,10,56,No,Active,2026-06-22
EMP0784,Diya,Brown,Diya Brown,diya.brown784@demoemployee.com,Male,1987-08-03,2018-03-02,Marketing,Marketing Manager,EMP0041,Permanent,Remote,Hyderabad,Telangana,India,B.Com,9,791000,12.5,3,4,15,101,Yes,Active,2023-11-03
EMP0785,Priya,Rao,Priya Rao,priya.rao785@demoemployee.com,Male,1976-03-23,2024-03-19,Sales,Account Manager,EMP0181,Permanent,Remote,Kochi,Kerala,India,B.E.,1,398000,10,2,15,20,47,Yes,Active,2025-07-01
EMP0786,Nisha,Sharma,Nisha Sharma,nisha.sharma786@demoemployee.com,Male,1969-12-27,2026-02-10,Information Technology,DevOps Engineer,EMP0144,Permanent,Hybrid,Coimbatore,Tamil Nadu,India,B.Tech,28,1907000,20,4,17,13,119,No,Active,
EMP0787,Ishita,Taylor,Ishita Taylor,ishita.taylor787@demoemployee.com,Male,1972-03-17,2017-04-08,Customer Support,Support Manager,EMP0090,Permanent,Remote,Ahmedabad,Gujarat,India,B.Com,3,458000,0,1,21,14,81,Yes,Active,
EMP0788,Sophia,Brown,Sophia Brown,sophia.brown788@demoemployee.com,Male,1968-07-11,2016-01-22,Information Technology,QA Engineer,EMP0053,Contract,Remote,Chennai,Tamil Nadu,India,B.Sc.,9,888000,0,4,21,24,37,No,Active,2021-04-11
EMP0789,John,Gupta,John Gupta,john.gupta789@demoemployee.com,Female,1978-07-13,2012-06-11,Operations,Operations Manager,EMP0130,Permanent,Remote,Hyderabad,Telangana,India,B.E.,14,685000,10,2,18,25,17,Yes,Active,2026-03-07
EMP0790,Aditya,Rao,Aditya Rao,aditya.rao790@demoemployee.com,Female,1991-08-14,2020-12-04,Finance,Financial Analyst,EMP0196,Contract,Onsite,Kolkata,West Bengal,India,M.Com,2,550000,7.5,4,16,8,59,No,Active,
EMP0791,Vijay,Singh,Vijay Singh,vijay.singh791@demoemployee.com,Male,1993-12-03,2017-09-26,Human Resources,HR Executive,EMP0190,Permanent,Onsite,Kolkata,West Bengal,India,Diploma,13,867000,10,4,29,11,107,No,Active,2018-10-02
EMP0792,Ishita,Clark,Ishita Clark,ishita.clark792@demoemployee.com,Male,1979-05-26,2025-02-05,Finance,Accountant,EMP0192,Contract,Remote,Pune,Maharashtra,India,MBA,23,1088000,5,5,2,7,42,No,Active,
EMP0793,Robert,Iyer,Robert Iyer,robert.iyer793@demoemployee.com,Female,2002-03-09,2013-11-19,Human Resources,Training Coordinator,EMP0116,Intern,Remote,Mumbai,Maharashtra,India,M.Com,4,675000,3,5,3,5,104,No,Active,2024-11-26
EMP0794,Krishna,Patel,Krishna Patel,krishna.patel794@demoemployee.com,Female,1972-08-24,2018-06-12,Research and Development,Research Analyst,EMP0018,Permanent,Remote,Bengaluru,Karnataka,India,M.Sc.,28,1820000,20,4,14,1,95,No,Active,2021-02-16
EMP0795,Daniel,Walker,Daniel Walker,daniel.walker795@demoemployee.com,Male,2005-10-23,2013-03-23,Sales,Account Manager,EMP0155,Intern,Remote,Pune,Maharashtra,India,M.Sc.,1,522000,12.5,2,1,21,49,Yes,Active,2016-02-01
EMP0796,Kavya,Patel,Kavya Patel,kavya.patel796@demoemployee.com,Male,1972-01-14,2020-02-08,Customer Support,Technical Support Engineer,EMP0122,Intern,Onsite,Kolkata,West Bengal,India,B.Sc.,7,709000,20,2,6,12,44,No,Active,2023-11-08
EMP0797,Rohan,Reddy,Rohan Reddy,rohan.reddy797@demoemployee.com,Female,1983-10-26,2018-11-28,Human Resources,HR Executive,EMP0005,Permanent,Remote,Coimbatore,Tamil Nadu,India,M.Sc.,13,729000,20,4,17,0,115,No,Active,
EMP0798,Vivaan,Gupta,Vivaan Gupta,vivaan.gupta798@demoemployee.com,Female,1993-07-24,2014-06-29,Finance,Finance Manager,EMP0057,Permanent,Hybrid,Delhi,Delhi,India,B.Sc.,7,848000,5,3,27,21,71,Yes,Active,2017-12-05
EMP0799,Robert,Nair,Robert Nair,robert.nair799@demoemployee.com,Male,2002-09-13,2020-01-15,Finance,Accountant,EMP0045,Contract,Hybrid,Noida,Uttar Pradesh,India,B.Tech,4,496000,3,3,23,3,109,No,Active,2021-07-18
EMP0800,John,Iyer,John Iyer,john.iyer800@demoemployee.com,Female,1979-03-16,2012-01-20,Customer Support,Support Executive,EMP0024,Permanent,Remote,Gurugram,Haryana,India,B.Com,13,758000,10,3,6,3,106,No,On Leave,2013-05-18
EMP0801,Saanvi,Sharma,Saanvi Sharma,saanvi.sharma801@demoemployee.com,Female,1996-06-20,2019-09-11,Human Resources,HR Executive,EMP0129,Intern,Onsite,Ahmedabad,Gujarat,India,B.Sc.,10,747000,15,4,10,13,15,No,Active,2022-06-18
EMP0802,Divya,Reddy,Divya Reddy,divya.reddy802@demoemployee.com,Female,2002-01-05,2018-08-05,Customer Support,Support Executive,EMP0080,Intern,Hybrid,Ahmedabad,Gujarat,India,B.E.,0,383000,5,5,13,18,77,No,On Leave,
EMP0803,Ishita,Lewis,Ishita Lewis,ishita.lewis803@demoemployee.com,Male,1967-07-23,2023-04-30,Operations,Operations Manager,EMP0139,Intern,Hybrid,Hyderabad,Telangana,India,B.Com,21,1399000,15,5,0,22,30,Yes,Active,
EMP0804,Divya,Martin,Divya Martin,divya.martin804@demoemployee.com,Female,1980-11-25,2024-04-23,Customer Support,Support Manager,EMP0152,Permanent,Remote,Ahmedabad,Gujarat,India,B.Sc.,17,1121000,12.5,3,27,23,79,Yes,Active,2025-12-27
EMP0805,Michael,Wilson,Michael Wilson,michael.wilson805@demoemployee.com,Female,1970-05-10,2024-06-17,Sales,Account Manager,EMP0113,Contract,Remote,Kochi,Kerala,India,M.Com,7,802000,5,4,20,18,31,Yes,Active,2025-10-22
EMP0806,Ananya,Joseph,Ananya Joseph,ananya.joseph806@demoemployee.com,Male,1978-06-15,2019-02-05,Information Technology,Data Engineer,EMP0012,Permanent,Onsite,Bengaluru,Karnataka,India,M.Com,12,831000,7.5,1,17,8,26,No,Active,2022-04-23
EMP0807,Karthik,Martin,Karthik Martin,karthik.martin807@demoemployee.com,Female,1998-09-05,2019-07-13,Sales,Sales Executive,EMP0180,Contract,Hybrid,Noida,Uttar Pradesh,India,M.Com,8,762000,0,3,23,3,5,No,Active,
EMP0808,Emily,Anderson,Emily Anderson,emily.anderson808@demoemployee.com,Male,1989-05-25,2018-11-07,Customer Support,Support Manager,EMP0048,Permanent,Hybrid,Pune,Maharashtra,India,B.Sc.,17,1123000,5,4,22,10,100,Yes,Active,2020-12-27
EMP0809,Emily,Clark,Emily Clark,emily.clark809@demoemployee.com,Female,1995-05-11,2017-03-30,Sales,Business Development Executive,EMP0082,Permanent,Hybrid,Pune,Maharashtra,India,B.Tech,11,946000,7.5,4,2,4,90,No,On Leave,2018-05-01
EMP0810,Meera,Nair,Meera Nair,meera.nair810@demoemployee.com,Female,1982-02-20,2018-08-31,Customer Support,Support Executive,EMP0026,Contract,Remote,Noida,Uttar Pradesh,India,M.Sc.,22,1214000,12.5,4,3,10,54,No,Active,2020-09-12
EMP0811,Emma,Walker,Emma Walker,emma.walker811@demoemployee.com,Female,1974-10-07,2021-04-27,Information Technology,Cloud Engineer,EMP0148,Permanent,Remote,Ahmedabad,Gujarat,India,B.Tech,4,665000,15,4,27,25,81,No,Active,2023-04-24
EMP0812,Olivia,Sharma,Olivia Sharma,olivia.sharma812@demoemployee.com,Male,1991-11-26,2024-04-21,Customer Support,Technical Support Engineer,EMP0098,Intern,Onsite,Coimbatore,Tamil Nadu,India,MBA,4,471000,15,3,27,16,11,No,Active,2025-07-14
EMP0813,Emily,Kumar,Emily Kumar,emily.kumar813@demoemployee.com,Male,1979-04-18,2015-06-26,Information Technology,DevOps Engineer,EMP0084,Permanent,Remote,Coimbatore,Tamil Nadu,India,B.E.,0,572000,15,5,21,10,106,No,Active,2017-02-18
EMP0814,Grace,Lewis,Grace Lewis,grace.lewis814@demoemployee.com,Male,1985-02-05,2021-02-04,Research and Development,Data Scientist,EMP0198,Permanent,Hybrid,Bengaluru,Karnataka,India,MBA,16,1571000,3,2,1,11,47,No,Active,2025-06-03
EMP0815,Aditya,Gupta,Aditya Gupta,aditya.gupta815@demoemployee.com,Male,1992-09-15,2017-08-17,Research and Development,Data Scientist,EMP0174,Contract,Onsite,Chennai,Tamil Nadu,India,B.Tech,5,899000,7.5,4,17,8,32,No,Active,2020-02-01
EMP0816,Olivia,Singh,Olivia Singh,olivia.singh816@demoemployee.com,Female,1991-09-05,2018-05-22,Sales,Sales Manager,EMP0200,Intern,Remote,Noida,Uttar Pradesh,India,M.Com,15,1042000,12.5,2,20,21,47,Yes,Active,2022-03-27
EMP0817,Emily,Martin,Emily Martin,emily.martin817@demoemployee.com,Male,1986-03-22,2017-11-25,Operations,Operations Manager,EMP0049,Permanent,Remote,Bengaluru,Karnataka,India,M.Com,20,746000,10,2,23,16,109,Yes,Active,2025-08-30
EMP0818,Ishita,Anderson,Ishita Anderson,ishita.anderson818@demoemployee.com,Female,2003-05-27,2024-03-21,Research and Development,Data Scientist,EMP0003,Intern,Onsite,Hyderabad,Telangana,India,B.Com,1,712000,15,4,10,15,84,No,Active,2025-11-23
EMP0819,Nisha,Taylor,Nisha Taylor,nisha.taylor819@demoemployee.com,Male,1978-06-19,2016-01-03,Sales,Sales Executive,EMP0062,Contract,Hybrid,Pune,Maharashtra,India,B.Tech,19,1049000,12.5,4,10,12,61,No,Active,2026-02-06
EMP0820,Olivia,Thomas,Olivia Thomas,olivia.thomas820@demoemployee.com,Female,1981-08-15,2015-05-31,Information Technology,Software Engineer,EMP0092,Permanent,Hybrid,Gurugram,Haryana,India,B.Com,25,1685000,0,2,10,4,92,No,On Leave,2019-04-06
EMP0821,Ananya,Rao,Ananya Rao,ananya.rao821@demoemployee.com,Female,1998-02-08,2023-08-19,Information Technology,QA Engineer,EMP0040,Contract,Hybrid,Mumbai,Maharashtra,India,Diploma,8,753000,7.5,4,27,8,23,No,Active,2026-02-12
EMP0822,Saanvi,Taylor,Saanvi Taylor,saanvi.taylor822@demoemployee.com,Male,1989-07-12,2012-02-29,Customer Support,Support Executive,EMP0104,Intern,Remote,Kolkata,West Bengal,India,B.E.,17,741000,7.5,3,6,21,50,No,Active,
EMP0823,Vijay,Patel,Vijay Patel,vijay.patel823@demoemployee.com,Male,1978-03-21,2019-01-28,Operations,Operations Manager,EMP0031,Intern,Onsite,Pune,Maharashtra,India,Diploma,28,1310000,20,4,25,18,56,Yes,Active,2023-11-01
EMP0824,Priya,Singh,Priya Singh,priya.singh824@demoemployee.com,Female,2003-09-13,2021-10-06,Marketing,Marketing Executive,EMP0167,Contract,Onsite,Mumbai,Maharashtra,India,M.Com,3,485000,10,5,14,13,32,No,Active,2026-03-18
EMP0825,Olivia,Taylor,Olivia Taylor,olivia.taylor825@demoemployee.com,Male,1969-05-18,2018-08-03,Information Technology,QA Engineer,EMP0126,Permanent,Remote,Delhi,Delhi,India,M.Sc.,5,665000,15,1,4,6,63,No,Active,2025-07-11
EMP0826,Rohan,Kumar,Rohan Kumar,rohan.kumar826@demoemployee.com,Male,1977-03-16,2025-05-19,Information Technology,Data Engineer,EMP0063,Contract,Hybrid,Kolkata,West Bengal,India,B.E.,8,966000,10,4,21,24,95,No,Active,
EMP0827,Ishita,Rao,Ishita Rao,ishita.rao827@demoemployee.com,Female,1989-06-26,2014-02-26,Human Resources,Recruiter,EMP0185,Contract,Onsite,Coimbatore,Tamil Nadu,India,B.Tech,17,1230000,12.5,3,12,1,81,No,Active,2016-04-26
EMP0828,Emily,Gupta,Emily Gupta,emily.gupta828@demoemployee.com,Male,1978-09-26,2014-08-12,Sales,Business Development Executive,EMP0194,Permanent,Remote,Ahmedabad,Gujarat,India,B.Tech,21,889000,3,2,2,7,106,No,Resigned,
EMP0829,Lakshmi,Taylor,Lakshmi Taylor,lakshmi.taylor829@demoemployee.com,Male,1982-08-22,2016-04-24,Marketing,SEO Analyst,EMP0132,Permanent,Hybrid,Gurugram,Haryana,India,M.Sc.,24,1339000,7.5,4,22,24,41,No,Active,2020-03-02
EMP0830,Diya,Lewis,Diya Lewis,diya.lewis830@demoemployee.com,Male,1985-09-13,2018-11-09,Research and Development,ML Engineer,EMP0198,Contract,Hybrid,Kolkata,West Bengal,India,M.Com,21,1245000,15,3,4,9,6,No,Active,2023-10-24
EMP0831,Kavya,Gupta,Kavya Gupta,kavya.gupta831@demoemployee.com,Female,2005-12-17,2021-08-24,Finance,Accountant,EMP0009,Permanent,Onsite,Coimbatore,Tamil Nadu,India,M.Sc.,1,538000,5,2,14,19,84,No,Active,
EMP0832,Rohan,Clark,Rohan Clark,rohan.clark832@demoemployee.com,Male,1967-02-13,2019-07-24,Information Technology,Senior Software Engineer,EMP0155,Permanent,Hybrid,Mumbai,Maharashtra,India,B.E.,0,483000,10,4,3,6,35,No,Active,2021-10-11
EMP0833,Ishita,Martin,Ishita Martin,ishita.martin833@demoemployee.com,Male,1996-09-24,2017-03-03,Information Technology,Senior Software Engineer,EMP0009,Permanent,Remote,Pune,Maharashtra,India,B.Com,0,506000,3,4,4,13,69,No,Active,2023-02-22
EMP0834,Karthik,Mehta,Karthik Mehta,karthik.mehta834@demoemployee.com,Male,2000-03-17,2022-07-18,Human Resources,HR Manager,EMP0038,Intern,Onsite,Delhi,Delhi,India,B.Tech,2,536000,12.5,3,23,7,63,Yes,Active,2024-10-04
EMP0835,Diya,Martin,Diya Martin,diya.martin835@demoemployee.com,Male,1994-01-05,2017-01-17,Information Technology,DevOps Engineer,EMP0038,Permanent,Onsite,Noida,Uttar Pradesh,India,Diploma,7,942000,3,3,12,25,87,No,Active,2023-02-26
EMP0836,Lakshmi,Gupta,Lakshmi Gupta,lakshmi.gupta836@demoemployee.com,Female,1972-11-09,2025-10-09,Sales,Sales Manager,EMP0011,Permanent,Remote,Mumbai,Maharashtra,India,MBA,16,1229000,7.5,4,14,24,9,Yes,Active,
EMP0837,Ananya,Clark,Ananya Clark,ananya.clark837@demoemployee.com,Male,2002-03-08,2026-06-16,Customer Support,Support Executive,EMP0022,Permanent,Hybrid,Kolkata,West Bengal,India,M.Sc.,4,508000,7.5,4,30,13,31,No,Active,
EMP0838,Robert,Martin,Robert Martin,robert.martin838@demoemployee.com,Male,1993-07-07,2017-08-02,Research and Development,ML Engineer,EMP0012,Permanent,Onsite,Delhi,Delhi,India,Diploma,13,1162000,12.5,4,24,1,31,No,Active,2026-04-08
EMP0839,Diya,Rao,Diya Rao,diya.rao839@demoemployee.com,Male,1974-07-18,2019-02-23,Marketing,SEO Analyst,EMP0002,Permanent,Remote,Kochi,Kerala,India,B.Sc.,4,520000,7.5,3,6,11,115,No,Active,
EMP0840,Aditya,Wilson,Aditya Wilson,aditya.wilson840@demoemployee.com,Female,1970-12-01,2022-02-28,Marketing,Marketing Executive,EMP0197,Intern,Hybrid,Bengaluru,Karnataka,India,B.Tech,27,1740000,3,1,13,19,106,No,Active,
EMP0841,Karthik,Lewis,Karthik Lewis,karthik.lewis841@demoemployee.com,Male,1979-09-27,2025-04-23,Finance,Financial Analyst,EMP0195,Permanent,Remote,Coimbatore,Tamil Nadu,India,M.Sc.,18,949000,5,3,12,16,36,No,Active,
EMP0842,Priya,Sharma,Priya Sharma,priya.sharma842@demoemployee.com,Female,1983-02-10,2026-07-24,Operations,Process Associate,EMP0009,Permanent,Hybrid,Hyderabad,Telangana,India,B.E.,10,603000,0,5,7,25,82,No,Active,
EMP0843,Rohan,Walker,Rohan Walker,rohan.walker843@demoemployee.com,Male,1973-01-18,2016-07-17,Finance,Accountant,EMP0083,Permanent,Hybrid,Ahmedabad,Gujarat,India,B.Com,11,1012000,10,3,26,25,100,No,Active,2025-12-02
EMP0844,Saanvi,Brown,Saanvi Brown,saanvi.brown844@demoemployee.com,Female,2002-05-10,2023-10-26,Marketing,Marketing Executive,EMP0009,Permanent,Remote,Mumbai,Maharashtra,India,Diploma,4,580000,15,4,4,13,103,No,Active,
EMP0845,Michael,Lewis,Michael Lewis,michael.lewis845@demoemployee.com,Male,1990-07-05,2013-09-09,Sales,Business Development Executive,EMP0151,Permanent,Onsite,Kochi,Kerala,India,B.Sc.,11,985000,20,3,2,25,18,No,Active,
EMP0846,Daniel,Lewis,Daniel Lewis,daniel.lewis846@demoemployee.com,Male,1977-04-26,2019-01-24,Research and Development,Research Analyst,EMP0103,Permanent,Remote,Noida,Uttar Pradesh,India,Diploma,23,1589000,0,4,18,8,82,No,Active,2021-04-29
EMP0847,Saanvi,Kumar,Saanvi Kumar,saanvi.kumar847@demoemployee.com,Male,2003-09-24,2022-11-03,Operations,Process Associate,EMP0180,Intern,Hybrid,Delhi,Delhi,India,M.Com,3,433000,7.5,4,4,12,101,No,Active,
EMP0848,Lakshmi,Joseph,Lakshmi Joseph,lakshmi.joseph848@demoemployee.com,Female,1975-11-21,2014-04-17,Information Technology,QA Engineer,EMP0075,Contract,Remote,Chennai,Tamil Nadu,India,M.Sc.,7,1002000,0,3,24,24,103,No,Active,
EMP0849,Daniel,Joseph,Daniel Joseph,daniel.joseph849@demoemployee.com,Male,1979-09-16,2021-10-16,Sales,Account Manager,EMP0008,Permanent,Remote,Chennai,Tamil Nadu,India,MBA,18,1063000,12.5,2,6,24,96,Yes,Active,2023-08-16
EMP0850,Aditya,Joseph,Aditya Joseph,aditya.joseph850@demoemployee.com,Female,1967-12-02,2019-01-15,Customer Support,Support Manager,EMP0127,Contract,Remote,Coimbatore,Tamil Nadu,India,Diploma,11,591000,5,4,18,3,26,Yes,Active,2023-06-07
EMP0851,Divya,Kumar,Divya Kumar,divya.kumar851@demoemployee.com,Female,1980-07-08,2024-10-05,Human Resources,HR Executive,EMP0168,Permanent,Remote,Noida,Uttar Pradesh,India,B.Com,4,560000,7.5,4,3,4,114,No,Active,
EMP0852,Sanjay,Brown,Sanjay Brown,sanjay.brown852@demoemployee.com,Female,2005-09-01,2015-08-23,Human Resources,HR Manager,EMP0024,Intern,Hybrid,Noida,Uttar Pradesh,India,B.Sc.,1,417000,20,2,12,1,109,Yes,Active,2021-03-29
EMP0853,Lakshmi,Rao,Lakshmi Rao,lakshmi.rao853@demoemployee.com,Female,1977-06-10,2020-05-21,Marketing,Marketing Manager,EMP0091,Permanent,Hybrid,Kolkata,West Bengal,India,MBA,18,895000,10,3,12,16,79,Yes,Active,2025-07-12
EMP0854,Rohan,Singh,Rohan Singh,rohan.singh854@demoemployee.com,Female,2000-05-17,2022-03-01,Customer Support,Technical Support Engineer,EMP0048,Intern,Remote,Coimbatore,Tamil Nadu,India,MBA,0,271000,12.5,2,14,20,96,No,Active,2025-03-12
EMP0855,Diya,Anderson,Diya Anderson,diya.anderson855@demoemployee.com,Female,1982-02-01,2024-08-29,Research and Development,Research Analyst,EMP0129,Contract,Remote,Mumbai,Maharashtra,India,M.Sc.,18,1577000,20,4,3,17,21,No,Active,
EMP0856,Krishna,Singh,Krishna Singh,krishna.singh856@demoemployee.com,Female,2005-09-20,2026-02-15,Human Resources,HR Executive,EMP0063,Permanent,Onsite,Hyderabad,Telangana,India,B.E.,1,467000,0,4,8,0,1,No,On Leave,
EMP0857,David,Clark,David Clark,david.clark857@demoemployee.com,Male,2002-04-04,2023-05-24,Operations,Operations Executive,EMP0025,Permanent,Hybrid,Delhi,Delhi,India,Diploma,4,533000,20,1,26,12,96,No,Active,2026-07-17
EMP0858,Karthik,Anderson,Karthik Anderson,karthik.anderson858@demoemployee.com,Male,1977-03-23,2020-01-29,Marketing,SEO Analyst,EMP0185,Permanent,Remote,Kolkata,West Bengal,India,M.Sc.,22,1246000,12.5,4,6,6,33,No,Active,2024-06-21
EMP0859,Diya,Gupta,Diya Gupta,diya.gupta859@demoemployee.com,Female,1975-06-17,2019-05-20,Sales,Sales Manager,EMP0020,Contract,Remote,Pune,Maharashtra,India,Diploma,15,1049000,15,3,15,16,58,Yes,Active,2026-01-16
EMP0860,Ishita,Anderson,Ishita Anderson,ishita.anderson860@demoemployee.com,Male,1985-12-07,2021-11-07,Operations,Process Associate,EMP0175,Permanent,Remote,Noida,Uttar Pradesh,India,M.Sc.,10,917000,20,2,21,15,1,No,Active,
EMP0861,Krishna,Martin,Krishna Martin,krishna.martin861@demoemployee.com,Male,1999-04-15,2022-06-02,Human Resources,Recruiter,EMP0165,Permanent,Remote,Ahmedabad,Gujarat,India,Diploma,7,721000,0,4,24,9,94,No,Active,
EMP0862,Michael,Martin,Michael Martin,michael.martin862@demoemployee.com,Female,1999-04-25,2019-05-20,Operations,Process Associate,EMP0048,Intern,Hybrid,Delhi,Delhi,India,B.Tech,6,683000,7.5,1,24,22,38,No,Active,2025-01-16
EMP0863,Rohan,Clark,Rohan Clark,rohan.clark863@demoemployee.com,Female,1984-05-09,2016-05-28,Human Resources,Recruiter,EMP0047,Permanent,Remote,Coimbatore,Tamil Nadu,India,B.Sc.,15,1047000,20,3,26,15,83,No,Active,2025-11-14
EMP0864,Karthik,Wilson,Karthik Wilson,karthik.wilson864@demoemployee.com,Male,2000-11-13,2020-12-20,Finance,Financial Analyst,EMP0045,Permanent,Remote,Noida,Uttar Pradesh,India,M.Sc.,6,658000,20,2,29,23,16,No,On Leave,2023-11-02
EMP0865,Sophia,Iyer,Sophia Iyer,sophia.iyer865@demoemployee.com,Male,1976-05-17,2021-05-12,Information Technology,Data Engineer,EMP0181,Contract,Hybrid,Coimbatore,Tamil Nadu,India,B.E.,4,770000,0,5,4,17,75,No,Active,2026-02-06
EMP0866,Lakshmi,Anderson,Lakshmi Anderson,lakshmi.anderson866@demoemployee.com,Female,1991-11-26,2023-05-28,Operations,Operations Executive,EMP0013,Permanent,Remote,Bengaluru,Karnataka,India,B.Com,14,937000,0,3,0,13,42,No,Active,2024-10-14
EMP0867,John,Gupta,John Gupta,john.gupta867@demoemployee.com,Female,1990-11-03,2012-05-13,Customer Support,Support Manager,EMP0078,Contract,Hybrid,Coimbatore,Tamil Nadu,India,B.E.,0,399000,10,4,8,24,68,Yes,Active,
EMP0868,Meera,Thomas,Meera Thomas,meera.thomas868@demoemployee.com,Male,1994-10-25,2013-03-31,Research and Development,Research Analyst,EMP0110,Permanent,Onsite,Bengaluru,Karnataka,India,Diploma,5,726000,20,4,4,19,81,No,Active,2017-05-13
EMP0869,John,Anderson,John Anderson,john.anderson869@demoemployee.com,Female,1996-07-23,2025-09-01,Marketing,SEO Analyst,EMP0020,Permanent,Onsite,Pune,Maharashtra,India,M.Com,10,744000,3,4,9,22,20,No,Active,
EMP0870,Emma,Wilson,Emma Wilson,emma.wilson870@demoemployee.com,Female,1986-11-20,2022-04-10,Marketing,Marketing Manager,EMP0164,Permanent,Hybrid,Kochi,Kerala,India,M.Sc.,1,479000,5,2,10,21,71,Yes,On Leave,2025-12-31
EMP0871,Emma,Mehta,Emma Mehta,emma.mehta871@demoemployee.com,Female,2001-02-15,2025-05-02,Information Technology,Cloud Engineer,,Permanent,Remote,Delhi,Delhi,India,B.Sc.,5,660000,5,4,28,0,62,No,Active,
EMP0872,David,Sharma,David Sharma,david.sharma872@demoemployee.com,Female,1977-04-18,2017-03-02,Information Technology,Software Engineer,EMP0025,Contract,Hybrid,Ahmedabad,Gujarat,India,M.Com,17,1212000,3,4,25,20,26,No,Active,2025-08-28
EMP0873,Arjun,Lewis,Arjun Lewis,arjun.lewis873@demoemployee.com,Female,2000-07-19,2016-02-24,Operations,Process Associate,EMP0042,Contract,Hybrid,Delhi,Delhi,India,MBA,6,510000,3,3,9,20,62,No,Active,
EMP0874,Saanvi,Joseph,Saanvi Joseph,saanvi.joseph874@demoemployee.com,Male,1984-07-24,2019-12-29,Operations,Operations Analyst,,Permanent,Onsite,Kolkata,West Bengal,India,M.Sc.,3,593000,0,3,24,19,26,No,Active,2023-01-10
EMP0875,Robert,Sharma,Robert Sharma,robert.sharma875@demoemployee.com,Male,1993-12-13,2017-08-30,Customer Support,Technical Support Engineer,EMP0193,Permanent,Remote,Ahmedabad,Gujarat,India,B.Sc.,6,545000,5,3,30,0,33,No,Active,2020-04-23
EMP0876,Rohan,Thomas,Rohan Thomas,rohan.thomas876@demoemployee.com,Male,2001-12-23,2020-11-16,Research and Development,Research Analyst,EMP0083,Intern,Hybrid,Hyderabad,Telangana,India,B.Sc.,5,862000,10,3,19,6,5,No,Active,2022-07-02
EMP0877,Krishna,Lewis,Krishna Lewis,krishna.lewis877@demoemployee.com,Male,1969-02-27,2025-03-14,Marketing,SEO Analyst,EMP0195,Contract,Remote,Ahmedabad,Gujarat,India,B.Sc.,7,628000,0,2,18,0,91,No,Active,
EMP0878,Nisha,Anderson,Nisha Anderson,nisha.anderson878@demoemployee.com,Female,1971-02-03,2015-04-08,Sales,Sales Manager,EMP0102,Permanent,Onsite,Gurugram,Haryana,India,B.Sc.,16,845000,20,4,16,8,61,Yes,Resigned,2016-07-15
EMP0879,Daniel,Sharma,Daniel Sharma,daniel.sharma879@demoemployee.com,Male,1996-07-23,2023-08-11,Research and Development,Data Scientist,EMP0011,Intern,Hybrid,Noida,Uttar Pradesh,India,M.Sc.,10,1012000,7.5,5,9,14,114,No,Active,2026-07-03
EMP0880,Divya,Mehta,Divya Mehta,divya.mehta880@demoemployee.com,Male,1970-09-01,2014-06-14,Sales,Account Manager,EMP0194,Permanent,Onsite,Delhi,Delhi,India,M.Com,2,360000,3,4,3,22,54,Yes,Active,2023-01-17
EMP0881,Aarav,Gupta,Aarav Gupta,aarav.gupta881@demoemployee.com,Female,1971-11-16,2021-06-03,Human Resources,HR Manager,EMP0099,Contract,Onsite,Kolkata,West Bengal,India,B.Tech,1,411000,7.5,3,23,4,24,Yes,Active,
EMP0882,Arjun,Walker,Arjun Walker,arjun.walker882@demoemployee.com,Female,1984-04-03,2021-08-07,Operations,Operations Analyst,EMP0059,Contract,Onsite,Hyderabad,Telangana,India,B.Sc.,1,352000,0,1,18,16,61,No,Active,
EMP0883,Sanjay,Taylor,Sanjay Taylor,sanjay.taylor883@demoemployee.com,Male,1999-01-21,2019-07-31,Human Resources,HR Manager,EMP0006,Contract,Remote,Mumbai,Maharashtra,India,MBA,7,874000,5,3,29,8,11,Yes,Active,2025-12-03
EMP0884,Sophia,Taylor,Sophia Taylor,sophia.taylor884@demoemployee.com,Female,1978-01-20,2018-05-28,Finance,Finance Manager,EMP0103,Intern,Remote,Ahmedabad,Gujarat,India,MBA,1,526000,3,3,2,3,91,Yes,Active,2024-10-05
EMP0885,Divya,Taylor,Divya Taylor,divya.taylor885@demoemployee.com,Male,1987-09-02,2017-01-27,Information Technology,DevOps Engineer,EMP0174,Permanent,Onsite,Mumbai,Maharashtra,India,MBA,10,970000,7.5,4,4,3,108,No,Active,2019-04-23
EMP0886,Vivaan,Gupta,Vivaan Gupta,vivaan.gupta886@demoemployee.com,Male,1978-11-17,2018-11-03,Marketing,Marketing Executive,EMP0036,Contract,Remote,Gurugram,Haryana,India,M.Com,6,542000,5,4,19,15,74,No,Active,
EMP0887,Aarav,Brown,Aarav Brown,aarav.brown887@demoemployee.com,Male,2003-07-06,2020-09-07,Operations,Operations Manager,EMP0148,Intern,Remote,Kolkata,West Bengal,India,B.Com,3,436000,0,5,22,17,4,Yes,Active,2022-05-26
EMP0888,Aarav,Patel,Aarav Patel,aarav.patel888@demoemployee.com,Male,1995-03-21,2018-03-07,Operations,Process Associate,EMP0048,Contract,Onsite,Ahmedabad,Gujarat,India,B.Tech,11,1015000,15,1,1,20,120,No,Active,2021-11-29
EMP0889,Divya,Taylor,Divya Taylor,divya.taylor889@demoemployee.com,Male,1998-02-25,2013-11-15,Marketing,Marketing Executive,EMP0060,Permanent,Onsite,Gurugram,Haryana,India,Diploma,8,786000,20,4,22,14,2,No,Active,
EMP0890,Meera,Sharma,Meera Sharma,meera.sharma890@demoemployee.com,Female,1994-10-25,2026-06-23,Human Resources,Recruiter,EMP0013,Permanent,Hybrid,Chennai,Tamil Nadu,India,M.Sc.,12,660000,5,4,18,6,98,No,Active,
EMP0891,Saanvi,Singh,Saanvi Singh,saanvi.singh891@demoemployee.com,Female,1983-05-27,2025-06-25,Operations,Operations Analyst,EMP0011,Permanent,Remote,Gurugram,Haryana,India,B.Sc.,23,1644000,0,5,4,6,103,No,Active,
EMP0892,Nisha,Singh,Nisha Singh,nisha.singh892@demoemployee.com,Female,1971-10-11,2020-08-04,Operations,Process Associate,EMP0025,Permanent,Onsite,Ahmedabad,Gujarat,India,M.Sc.,21,744000,10,4,26,22,82,No,Active,2024-09-24
EMP0893,Arjun,Thomas,Arjun Thomas,arjun.thomas893@demoemployee.com,Female,1992-07-15,2023-10-16,Customer Support,Technical Support Engineer,EMP0088,Permanent,Hybrid,Gurugram,Haryana,India,M.Sc.,14,762000,12.5,3,14,17,53,No,Active,
EMP0894,Meera,Rao,Meera Rao,meera.rao894@demoemployee.com,Female,1973-07-08,2016-12-05,Information Technology,Data Engineer,EMP0070,Permanent,Hybrid,Ahmedabad,Gujarat,India,MBA,23,1804000,0,3,14,23,75,No,Active,2018-10-04
EMP0895,Ananya,Reddy,Ananya Reddy,ananya.reddy895@demoemployee.com,Female,1992-05-05,2024-02-05,Human Resources,HR Manager,EMP0101,Permanent,Hybrid,Ahmedabad,Gujarat,India,M.Com,14,1203000,7.5,3,28,9,52,Yes,Active,2026-06-12
EMP0896,Ananya,Martin,Ananya Martin,ananya.martin896@demoemployee.com,Male,1998-11-26,2026-02-28,Finance,Finance Manager,EMP0043,Permanent,Onsite,Mumbai,Maharashtra,India,Diploma,8,607000,0,4,9,0,56,Yes,Active,
EMP0897,Olivia,Mehta,Olivia Mehta,olivia.mehta897@demoemployee.com,Male,1982-05-14,2021-08-12,Finance,Payroll Executive,EMP0134,Intern,Hybrid,Kochi,Kerala,India,M.Com,8,668000,7.5,2,15,0,23,No,Active,
EMP0898,Olivia,Taylor,Olivia Taylor,olivia.taylor898@demoemployee.com,Female,2005-05-04,2019-03-14,Finance,Accountant,EMP0133,Permanent,Remote,Delhi,Delhi,India,B.Tech,1,597000,7.5,4,30,1,23,No,Active,2024-09-07
EMP0899,Ananya,Joseph,Ananya Joseph,ananya.joseph899@demoemployee.com,Female,1976-05-07,2019-12-13,Sales,Sales Manager,EMP0114,Contract,Onsite,Gurugram,Haryana,India,B.E.,15,1215000,12.5,5,14,14,114,Yes,Active,2021-09-15
EMP0900,Krishna,Taylor,Krishna Taylor,krishna.taylor900@demoemployee.com,Male,1983-03-20,2018-10-11,Research and Development,ML Engineer,EMP0069,Contract,Hybrid,Gurugram,Haryana,India,Diploma,1,644000,0,3,19,19,21,No,Active,2022-12-02
EMP0901,Olivia,Brown,Olivia Brown,olivia.brown901@demoemployee.com,Male,2005-10-22,2016-11-20,Information Technology,Data Engineer,EMP0092,Contract,Onsite,Noida,Uttar Pradesh,India,M.Com,1,694000,20,3,22,6,43,No,Active,2018-12-20
EMP0902,Emily,Taylor,Emily Taylor,emily.taylor902@demoemployee.com,Male,1993-07-17,2022-07-11,Operations,Operations Manager,EMP0025,Permanent,Remote,Chennai,Tamil Nadu,India,B.Com,8,565000,15,3,30,22,10,Yes,Active,2024-03-29
EMP0903,Robert,Nair,Robert Nair,robert.nair903@demoemployee.com,Male,1991-02-18,2014-05-27,Customer Support,Support Manager,EMP0128,Permanent,Onsite,Kochi,Kerala,India,B.E.,3,339000,3,2,14,17,10,Yes,Active,2019-03-16
EMP0904,Aarav,Mehta,Aarav Mehta,aarav.mehta904@demoemployee.com,Female,1980-02-21,2015-09-23,Operations,Operations Executive,EMP0097,Permanent,Hybrid,Hyderabad,Telangana,India,B.Com,1,433000,15,3,9,19,48,No,Active,2025-04-09
EMP0905,Daniel,Joseph,Daniel Joseph,daniel.joseph905@demoemployee.com,Female,1986-07-20,2017-10-17,Operations,Process Associate,EMP0041,Permanent,Onsite,Kolkata,West Bengal,India,B.Tech,10,682000,0,4,19,9,54,No,Active,2024-04-27
EMP0906,Diya,Patel,Diya Patel,diya.patel906@demoemployee.com,Male,1972-11-14,2022-11-10,Research and Development,ML Engineer,EMP0174,Contract,Remote,Pune,Maharashtra,India,Diploma,20,1667000,0,4,0,14,39,No,Active,
EMP0907,Emma,Nair,Emma Nair,emma.nair907@demoemployee.com,Female,1971-10-06,2014-09-21,Human Resources,Recruiter,EMP0193,Intern,Onsite,Ahmedabad,Gujarat,India,B.Tech,9,759000,15,1,11,9,61,No,Active,2022-09-02
EMP0908,Grace,Joseph,Grace Joseph,grace.joseph908@demoemployee.com,Female,1972-09-24,2024-12-21,Finance,Finance Manager,EMP0114,Contract,Remote,Hyderabad,Telangana,India,B.Com,3,704000,0,4,0,15,57,Yes,Active,
EMP0909,John,Rao,John Rao,john.rao909@demoemployee.com,Male,1997-01-20,2017-12-06,Information Technology,QA Engineer,EMP0190,Permanent,Onsite,Mumbai,Maharashtra,India,MBA,9,947000,7.5,3,12,20,44,No,Active,2025-01-16
EMP0910,Vijay,Rao,Vijay Rao,vijay.rao910@demoemployee.com,Male,2004-01-07,2026-05-01,Information Technology,QA Engineer,EMP0138,Permanent,Hybrid,Pune,Maharashtra,India,M.Com,2,632000,12.5,3,1,1,102,No,Active,
EMP0911,Daniel,Wilson,Daniel Wilson,daniel.wilson911@demoemployee.com,Female,1985-09-04,2012-09-24,Research and Development,R&D Manager,EMP0106,Permanent,Remote,Pune,Maharashtra,India,B.Tech,16,1506000,12.5,1,16,19,37,Yes,Active,2014-04-23
EMP0912,Vijay,Mehta,Vijay Mehta,vijay.mehta912@demoemployee.com,Male,2002-07-08,2015-04-19,Customer Support,Support Executive,EMP0187,Permanent,Onsite,Kochi,Kerala,India,B.E.,2,423000,15,4,7,21,20,No,On Leave,2023-10-06
EMP0913,Robert,Kumar,Robert Kumar,robert.kumar913@demoemployee.com,Female,1993-08-04,2018-03-16,Operations,Operations Executive,EMP0109,Permanent,Hybrid,Bengaluru,Karnataka,India,M.Com,13,788000,7.5,4,1,15,54,No,Active,2022-01-04
EMP0914,Saanvi,Joseph,Saanvi Joseph,saanvi.joseph914@demoemployee.com,Female,1996-09-22,2014-08-15,Operations,Operations Executive,EMP0070,Permanent,Onsite,Bengaluru,Karnataka,India,B.E.,10,679000,10,3,14,0,25,No,Active,2026-02-23
EMP0915,Sanjay,Mehta,Sanjay Mehta,sanjay.mehta915@demoemployee.com,Male,2002-10-16,2018-03-14,Sales,Business Development Executive,EMP0057,Permanent,Onsite,Gurugram,Haryana,India,B.Tech,4,582000,0,2,30,5,59,No,Active,2026-05-31
EMP0916,John,Anderson,John Anderson,john.anderson916@demoemployee.com,Female,1997-03-15,2022-05-02,Finance,Payroll Executive,EMP0028,Contract,Hybrid,Noida,Uttar Pradesh,India,B.Tech,8,831000,3,2,22,22,4,No,On Leave,
EMP0917,Rahul,Kumar,Rahul Kumar,rahul.kumar917@demoemployee.com,Male,1987-01-24,2016-07-04,Customer Support,Support Executive,EMP0156,Permanent,Remote,Mumbai,Maharashtra,India,B.Sc.,19,1221000,15,4,20,24,77,No,Active,2020-07-18
EMP0918,John,Brown,John Brown,john.brown918@demoemployee.com,Female,1974-07-16,2018-09-24,Sales,Account Manager,EMP0178,Permanent,Onsite,Noida,Uttar Pradesh,India,B.Tech,21,1145000,12.5,4,13,16,31,Yes,Active,2021-04-26
EMP0919,Divya,Reddy,Divya Reddy,divya.reddy919@demoemployee.com,Female,1997-01-09,2018-01-01,Customer Support,Technical Support Engineer,EMP0150,Contract,Remote,Hyderabad,Telangana,India,M.Com,0,361000,12.5,4,26,3,17,No,Active,2023-12-14
EMP0920,Krishna,Singh,Krishna Singh,krishna.singh920@demoemployee.com,Male,1975-06-01,2016-02-16,Research and Development,Research Analyst,EMP0052,Intern,Remote,Delhi,Delhi,India,MBA,0,648000,10,3,18,24,101,No,Active,2020-05-07
EMP0921,Rohan,Kumar,Rohan Kumar,rohan.kumar921@demoemployee.com,Female,1993-12-05,2016-04-05,Finance,Accountant,EMP0022,Permanent,Hybrid,Delhi,Delhi,India,B.E.,13,1001000,3,5,7,8,46,No,Active,2022-01-18
EMP0922,Michael,Singh,Michael Singh,michael.singh922@demoemployee.com,Male,2004-01-10,2012-04-13,Finance,Accountant,EMP0142,Intern,Remote,Bengaluru,Karnataka,India,Diploma,2,498000,10,4,12,20,3,No,Active,2015-01-20
EMP0923,Olivia,Brown,Olivia Brown,olivia.brown923@demoemployee.com,Male,1970-02-07,2013-01-01,Operations,Operations Executive,EMP0004,Permanent,Hybrid,Kochi,Kerala,India,B.Sc.,14,785000,7.5,5,7,0,20,No,Active,
EMP0924,Divya,Kumar,Divya Kumar,divya.kumar924@demoemployee.com,Male,1985-08-23,2017-03-25,Information Technology,Cloud Engineer,EMP0133,Permanent,Onsite,Delhi,Delhi,India,B.Tech,11,995000,20,2,26,22,103,No,Resigned,2021-10-05
EMP0925,Rohan,Anderson,Rohan Anderson,rohan.anderson925@demoemployee.com,Female,2000-06-09,2012-03-12,Human Resources,HR Manager,EMP0095,Contract,Onsite,Kolkata,West Bengal,India,M.Sc.,4,593000,0,2,12,24,4,Yes,Active,2015-07-06
EMP0926,Saanvi,Singh,Saanvi Singh,saanvi.singh926@demoemployee.com,Female,1991-10-11,2018-08-18,Marketing,Marketing Manager,EMP0065,Permanent,Remote,Noida,Uttar Pradesh,India,Diploma,1,481000,20,4,2,19,64,Yes,Active,2022-03-06
EMP0927,Grace,Wilson,Grace Wilson,grace.wilson927@demoemployee.com,Male,1981-04-08,2018-11-11,Customer Support,Technical Support Engineer,EMP0170,Permanent,Remote,Delhi,Delhi,India,B.E.,25,1126000,0,2,19,4,36,No,Active,2022-04-02
EMP0928,Meera,Lewis,Meera Lewis,meera.lewis928@demoemployee.com,Female,1981-07-23,2026-03-11,Human Resources,Training Coordinator,EMP0163,Contract,Onsite,Mumbai,Maharashtra,India,B.Com,0,505000,12.5,3,15,24,20,No,Active,
EMP0929,Aditya,Kumar,Aditya Kumar,aditya.kumar929@demoemployee.com,Male,1990-12-21,2016-08-09,Human Resources,HR Executive,EMP0013,Contract,Onsite,Bengaluru,Karnataka,India,M.Com,14,825000,5,3,1,2,26,No,Active,
EMP0930,Kavya,Kumar,Kavya Kumar,kavya.kumar930@demoemployee.com,Male,1979-01-17,2018-08-16,Customer Support,Support Manager,EMP0019,Contract,Hybrid,Hyderabad,Telangana,India,M.Sc.,16,847000,20,4,21,5,3,Yes,Active,
EMP0931,Michael,Brown,Michael Brown,michael.brown931@demoemployee.com,Female,1996-02-26,2023-01-29,Finance,Finance Manager,EMP0168,Permanent,Remote,Coimbatore,Tamil Nadu,India,MBA,2,497000,5,4,8,20,81,Yes,Active,2025-03-11
EMP0932,Lakshmi,Thomas,Lakshmi Thomas,lakshmi.thomas932@demoemployee.com,Male,2003-09-28,2017-05-17,Information Technology,Data Engineer,EMP0164,Permanent,Remote,Chennai,Tamil Nadu,India,B.Sc.,3,663000,5,2,1,7,97,No,Active,2019-01-26
EMP0933,Priya,Reddy,Priya Reddy,priya.reddy933@demoemployee.com,Female,1980-05-22,2023-12-13,Operations,Operations Analyst,EMP0167,Permanent,Remote,Delhi,Delhi,India,B.Tech,8,467000,3,4,4,23,18,No,Active,2025-01-07
EMP0934,John,Singh,John Singh,john.singh934@demoemployee.com,Male,1983-03-05,2019-05-16,Sales,Business Development Executive,EMP0080,Permanent,Onsite,Kolkata,West Bengal,India,Diploma,7,758000,20,5,15,18,67,No,Active,2023-06-03
EMP0935,Diya,Singh,Diya Singh,diya.singh935@demoemployee.com,Male,1969-09-16,2024-04-25,Operations,Process Associate,EMP0085,Permanent,Hybrid,Kolkata,West Bengal,India,M.Com,21,1068000,20,5,14,1,3,No,Active,2025-05-13
EMP0936,Diya,Anderson,Diya Anderson,diya.anderson936@demoemployee.com,Male,1968-05-04,2022-06-25,Human Resources,HR Executive,EMP0001,Permanent,Remote,Chennai,Tamil Nadu,India,M.Sc.,21,1330000,3,1,7,1,64,No,Active,2023-09-06
EMP0937,Daniel,Iyer,Daniel Iyer,daniel.iyer937@demoemployee.com,Female,1979-03-14,2012-09-23,Human Resources,HR Manager,EMP0048,Permanent,Hybrid,Ahmedabad,Gujarat,India,M.Com,25,1508000,10,3,3,20,84,Yes,Active,
EMP0938,Ishita,Brown,Ishita Brown,ishita.brown938@demoemployee.com,Female,1968-01-02,2019-11-29,Operations,Operations Manager,EMP0145,Permanent,Hybrid,Noida,Uttar Pradesh,India,B.Tech,5,557000,5,4,21,3,83,Yes,Active,
EMP0939,Robert,Iyer,Robert Iyer,robert.iyer939@demoemployee.com,Female,1970-08-19,2021-04-17,Human Resources,HR Executive,EMP0103,Permanent,Remote,Mumbai,Maharashtra,India,B.Com,22,1315000,3,3,22,1,30,No,Active,
EMP0940,Vijay,Lewis,Vijay Lewis,vijay.lewis940@demoemployee.com,Female,1987-03-16,2016-07-16,Sales,Business Development Executive,EMP0094,Contract,Hybrid,Chennai,Tamil Nadu,India,Diploma,19,1125000,3,2,16,15,91,No,Active,2019-07-23
EMP0941,Vijay,Rao,Vijay Rao,vijay.rao941@demoemployee.com,Male,2003-12-10,2013-03-30,Finance,Payroll Executive,EMP0039,Intern,Onsite,Chennai,Tamil Nadu,India,B.Tech,3,610000,7.5,4,22,16,41,No,Active,2016-09-10
EMP0942,David,Mehta,David Mehta,david.mehta942@demoemployee.com,Female,1999-02-03,2020-07-08,Human Resources,Training Coordinator,EMP0170,Permanent,Onsite,Chennai,Tamil Nadu,India,B.Tech,7,615000,0,3,29,19,9,No,Active,2026-06-01
EMP0943,Vijay,Gupta,Vijay Gupta,vijay.gupta943@demoemployee.com,Female,1994-07-26,2021-05-15,Customer Support,Technical Support Engineer,EMP0144,Permanent,Onsite,Hyderabad,Telangana,India,Diploma,12,566000,15,4,14,15,58,No,Active,2024-02-11
EMP0944,Michael,Nair,Michael Nair,michael.nair944@demoemployee.com,Male,1982-04-27,2015-01-25,Information Technology,Data Engineer,EMP0017,Permanent,Hybrid,Noida,Uttar Pradesh,India,B.Tech,22,1644000,5,2,25,9,2,No,Active,2024-01-09
EMP0945,Vijay,Joseph,Vijay Joseph,vijay.joseph945@demoemployee.com,Male,2003-08-19,2023-12-18,Human Resources,Recruiter,EMP0080,Contract,Hybrid,Ahmedabad,Gujarat,India,MBA,3,491000,12.5,4,7,9,95,No,Active,
EMP0946,Vivaan,Mehta,Vivaan Mehta,vivaan.mehta946@demoemployee.com,Male,2001-08-17,2023-08-11,Research and Development,ML Engineer,EMP0096,Permanent,Onsite,Hyderabad,Telangana,India,B.Com,5,798000,15,2,1,4,39,No,Active,
EMP0947,Sanjay,Wilson,Sanjay Wilson,sanjay.wilson947@demoemployee.com,Male,1987-05-01,2012-03-17,Human Resources,HR Manager,EMP0074,Permanent,Onsite,Coimbatore,Tamil Nadu,India,B.Sc.,13,1020000,5,3,3,6,32,Yes,Active,2017-05-09
EMP0948,Vijay,Anderson,Vijay Anderson,vijay.anderson948@demoemployee.com,Male,1970-08-17,2022-07-07,Operations,Process Associate,EMP0182,Contract,Onsite,Noida,Uttar Pradesh,India,B.Com,17,1162000,10,3,0,12,6,No,Active,2024-01-05
EMP0949,John,Joseph,John Joseph,john.joseph949@demoemployee.com,Male,1979-10-09,2021-11-15,Customer Support,Support Executive,EMP0179,Contract,Hybrid,Pune,Maharashtra,India,B.Tech,5,442000,3,5,26,13,14,No,Active,
EMP0950,John,Clark,John Clark,john.clark950@demoemployee.com,Female,1981-02-19,2016-05-27,Marketing,Marketing Executive,EMP0032,Permanent,Onsite,Coimbatore,Tamil Nadu,India,B.Sc.,25,1293000,7.5,4,10,5,118,No,Active,2025-08-19
EMP0951,Karthik,Kumar,Karthik Kumar,karthik.kumar951@demoemployee.com,Male,1992-04-21,2024-09-07,Operations,Operations Manager,EMP0163,Contract,Remote,Kochi,Kerala,India,M.Com,14,1190000,3,4,24,12,17,Yes,Resigned,
EMP0952,Grace,Iyer,Grace Iyer,grace.iyer952@demoemployee.com,Male,1971-04-25,2017-07-08,Customer Support,Technical Support Engineer,EMP0170,Intern,Remote,Kolkata,West Bengal,India,MBA,12,754000,7.5,5,17,16,38,No,Active,
EMP0953,Vijay,Singh,Vijay Singh,vijay.singh953@demoemployee.com,Male,1983-09-13,2018-04-16,Sales,Sales Executive,EMP0010,Intern,Remote,Hyderabad,Telangana,India,Diploma,20,1442000,5,2,9,11,52,No,Active,
EMP0954,Sophia,Nair,Sophia Nair,sophia.nair954@demoemployee.com,Male,2004-06-01,2014-12-29,Customer Support,Support Executive,EMP0187,Permanent,Remote,Bengaluru,Karnataka,India,M.Sc.,2,353000,0,3,30,24,6,No,Active,
EMP0955,Meera,Walker,Meera Walker,meera.walker955@demoemployee.com,Male,1985-02-09,2023-02-05,Marketing,Marketing Executive,EMP0022,Permanent,Remote,Bengaluru,Karnataka,India,B.Tech,8,743000,3,4,24,10,108,No,Active,2025-01-01
EMP0956,Ishita,Nair,Ishita Nair,ishita.nair956@demoemployee.com,Male,1997-07-18,2025-07-05,Marketing,Marketing Manager,EMP0139,Contract,Hybrid,Pune,Maharashtra,India,B.E.,9,837000,10,4,30,24,22,Yes,Resigned,
EMP0957,Diya,Rao,Diya Rao,diya.rao957@demoemployee.com,Female,1970-06-15,2021-12-13,Information Technology,DevOps Engineer,EMP0018,Permanent,Remote,Hyderabad,Telangana,India,Diploma,14,1070000,0,4,14,14,115,No,Active,2023-02-16
EMP0958,Priya,Joseph,Priya Joseph,priya.joseph958@demoemployee.com,Male,1991-07-05,2020-11-18,Research and Development,Data Scientist,EMP0164,Permanent,Remote,Hyderabad,Telangana,India,Diploma,15,1199000,3,4,17,18,119,No,Active,2025-05-05
EMP0959,Kavya,Joseph,Kavya Joseph,kavya.joseph959@demoemployee.com,Male,1992-08-13,2016-06-02,Marketing,Marketing Manager,EMP0129,Permanent,Remote,Pune,Maharashtra,India,B.E.,1,477000,15,2,2,11,87,Yes,Active,2021-11-15
EMP0960,Michael,Clark,Michael Clark,michael.clark960@demoemployee.com,Male,1976-06-16,2021-07-16,Customer Support,Technical Support Engineer,EMP0065,Intern,Hybrid,Pune,Maharashtra,India,B.E.,25,1341000,3,4,0,14,83,No,Active,2026-06-30
EMP0961,Kavya,Brown,Kavya Brown,kavya.brown961@demoemployee.com,Male,1990-02-20,2025-03-13,Customer Support,Support Executive,EMP0031,Contract,Onsite,Gurugram,Haryana,India,B.Tech,16,958000,3,2,7,3,38,No,Active,
EMP0962,Daniel,Mehta,Daniel Mehta,daniel.mehta962@demoemployee.com,Male,1969-12-04,2014-04-29,Research and Development,Research Analyst,EMP0034,Permanent,Onsite,Kochi,Kerala,India,B.Com,9,1087000,10,4,18,16,65,No,Active,2021-07-19
EMP0963,Sophia,Iyer,Sophia Iyer,sophia.iyer963@demoemployee.com,Female,1968-10-15,2025-02-11,Human Resources,HR Executive,EMP0085,Permanent,Onsite,Kochi,Kerala,India,B.E.,1,530000,15,1,13,15,119,No,Active,
EMP0964,Karthik,Walker,Karthik Walker,karthik.walker964@demoemployee.com,Male,2002-11-21,2024-10-03,Research and Development,ML Engineer,EMP0046,Permanent,Remote,Mumbai,Maharashtra,India,B.Sc.,2,800000,3,3,24,3,47,No,Active,
EMP0965,Karthik,Taylor,Karthik Taylor,karthik.taylor965@demoemployee.com,Male,1970-02-27,2021-08-30,Marketing,Marketing Manager,EMP0157,Permanent,Remote,Kolkata,West Bengal,India,B.Tech,15,1068000,10,3,7,6,82,Yes,Active,2026-02-06
EMP0966,Emily,Nair,Emily Nair,emily.nair966@demoemployee.com,Female,1997-12-03,2017-12-12,Sales,Sales Executive,EMP0082,Permanent,Hybrid,Gurugram,Haryana,India,Diploma,9,688000,7.5,5,8,25,108,No,On Leave,2023-01-25
EMP0967,Vivaan,Rao,Vivaan Rao,vivaan.rao967@demoemployee.com,Female,1969-01-13,2012-03-09,Marketing,Marketing Executive,EMP0142,Intern,Hybrid,Kolkata,West Bengal,India,MBA,7,546000,5,3,6,22,91,No,Active,2014-08-09
EMP0968,Michael,Walker,Michael Walker,michael.walker968@demoemployee.com,Male,1967-02-08,2017-05-05,Sales,Sales Executive,EMP0075,Intern,Onsite,Chennai,Tamil Nadu,India,Diploma,3,419000,7.5,3,5,11,53,No,Active,2021-07-04
EMP0969,Priya,Nair,Priya Nair,priya.nair969@demoemployee.com,Male,1974-10-13,2026-04-11,Research and Development,R&D Manager,EMP0119,Intern,Hybrid,Gurugram,Haryana,India,M.Sc.,21,1360000,12.5,5,7,6,34,Yes,Active,
EMP0970,Nisha,Sharma,Nisha Sharma,nisha.sharma970@demoemployee.com,Male,1995-04-25,2026-02-23,Research and Development,Research Analyst,EMP0015,Permanent,Onsite,Bengaluru,Karnataka,India,B.E.,11,996000,20,3,2,2,94,No,Active,
EMP0971,Robert,Rao,Robert Rao,robert.rao971@demoemployee.com,Female,1971-09-22,2020-02-14,Sales,Business Development Executive,EMP0091,Contract,Remote,Noida,Uttar Pradesh,India,Diploma,21,950000,5,2,10,17,99,No,Active,2024-02-24
EMP0972,David,Mehta,David Mehta,david.mehta972@demoemployee.com,Male,1967-06-14,2022-10-26,Human Resources,HR Manager,EMP0028,Permanent,Remote,Pune,Maharashtra,India,M.Com,2,366000,10,5,0,12,102,Yes,Active,
EMP0973,Rohan,Sharma,Rohan Sharma,rohan.sharma973@demoemployee.com,Male,1991-09-10,2023-01-27,Information Technology,QA Engineer,EMP0152,Intern,Hybrid,Gurugram,Haryana,India,MBA,3,605000,3,4,19,22,59,No,Active,2025-11-06
EMP0974,Vivaan,Mehta,Vivaan Mehta,vivaan.mehta974@demoemployee.com,Female,1991-10-07,2018-05-01,Customer Support,Support Executive,EMP0120,Contract,Remote,Kochi,Kerala,India,B.E.,2,352000,10,4,23,9,2,No,Active,2019-06-24
EMP0975,Robert,Reddy,Robert Reddy,robert.reddy975@demoemployee.com,Female,2003-10-05,2018-07-25,Sales,Account Manager,EMP0129,Contract,Onsite,Chennai,Tamil Nadu,India,Diploma,3,441000,20,2,17,21,92,Yes,Active,
EMP0976,Saanvi,Anderson,Saanvi Anderson,saanvi.anderson976@demoemployee.com,Male,1971-10-03,2014-10-03,Sales,Sales Executive,EMP0103,Permanent,Hybrid,Ahmedabad,Gujarat,India,Diploma,19,1365000,15,1,1,22,4,No,Active,2025-07-17
EMP0977,Krishna,Reddy,Krishna Reddy,krishna.reddy977@demoemployee.com,Male,1979-10-17,2019-05-25,Customer Support,Support Manager,EMP0131,Contract,Remote,Delhi,Delhi,India,M.Sc.,10,677000,12.5,4,13,16,30,Yes,Active,2022-02-21
EMP0978,Karthik,Rao,Karthik Rao,karthik.rao978@demoemployee.com,Female,1992-08-07,2018-09-12,Customer Support,Technical Support Engineer,EMP0150,Permanent,Hybrid,Noida,Uttar Pradesh,India,B.Com,14,925000,5,3,8,23,101,No,Active,2025-02-05
EMP0979,Nisha,Singh,Nisha Singh,nisha.singh979@demoemployee.com,Male,1973-03-17,2014-12-30,Human Resources,HR Executive,EMP0085,Permanent,Remote,Gurugram,Haryana,India,B.Com,11,903000,10,3,30,21,96,No,Active,
EMP0980,Aarav,Iyer,Aarav Iyer,aarav.iyer980@demoemployee.com,Female,1994-02-12,2018-07-29,Human Resources,Recruiter,,Permanent,Onsite,Gurugram,Haryana,India,B.Tech,8,852000,12.5,3,10,10,65,No,Active,2020-11-04
EMP0981,Sophia,Sharma,Sophia Sharma,sophia.sharma981@demoemployee.com,Female,1994-12-15,2021-08-09,Finance,Financial Analyst,EMP0109,Intern,Hybrid,Chennai,Tamil Nadu,India,Diploma,12,962000,10,3,21,24,42,No,Resigned,
EMP0982,Michael,Nair,Michael Nair,michael.nair982@demoemployee.com,Female,1999-06-19,2019-01-23,Customer Support,Support Manager,EMP0145,Permanent,Remote,Kolkata,West Bengal,India,B.Com,7,601000,10,4,6,22,79,Yes,Active,2023-07-05
EMP0983,Michael,Kumar,Michael Kumar,michael.kumar983@demoemployee.com,Female,1994-07-25,2021-07-04,Marketing,Content Specialist,EMP0125,Contract,Onsite,Noida,Uttar Pradesh,India,B.Com,12,844000,15,3,9,6,101,No,Active,2024-10-27
EMP0984,Saanvi,Wilson,Saanvi Wilson,saanvi.wilson984@demoemployee.com,Female,1967-04-15,2024-03-12,Marketing,SEO Analyst,EMP0077,Contract,Onsite,Kochi,Kerala,India,M.Com,9,576000,12.5,3,20,13,46,No,Active,2026-05-27
EMP0985,Saanvi,Anderson,Saanvi Anderson,saanvi.anderson985@demoemployee.com,Male,1980-03-19,2020-09-01,Research and Development,Data Scientist,EMP0135,Permanent,Remote,Chennai,Tamil Nadu,India,B.E.,9,1060000,0,3,22,13,104,No,Active,2021-12-23
EMP0986,Ishita,Sharma,Ishita Sharma,ishita.sharma986@demoemployee.com,Female,1987-05-08,2013-10-20,Marketing,SEO Analyst,EMP0017,Permanent,Remote,Kochi,Kerala,India,B.E.,19,866000,0,1,24,12,51,No,Active,2020-11-25
EMP0987,Olivia,Joseph,Olivia Joseph,olivia.joseph987@demoemployee.com,Male,2002-03-18,2020-12-14,Information Technology,Cloud Engineer,EMP0054,Intern,Remote,Pune,Maharashtra,India,Diploma,4,691000,7.5,4,26,4,102,No,Active,2022-10-15
EMP0988,Aarav,Kumar,Aarav Kumar,aarav.kumar988@demoemployee.com,Male,1983-01-13,2020-09-03,Finance,Payroll Executive,EMP0044,Permanent,Hybrid,Kolkata,West Bengal,India,MBA,17,1344000,0,4,30,16,95,No,Active,2022-07-24
EMP0989,John,Rao,John Rao,john.rao989@demoemployee.com,Male,2003-03-18,2019-12-27,Sales,Sales Manager,EMP0037,Intern,Remote,Ahmedabad,Gujarat,India,B.Com,3,567000,5,1,26,3,44,Yes,Active,
EMP0990,Emily,Rao,Emily Rao,emily.rao990@demoemployee.com,Male,1993-12-15,2019-02-04,Research and Development,Research Analyst,EMP0152,Permanent,Onsite,Gurugram,Haryana,India,B.Com,13,1169000,15,5,19,1,25,No,Active,2023-08-14
EMP0991,Arjun,Taylor,Arjun Taylor,arjun.taylor991@demoemployee.com,Female,1973-10-17,2020-12-21,Human Resources,Training Coordinator,EMP0110,Intern,Hybrid,Ahmedabad,Gujarat,India,B.E.,1,544000,3,4,24,9,62,No,Active,2025-07-21
EMP0992,Krishna,Gupta,Krishna Gupta,krishna.gupta992@demoemployee.com,Female,2004-05-20,2014-06-01,Research and Development,ML Engineer,EMP0108,Intern,Hybrid,Noida,Uttar Pradesh,India,B.E.,2,624000,3,3,9,21,104,No,Active,
EMP0993,Sophia,Singh,Sophia Singh,sophia.singh993@demoemployee.com,Male,1985-09-05,2022-02-23,Research and Development,ML Engineer,EMP0173,Contract,Hybrid,Pune,Maharashtra,India,B.Tech,21,1232000,20,5,5,2,14,No,On Leave,2023-11-18
EMP0994,Nisha,Brown,Nisha Brown,nisha.brown994@demoemployee.com,Male,1969-10-09,2017-05-16,Finance,Financial Analyst,EMP0083,Permanent,Remote,Delhi,Delhi,India,Diploma,20,1421000,3,4,13,20,53,No,Resigned,
EMP0995,Olivia,Joseph,Olivia Joseph,olivia.joseph995@demoemployee.com,Female,1976-09-03,2020-11-01,Research and Development,Data Scientist,EMP0187,Permanent,Hybrid,Delhi,Delhi,India,B.Com,13,894000,15,1,13,5,114,No,Active,
EMP0996,Karthik,Joseph,Karthik Joseph,karthik.joseph996@demoemployee.com,Male,1976-12-05,2020-03-02,Research and Development,ML Engineer,EMP0014,Contract,Hybrid,Chennai,Tamil Nadu,India,B.Sc.,20,1116000,10,4,14,12,108,No,Active,2025-12-12
EMP0997,Grace,Singh,Grace Singh,grace.singh997@demoemployee.com,Female,2005-04-22,2024-05-15,Operations,Process Associate,EMP0007,Contract,Onsite,Mumbai,Maharashtra,India,B.Tech,1,434000,5,1,11,20,45,No,Active,
EMP0998,Kavya,Rao,Kavya Rao,kavya.rao998@demoemployee.com,Female,1994-11-16,2016-02-01,Finance,Payroll Executive,EMP0048,Intern,Hybrid,Kochi,Kerala,India,MBA,1,610000,10,5,23,10,1,No,Active,2023-10-27
EMP0999,Sophia,Gupta,Sophia Gupta,sophia.gupta999@demoemployee.com,Female,1996-09-12,2016-12-07,Information Technology,DevOps Engineer,EMP0107,Intern,Hybrid,Delhi,Delhi,India,M.Sc.,10,1108000,15,4,0,22,109,No,Active,2018-01-11
EMP1000,Ishita,Thomas,Ishita Thomas,ishita.thomas1000@demoemployee.com,Male,1978-12-12,2013-08-26,Finance,Financial Analyst,EMP0120,Contract,Remote,Coimbatore,Tamil Nadu,India,M.Com,6,653000,7.5,4,20,18,94,No,On Leave,2016-09-25
