SalesID,OrderID,OrderDate,CustomerID,ProductID,Quantity,UnitPrice,DiscountPct,SalesAmount,CostAmount,Profit,SalesChannel,PaymentMethod,ShipMode,OrderStatus,Region,City,SalesRep
S00001,O10001,2025-10-04,C0429,P0018,3,13989.61,0.15,35673.51,32918.07,2755.44,Store,Net Banking,Standard,Delivered,South,Hyderabad,Sales Rep C
S00002,O10002,2026-01-29,C0438,P0313,4,5705.57,0,22822.28,17907.08,4915.2,Store,Cash,Express,Delivered,West,Pune,Sales Rep B
S00003,O10003,2025-07-08,C0106,P0195,6,2911.98,0.1,15724.69,13099.32,2625.37,Partner,UPI,Same Day,Delivered,South,Hyderabad,Sales Rep A
S00004,O10004,2025-12-23,C0278,P0391,1,37172.02,0.15,31596.22,23089.12,8507.1,Store,Net Banking,Same Day,Delivered,East,Kolkata,Sales Rep A
S00005,O10005,2026-03-21,C0175,P0372,4,18819.89,0.2,60223.65,51143.2,9080.45,Partner,UPI,Standard,Returned,South,Hyderabad,Sales Rep C
S00006,O10006,2026-07-02,C0440,P0481,4,18210.16,0.1,65556.58,46121.16,19435.42,Partner,Net Banking,Standard,Returned,South,Hyderabad,Sales Rep D
S00007,O10007,2025-09-01,C0382,P0474,2,27354.83,0,54709.66,34579.16,20130.5,Store,Net Banking,Standard,Delivered,South,Bengaluru,Sales Rep C
S00008,O10008,2026-02-09,C0173,P0293,1,28409.28,0.15,24147.89,21771.59,2376.3,Store,Net Banking,Express,Delivered,South,Bengaluru,Sales Rep A
S00009,O10009,2026-08-06,C0064,P0158,6,27678.74,0.05,157768.82,137445.0,20323.82,Store,Card,Express,Returned,West,Pune,Sales Rep A
S00010,O10010,2026-04-23,C0226,P0005,1,14471.91,0.05,13748.31,10644.66,3103.65,Store,Card,Express,Delivered,East,Kolkata,Sales Rep A
S00011,O10011,2026-07-19,C0142,P0460,3,15601.74,0,46805.22,36745.86,10059.36,Store,Card,Express,Delivered,South,Bengaluru,Sales Rep C
S00012,O10012,2025-05-11,C0445,P0254,2,26484.13,0.2,42374.61,37000.88,5373.73,Online,Card,Same Day,Delivered,South,Coimbatore,Sales Rep B
S00013,O10013,2025-02-09,C0059,P0336,2,20833.86,0.2,33334.18,34050.24,-716.06,Partner,Cash,Same Day,Delivered,South,Bengaluru,Sales Rep A
S00014,O10014,2025-08-22,C0284,P0368,1,626.93,0.2,501.54,420.13,81.41,Store,Net Banking,Standard,Delivered,South,Coimbatore,Sales Rep A
S00015,O10015,2025-12-25,C0308,P0121,1,11616.81,0,11616.81,9453.19,2163.62,Partner,Cash,Standard,Delivered,South,Hyderabad,Sales Rep B
S00016,O10016,2026-08-08,C0105,P0167,3,592.78,0.2,1422.67,1195.86,226.81,Store,UPI,Same Day,Returned,South,Bengaluru,Sales Rep C
S00017,O10017,2025-12-01,C0074,P0013,5,2182.41,0.05,10366.45,7106.65,3259.8,Store,Cash,Same Day,Delivered,West,Pune,Sales Rep D
S00018,O10018,2025-10-29,C0483,P0499,5,14860.62,0,74303.1,63129.3,11173.8,Online,Net Banking,Standard,Delivered,North,Jaipur,Sales Rep B
S00019,O10019,2025-01-27,C0467,P0303,1,20116.01,0.15,17098.61,17024.59,74.02,Online,Net Banking,Same Day,Delivered,South,Bengaluru,Sales Rep B
S00020,O10020,2025-02-03,C0194,P0426,6,16340.8,0.2,78435.84,76370.52,2065.32,Online,Cash,Same Day,Delivered,East,Bhubaneswar,Sales Rep A
S00021,O10021,2025-08-18,C0491,P0479,5,8643.34,0.15,36734.19,35714.4,1019.79,Partner,Cash,Same Day,Delivered,North,Jaipur,Sales Rep A
S00022,O10022,2026-06-22,C0311,P0242,5,24173.28,0.1,108779.76,98984.0,9795.76,Store,Net Banking,Standard,Delivered,West,Mumbai,Sales Rep B
S00023,O10023,2026-01-06,C0169,P0125,2,9252.78,0.1,16655.0,12688.86,3966.14,Store,UPI,Same Day,Delivered,East,Bhubaneswar,Sales Rep D
S00024,O10024,2026-02-24,C0376,P0491,3,8669.17,0,26007.51,19743.48,6264.03,Store,UPI,Express,Returned,South,Bengaluru,Sales Rep B
S00025,O10025,2026-03-05,C0230,P0403,2,5939.95,0.15,10097.91,9865.38,232.53,Online,Card,Express,Delivered,East,Bhubaneswar,Sales Rep C
S00026,O10026,2025-12-16,C0408,P0147,3,911.0,0,2733.0,1925.73,807.27,Online,Cash,Express,Delivered,West,Mumbai,Sales Rep D
S00027,O10027,2025-07-22,C0324,P0452,2,30535.99,0.1,54964.78,43414.08,11550.7,Online,Card,Standard,Returned,West,Mumbai,Sales Rep C
S00028,O10028,2026-04-27,C0392,P0284,6,12888.37,0,77330.22,54342.6,22987.62,Online,UPI,Express,Delivered,South,Chennai,Sales Rep B
S00029,O10029,2026-06-12,C0038,P0068,5,10576.57,0.1,47594.57,45279.5,2315.07,Store,Net Banking,Standard,Returned,West,Pune,Sales Rep B
S00030,O10030,2025-05-02,C0365,P0151,3,16628.22,0.05,47390.43,34788.09,12602.34,Partner,UPI,Same Day,Delivered,South,Hyderabad,Sales Rep A
S00031,O10031,2025-12-30,C0379,P0472,4,27571.96,0.1,99259.06,75663.76,23595.3,Partner,Cash,Same Day,Returned,West,Pune,Sales Rep C
S00032,O10032,2025-05-18,C0388,P0245,6,32567.41,0,195404.46,129957.36,65447.1,Partner,UPI,Standard,Delivered,North,Jaipur,Sales Rep C
S00033,O10033,2026-04-10,C0346,P0333,4,25260.16,0.05,95988.61,65502.72,30485.89,Store,Card,Same Day,Delivered,East,Kolkata,Sales Rep A
S00034,O10034,2026-05-21,C0119,P0153,3,33389.88,0,100169.64,68031.87,32137.77,Partner,Cash,Express,Delivered,North,Jaipur,Sales Rep D
S00035,O10035,2025-07-02,C0164,P0388,2,26597.14,0,53194.28,40802.78,12391.5,Partner,Card,Express,Delivered,East,Kolkata,Sales Rep C
S00036,O10036,2025-10-19,C0051,P0178,2,11844.93,0,23689.86,16904.62,6785.24,Store,Net Banking,Express,Returned,South,Coimbatore,Sales Rep B
S00037,O10037,2025-10-23,C0454,P0087,3,22483.27,0.15,57332.34,41204.67,16127.67,Online,Card,Same Day,Delivered,West,Pune,Sales Rep B
S00038,O10038,2026-07-20,C0050,P0106,5,20403.08,0,102015.4,68632.5,33382.9,Online,UPI,Same Day,Delivered,North,Jaipur,Sales Rep A
S00039,O10039,2025-01-27,C0251,P0427,3,29644.19,0,88932.57,63095.94,25836.63,Store,Cash,Same Day,Returned,North,Jaipur,Sales Rep B
S00040,O10040,2025-10-30,C0426,P0233,1,357.2,0.2,285.76,276.92,8.84,Partner,UPI,Express,Returned,South,Hyderabad,Sales Rep D
S00041,O10041,2025-05-21,C0135,P0045,3,11434.42,0.2,27442.61,27547.41,-104.8,Partner,UPI,Express,Delivered,East,Kolkata,Sales Rep B
S00042,O10042,2025-12-01,C0373,P0039,2,14186.99,0.15,24117.88,23104.84,1013.04,Store,Net Banking,Express,Delivered,South,Bengaluru,Sales Rep C
S00043,O10043,2025-02-09,C0457,P0474,4,27354.83,0,109419.32,69158.32,40261.0,Partner,Net Banking,Standard,Delivered,South,Coimbatore,Sales Rep A
S00044,O10044,2026-01-21,C0126,P0071,2,27987.71,0.2,44780.34,44201.8,578.54,Online,Net Banking,Express,Delivered,East,Bhubaneswar,Sales Rep D
S00045,O10045,2026-05-24,C0417,P0096,3,14683.49,0,44050.47,30954.24,13096.23,Online,UPI,Same Day,Delivered,South,Bengaluru,Sales Rep A
S00046,O10046,2026-05-18,C0223,P0035,5,20001.15,0.15,85004.89,69979.55,15025.34,Online,Card,Standard,Returned,East,Kolkata,Sales Rep C
S00047,O10047,2025-08-29,C0315,P0195,6,2911.98,0.05,16598.29,13099.32,3498.97,Store,Card,Express,Delivered,South,Hyderabad,Sales Rep C
S00048,O10048,2026-05-17,C0343,P0249,6,6933.5,0.1,37440.9,27611.58,9829.32,Partner,Net Banking,Same Day,Returned,South,Coimbatore,Sales Rep C
S00049,O10049,2025-04-26,C0050,P0113,3,4395.27,0.1,11867.23,9301.17,2566.06,Store,Net Banking,Standard,Returned,North,Jaipur,Sales Rep A
S00050,O10050,2025-11-23,C0091,P0238,6,24682.53,0,148095.18,124348.02,23747.16,Store,Cash,Same Day,Delivered,East,Kolkata,Sales Rep D
S00051,O10051,2026-05-16,C0431,P0413,5,22530.53,0.1,101387.38,71438.65,29948.73,Partner,Card,Standard,Delivered,East,Kolkata,Sales Rep C
S00052,O10052,2026-02-23,C0260,P0111,1,2777.29,0.15,2360.7,1834.68,526.02,Store,Net Banking,Same Day,Delivered,East,Bhubaneswar,Sales Rep D
S00053,O10053,2026-03-29,C0201,P0415,4,8203.99,0.1,29534.36,28068.44,1465.92,Store,UPI,Express,Returned,West,Mumbai,Sales Rep B
S00054,O10054,2025-02-16,C0174,P0326,3,26504.24,0.1,71561.45,59433.96,12127.49,Store,Card,Same Day,Delivered,South,Hyderabad,Sales Rep B
S00055,O10055,2025-04-23,C0400,P0321,5,24511.4,0.15,104173.45,79668.05,24505.4,Store,Card,Same Day,Delivered,North,Delhi,Sales Rep A
S00056,O10056,2025-04-03,C0411,P0195,6,2911.98,0.05,16598.29,13099.32,3498.97,Store,UPI,Same Day,Delivered,West,Pune,Sales Rep B
S00057,O10057,2025-07-23,C0186,P0275,2,7039.26,0.15,11966.74,8839.46,3127.28,Store,Card,Express,Delivered,West,Mumbai,Sales Rep C
S00058,O10058,2025-08-09,C0170,P0212,5,1436.74,0.2,5746.96,5438.6,308.36,Online,UPI,Standard,Delivered,South,Chennai,Sales Rep A
S00059,O10059,2026-05-12,C0257,P0204,1,1787.63,0,1787.63,1439.81,347.82,Store,Net Banking,Standard,Delivered,South,Coimbatore,Sales Rep B
S00060,O10060,2025-05-07,C0018,P0140,4,8677.46,0.2,27767.87,29378.4,-1610.53,Store,Card,Same Day,Delivered,West,Mumbai,Sales Rep A
S00061,O10061,2026-06-01,C0040,P0038,6,21372.32,0.2,102587.14,77872.98,24714.16,Partner,Cash,Standard,Delivered,South,Coimbatore,Sales Rep B
S00062,O10062,2026-02-05,C0049,P0377,2,19068.96,0.15,32417.23,31552.46,864.77,Store,Net Banking,Express,Delivered,West,Mumbai,Sales Rep C
S00063,O10063,2025-07-27,C0141,P0235,1,31618.05,0.05,30037.15,22266.76,7770.39,Partner,Cash,Express,Delivered,South,Hyderabad,Sales Rep D
S00064,O10064,2026-02-21,C0048,P0114,5,20089.08,0.05,95423.13,81114.95,14308.18,Store,Net Banking,Same Day,Delivered,South,Hyderabad,Sales Rep D
S00065,O10065,2026-02-08,C0009,P0255,3,36833.92,0.15,93926.5,73477.92,20448.58,Partner,UPI,Express,Delivered,South,Hyderabad,Sales Rep A
S00066,O10066,2025-08-26,C0204,P0395,4,17665.43,0.05,67128.63,49871.16,17257.47,Store,UPI,Same Day,Delivered,West,Pune,Sales Rep C
S00067,O10067,2025-03-27,C0074,P0415,1,8203.99,0.15,6973.39,7017.11,-43.72,Online,Card,Express,Delivered,West,Pune,Sales Rep A
S00068,O10068,2026-04-30,C0073,P0207,5,25422.32,0.2,101689.28,85291.5,16397.78,Partner,Card,Standard,Returned,West,Mumbai,Sales Rep C
S00069,O10069,2025-12-12,C0211,P0160,2,26669.44,0,53338.88,34590.38,18748.5,Store,Cash,Standard,Delivered,East,Kolkata,Sales Rep B
S00070,O10070,2026-05-16,C0387,P0288,5,28544.52,0.1,128450.34,95450.05,33000.29,Store,Card,Express,Returned,South,Bengaluru,Sales Rep D
S00071,O10071,2025-03-25,C0264,P0285,1,9400.28,0.1,8460.25,7103.58,1356.67,Partner,UPI,Express,Delivered,North,Jaipur,Sales Rep A
S00072,O10072,2025-05-05,C0083,P0267,2,9960.71,0,19921.42,14858.66,5062.76,Store,UPI,Standard,Returned,West,Mumbai,Sales Rep D
S00073,O10073,2026-06-22,C0088,P0321,4,24511.4,0,98045.6,63734.44,34311.16,Partner,Cash,Express,Delivered,South,Bengaluru,Sales Rep C
S00074,O10074,2025-10-29,C0061,P0223,6,7387.78,0.2,35461.34,35184.06,277.28,Store,Net Banking,Same Day,Delivered,West,Pune,Sales Rep B
S00075,O10075,2026-06-20,C0073,P0149,6,25199.32,0,151195.92,111353.22,39842.7,Partner,Net Banking,Same Day,Delivered,West,Mumbai,Sales Rep D
S00076,O10076,2025-12-05,C0237,P0108,6,33563.84,0.2,161106.43,134450.16,26656.27,Online,Card,Same Day,Returned,South,Chennai,Sales Rep A
S00077,O10077,2025-07-03,C0163,P0214,2,17370.7,0.1,31267.26,25610.88,5656.38,Online,UPI,Express,Delivered,West,Pune,Sales Rep B
S00078,O10078,2026-07-05,C0356,P0049,4,879.64,0.05,3342.63,2221.72,1120.91,Online,UPI,Same Day,Returned,North,Delhi,Sales Rep B
S00079,O10079,2026-07-27,C0035,P0180,2,27815.89,0.05,52850.19,40091.1,12759.09,Partner,UPI,Standard,Delivered,West,Mumbai,Sales Rep C
S00080,O10080,2026-03-13,C0421,P0467,5,274.31,0.2,1097.24,1034.25,62.99,Store,Net Banking,Same Day,Returned,South,Chennai,Sales Rep C
S00081,O10081,2025-07-27,C0288,P0278,1,23210.59,0.15,19729.0,14716.16,5012.84,Online,UPI,Same Day,Delivered,East,Kolkata,Sales Rep C
S00082,O10082,2026-08-01,C0092,P0135,1,35156.58,0,35156.58,23637.43,11519.15,Partner,Cash,Express,Delivered,South,Chennai,Sales Rep D
S00083,O10083,2025-01-03,C0108,P0087,2,22483.27,0,44966.54,27469.78,17496.76,Online,Card,Standard,Delivered,South,Hyderabad,Sales Rep D
S00084,O10084,2025-11-28,C0448,P0001,1,9078.55,0,9078.55,5791.85,3286.7,Online,Cash,Express,Returned,South,Chennai,Sales Rep C
S00085,O10085,2025-05-01,C0155,P0257,2,13815.5,0.15,23486.35,17753.26,5733.09,Store,Cash,Express,Returned,East,Kolkata,Sales Rep C
S00086,O10086,2026-06-19,C0160,P0430,3,28522.86,0.15,72733.29,53138.37,19594.92,Online,Card,Standard,Delivered,South,Bengaluru,Sales Rep B
S00087,O10087,2026-07-28,C0431,P0224,4,7841.07,0.1,28227.85,20974.56,7253.29,Partner,Net Banking,Same Day,Delivered,East,Kolkata,Sales Rep D
S00088,O10088,2025-07-02,C0334,P0179,1,2084.01,0.05,1979.81,1264.48,715.33,Store,Net Banking,Same Day,Returned,East,Bhubaneswar,Sales Rep B
S00089,O10089,2025-07-15,C0316,P0287,4,24856.82,0.05,94455.92,85341.48,9114.44,Online,UPI,Standard,Returned,South,Coimbatore,Sales Rep C
S00090,O10090,2025-01-06,C0270,P0100,5,2996.59,0.05,14233.8,10680.75,3553.05,Store,UPI,Express,Delivered,West,Mumbai,Sales Rep A
S00091,O10091,2025-02-04,C0311,P0140,6,8677.46,0.05,49461.52,44067.6,5393.92,Partner,Cash,Express,Delivered,West,Mumbai,Sales Rep C
S00092,O10092,2025-02-28,C0141,P0321,5,24511.4,0,122557.0,79668.05,42888.95,Partner,Cash,Same Day,Returned,South,Hyderabad,Sales Rep D
S00093,O10093,2026-07-13,C0089,P0243,1,15063.41,0,15063.41,10485.97,4577.44,Store,UPI,Same Day,Delivered,West,Pune,Sales Rep B
S00094,O10094,2025-05-15,C0446,P0436,1,9385.53,0.1,8446.98,6748.36,1698.62,Online,UPI,Express,Delivered,East,Bhubaneswar,Sales Rep C
S00095,O10095,2026-07-12,C0050,P0440,3,7788.68,0,23366.04,18579.99,4786.05,Partner,UPI,Express,Delivered,North,Jaipur,Sales Rep B
S00096,O10096,2026-01-11,C0464,P0301,5,13704.5,0,68522.5,55306.0,13216.5,Partner,Cash,Express,Delivered,South,Bengaluru,Sales Rep A
S00097,O10097,2026-05-29,C0099,P0423,2,15389.0,0.2,24622.4,23027.76,1594.64,Store,UPI,Standard,Returned,North,Delhi,Sales Rep A
S00098,O10098,2025-07-23,C0142,P0312,6,21290.98,0.15,108584.0,82543.62,26040.38,Store,Card,Same Day,Delivered,South,Bengaluru,Sales Rep C
S00099,O10099,2025-12-26,C0141,P0288,1,28544.52,0.05,27117.29,19090.01,8027.28,Store,UPI,Same Day,Returned,South,Hyderabad,Sales Rep A
S00100,O10100,2025-04-03,C0060,P0471,2,24362.07,0.2,38979.31,34755.6,4223.71,Online,Card,Express,Delivered,South,Bengaluru,Sales Rep B
S00101,O10101,2025-08-11,C0404,P0006,6,21966.44,0.05,125208.71,83514.42,41694.29,Store,UPI,Same Day,Delivered,West,Pune,Sales Rep C
S00102,O10102,2025-07-15,C0429,P0349,6,24559.92,0.2,117887.62,104411.58,13476.04,Online,Net Banking,Standard,Returned,South,Hyderabad,Sales Rep C
S00103,O10103,2025-05-24,C0092,P0143,5,19730.52,0.05,93719.97,71985.85,21734.12,Store,Card,Standard,Delivered,South,Chennai,Sales Rep B
S00104,O10104,2025-09-23,C0091,P0152,6,23373.54,0.1,126217.12,111103.26,15113.86,Store,UPI,Express,Delivered,East,Kolkata,Sales Rep C
S00105,O10105,2026-06-20,C0179,P0396,4,8106.06,0.2,25939.39,20582.92,5356.47,Partner,Card,Standard,Returned,West,Pune,Sales Rep B
S00106,O10106,2025-08-04,C0276,P0292,6,6891.16,0.1,37212.26,26171.4,11040.86,Store,Net Banking,Standard,Delivered,South,Hyderabad,Sales Rep C
S00107,O10107,2025-08-04,C0047,P0263,3,5870.72,0,17612.16,14788.89,2823.27,Store,Net Banking,Standard,Delivered,West,Mumbai,Sales Rep B
S00108,O10108,2026-04-24,C0244,P0072,5,12011.03,0.05,57052.39,41990.5,15061.89,Store,Cash,Same Day,Delivered,North,Jaipur,Sales Rep C
S00109,O10109,2026-01-03,C0360,P0054,1,20171.98,0,20171.98,13361.4,6810.58,Store,Cash,Express,Delivered,South,Hyderabad,Sales Rep A
S00110,O10110,2026-01-02,C0096,P0468,3,31081.98,0,93245.94,74694.54,18551.4,Store,Card,Standard,Returned,North,Delhi,Sales Rep D
S00111,O10111,2026-03-22,C0304,P0295,6,26399.94,0.1,142559.68,105191.34,37368.34,Store,Card,Express,Delivered,South,Hyderabad,Sales Rep C
S00112,O10112,2026-02-15,C0248,P0348,3,7138.1,0,21414.3,13069.05,8345.25,Online,UPI,Express,Returned,North,Jaipur,Sales Rep C
S00113,O10113,2026-02-15,C0489,P0296,5,20945.56,0,104727.8,87435.85,17291.95,Online,Card,Express,Delivered,South,Coimbatore,Sales Rep B
S00114,O10114,2025-12-08,C0067,P0340,1,5254.94,0,5254.94,3508.02,1746.92,Store,Card,Express,Returned,South,Chennai,Sales Rep D
S00115,O10115,2025-01-01,C0085,P0236,6,30684.94,0,184109.64,113600.82,70508.82,Online,Card,Express,Delivered,South,Coimbatore,Sales Rep A
S00116,O10116,2025-07-28,C0095,P0121,4,11616.81,0,46467.24,37812.76,8654.48,Partner,Card,Standard,Delivered,North,Jaipur,Sales Rep A
S00117,O10117,2025-12-19,C0245,P0082,1,12512.84,0.1,11261.56,7839.53,3422.03,Partner,Cash,Same Day,Delivered,South,Coimbatore,Sales Rep D
S00118,O10118,2026-04-20,C0343,P0193,6,28043.68,0,168262.08,114410.58,53851.5,Online,Cash,Standard,Delivered,South,Coimbatore,Sales Rep B
S00119,O10119,2025-12-01,C0205,P0396,3,8106.06,0.2,19454.54,15437.19,4017.35,Partner,Cash,Same Day,Returned,South,Bengaluru,Sales Rep A
S00120,O10120,2025-01-28,C0178,P0251,2,1992.64,0.15,3387.49,3422.44,-34.95,Online,Card,Express,Delivered,West,Pune,Sales Rep C
S00121,O10121,2025-01-02,C0257,P0422,5,9912.28,0.15,42127.19,38022.3,4104.89,Store,UPI,Same Day,Delivered,South,Coimbatore,Sales Rep B
S00122,O10122,2025-02-15,C0256,P0097,2,40374.0,0.05,76710.6,49181.58,27529.02,Store,UPI,Express,Returned,East,Kolkata,Sales Rep B
S00123,O10123,2025-10-19,C0218,P0078,3,7769.09,0.1,20976.54,14460.24,6516.3,Partner,Cash,Standard,Delivered,West,Mumbai,Sales Rep D
S00124,O10124,2026-02-12,C0092,P0084,6,17061.01,0.15,87011.15,68598.96,18412.19,Online,Cash,Standard,Delivered,South,Chennai,Sales Rep A
S00125,O10125,2026-02-19,C0336,P0442,1,23356.92,0,23356.92,17078.73,6278.19,Store,Card,Same Day,Returned,South,Hyderabad,Sales Rep D
S00126,O10126,2026-02-16,C0006,P0249,4,6933.5,0,27734.0,18407.72,9326.28,Store,Cash,Express,Delivered,South,Coimbatore,Sales Rep D
S00127,O10127,2026-04-30,C0258,P0191,6,35783.11,0.05,203963.73,140478.9,63484.83,Partner,Net Banking,Standard,Delivered,South,Chennai,Sales Rep D
S00128,O10128,2026-01-28,C0273,P0389,6,16400.49,0,98402.94,81914.88,16488.06,Online,UPI,Express,Delivered,North,Delhi,Sales Rep B
S00129,O10129,2026-04-11,C0264,P0417,4,3358.16,0,13432.64,8464.76,4967.88,Store,Net Banking,Standard,Delivered,North,Jaipur,Sales Rep D
S00130,O10130,2025-02-21,C0236,P0188,5,6971.35,0.2,27885.4,27077.95,807.45,Store,Net Banking,Express,Delivered,East,Kolkata,Sales Rep C
S00131,O10131,2025-01-25,C0393,P0420,5,26089.15,0.05,123923.46,108091.95,15831.51,Online,Net Banking,Express,Returned,East,Kolkata,Sales Rep A
S00132,O10132,2025-11-01,C0229,P0167,6,592.78,0,3556.68,2391.72,1164.96,Partner,UPI,Express,Delivered,East,Bhubaneswar,Sales Rep D
S00133,O10133,2025-03-28,C0128,P0090,5,17913.81,0,89569.05,66594.5,22974.55,Online,Card,Same Day,Returned,West,Mumbai,Sales Rep D
S00134,O10134,2025-12-20,C0458,P0141,4,22733.24,0.2,72746.37,56863.64,15882.73,Partner,Card,Same Day,Returned,South,Hyderabad,Sales Rep A
S00135,O10135,2026-01-17,C0040,P0168,1,32167.78,0,32167.78,24382.17,7785.61,Partner,UPI,Express,Delivered,South,Coimbatore,Sales Rep C
S00136,O10136,2025-11-06,C0475,P0327,4,22303.0,0.1,80290.8,66615.0,13675.8,Online,Card,Same Day,Delivered,North,Jaipur,Sales Rep A
S00137,O10137,2026-03-20,C0429,P0468,1,31081.98,0,31081.98,24898.18,6183.8,Partner,Net Banking,Express,Delivered,South,Hyderabad,Sales Rep A
S00138,O10138,2026-04-30,C0192,P0294,2,2259.44,0.1,4066.99,3348.26,718.73,Store,Card,Express,Delivered,West,Mumbai,Sales Rep D
S00139,O10139,2025-10-19,C0466,P0093,3,6403.58,0,19210.74,14311.83,4898.91,Store,Card,Standard,Returned,East,Kolkata,Sales Rep B
S00140,O10140,2026-04-19,C0141,P0137,5,17193.75,0.2,68775.0,63144.3,5630.7,Store,UPI,Standard,Delivered,South,Hyderabad,Sales Rep A
S00141,O10141,2025-08-15,C0364,P0167,1,592.78,0.15,503.86,398.62,105.24,Store,Cash,Same Day,Returned,South,Chennai,Sales Rep C
S00142,O10142,2026-05-03,C0278,P0200,5,23547.58,0,117737.9,92118.55,25619.35,Store,Net Banking,Express,Delivered,East,Kolkata,Sales Rep D
S00143,O10143,2026-05-26,C0078,P0237,2,26010.46,0.15,44217.78,33399.42,10818.36,Partner,Card,Same Day,Returned,North,Jaipur,Sales Rep C
S00144,O10144,2026-08-09,C0207,P0017,1,24037.46,0.2,19229.97,17219.23,2010.74,Store,Net Banking,Standard,Delivered,West,Pune,Sales Rep C
S00145,O10145,2025-11-19,C0156,P0150,4,18858.44,0.2,60347.01,47629.44,12717.57,Store,UPI,Standard,Delivered,West,Pune,Sales Rep C
S00146,O10146,2026-03-02,C0290,P0221,1,17626.15,0.05,16744.84,12193.64,4551.2,Partner,Cash,Standard,Returned,West,Mumbai,Sales Rep B
S00147,O10147,2025-05-07,C0194,P0311,1,6817.53,0.1,6135.78,4653.95,1481.83,Online,Card,Standard,Delivered,East,Bhubaneswar,Sales Rep B
S00148,O10148,2026-02-15,C0443,P0082,5,12512.84,0.1,56307.78,39197.65,17110.13,Store,Card,Express,Delivered,South,Bengaluru,Sales Rep C
S00149,O10149,2025-04-19,C0395,P0186,6,33323.72,0.2,159953.86,134565.54,25388.32,Partner,Net Banking,Same Day,Returned,West,Mumbai,Sales Rep B
S00150,O10150,2026-05-22,C0440,P0207,4,25422.32,0.05,96604.82,68233.2,28371.62,Store,Card,Standard,Returned,South,Hyderabad,Sales Rep C
S00151,O10151,2025-12-09,C0002,P0273,4,24006.71,0.2,76821.47,69420.24,7401.23,Online,UPI,Express,Returned,South,Chennai,Sales Rep D
S00152,O10152,2025-01-30,C0211,P0097,5,40374.0,0,201870.0,122953.95,78916.05,Online,UPI,Same Day,Returned,East,Kolkata,Sales Rep A
S00153,O10153,2025-09-13,C0167,P0313,2,5705.57,0.15,9699.47,8953.54,745.93,Partner,Cash,Same Day,Delivered,North,Jaipur,Sales Rep C
S00154,O10154,2026-02-03,C0012,P0381,5,15421.81,0.15,65542.69,67010.55,-1467.86,Online,Card,Express,Delivered,North,Delhi,Sales Rep B
S00155,O10155,2025-07-24,C0090,P0242,3,24173.28,0,72519.84,59390.4,13129.44,Store,UPI,Standard,Delivered,West,Mumbai,Sales Rep D
S00156,O10156,2026-03-31,C0236,P0126,2,2339.85,0,4679.7,3691.64,988.06,Store,UPI,Same Day,Delivered,East,Kolkata,Sales Rep B
S00157,O10157,2025-03-13,C0126,P0237,1,26010.46,0.2,20808.37,16699.71,4108.66,Online,Cash,Same Day,Returned,East,Bhubaneswar,Sales Rep D
S00158,O10158,2026-03-04,C0037,P0401,3,9738.21,0.2,23371.7,23119.11,252.59,Partner,UPI,Same Day,Delivered,East,Bhubaneswar,Sales Rep D
S00159,O10159,2025-03-03,C0247,P0424,3,2679.85,0.1,7235.59,6941.34,294.25,Partner,UPI,Express,Returned,West,Mumbai,Sales Rep D
S00160,O10160,2025-05-08,C0220,P0404,1,567.39,0,567.39,353.55,213.84,Store,UPI,Same Day,Delivered,East,Bhubaneswar,Sales Rep C
S00161,O10161,2025-12-14,C0212,P0337,2,19882.17,0,39764.34,31612.88,8151.46,Store,Card,Express,Delivered,East,Bhubaneswar,Sales Rep C
S00162,O10162,2025-03-17,C0329,P0356,4,3763.44,0.2,12043.01,13036.4,-993.39,Store,Card,Express,Delivered,North,Delhi,Sales Rep C
S00163,O10163,2025-12-05,C0353,P0228,4,34970.96,0.2,111907.07,87128.28,24778.79,Store,Net Banking,Same Day,Delivered,South,Chennai,Sales Rep B
S00164,O10164,2025-10-23,C0076,P0268,1,18725.95,0,18725.95,12968.95,5757.0,Store,Net Banking,Same Day,Delivered,West,Mumbai,Sales Rep C
S00165,O10165,2025-06-12,C0484,P0367,5,15068.18,0.2,60272.72,52868.5,7404.22,Store,Cash,Same Day,Returned,South,Chennai,Sales Rep C
S00166,O10166,2025-05-12,C0080,P0381,2,15421.81,0.15,26217.08,26804.22,-587.14,Store,Cash,Express,Delivered,East,Kolkata,Sales Rep A
S00167,O10167,2025-11-07,C0436,P0109,2,8256.54,0.15,14036.12,13980.0,56.12,Online,Net Banking,Express,Returned,South,Chennai,Sales Rep D
S00168,O10168,2025-06-24,C0317,P0461,3,17236.54,0.2,41367.7,34077.6,7290.1,Online,Net Banking,Same Day,Delivered,North,Delhi,Sales Rep D
S00169,O10169,2026-05-12,C0444,P0475,6,29130.43,0,174782.58,108006.12,66776.46,Partner,Cash,Standard,Returned,South,Coimbatore,Sales Rep D
S00170,O10170,2025-03-08,C0008,P0343,3,35237.97,0,105713.91,71602.56,34111.35,Store,Card,Standard,Delivered,East,Kolkata,Sales Rep C
S00171,O10171,2025-05-03,C0312,P0399,6,22207.05,0,133242.3,85584.24,47658.06,Store,Cash,Express,Delivered,East,Bhubaneswar,Sales Rep B
S00172,O10172,2026-01-08,C0380,P0104,6,606.12,0,3636.72,2253.78,1382.94,Store,UPI,Express,Delivered,North,Jaipur,Sales Rep C
S00173,O10173,2026-07-02,C0284,P0493,6,3737.95,0.15,19063.54,16039.26,3024.28,Online,UPI,Express,Delivered,South,Coimbatore,Sales Rep B
S00174,O10174,2025-07-07,C0132,P0409,6,25021.11,0.2,120101.33,115059.78,5041.55,Online,Card,Same Day,Returned,East,Bhubaneswar,Sales Rep B
S00175,O10175,2025-09-30,C0021,P0312,5,21290.98,0.05,101132.15,68786.35,32345.8,Online,Card,Same Day,Delivered,East,Bhubaneswar,Sales Rep B
S00176,O10176,2025-03-04,C0268,P0156,2,26781.37,0,53562.74,37671.0,15891.74,Online,Cash,Express,Delivered,West,Pune,Sales Rep A
S00177,O10177,2025-03-16,C0164,P0405,2,12843.23,0.1,23117.81,15838.68,7279.13,Online,Cash,Standard,Returned,East,Kolkata,Sales Rep B
S00178,O10178,2025-08-09,C0052,P0278,5,23210.59,0.1,104447.65,73580.8,30866.85,Store,UPI,Same Day,Returned,South,Coimbatore,Sales Rep A
S00179,O10179,2026-03-30,C0369,P0454,6,11194.17,0,67165.02,53473.92,13691.1,Partner,Cash,Standard,Delivered,South,Bengaluru,Sales Rep D
S00180,O10180,2026-05-20,C0308,P0139,6,3514.83,0,21088.98,17229.9,3859.08,Store,Cash,Same Day,Delivered,South,Hyderabad,Sales Rep C
S00181,O10181,2026-06-29,C0136,P0445,2,14363.06,0.05,27289.81,20113.16,7176.65,Store,Net Banking,Same Day,Returned,West,Mumbai,Sales Rep A
S00182,O10182,2025-07-06,C0388,P0485,4,3798.32,0,15193.28,11051.64,4141.64,Store,Cash,Express,Delivered,North,Jaipur,Sales Rep B
S00183,O10183,2026-03-19,C0034,P0390,6,34393.23,0.05,196041.41,138291.24,57750.17,Online,Cash,Express,Delivered,West,Pune,Sales Rep B
S00184,O10184,2025-08-26,C0399,P0056,2,3173.04,0.05,6028.78,4121.06,1907.72,Partner,Net Banking,Express,Returned,West,Mumbai,Sales Rep A
S00185,O10185,2025-08-04,C0351,P0154,5,37978.37,0.2,151913.48,121792.65,30120.83,Online,Net Banking,Standard,Delivered,East,Bhubaneswar,Sales Rep D
S00186,O10186,2025-06-11,C0403,P0088,5,27867.73,0.2,111470.92,92525.15,18945.77,Online,Net Banking,Same Day,Returned,West,Mumbai,Sales Rep D
S00187,O10187,2025-10-03,C0400,P0372,2,18819.89,0.05,35757.79,25571.6,10186.19,Store,Net Banking,Express,Delivered,North,Delhi,Sales Rep C
S00188,O10188,2025-12-29,C0171,P0373,6,5301.87,0.05,30220.66,27655.5,2565.16,Store,Net Banking,Express,Returned,North,Delhi,Sales Rep D
S00189,O10189,2026-02-18,C0003,P0391,1,37172.02,0.1,33454.82,23089.12,10365.7,Store,Card,Express,Delivered,South,Hyderabad,Sales Rep A
S00190,O10190,2025-07-27,C0420,P0361,2,10442.76,0.2,16708.42,17768.06,-1059.64,Partner,Net Banking,Express,Delivered,North,Delhi,Sales Rep A
S00191,O10191,2026-01-27,C0165,P0219,3,5133.86,0.15,13091.34,11316.87,1774.47,Partner,Card,Standard,Returned,North,Delhi,Sales Rep C
S00192,O10192,2025-09-06,C0055,P0039,2,14186.99,0.05,26955.28,23104.84,3850.44,Partner,Cash,Same Day,Returned,East,Kolkata,Sales Rep A
S00193,O10193,2026-02-04,C0400,P0338,6,23660.52,0.2,113570.5,109240.14,4330.36,Store,Card,Express,Returned,North,Delhi,Sales Rep A
S00194,O10194,2025-12-17,C0052,P0029,3,17591.42,0.15,44858.12,33835.95,11022.17,Store,Cash,Express,Delivered,South,Coimbatore,Sales Rep D
S00195,O10195,2025-03-17,C0069,P0451,3,16149.16,0.2,38757.98,36696.39,2061.59,Store,Card,Standard,Delivered,South,Coimbatore,Sales Rep B
S00196,O10196,2026-03-25,C0288,P0046,2,6759.63,0.05,12843.3,10112.32,2730.98,Partner,Net Banking,Same Day,Delivered,East,Kolkata,Sales Rep A
S00197,O10197,2025-03-11,C0072,P0396,6,8106.06,0.2,38909.09,30874.38,8034.71,Partner,Net Banking,Express,Returned,North,Jaipur,Sales Rep B
S00198,O10198,2026-04-25,C0095,P0165,2,3445.7,0.1,6202.26,5658.16,544.1,Store,Net Banking,Standard,Delivered,North,Jaipur,Sales Rep C
S00199,O10199,2025-01-24,C0310,P0383,2,21518.51,0,43037.02,27615.74,15421.28,Partner,Cash,Express,Returned,North,Jaipur,Sales Rep D
S00200,O10200,2026-06-26,C0409,P0025,1,5475.01,0.15,4653.76,4250.62,403.14,Store,UPI,Same Day,Returned,East,Kolkata,Sales Rep A
S00201,O10201,2025-12-01,C0492,P0259,5,18567.3,0.1,83552.85,61807.6,21745.25,Store,Net Banking,Same Day,Delivered,East,Bhubaneswar,Sales Rep A
S00202,O10202,2026-07-26,C0290,P0048,1,1437.19,0.15,1221.61,1163.57,58.04,Online,UPI,Same Day,Returned,West,Mumbai,Sales Rep B
S00203,O10203,2026-03-18,C0385,P0038,3,21372.32,0.1,57705.26,38936.49,18768.77,Store,Card,Same Day,Delivered,West,Mumbai,Sales Rep A
S00204,O10204,2026-08-13,C0094,P0332,3,26696.12,0.1,72079.52,54005.52,18074.0,Partner,Cash,Standard,Returned,North,Jaipur,Sales Rep C
S00205,O10205,2026-02-04,C0004,P0320,1,16179.77,0,16179.77,13001.94,3177.83,Online,Net Banking,Express,Delivered,South,Hyderabad,Sales Rep C
S00206,O10206,2025-12-01,C0439,P0115,5,22452.7,0.1,101037.15,92021.4,9015.75,Partner,Card,Same Day,Delivered,South,Chennai,Sales Rep B
S00207,O10207,2025-06-01,C0097,P0396,2,8106.06,0.05,15401.51,10291.46,5110.05,Online,UPI,Standard,Delivered,East,Kolkata,Sales Rep B
S00208,O10208,2025-03-12,C0277,P0179,3,2084.01,0.05,5939.43,3793.44,2145.99,Online,Card,Standard,Delivered,South,Hyderabad,Sales Rep B
S00209,O10209,2025-08-27,C0218,P0139,2,3514.83,0.05,6678.18,5743.3,934.88,Online,Card,Express,Delivered,West,Mumbai,Sales Rep D
S00210,O10210,2025-08-02,C0014,P0228,4,34970.96,0,139883.84,87128.28,52755.56,Store,Cash,Express,Delivered,East,Kolkata,Sales Rep B
S00211,O10211,2025-05-08,C0395,P0195,1,2911.98,0,2911.98,2183.22,728.76,Partner,UPI,Standard,Delivered,West,Mumbai,Sales Rep A
S00212,O10212,2026-01-02,C0482,P0251,6,1992.64,0.05,11358.05,10267.32,1090.73,Store,Card,Standard,Delivered,South,Hyderabad,Sales Rep C
S00213,O10213,2026-06-05,C0245,P0131,1,13748.98,0.1,12374.08,10901.48,1472.6,Online,UPI,Express,Returned,South,Coimbatore,Sales Rep D
S00214,O10214,2025-04-13,C0493,P0440,3,7788.68,0.05,22197.74,18579.99,3617.75,Store,UPI,Express,Delivered,North,Delhi,Sales Rep B
S00215,O10215,2026-02-04,C0360,P0044,4,20385.68,0,81542.72,65336.12,16206.6,Store,Net Banking,Standard,Delivered,South,Hyderabad,Sales Rep B
S00216,O10216,2025-01-10,C0091,P0290,2,35343.72,0.15,60084.32,48103.0,11981.32,Online,Card,Same Day,Returned,East,Kolkata,Sales Rep A
S00217,O10217,2025-08-03,C0032,P0306,6,31897.1,0.2,153106.08,118789.14,34316.94,Store,Net Banking,Same Day,Returned,South,Hyderabad,Sales Rep B
S00218,O10218,2025-06-28,C0215,P0089,5,22374.33,0,111871.65,74943.1,36928.55,Partner,Card,Express,Delivered,North,Jaipur,Sales Rep B
S00219,O10219,2025-07-28,C0016,P0255,3,36833.92,0.1,99451.58,73477.92,25973.66,Partner,Net Banking,Express,Delivered,South,Hyderabad,Sales Rep A
S00220,O10220,2025-12-06,C0402,P0014,1,19075.68,0.1,17168.11,15691.9,1476.21,Online,Card,Express,Delivered,West,Mumbai,Sales Rep D
S00221,O10221,2026-06-22,C0391,P0307,2,36267.29,0,72534.58,48904.6,23629.98,Online,UPI,Express,Delivered,West,Pune,Sales Rep A
S00222,O10222,2025-04-26,C0215,P0034,4,38506.75,0.1,138624.3,94478.08,44146.22,Store,Cash,Standard,Delivered,North,Jaipur,Sales Rep C
S00223,O10223,2025-09-21,C0244,P0241,2,25693.89,0.05,48818.39,42639.52,6178.87,Partner,Net Banking,Same Day,Delivered,North,Jaipur,Sales Rep D
S00224,O10224,2026-08-08,C0253,P0384,2,5247.45,0,10494.9,7552.98,2941.92,Online,Card,Standard,Delivered,South,Coimbatore,Sales Rep A
S00225,O10225,2026-02-18,C0381,P0049,3,879.64,0.15,2243.08,1666.29,576.79,Online,Card,Standard,Delivered,North,Delhi,Sales Rep B
S00226,O10226,2025-11-05,C0374,P0338,3,23660.52,0.2,56785.25,54620.07,2165.18,Store,Net Banking,Standard,Delivered,South,Hyderabad,Sales Rep D
S00227,O10227,2025-05-29,C0192,P0339,5,23487.53,0.2,93950.12,90953.6,2996.52,Online,Cash,Same Day,Delivered,West,Mumbai,Sales Rep B
S00228,O10228,2025-05-27,C0094,P0008,6,14873.14,0,89238.84,67742.28,21496.56,Online,Card,Express,Delivered,North,Jaipur,Sales Rep A
S00229,O10229,2026-05-11,C0293,P0247,3,19932.65,0,59797.95,36982.53,22815.42,Partner,Cash,Express,Delivered,South,Hyderabad,Sales Rep D
S00230,O10230,2026-07-13,C0319,P0135,4,35156.58,0,140626.32,94549.72,46076.6,Partner,Net Banking,Same Day,Delivered,East,Kolkata,Sales Rep C
S00231,O10231,2025-09-19,C0457,P0096,3,14683.49,0.1,39645.42,30954.24,8691.18,Partner,Cash,Same Day,Delivered,South,Coimbatore,Sales Rep C
S00232,O10232,2025-09-27,C0391,P0266,1,15128.48,0.05,14372.06,9484.69,4887.37,Store,UPI,Same Day,Delivered,West,Pune,Sales Rep A
S00233,O10233,2026-04-14,C0117,P0500,1,4747.42,0,4747.42,3138.88,1608.54,Partner,Net Banking,Standard,Delivered,South,Chennai,Sales Rep C
S00234,O10234,2026-07-21,C0232,P0224,1,7841.07,0.15,6664.91,5243.64,1421.27,Online,Cash,Same Day,Delivered,South,Chennai,Sales Rep B
S00235,O10235,2025-08-16,C0431,P0349,1,24559.92,0,24559.92,17401.93,7157.99,Partner,Net Banking,Same Day,Delivered,East,Kolkata,Sales Rep A
S00236,O10236,2026-01-07,C0410,P0273,5,24006.71,0,120033.55,86775.3,33258.25,Partner,Card,Express,Delivered,East,Kolkata,Sales Rep A
S00237,O10237,2025-08-20,C0349,P0085,6,13254.32,0,79525.92,68254.86,11271.06,Partner,Cash,Standard,Delivered,South,Chennai,Sales Rep A
S00238,O10238,2026-02-15,C0492,P0497,3,1549.38,0.1,4183.33,3508.47,674.86,Partner,Cash,Express,Returned,East,Bhubaneswar,Sales Rep C
S00239,O10239,2025-11-04,C0070,P0370,1,24594.03,0,24594.03,17552.53,7041.5,Store,Net Banking,Standard,Delivered,West,Pune,Sales Rep A
S00240,O10240,2025-05-24,C0387,P0211,2,17930.75,0.1,32275.35,25710.64,6564.71,Online,Card,Express,Delivered,South,Bengaluru,Sales Rep D
S00241,O10241,2025-07-18,C0201,P0303,2,20116.01,0.05,38220.42,34049.18,4171.24,Online,Card,Express,Delivered,West,Mumbai,Sales Rep D
S00242,O10242,2025-06-05,C0064,P0372,2,18819.89,0.1,33875.8,25571.6,8304.2,Online,Net Banking,Express,Delivered,West,Pune,Sales Rep A
S00243,O10243,2026-06-21,C0267,P0160,1,26669.44,0.2,21335.55,17295.19,4040.36,Partner,Cash,Standard,Returned,South,Coimbatore,Sales Rep C
S00244,O10244,2026-07-09,C0421,P0064,6,22628.3,0.15,115404.33,115484.34,-80.01,Store,Card,Standard,Delivered,South,Chennai,Sales Rep C
S00245,O10245,2026-01-26,C0487,P0021,3,562.52,0,1687.56,1340.82,346.74,Partner,Cash,Express,Delivered,West,Mumbai,Sales Rep D
S00246,O10246,2025-08-19,C0389,P0150,5,18858.44,0,94292.2,59536.8,34755.4,Online,Net Banking,Standard,Returned,East,Kolkata,Sales Rep D
S00247,O10247,2025-04-18,C0216,P0030,3,23399.49,0.2,56158.78,49453.71,6705.07,Partner,Net Banking,Express,Delivered,South,Hyderabad,Sales Rep D
S00248,O10248,2025-09-15,C0342,P0429,3,30866.13,0,92598.39,63264.99,29333.4,Online,UPI,Same Day,Returned,East,Bhubaneswar,Sales Rep B
S00249,O10249,2025-08-15,C0300,P0254,5,26484.13,0.1,119178.58,92502.2,26676.38,Partner,Net Banking,Standard,Returned,South,Bengaluru,Sales Rep D
S00250,O10250,2026-01-27,C0311,P0266,1,15128.48,0.15,12859.21,9484.69,3374.52,Online,UPI,Same Day,Delivered,West,Mumbai,Sales Rep A
S00251,O10251,2025-09-02,C0495,P0392,3,27084.59,0.15,69065.7,61360.98,7704.72,Partner,Cash,Express,Delivered,West,Mumbai,Sales Rep C
S00252,O10252,2026-03-27,C0332,P0404,4,567.39,0.15,1929.13,1414.2,514.93,Partner,UPI,Express,Returned,West,Pune,Sales Rep A
S00253,O10253,2025-07-05,C0111,P0291,1,2955.82,0.2,2364.66,1811.72,552.94,Store,UPI,Express,Returned,South,Chennai,Sales Rep A
S00254,O10254,2025-09-17,C0374,P0234,3,3093.2,0.2,7423.68,6540.84,882.84,Store,Net Banking,Standard,Delivered,South,Hyderabad,Sales Rep D
S00255,O10255,2025-11-29,C0402,P0025,4,5475.01,0.2,17520.03,17002.48,517.55,Partner,Net Banking,Standard,Delivered,West,Mumbai,Sales Rep C
S00256,O10256,2025-12-23,C0380,P0206,2,8859.94,0.1,15947.89,10745.82,5202.07,Online,Net Banking,Express,Delivered,North,Jaipur,Sales Rep C
S00257,O10257,2025-04-14,C0425,P0157,6,13054.92,0,78329.52,56253.06,22076.46,Partner,Cash,Express,Returned,East,Kolkata,Sales Rep B
S00258,O10258,2025-07-27,C0388,P0196,3,10406.78,0.2,24976.27,19810.92,5165.35,Store,Net Banking,Express,Returned,North,Jaipur,Sales Rep C
S00259,O10259,2025-06-22,C0387,P0082,3,12512.84,0,37538.52,23518.59,14019.93,Online,Card,Same Day,Delivered,South,Bengaluru,Sales Rep C
S00260,O10260,2026-07-06,C0388,P0287,2,24856.82,0.1,44742.28,42670.74,2071.54,Partner,UPI,Standard,Delivered,North,Jaipur,Sales Rep A
S00261,O10261,2026-02-19,C0365,P0307,3,36267.29,0,108801.87,73356.9,35444.97,Partner,Net Banking,Same Day,Delivered,South,Hyderabad,Sales Rep D
S00262,O10262,2026-01-30,C0069,P0472,1,27571.96,0.2,22057.57,18915.94,3141.63,Store,UPI,Express,Delivered,South,Coimbatore,Sales Rep D
S00263,O10263,2025-09-09,C0423,P0021,5,562.52,0,2812.6,2234.7,577.9,Partner,Net Banking,Standard,Returned,North,Jaipur,Sales Rep B
S00264,O10264,2025-08-13,C0427,P0356,2,3763.44,0,7526.88,6518.2,1008.68,Store,Card,Standard,Delivered,South,Coimbatore,Sales Rep C
S00265,O10265,2025-01-22,C0125,P0494,5,20410.0,0.1,91845.0,76174.1,15670.9,Store,Cash,Same Day,Delivered,South,Bengaluru,Sales Rep D
S00266,O10266,2026-06-16,C0096,P0435,5,21530.96,0.1,96889.32,75921.4,20967.92,Partner,Cash,Same Day,Delivered,North,Delhi,Sales Rep C
S00267,O10267,2025-09-27,C0412,P0411,4,1684.78,0.05,6402.16,4266.6,2135.56,Store,Card,Express,Delivered,East,Kolkata,Sales Rep A
S00268,O10268,2025-05-18,C0491,P0355,3,27753.18,0.2,66607.63,52606.05,14001.58,Online,Card,Standard,Returned,North,Jaipur,Sales Rep C
S00269,O10269,2025-08-22,C0054,P0414,6,29465.36,0.05,167952.55,109895.46,58057.09,Partner,Card,Express,Delivered,South,Hyderabad,Sales Rep A
S00270,O10270,2026-03-25,C0236,P0317,4,12006.36,0.15,40821.62,41067.96,-246.34,Store,UPI,Standard,Delivered,East,Kolkata,Sales Rep D
S00271,O10271,2025-02-28,C0287,P0333,3,25260.16,0.1,68202.43,49127.04,19075.39,Partner,Card,Standard,Delivered,East,Bhubaneswar,Sales Rep A
S00272,O10272,2025-10-10,C0489,P0369,5,23432.63,0.05,111304.99,77354.6,33950.39,Partner,UPI,Same Day,Returned,South,Coimbatore,Sales Rep D
S00273,O10273,2025-05-17,C0361,P0392,4,27084.59,0,108338.36,81814.64,26523.72,Partner,Cash,Express,Delivered,North,Delhi,Sales Rep C
S00274,O10274,2026-06-05,C0120,P0292,4,6891.16,0,27564.64,17447.6,10117.04,Partner,Net Banking,Standard,Delivered,West,Pune,Sales Rep C
S00275,O10275,2025-03-14,C0301,P0062,5,14025.59,0,70127.95,56580.4,13547.55,Partner,Cash,Same Day,Delivered,South,Hyderabad,Sales Rep B
S00276,O10276,2025-07-03,C0128,P0308,2,23019.82,0,46039.64,37985.62,8054.02,Partner,Cash,Same Day,Delivered,West,Mumbai,Sales Rep C
S00277,O10277,2026-02-18,C0046,P0049,5,879.64,0.2,3518.56,2777.15,741.41,Partner,Cash,Express,Returned,South,Hyderabad,Sales Rep D
S00278,O10278,2025-12-18,C0071,P0434,2,412.33,0,824.66,665.4,159.26,Store,Net Banking,Standard,Returned,East,Kolkata,Sales Rep C
S00279,O10279,2025-07-08,C0256,P0047,3,13118.34,0.1,35419.52,33886.59,1532.93,Online,Card,Express,Delivered,East,Kolkata,Sales Rep C
S00280,O10280,2025-04-07,C0232,P0385,5,12437.12,0.05,59076.32,39045.95,20030.37,Online,UPI,Same Day,Delivered,South,Chennai,Sales Rep C
S00281,O10281,2025-01-02,C0049,P0087,5,22483.27,0,112416.35,68674.45,43741.9,Online,Net Banking,Express,Delivered,West,Mumbai,Sales Rep A
S00282,O10282,2026-08-05,C0410,P0464,5,13347.85,0.05,63402.29,49121.85,14280.44,Online,Card,Standard,Returned,East,Kolkata,Sales Rep B
S00283,O10283,2025-12-20,C0275,P0112,1,32516.59,0.2,26013.27,22623.07,3390.2,Online,Net Banking,Same Day,Delivered,North,Delhi,Sales Rep D
S00284,O10284,2025-07-01,C0362,P0434,5,412.33,0,2061.65,1663.5,398.15,Store,UPI,Same Day,Delivered,East,Bhubaneswar,Sales Rep A
S00285,O10285,2025-11-16,C0414,P0479,3,8643.34,0,25930.02,21428.64,4501.38,Store,Card,Same Day,Delivered,South,Coimbatore,Sales Rep A
S00286,O10286,2025-06-08,C0255,P0099,5,8508.84,0.05,40416.99,36435.35,3981.64,Store,Cash,Express,Delivered,East,Kolkata,Sales Rep A
S00287,O10287,2026-01-10,C0174,P0127,2,8122.85,0,16245.7,11977.98,4267.72,Store,Card,Express,Delivered,South,Hyderabad,Sales Rep C
S00288,O10288,2026-05-07,C0031,P0470,6,13065.63,0.2,62715.02,62727.0,-11.98,Partner,UPI,Same Day,Delivered,South,Chennai,Sales Rep C
S00289,O10289,2026-07-31,C0467,P0270,5,34045.32,0.2,136181.28,110698.65,25482.63,Partner,Cash,Same Day,Delivered,South,Bengaluru,Sales Rep C
S00290,O10290,2026-04-04,C0165,P0070,2,38371.54,0.05,72905.93,46705.16,26200.77,Partner,Cash,Express,Returned,North,Delhi,Sales Rep D
S00291,O10291,2025-01-25,C0043,P0252,4,8415.12,0,33660.48,20600.6,13059.88,Store,Cash,Same Day,Returned,West,Pune,Sales Rep C
S00292,O10292,2025-10-22,C0255,P0403,6,5939.95,0.2,28511.76,29596.14,-1084.38,Online,UPI,Standard,Delivered,East,Kolkata,Sales Rep C
S00293,O10293,2026-08-08,C0457,P0301,5,13704.5,0,68522.5,55306.0,13216.5,Partner,Net Banking,Same Day,Delivered,South,Coimbatore,Sales Rep A
S00294,O10294,2025-11-07,C0025,P0495,4,4403.18,0,17612.72,12081.48,5531.24,Store,UPI,Same Day,Returned,South,Bengaluru,Sales Rep B
S00295,O10295,2025-02-15,C0261,P0190,2,18074.38,0,36148.76,27707.96,8440.8,Store,Card,Standard,Delivered,South,Chennai,Sales Rep A
S00296,O10296,2026-05-23,C0366,P0105,2,10816.93,0.15,18388.78,16854.78,1534.0,Partner,UPI,Standard,Returned,East,Bhubaneswar,Sales Rep B
S00297,O10297,2025-04-30,C0461,P0353,3,19879.63,0,59638.89,39972.72,19666.17,Online,Net Banking,Standard,Returned,South,Hyderabad,Sales Rep B
S00298,O10298,2026-02-16,C0191,P0470,1,13065.63,0,13065.63,10454.5,2611.13,Online,Card,Same Day,Delivered,West,Mumbai,Sales Rep D
S00299,O10299,2025-11-14,C0349,P0293,2,28409.28,0.2,45454.85,43543.18,1911.67,Partner,Net Banking,Express,Delivered,South,Chennai,Sales Rep D
S00300,O10300,2026-01-22,C0422,P0212,3,1436.74,0,4310.22,3263.16,1047.06,Store,Net Banking,Same Day,Delivered,West,Mumbai,Sales Rep D
S00301,O10301,2026-04-05,C0022,P0357,2,21966.95,0.2,35147.12,35386.26,-239.14,Partner,Card,Standard,Delivered,West,Pune,Sales Rep A
S00302,O10302,2026-05-16,C0082,P0462,1,25996.84,0,25996.84,17169.74,8827.1,Partner,Net Banking,Standard,Delivered,South,Bengaluru,Sales Rep D
S00303,O10303,2025-10-21,C0146,P0275,3,7039.26,0.15,17950.11,13259.19,4690.92,Store,UPI,Standard,Returned,South,Hyderabad,Sales Rep B
S00304,O10304,2026-07-23,C0487,P0045,4,11434.42,0,45737.68,36729.88,9007.8,Online,UPI,Express,Returned,West,Mumbai,Sales Rep A
S00305,O10305,2025-02-08,C0058,P0118,4,5137.54,0,20550.16,17489.8,3060.36,Online,UPI,Standard,Returned,North,Jaipur,Sales Rep C
S00306,O10306,2025-05-27,C0225,P0379,4,6031.47,0.15,20507.0,20946.24,-439.24,Online,Card,Standard,Delivered,West,Mumbai,Sales Rep A
S00307,O10307,2025-06-06,C0292,P0008,3,14873.14,0.05,42388.45,33871.14,8517.31,Online,Net Banking,Express,Delivered,South,Bengaluru,Sales Rep A
S00308,O10308,2025-06-06,C0201,P0195,3,2911.98,0.15,7425.55,6549.66,875.89,Online,Card,Standard,Delivered,West,Mumbai,Sales Rep C
S00309,O10309,2026-03-26,C0337,P0370,1,24594.03,0.1,22134.63,17552.53,4582.1,Online,Card,Same Day,Delivered,North,Jaipur,Sales Rep B
S00310,O10310,2025-11-22,C0074,P0281,1,12959.41,0,12959.41,9945.83,3013.58,Partner,UPI,Express,Delivered,West,Pune,Sales Rep B
S00311,O10311,2025-11-26,C0371,P0478,3,10842.93,0,32528.79,21923.1,10605.69,Online,UPI,Same Day,Delivered,East,Kolkata,Sales Rep A
S00312,O10312,2026-07-31,C0196,P0002,1,21706.3,0.1,19535.67,15547.03,3988.64,Partner,UPI,Standard,Delivered,South,Hyderabad,Sales Rep A
S00313,O10313,2026-05-03,C0011,P0333,5,25260.16,0.2,101040.64,81878.4,19162.24,Store,Net Banking,Same Day,Returned,West,Pune,Sales Rep D
S00314,O10314,2025-09-01,C0467,P0384,6,5247.45,0.1,28336.23,22658.94,5677.29,Partner,Net Banking,Express,Returned,South,Bengaluru,Sales Rep D
S00315,O10315,2025-06-06,C0471,P0461,4,17236.54,0.15,58604.24,45436.8,13167.44,Store,Card,Standard,Delivered,West,Mumbai,Sales Rep B
S00316,O10316,2026-02-02,C0494,P0496,3,8746.22,0,26238.66,17219.94,9018.72,Store,UPI,Express,Delivered,East,Kolkata,Sales Rep B
S00317,O10317,2026-02-25,C0022,P0236,6,30684.94,0.15,156493.19,113600.82,42892.37,Online,Cash,Standard,Delivered,West,Pune,Sales Rep B
S00318,O10318,2026-03-08,C0483,P0208,4,20218.8,0.1,72787.68,62954.6,9833.08,Partner,Cash,Express,Returned,North,Jaipur,Sales Rep D
S00319,O10319,2025-11-30,C0187,P0173,6,5174.15,0.1,27940.41,20588.7,7351.71,Online,Card,Standard,Delivered,South,Hyderabad,Sales Rep B
S00320,O10320,2026-01-08,C0292,P0100,4,2996.59,0.15,10188.41,8544.6,1643.81,Store,Net Banking,Same Day,Delivered,South,Bengaluru,Sales Rep B
S00321,O10321,2026-04-27,C0202,P0073,1,9400.0,0.15,7990.0,8152.18,-162.18,Partner,Cash,Express,Returned,West,Pune,Sales Rep A
S00322,O10322,2025-12-12,C0103,P0112,5,32516.59,0,162582.95,113115.35,49467.6,Partner,Cash,Same Day,Returned,North,Delhi,Sales Rep B
S00323,O10323,2025-01-25,C0483,P0227,6,25199.07,0,151194.42,100581.54,50612.88,Store,Card,Express,Delivered,North,Jaipur,Sales Rep D
S00324,O10324,2025-07-22,C0295,P0401,2,9738.21,0.1,17528.78,15412.74,2116.04,Store,Cash,Standard,Delivered,South,Bengaluru,Sales Rep D
S00325,O10325,2026-06-28,C0162,P0313,6,5705.57,0.2,27386.74,26860.62,526.12,Online,UPI,Standard,Delivered,North,Delhi,Sales Rep A
S00326,O10326,2025-02-24,C0005,P0472,3,27571.96,0,82715.88,56747.82,25968.06,Store,Net Banking,Standard,Delivered,South,Chennai,Sales Rep B
S00327,O10327,2025-03-09,C0158,P0431,3,17081.97,0.15,43559.02,40267.8,3291.22,Store,Cash,Express,Delivered,South,Bengaluru,Sales Rep B
S00328,O10328,2025-04-14,C0149,P0156,5,26781.37,0,133906.85,94177.5,39729.35,Online,Card,Express,Delivered,South,Bengaluru,Sales Rep D
S00329,O10329,2026-07-20,C0082,P0288,6,28544.52,0.1,154140.41,114540.06,39600.35,Partner,Net Banking,Same Day,Delivered,South,Bengaluru,Sales Rep A
S00330,O10330,2025-05-31,C0340,P0485,4,3798.32,0,15193.28,11051.64,4141.64,Online,Card,Express,Returned,South,Chennai,Sales Rep D
S00331,O10331,2025-01-21,C0245,P0088,5,27867.73,0.2,111470.92,92525.15,18945.77,Store,Cash,Same Day,Delivered,South,Coimbatore,Sales Rep D
S00332,O10332,2026-05-19,C0458,P0011,6,10335.12,0.15,52709.11,47859.66,4849.45,Store,Net Banking,Standard,Delivered,South,Hyderabad,Sales Rep A
S00333,O10333,2025-11-04,C0091,P0070,6,38371.54,0.1,207206.32,140115.48,67090.84,Online,UPI,Same Day,Delivered,East,Kolkata,Sales Rep C
S00334,O10334,2025-03-27,C0150,P0365,3,14625.4,0.15,37294.77,27489.69,9805.08,Store,UPI,Same Day,Returned,West,Pune,Sales Rep B
S00335,O10335,2025-09-16,C0187,P0436,2,9385.53,0.15,15955.4,13496.72,2458.68,Store,UPI,Express,Delivered,South,Hyderabad,Sales Rep B
S00336,O10336,2025-09-02,C0027,P0333,6,25260.16,0.05,143982.91,98254.08,45728.83,Store,Cash,Express,Delivered,South,Hyderabad,Sales Rep A
S00337,O10337,2026-04-15,C0140,P0384,6,5247.45,0,31484.7,22658.94,8825.76,Store,UPI,Standard,Delivered,West,Mumbai,Sales Rep A
S00338,O10338,2025-07-24,C0155,P0195,4,2911.98,0.1,10483.13,8732.88,1750.25,Store,UPI,Same Day,Delivered,East,Kolkata,Sales Rep D
S00339,O10339,2026-06-09,C0172,P0188,4,6971.35,0.1,25096.86,21662.36,3434.5,Partner,Net Banking,Standard,Delivered,West,Pune,Sales Rep C
S00340,O10340,2026-05-16,C0283,P0099,3,8508.84,0.05,24250.19,21861.21,2388.98,Online,Cash,Same Day,Delivered,South,Coimbatore,Sales Rep C
S00341,O10341,2025-04-27,C0442,P0261,1,37112.17,0,37112.17,24799.43,12312.74,Online,Card,Standard,Delivered,North,Delhi,Sales Rep C
S00342,O10342,2026-08-09,C0034,P0079,2,3872.91,0,7745.82,5933.26,1812.56,Online,UPI,Same Day,Delivered,West,Pune,Sales Rep C
S00343,O10343,2025-03-14,C0446,P0466,2,21655.64,0.15,36814.59,33269.72,3544.87,Partner,Cash,Same Day,Delivered,East,Bhubaneswar,Sales Rep A
S00344,O10344,2025-02-27,C0314,P0063,6,18940.62,0,113643.72,95286.48,18357.24,Online,UPI,Standard,Delivered,South,Bengaluru,Sales Rep A
S00345,O10345,2025-08-27,C0002,P0222,2,26873.21,0,53746.42,44474.76,9271.66,Partner,UPI,Express,Delivered,South,Chennai,Sales Rep B
S00346,O10346,2025-07-22,C0244,P0419,6,29452.41,0.1,159043.01,123537.3,35505.71,Partner,Card,Express,Delivered,North,Jaipur,Sales Rep A
S00347,O10347,2026-06-04,C0227,P0095,1,16613.12,0,16613.12,10649.19,5963.93,Online,Card,Express,Delivered,South,Bengaluru,Sales Rep B
S00348,O10348,2025-03-19,C0359,P0064,2,22628.3,0,45256.6,38494.78,6761.82,Store,Card,Standard,Returned,South,Hyderabad,Sales Rep C
S00349,O10349,2026-06-03,C0308,P0212,6,1436.74,0.05,8189.42,6526.32,1663.1,Online,Cash,Express,Delivered,South,Hyderabad,Sales Rep B
S00350,O10350,2025-09-15,C0272,P0004,3,11927.64,0,35782.92,24569.61,11213.31,Online,UPI,Standard,Returned,South,Bengaluru,Sales Rep C
S00351,O10351,2025-03-03,C0463,P0376,5,20168.91,0.1,90760.1,77528.7,13231.4,Online,Cash,Standard,Delivered,South,Bengaluru,Sales Rep C
S00352,O10352,2026-01-06,C0302,P0395,6,17665.43,0.2,84794.06,74806.74,9987.32,Partner,UPI,Same Day,Delivered,South,Coimbatore,Sales Rep C
S00353,O10353,2026-05-07,C0231,P0184,3,4442.49,0.1,11994.72,11451.18,543.54,Store,Cash,Express,Delivered,North,Jaipur,Sales Rep B
S00354,O10354,2025-02-13,C0301,P0088,6,27867.73,0.05,158846.06,111030.18,47815.88,Store,Cash,Express,Delivered,South,Hyderabad,Sales Rep D
S00355,O10355,2026-04-21,C0238,P0445,4,14363.06,0,57452.24,40226.32,17225.92,Online,Cash,Express,Delivered,South,Hyderabad,Sales Rep B
S00356,O10356,2026-01-26,C0404,P0163,6,19992.81,0,119956.86,79551.96,40404.9,Store,Net Banking,Standard,Returned,West,Pune,Sales Rep B
S00357,O10357,2025-07-08,C0078,P0304,2,31482.98,0,62965.96,46726.88,16239.08,Online,Cash,Express,Delivered,North,Jaipur,Sales Rep C
S00358,O10358,2025-01-23,C0173,P0102,4,31982.79,0.1,115138.04,83813.4,31324.64,Online,Net Banking,Same Day,Delivered,South,Bengaluru,Sales Rep B
S00359,O10359,2026-05-27,C0098,P0250,4,8765.47,0.1,31555.69,24205.6,7350.09,Online,Cash,Same Day,Delivered,South,Hyderabad,Sales Rep C
S00360,O10360,2025-03-10,C0493,P0055,3,23460.45,0.2,56305.08,58486.11,-2181.03,Store,Net Banking,Standard,Delivered,North,Delhi,Sales Rep D
S00361,O10361,2026-03-03,C0412,P0111,4,2777.29,0,11109.16,7338.72,3770.44,Store,Card,Express,Delivered,East,Kolkata,Sales Rep D
S00362,O10362,2025-05-13,C0314,P0063,5,18940.62,0.05,89967.94,79405.4,10562.54,Store,Net Banking,Same Day,Delivered,South,Bengaluru,Sales Rep C
S00363,O10363,2026-04-30,C0290,P0497,1,1549.38,0,1549.38,1169.49,379.89,Store,Net Banking,Express,Delivered,West,Mumbai,Sales Rep B
S00364,O10364,2025-08-28,C0484,P0168,3,32167.78,0.2,77202.67,73146.51,4056.16,Store,Net Banking,Same Day,Delivered,South,Chennai,Sales Rep C
S00365,O10365,2025-05-11,C0358,P0100,3,2996.59,0.2,7191.82,6408.45,783.37,Partner,Card,Same Day,Delivered,South,Bengaluru,Sales Rep B
S00366,O10366,2026-04-27,C0251,P0289,1,32835.07,0.05,31193.32,22850.7,8342.62,Partner,UPI,Express,Delivered,North,Jaipur,Sales Rep C
S00367,O10367,2026-05-18,C0042,P0271,4,29300.87,0.15,99622.96,81976.24,17646.72,Partner,Net Banking,Standard,Returned,East,Kolkata,Sales Rep D
S00368,O10368,2025-10-10,C0399,P0099,6,8508.84,0,51053.04,43722.42,7330.62,Store,UPI,Express,Delivered,West,Mumbai,Sales Rep B
S00369,O10369,2025-12-02,C0325,P0002,3,21706.3,0.15,55351.06,46641.09,8709.97,Store,Card,Express,Delivered,South,Chennai,Sales Rep D
S00370,O10370,2026-07-04,C0161,P0310,2,27872.55,0.2,44596.08,42371.24,2224.84,Online,UPI,Express,Delivered,North,Jaipur,Sales Rep B
S00371,O10371,2026-06-01,C0269,P0410,3,10534.88,0,31604.64,26657.82,4946.82,Store,Cash,Same Day,Delivered,North,Delhi,Sales Rep C
S00372,O10372,2025-05-28,C0134,P0105,3,10816.93,0,32450.79,25282.17,7168.62,Online,Cash,Standard,Delivered,South,Hyderabad,Sales Rep D
S00373,O10373,2025-06-01,C0398,P0466,4,21655.64,0.2,69298.05,66539.44,2758.61,Store,Card,Same Day,Returned,South,Bengaluru,Sales Rep C
S00374,O10374,2025-10-08,C0056,P0480,4,11454.06,0.05,43525.43,27921.8,15603.63,Online,Cash,Express,Delivered,North,Delhi,Sales Rep B
S00375,O10375,2025-01-18,C0166,P0490,1,16925.69,0,16925.69,12541.17,4384.52,Store,Cash,Express,Delivered,South,Coimbatore,Sales Rep C
S00376,O10376,2026-01-20,C0426,P0369,5,23432.63,0,117163.15,77354.6,39808.55,Partner,Cash,Same Day,Delivered,South,Hyderabad,Sales Rep D
S00377,O10377,2025-02-05,C0092,P0168,6,32167.78,0.05,183356.35,146293.02,37063.33,Store,UPI,Same Day,Delivered,South,Chennai,Sales Rep B
S00378,O10378,2025-03-11,C0255,P0033,2,23655.89,0,47311.78,40082.84,7228.94,Online,Card,Same Day,Delivered,East,Kolkata,Sales Rep A
S00379,O10379,2026-01-01,C0387,P0185,3,10116.37,0,30349.11,19557.75,10791.36,Store,Net Banking,Standard,Returned,South,Bengaluru,Sales Rep D
S00380,O10380,2026-06-22,C0280,P0032,4,22439.63,0.2,71806.82,57238.48,14568.34,Store,Card,Same Day,Delivered,South,Coimbatore,Sales Rep B
S00381,O10381,2025-04-29,C0230,P0082,3,12512.84,0,37538.52,23518.59,14019.93,Online,UPI,Same Day,Delivered,East,Bhubaneswar,Sales Rep A
S00382,O10382,2025-08-19,C0330,P0432,4,28085.94,0,112343.76,92743.2,19600.56,Online,Card,Standard,Delivered,South,Hyderabad,Sales Rep B
S00383,O10383,2025-11-27,C0257,P0164,4,17977.02,0.2,57526.46,44145.88,13380.58,Partner,Cash,Standard,Delivered,South,Coimbatore,Sales Rep D
S00384,O10384,2026-03-01,C0013,P0343,5,35237.97,0,176189.85,119337.6,56852.25,Online,Card,Same Day,Delivered,East,Kolkata,Sales Rep B
S00385,O10385,2026-05-19,C0118,P0299,1,12547.73,0.05,11920.34,8231.59,3688.75,Partner,UPI,Same Day,Delivered,West,Pune,Sales Rep B
S00386,O10386,2025-06-05,C0204,P0109,5,8256.54,0,41282.7,34950.0,6332.7,Partner,Net Banking,Express,Delivered,West,Pune,Sales Rep D
S00387,O10387,2025-07-26,C0082,P0428,5,4832.3,0.05,22953.42,16457.25,6496.17,Store,Card,Express,Delivered,South,Bengaluru,Sales Rep D
S00388,O10388,2025-10-20,C0062,P0334,4,22513.12,0,90052.48,74543.48,15509.0,Store,Cash,Standard,Delivered,West,Pune,Sales Rep A
S00389,O10389,2025-04-20,C0022,P0199,6,24812.84,0,148877.04,92835.54,56041.5,Online,Net Banking,Same Day,Delivered,West,Pune,Sales Rep C
S00390,O10390,2025-02-25,C0185,P0238,6,24682.53,0.2,118476.14,124348.02,-5871.88,Online,Net Banking,Standard,Delivered,North,Jaipur,Sales Rep C
S00391,O10391,2025-07-05,C0007,P0111,3,2777.29,0,8331.87,5504.04,2827.83,Store,Cash,Same Day,Delivered,West,Pune,Sales Rep D
S00392,O10392,2025-06-19,C0201,P0309,4,6047.32,0.1,21770.35,20693.12,1077.23,Partner,Net Banking,Same Day,Delivered,West,Mumbai,Sales Rep A
S00393,O10393,2025-01-01,C0316,P0055,1,23460.45,0.15,19941.38,19495.37,446.01,Online,UPI,Express,Delivered,South,Coimbatore,Sales Rep C
S00394,O10394,2026-08-05,C0228,P0196,2,10406.78,0,20813.56,13207.28,7606.28,Online,Net Banking,Standard,Delivered,East,Bhubaneswar,Sales Rep D
S00395,O10395,2026-01-17,C0380,P0449,1,19033.64,0.05,18081.96,13227.52,4854.44,Store,UPI,Express,Delivered,North,Jaipur,Sales Rep A
S00396,O10396,2025-09-27,C0155,P0073,4,9400.0,0,37600.0,32608.72,4991.28,Online,UPI,Express,Delivered,East,Kolkata,Sales Rep A
S00397,O10397,2025-08-29,C0058,P0045,4,11434.42,0.15,38877.03,36729.88,2147.15,Partner,Net Banking,Express,Delivered,North,Jaipur,Sales Rep D
S00398,O10398,2025-06-06,C0033,P0375,2,7131.56,0,14263.12,10628.06,3635.06,Store,Cash,Standard,Delivered,South,Coimbatore,Sales Rep D
S00399,O10399,2026-04-22,C0222,P0426,4,16340.8,0,65363.2,50913.68,14449.52,Online,UPI,Same Day,Delivered,South,Chennai,Sales Rep C
S00400,O10400,2026-05-06,C0364,P0145,2,36632.27,0.05,69601.31,44815.52,24785.79,Online,Net Banking,Standard,Delivered,South,Chennai,Sales Rep D
S00401,O10401,2025-02-15,C0415,P0001,5,9078.55,0.1,40853.47,28959.25,11894.22,Partner,Cash,Standard,Delivered,East,Bhubaneswar,Sales Rep C
S00402,O10402,2026-01-12,C0187,P0046,4,6759.63,0.1,24334.67,20224.64,4110.03,Partner,Card,Express,Delivered,South,Hyderabad,Sales Rep B
S00403,O10403,2025-12-22,C0165,P0377,4,19068.96,0,76275.84,63104.92,13170.92,Partner,Cash,Express,Returned,North,Delhi,Sales Rep C
S00404,O10404,2025-06-01,C0393,P0150,6,18858.44,0.1,101835.58,71444.16,30391.42,Partner,Cash,Express,Returned,East,Kolkata,Sales Rep A
S00405,O10405,2025-05-21,C0309,P0130,3,25519.41,0.05,72730.32,64160.1,8570.22,Partner,Cash,Express,Delivered,East,Kolkata,Sales Rep A
S00406,O10406,2025-05-29,C0176,P0260,5,7458.39,0.05,35427.35,24543.75,10883.6,Partner,Card,Same Day,Delivered,North,Delhi,Sales Rep B
S00407,O10407,2026-02-10,C0423,P0355,1,27753.18,0.1,24977.86,17535.35,7442.51,Online,UPI,Same Day,Delivered,North,Jaipur,Sales Rep A
S00408,O10408,2026-07-18,C0131,P0479,6,8643.34,0,51860.04,42857.28,9002.76,Partner,Card,Same Day,Delivered,South,Coimbatore,Sales Rep D
S00409,O10409,2026-01-18,C0060,P0167,5,592.78,0.1,2667.51,1993.1,674.41,Partner,Cash,Standard,Delivered,South,Bengaluru,Sales Rep D
S00410,O10410,2025-04-19,C0353,P0385,2,12437.12,0.2,19899.39,15618.38,4281.01,Partner,Cash,Standard,Delivered,South,Chennai,Sales Rep A
S00411,O10411,2026-06-01,C0458,P0407,1,26492.87,0.1,23843.58,22139.28,1704.3,Online,UPI,Same Day,Delivered,South,Hyderabad,Sales Rep B
S00412,O10412,2025-11-07,C0387,P0208,2,20218.8,0.15,34371.96,31477.3,2894.66,Partner,UPI,Standard,Delivered,South,Bengaluru,Sales Rep A
S00413,O10413,2025-05-04,C0016,P0152,2,23373.54,0,46747.08,37034.42,9712.66,Partner,UPI,Standard,Delivered,South,Hyderabad,Sales Rep D
S00414,O10414,2026-03-09,C0487,P0061,3,18082.11,0.2,43397.06,46077.93,-2680.87,Store,UPI,Same Day,Delivered,West,Mumbai,Sales Rep C
S00415,O10415,2025-08-02,C0199,P0192,3,29755.71,0.1,80340.42,55333.77,25006.65,Partner,Cash,Same Day,Delivered,East,Bhubaneswar,Sales Rep D
S00416,O10416,2025-11-24,C0017,P0256,3,17571.25,0,52713.75,45752.91,6960.84,Store,Cash,Express,Delivered,South,Bengaluru,Sales Rep D
S00417,O10417,2025-12-26,C0353,P0301,6,13704.5,0.1,74004.3,66367.2,7637.1,Online,Cash,Standard,Returned,South,Chennai,Sales Rep A
S00418,O10418,2026-07-11,C0244,P0130,1,25519.41,0,25519.41,21386.7,4132.71,Online,UPI,Express,Returned,North,Jaipur,Sales Rep C
S00419,O10419,2026-04-26,C0124,P0310,1,27872.55,0.05,26478.92,21185.62,5293.3,Store,Cash,Standard,Returned,South,Bengaluru,Sales Rep A
S00420,O10420,2025-05-12,C0006,P0351,5,11975.23,0.2,47900.92,50247.4,-2346.48,Online,Cash,Standard,Delivered,South,Coimbatore,Sales Rep D
S00421,O10421,2026-08-02,C0141,P0357,4,21966.95,0.15,74687.63,70772.52,3915.11,Partner,UPI,Express,Delivered,South,Hyderabad,Sales Rep D
S00422,O10422,2026-04-08,C0090,P0462,3,25996.84,0,77990.52,51509.22,26481.3,Online,Net Banking,Same Day,Delivered,West,Mumbai,Sales Rep D
S00423,O10423,2025-06-08,C0057,P0352,1,25682.36,0,25682.36,16460.37,9221.99,Store,Cash,Standard,Delivered,East,Bhubaneswar,Sales Rep D
S00424,O10424,2025-06-30,C0398,P0382,4,9629.32,0,38517.28,32679.64,5837.64,Store,Card,Standard,Delivered,South,Bengaluru,Sales Rep D
S00425,O10425,2026-04-01,C0118,P0366,6,3667.7,0,22006.2,17026.74,4979.46,Online,Card,Standard,Delivered,West,Pune,Sales Rep A
S00426,O10426,2026-01-11,C0225,P0255,6,36833.92,0.1,198903.17,146955.84,51947.33,Online,Net Banking,Same Day,Delivered,West,Mumbai,Sales Rep D
S00427,O10427,2025-10-13,C0243,P0018,4,13989.61,0.15,47564.67,43890.76,3673.91,Partner,Cash,Standard,Delivered,North,Delhi,Sales Rep A
S00428,O10428,2026-01-02,C0135,P0450,4,25062.6,0.1,90225.36,66057.04,24168.32,Partner,Card,Standard,Delivered,East,Kolkata,Sales Rep A
S00429,O10429,2026-08-08,C0083,P0045,2,11434.42,0.2,18295.07,18364.94,-69.87,Online,Cash,Same Day,Delivered,West,Mumbai,Sales Rep C
S00430,O10430,2025-07-09,C0245,P0035,5,20001.15,0.1,90005.18,69979.55,20025.63,Online,UPI,Standard,Delivered,South,Coimbatore,Sales Rep B
S00431,O10431,2026-02-05,C0154,P0069,1,4929.97,0.05,4683.47,3120.82,1562.65,Online,UPI,Standard,Delivered,North,Delhi,Sales Rep A
S00432,O10432,2025-05-21,C0156,P0451,3,16149.16,0,48447.48,36696.39,11751.09,Store,Card,Standard,Returned,West,Pune,Sales Rep D
S00433,O10433,2025-04-12,C0246,P0110,2,18946.1,0.1,34102.98,30577.44,3525.54,Partner,UPI,Standard,Delivered,South,Coimbatore,Sales Rep B
S00434,O10434,2025-03-11,C0441,P0390,4,34393.23,0.15,116936.98,92194.16,24742.82,Online,Card,Standard,Returned,West,Mumbai,Sales Rep C
S00435,O10435,2025-09-26,C0481,P0116,4,27990.48,0,111961.92,96668.12,15293.8,Store,UPI,Express,Returned,South,Bengaluru,Sales Rep A
S00436,O10436,2026-01-18,C0099,P0344,4,4590.83,0.1,16526.99,12486.08,4040.91,Partner,Card,Same Day,Delivered,North,Delhi,Sales Rep D
S00437,O10437,2026-06-06,C0315,P0487,4,27828.36,0.2,89050.75,68337.76,20712.99,Partner,Card,Standard,Delivered,South,Hyderabad,Sales Rep D
S00438,O10438,2026-03-20,C0396,P0039,5,14186.99,0,70934.95,57762.1,13172.85,Store,UPI,Same Day,Delivered,North,Jaipur,Sales Rep B
S00439,O10439,2025-02-10,C0396,P0329,3,36797.65,0.05,104873.3,72727.11,32146.19,Store,Net Banking,Express,Delivered,North,Jaipur,Sales Rep C
S00440,O10440,2025-12-01,C0429,P0275,3,7039.26,0.1,19006.0,13259.19,5746.81,Partner,Cash,Express,Delivered,South,Hyderabad,Sales Rep D
S00441,O10441,2026-05-17,C0173,P0047,3,13118.34,0.15,33451.77,33886.59,-434.82,Partner,UPI,Express,Delivered,South,Bengaluru,Sales Rep C
S00442,O10442,2026-06-10,C0448,P0148,2,5939.89,0.05,11285.79,7533.62,3752.17,Store,Card,Same Day,Delivered,South,Chennai,Sales Rep C
S00443,O10443,2025-07-16,C0498,P0157,3,13054.92,0.15,33290.05,28126.53,5163.52,Partner,Cash,Express,Delivered,South,Hyderabad,Sales Rep D
S00444,O10444,2025-07-12,C0343,P0338,5,23660.52,0,118302.6,91033.45,27269.15,Partner,Net Banking,Standard,Delivered,South,Coimbatore,Sales Rep C
S00445,O10445,2026-04-19,C0105,P0409,5,25021.11,0.15,106339.72,95883.15,10456.57,Online,UPI,Same Day,Delivered,South,Bengaluru,Sales Rep B
S00446,O10446,2025-12-12,C0106,P0307,2,36267.29,0.2,58027.66,48904.6,9123.06,Store,Net Banking,Standard,Returned,South,Hyderabad,Sales Rep D
S00447,O10447,2026-08-05,C0368,P0139,4,3514.83,0.15,11950.42,11486.6,463.82,Store,Card,Express,Delivered,South,Coimbatore,Sales Rep C
S00448,O10448,2026-01-21,C0064,P0495,5,4403.18,0.1,19814.31,15101.85,4712.46,Online,UPI,Standard,Delivered,West,Pune,Sales Rep D
S00449,O10449,2026-07-18,C0233,P0479,5,8643.34,0.05,41055.86,35714.4,5341.46,Partner,Cash,Standard,Delivered,South,Chennai,Sales Rep A
S00450,O10450,2026-05-17,C0219,P0322,5,141.41,0,707.05,596.7,110.35,Store,Cash,Express,Delivered,South,Bengaluru,Sales Rep A
S00451,O10451,2025-05-06,C0072,P0093,3,6403.58,0,19210.74,14311.83,4898.91,Online,UPI,Express,Delivered,North,Jaipur,Sales Rep C
S00452,O10452,2025-04-09,C0066,P0402,6,33704.7,0.2,161782.56,123460.92,38321.64,Store,Card,Standard,Delivered,East,Bhubaneswar,Sales Rep A
S00453,O10453,2025-10-11,C0058,P0173,3,5174.15,0.1,13970.2,10294.35,3675.85,Online,Card,Standard,Delivered,North,Jaipur,Sales Rep C
S00454,O10454,2025-06-05,C0431,P0122,1,7669.29,0.15,6518.9,5217.51,1301.39,Partner,Net Banking,Standard,Delivered,East,Kolkata,Sales Rep D
S00455,O10455,2025-01-18,C0105,P0278,2,23210.59,0,46421.18,29432.32,16988.86,Partner,Net Banking,Express,Delivered,South,Bengaluru,Sales Rep A
S00456,O10456,2026-02-21,C0127,P0433,2,27005.02,0,54010.04,39804.8,14205.24,Store,Card,Standard,Delivered,North,Delhi,Sales Rep C
S00457,O10457,2025-09-02,C0055,P0002,6,21706.3,0.05,123725.91,93282.18,30443.73,Store,Cash,Express,Delivered,East,Kolkata,Sales Rep B
S00458,O10458,2025-03-25,C0052,P0434,4,412.33,0.2,1319.46,1330.8,-11.34,Store,Cash,Standard,Returned,South,Coimbatore,Sales Rep D
S00459,O10459,2025-10-06,C0012,P0278,2,23210.59,0.2,37136.94,29432.32,7704.62,Store,Cash,Same Day,Delivered,North,Delhi,Sales Rep C
S00460,O10460,2026-06-04,C0011,P0256,5,17571.25,0.1,79070.62,76254.85,2815.77,Store,Card,Express,Delivered,West,Pune,Sales Rep A
S00461,O10461,2026-01-22,C0308,P0429,2,30866.13,0.1,55559.03,42176.66,13382.37,Online,Card,Express,Delivered,South,Hyderabad,Sales Rep D
S00462,O10462,2025-10-25,C0141,P0128,2,15342.47,0.1,27616.45,22836.74,4779.71,Partner,Cash,Standard,Delivered,South,Hyderabad,Sales Rep A
S00463,O10463,2025-01-23,C0232,P0366,4,3667.7,0.15,12470.18,11351.16,1119.02,Store,Net Banking,Express,Delivered,South,Chennai,Sales Rep D
S00464,O10464,2026-04-02,C0224,P0371,4,15608.16,0,62432.64,42813.88,19618.76,Store,Net Banking,Express,Delivered,South,Hyderabad,Sales Rep C
S00465,O10465,2025-09-24,C0188,P0467,4,274.31,0,1097.24,827.4,269.84,Online,Card,Same Day,Delivered,East,Bhubaneswar,Sales Rep A
S00466,O10466,2025-02-19,C0196,P0187,2,7282.43,0,14564.86,12025.76,2539.1,Partner,Card,Standard,Delivered,South,Hyderabad,Sales Rep C
S00467,O10467,2025-09-19,C0041,P0269,4,17636.78,0,70547.12,48305.88,22241.24,Store,Card,Express,Delivered,South,Hyderabad,Sales Rep B
S00468,O10468,2025-11-16,C0118,P0210,2,25209.52,0.15,42856.18,39009.9,3846.28,Online,Card,Standard,Delivered,West,Pune,Sales Rep B
S00469,O10469,2026-04-27,C0148,P0281,4,12959.41,0,51837.64,39783.32,12054.32,Online,UPI,Standard,Delivered,South,Coimbatore,Sales Rep A
S00470,O10470,2025-10-03,C0396,P0052,2,33173.24,0.15,56394.51,44875.22,11519.29,Online,Cash,Same Day,Delivered,North,Jaipur,Sales Rep B
S00471,O10471,2025-07-11,C0079,P0274,2,433.91,0,867.82,653.02,214.8,Store,Card,Express,Delivered,South,Coimbatore,Sales Rep A
S00472,O10472,2025-06-21,C0202,P0070,1,38371.54,0.1,34534.39,23352.58,11181.81,Online,Card,Standard,Delivered,West,Pune,Sales Rep C
S00473,O10473,2026-04-11,C0237,P0126,2,2339.85,0.2,3743.76,3691.64,52.12,Online,Card,Standard,Delivered,South,Chennai,Sales Rep A
S00474,O10474,2025-01-01,C0194,P0070,3,38371.54,0.1,103603.16,70057.74,33545.42,Partner,Cash,Same Day,Returned,East,Bhubaneswar,Sales Rep D
S00475,O10475,2026-04-23,C0456,P0269,6,17636.78,0.15,89947.58,72458.82,17488.76,Store,Cash,Express,Returned,East,Kolkata,Sales Rep B
S00476,O10476,2026-05-27,C0258,P0440,2,7788.68,0,15577.36,12386.66,3190.7,Online,UPI,Same Day,Delivered,South,Chennai,Sales Rep C
S00477,O10477,2026-02-27,C0060,P0310,4,27872.55,0.1,100341.18,84742.48,15598.7,Store,Net Banking,Standard,Delivered,South,Bengaluru,Sales Rep D
S00478,O10478,2025-01-17,C0102,P0385,2,12437.12,0.1,22386.82,15618.38,6768.44,Partner,Card,Express,Delivered,East,Kolkata,Sales Rep C
S00479,O10479,2025-05-26,C0203,P0126,1,2339.85,0,2339.85,1845.82,494.03,Store,Net Banking,Express,Returned,South,Coimbatore,Sales Rep D
S00480,O10480,2026-01-16,C0365,P0239,2,17532.4,0.1,31558.32,26024.22,5534.1,Online,Cash,Standard,Delivered,South,Hyderabad,Sales Rep B
S00481,O10481,2025-04-14,C0460,P0328,3,28033.15,0.05,79894.48,65206.83,14687.65,Online,Net Banking,Express,Returned,South,Hyderabad,Sales Rep D
S00482,O10482,2025-10-29,C0040,P0307,3,36267.29,0.15,92481.59,73356.9,19124.69,Partner,Cash,Standard,Returned,South,Coimbatore,Sales Rep A
S00483,O10483,2025-07-18,C0181,P0170,3,3014.15,0.15,7686.08,7686.36,-0.28,Online,UPI,Standard,Delivered,South,Hyderabad,Sales Rep C
S00484,O10484,2026-06-06,C0031,P0013,2,2182.41,0.2,3491.86,2842.66,649.2,Partner,Net Banking,Standard,Returned,South,Chennai,Sales Rep D
S00485,O10485,2026-04-17,C0172,P0409,3,25021.11,0.15,63803.83,57529.89,6273.94,Store,Net Banking,Express,Delivered,West,Pune,Sales Rep A
S00486,O10486,2026-05-15,C0453,P0225,4,6218.59,0.15,21143.21,21196.28,-53.07,Online,UPI,Standard,Returned,South,Chennai,Sales Rep C
S00487,O10487,2026-03-27,C0339,P0366,6,3667.7,0.2,17604.96,17026.74,578.22,Partner,Net Banking,Standard,Delivered,South,Bengaluru,Sales Rep B
S00488,O10488,2026-01-29,C0048,P0316,3,291.16,0.1,786.13,552.54,233.59,Online,UPI,Standard,Delivered,South,Hyderabad,Sales Rep A
S00489,O10489,2025-07-19,C0489,P0069,4,4929.97,0.15,16761.9,12483.28,4278.62,Online,Cash,Standard,Returned,South,Coimbatore,Sales Rep C
S00490,O10490,2025-01-01,C0470,P0108,1,33563.84,0,33563.84,22408.36,11155.48,Online,Net Banking,Same Day,Returned,East,Kolkata,Sales Rep A
S00491,O10491,2025-06-19,C0113,P0240,6,4890.0,0.1,26406.0,19487.58,6918.42,Online,UPI,Same Day,Returned,West,Mumbai,Sales Rep C
S00492,O10492,2026-01-17,C0316,P0373,4,5301.87,0.05,20147.11,18437.0,1710.11,Partner,Net Banking,Same Day,Delivered,South,Coimbatore,Sales Rep B
S00493,O10493,2026-06-17,C0342,P0350,6,26929.93,0.05,153500.6,128481.84,25018.76,Partner,Card,Standard,Delivered,East,Bhubaneswar,Sales Rep D
S00494,O10494,2025-12-03,C0248,P0140,5,8677.46,0.05,41217.93,36723.0,4494.93,Store,Cash,Standard,Delivered,North,Jaipur,Sales Rep C
S00495,O10495,2025-06-01,C0055,P0422,5,9912.28,0,49561.4,38022.3,11539.1,Online,Card,Express,Delivered,East,Kolkata,Sales Rep A
S00496,O10496,2026-06-02,C0358,P0278,3,23210.59,0.1,62668.59,44148.48,18520.11,Partner,Cash,Express,Delivered,South,Bengaluru,Sales Rep C
S00497,O10497,2025-06-16,C0042,P0125,5,9252.78,0.1,41637.51,31722.15,9915.36,Partner,UPI,Express,Delivered,East,Kolkata,Sales Rep D
S00498,O10498,2026-03-19,C0208,P0418,2,31275.92,0.1,56296.66,48174.14,8122.52,Store,UPI,Express,Delivered,South,Chennai,Sales Rep A
S00499,O10499,2026-05-14,C0158,P0121,4,11616.81,0.1,41820.52,37812.76,4007.76,Partner,Card,Express,Returned,South,Bengaluru,Sales Rep B
S00500,O10500,2025-06-18,C0147,P0125,3,9252.78,0,27758.34,19033.29,8725.05,Partner,Net Banking,Same Day,Returned,West,Pune,Sales Rep A
S00501,O10501,2025-03-26,C0052,P0043,6,18177.94,0,109067.64,71629.8,37437.84,Online,Cash,Express,Delivered,South,Coimbatore,Sales Rep B
S00502,O10502,2026-04-28,C0027,P0002,2,21706.3,0,43412.6,31094.06,12318.54,Online,Net Banking,Express,Delivered,South,Hyderabad,Sales Rep A
S00503,O10503,2025-11-14,C0021,P0085,3,13254.32,0,39762.96,34127.43,5635.53,Online,UPI,Standard,Delivered,East,Bhubaneswar,Sales Rep B
S00504,O10504,2026-02-05,C0405,P0088,4,27867.73,0,111470.92,74020.12,37450.8,Store,Net Banking,Same Day,Delivered,South,Hyderabad,Sales Rep C
S00505,O10505,2026-04-19,C0071,P0034,5,38506.75,0.05,182907.06,118097.6,64809.46,Online,UPI,Express,Delivered,East,Kolkata,Sales Rep C
S00506,O10506,2025-12-13,C0017,P0202,6,4406.82,0,26440.92,20204.58,6236.34,Partner,Cash,Express,Delivered,South,Bengaluru,Sales Rep C
S00507,O10507,2026-02-15,C0151,P0335,4,10720.72,0,42882.88,32182.0,10700.88,Store,Net Banking,Standard,Delivered,South,Coimbatore,Sales Rep D
S00508,O10508,2025-06-08,C0077,P0361,1,10442.76,0,10442.76,8884.03,1558.73,Online,UPI,Standard,Delivered,East,Kolkata,Sales Rep D
S00509,O10509,2025-03-17,C0065,P0077,3,7112.41,0.05,20270.37,16398.63,3871.74,Partner,Net Banking,Same Day,Delivered,North,Delhi,Sales Rep D
S00510,O10510,2025-05-06,C0223,P0210,6,25209.52,0.2,121005.7,117029.7,3976.0,Partner,Net Banking,Same Day,Delivered,East,Kolkata,Sales Rep D
S00511,O10511,2026-01-08,C0336,P0018,2,13989.61,0.1,25181.3,21945.38,3235.92,Online,Net Banking,Standard,Delivered,South,Hyderabad,Sales Rep A
S00512,O10512,2025-09-16,C0431,P0437,4,6556.82,0,26227.28,17560.6,8666.68,Store,Cash,Same Day,Returned,East,Kolkata,Sales Rep C
S00513,O10513,2025-12-01,C0231,P0069,6,4929.97,0.2,23663.86,18724.92,4938.94,Store,Net Banking,Same Day,Delivered,North,Jaipur,Sales Rep A
S00514,O10514,2025-06-18,C0446,P0402,3,33704.7,0.1,91002.69,61730.46,29272.23,Online,Cash,Express,Delivered,East,Bhubaneswar,Sales Rep A
S00515,O10515,2025-09-03,C0453,P0072,5,12011.03,0.15,51046.88,41990.5,9056.38,Store,Net Banking,Standard,Delivered,South,Chennai,Sales Rep D
S00516,O10516,2025-01-10,C0020,P0395,6,17665.43,0.05,100692.95,74806.74,25886.21,Partner,Net Banking,Same Day,Delivered,South,Chennai,Sales Rep C
S00517,O10517,2026-05-10,C0002,P0054,5,20171.98,0,100859.9,66807.0,34052.9,Online,Card,Express,Delivered,South,Chennai,Sales Rep D
S00518,O10518,2025-07-21,C0456,P0271,4,29300.87,0.2,93762.78,81976.24,11786.54,Online,Cash,Same Day,Delivered,East,Kolkata,Sales Rep D
S00519,O10519,2025-12-07,C0023,P0146,1,19493.32,0.1,17543.99,15468.65,2075.34,Partner,UPI,Express,Returned,South,Coimbatore,Sales Rep D
S00520,O10520,2026-08-09,C0469,P0453,2,23685.73,0.05,45002.89,37292.1,7710.79,Partner,Card,Express,Delivered,South,Hyderabad,Sales Rep C
S00521,O10521,2025-02-09,C0457,P0334,2,22513.12,0.2,36020.99,37271.74,-1250.75,Partner,Net Banking,Express,Delivered,South,Coimbatore,Sales Rep A
S00522,O10522,2025-02-11,C0272,P0118,2,5137.54,0.1,9247.57,8744.9,502.67,Online,Cash,Standard,Returned,South,Bengaluru,Sales Rep A
S00523,O10523,2025-10-08,C0491,P0039,5,14186.99,0.15,60294.71,57762.1,2532.61,Store,UPI,Same Day,Delivered,North,Jaipur,Sales Rep A
S00524,O10524,2025-08-07,C0255,P0298,5,2850.8,0.2,11403.2,9520.15,1883.05,Partner,Net Banking,Standard,Delivered,East,Kolkata,Sales Rep D
S00525,O10525,2025-12-03,C0288,P0372,2,18819.89,0.15,31993.81,25571.6,6422.21,Partner,Card,Standard,Returned,East,Kolkata,Sales Rep A
S00526,O10526,2025-09-09,C0169,P0332,4,26696.12,0,106784.48,72007.36,34777.12,Online,Card,Same Day,Delivered,East,Bhubaneswar,Sales Rep B
S00527,O10527,2025-09-21,C0337,P0150,4,18858.44,0,75433.76,47629.44,27804.32,Store,Card,Same Day,Delivered,North,Jaipur,Sales Rep C
S00528,O10528,2025-10-23,C0050,P0392,3,27084.59,0.15,69065.7,61360.98,7704.72,Partner,UPI,Standard,Delivered,North,Jaipur,Sales Rep A
S00529,O10529,2025-01-04,C0437,P0480,2,11454.06,0,22908.12,13960.9,8947.22,Store,Card,Standard,Returned,South,Bengaluru,Sales Rep C
S00530,O10530,2026-07-02,C0063,P0257,4,13815.5,0.15,46972.7,35506.52,11466.18,Online,Cash,Same Day,Delivered,East,Bhubaneswar,Sales Rep A
S00531,O10531,2025-04-05,C0183,P0404,3,567.39,0,1702.17,1060.65,641.52,Store,Card,Same Day,Delivered,South,Chennai,Sales Rep A
S00532,O10532,2025-03-30,C0467,P0468,1,31081.98,0,31081.98,24898.18,6183.8,Online,Net Banking,Standard,Delivered,South,Bengaluru,Sales Rep D
S00533,O10533,2025-12-26,C0474,P0388,1,26597.14,0.05,25267.28,20401.39,4865.89,Store,Cash,Standard,Returned,South,Bengaluru,Sales Rep B
S00534,O10534,2026-05-11,C0086,P0098,5,9255.21,0.2,37020.84,39337.45,-2316.61,Partner,UPI,Same Day,Delivered,West,Mumbai,Sales Rep D
S00535,O10535,2026-04-14,C0286,P0395,4,17665.43,0.05,67128.63,49871.16,17257.47,Partner,Net Banking,Standard,Delivered,North,Jaipur,Sales Rep A
S00536,O10536,2025-01-04,C0232,P0097,5,40374.0,0.05,191776.5,122953.95,68822.55,Online,Net Banking,Same Day,Delivered,South,Chennai,Sales Rep D
S00537,O10537,2025-01-08,C0384,P0429,3,30866.13,0.1,83338.55,63264.99,20073.56,Online,Card,Standard,Delivered,South,Hyderabad,Sales Rep B
S00538,O10538,2026-07-21,C0243,P0254,5,26484.13,0.2,105936.52,92502.2,13434.32,Store,UPI,Same Day,Delivered,North,Delhi,Sales Rep C
S00539,O10539,2026-07-04,C0126,P0160,4,26669.44,0.05,101343.87,69180.76,32163.11,Online,UPI,Standard,Delivered,East,Bhubaneswar,Sales Rep B
S00540,O10540,2026-01-24,C0357,P0133,2,5673.26,0.05,10779.19,8224.26,2554.93,Store,Cash,Standard,Delivered,North,Delhi,Sales Rep A
S00541,O10541,2025-11-04,C0256,P0158,4,27678.74,0,110714.96,91630.0,19084.96,Online,Net Banking,Express,Delivered,East,Kolkata,Sales Rep A
S00542,O10542,2026-06-22,C0446,P0071,5,27987.71,0.15,118947.77,110504.5,8443.27,Online,Net Banking,Standard,Delivered,East,Bhubaneswar,Sales Rep C
S00543,O10543,2025-11-22,C0394,P0171,1,29702.44,0,29702.44,19207.9,10494.54,Partner,Card,Same Day,Delivered,West,Mumbai,Sales Rep B
S00544,O10544,2025-11-15,C0026,P0142,5,34890.55,0.15,148284.84,119544.25,28740.59,Online,Net Banking,Same Day,Delivered,North,Delhi,Sales Rep A
S00545,O10545,2025-02-11,C0459,P0207,3,25422.32,0.1,68640.26,51174.9,17465.36,Online,Net Banking,Express,Delivered,East,Bhubaneswar,Sales Rep B
S00546,O10546,2025-01-05,C0036,P0049,1,879.64,0.1,791.68,555.43,236.25,Online,Cash,Express,Returned,East,Kolkata,Sales Rep A
S00547,O10547,2026-07-29,C0136,P0082,2,12512.84,0,25025.68,15679.06,9346.62,Store,Card,Standard,Delivered,West,Mumbai,Sales Rep A
S00548,O10548,2025-05-10,C0241,P0112,2,32516.59,0.2,52026.54,45246.14,6780.4,Partner,Card,Express,Delivered,South,Chennai,Sales Rep C
S00549,O10549,2025-07-12,C0296,P0407,4,26492.87,0.15,90075.76,88557.12,1518.64,Online,UPI,Express,Delivered,East,Kolkata,Sales Rep D
S00550,O10550,2026-06-25,C0099,P0423,3,15389.0,0.05,43858.65,34541.64,9317.01,Online,Cash,Same Day,Returned,North,Delhi,Sales Rep C
S00551,O10551,2025-05-08,C0138,P0128,6,15342.47,0.1,82849.34,68510.22,14339.12,Store,Cash,Standard,Delivered,West,Pune,Sales Rep D
S00552,O10552,2025-09-17,C0303,P0098,6,9255.21,0,55531.26,47204.94,8326.32,Partner,Card,Same Day,Delivered,East,Bhubaneswar,Sales Rep B
S00553,O10553,2025-02-11,C0068,P0365,2,14625.4,0,29250.8,18326.46,10924.34,Partner,UPI,Same Day,Delivered,East,Kolkata,Sales Rep D
S00554,O10554,2025-08-12,C0069,P0495,3,4403.18,0,13209.54,9061.11,4148.43,Partner,UPI,Same Day,Delivered,South,Coimbatore,Sales Rep A
S00555,O10555,2025-01-15,C0425,P0357,4,21966.95,0,87867.8,70772.52,17095.28,Store,Card,Express,Delivered,East,Kolkata,Sales Rep B
S00556,O10556,2025-05-07,C0371,P0332,3,26696.12,0.05,76083.94,54005.52,22078.42,Store,Cash,Same Day,Delivered,East,Kolkata,Sales Rep D
S00557,O10557,2025-05-30,C0340,P0104,2,606.12,0.1,1091.02,751.26,339.76,Store,Card,Same Day,Delivered,South,Chennai,Sales Rep D
S00558,O10558,2025-10-08,C0251,P0486,4,25212.2,0,100848.8,80928.44,19920.36,Store,UPI,Express,Returned,North,Jaipur,Sales Rep B
S00559,O10559,2025-03-03,C0032,P0401,6,9738.21,0.1,52586.33,46238.22,6348.11,Partner,Net Banking,Standard,Returned,South,Hyderabad,Sales Rep A
S00560,O10560,2025-05-25,C0452,P0148,3,5939.89,0.05,16928.69,11300.43,5628.26,Online,Cash,Standard,Returned,East,Kolkata,Sales Rep A
S00561,O10561,2025-12-23,C0301,P0233,3,357.2,0.2,857.28,830.76,26.52,Online,Cash,Standard,Delivered,South,Hyderabad,Sales Rep D
S00562,O10562,2025-10-04,C0494,P0200,2,23547.58,0.1,42385.64,36847.42,5538.22,Online,Cash,Standard,Delivered,East,Kolkata,Sales Rep B
S00563,O10563,2026-01-29,C0331,P0249,2,6933.5,0.15,11786.95,9203.86,2583.09,Partner,Card,Standard,Delivered,East,Kolkata,Sales Rep C
S00564,O10564,2025-04-12,C0268,P0131,3,13748.98,0.2,32997.55,32704.44,293.11,Partner,Net Banking,Same Day,Returned,West,Pune,Sales Rep A
S00565,O10565,2025-04-20,C0033,P0291,2,2955.82,0.05,5616.06,3623.44,1992.62,Store,Card,Same Day,Delivered,South,Coimbatore,Sales Rep D
S00566,O10566,2025-06-02,C0271,P0002,1,21706.3,0.05,20620.98,15547.03,5073.95,Partner,Cash,Same Day,Delivered,North,Jaipur,Sales Rep A
S00567,O10567,2025-07-11,C0247,P0100,1,2996.59,0.2,2397.27,2136.15,261.12,Store,Cash,Express,Delivered,West,Mumbai,Sales Rep B
S00568,O10568,2026-08-02,C0322,P0206,5,8859.94,0.05,42084.72,26864.55,15220.17,Online,Cash,Express,Delivered,South,Coimbatore,Sales Rep B
S00569,O10569,2025-12-11,C0167,P0024,3,4343.96,0.1,11728.69,9371.31,2357.38,Online,Net Banking,Express,Delivered,North,Jaipur,Sales Rep D
S00570,O10570,2025-01-17,C0491,P0288,6,28544.52,0,171267.12,114540.06,56727.06,Online,Card,Standard,Returned,North,Jaipur,Sales Rep A
S00571,O10571,2026-02-27,C0105,P0240,5,4890.0,0.2,19560.0,16239.65,3320.35,Online,UPI,Same Day,Returned,South,Bengaluru,Sales Rep B
S00572,O10572,2025-08-08,C0114,P0378,2,28209.84,0.05,53598.7,47797.22,5801.48,Online,UPI,Express,Delivered,South,Coimbatore,Sales Rep D
S00573,O10573,2026-04-06,C0062,P0144,2,16197.81,0,32395.62,26756.76,5638.86,Store,Card,Same Day,Delivered,West,Pune,Sales Rep A
S00574,O10574,2026-07-04,C0413,P0129,6,1908.41,0.2,9160.37,9399.12,-238.75,Online,UPI,Express,Delivered,South,Chennai,Sales Rep B
S00575,O10575,2025-01-07,C0337,P0388,4,26597.14,0,106388.56,81605.56,24783.0,Store,Net Banking,Standard,Delivered,North,Jaipur,Sales Rep B
S00576,O10576,2025-10-12,C0474,P0295,1,26399.94,0.1,23759.95,17531.89,6228.06,Partner,Net Banking,Express,Returned,South,Bengaluru,Sales Rep B
S00577,O10577,2025-04-10,C0014,P0379,6,6031.47,0.15,30760.5,31419.36,-658.86,Online,Net Banking,Standard,Delivered,East,Kolkata,Sales Rep B
S00578,O10578,2025-02-16,C0120,P0378,6,28209.84,0,169259.04,143391.66,25867.38,Online,Card,Standard,Delivered,West,Pune,Sales Rep C
S00579,O10579,2026-04-06,C0236,P0032,2,22439.63,0.15,38147.37,28619.24,9528.13,Online,UPI,Standard,Delivered,East,Kolkata,Sales Rep C
S00580,O10580,2025-11-03,C0322,P0388,6,26597.14,0.1,143624.56,122408.34,21216.22,Online,UPI,Standard,Returned,South,Coimbatore,Sales Rep D
S00581,O10581,2026-01-19,C0004,P0088,1,27867.73,0.15,23687.57,18505.03,5182.54,Online,Cash,Standard,Delivered,South,Hyderabad,Sales Rep B
S00582,O10582,2025-06-07,C0109,P0038,4,21372.32,0,85489.28,51915.32,33573.96,Store,Card,Same Day,Delivered,South,Chennai,Sales Rep C
S00583,O10583,2026-07-23,C0366,P0267,6,9960.71,0.15,50799.62,44575.98,6223.64,Partner,Net Banking,Express,Delivered,East,Bhubaneswar,Sales Rep B
S00584,O10584,2026-03-12,C0489,P0230,2,14298.37,0.15,24307.23,18722.22,5585.01,Store,Net Banking,Express,Delivered,South,Coimbatore,Sales Rep B
S00585,O10585,2025-01-21,C0475,P0376,2,20168.91,0.1,36304.04,31011.48,5292.56,Store,Cash,Same Day,Returned,North,Jaipur,Sales Rep A
S00586,O10586,2025-04-29,C0448,P0298,6,2850.8,0,17104.8,11424.18,5680.62,Online,Card,Same Day,Delivered,South,Chennai,Sales Rep D
S00587,O10587,2025-05-19,C0203,P0466,1,21655.64,0.15,18407.29,16634.86,1772.43,Online,Card,Standard,Delivered,South,Coimbatore,Sales Rep A
S00588,O10588,2026-07-11,C0261,P0440,1,7788.68,0,7788.68,6193.33,1595.35,Partner,UPI,Express,Delivered,South,Chennai,Sales Rep C
S00589,O10589,2026-07-17,C0134,P0171,2,29702.44,0,59404.88,38415.8,20989.08,Online,Cash,Express,Delivered,South,Hyderabad,Sales Rep B
S00590,O10590,2025-08-14,C0412,P0405,6,12843.23,0.2,61647.5,47516.04,14131.46,Online,Card,Same Day,Returned,East,Kolkata,Sales Rep A
S00591,O10591,2026-07-14,C0217,P0370,1,24594.03,0.2,19675.22,17552.53,2122.69,Store,Cash,Standard,Delivered,South,Coimbatore,Sales Rep C
S00592,O10592,2025-01-12,C0016,P0017,1,24037.46,0.2,19229.97,17219.23,2010.74,Partner,UPI,Same Day,Delivered,South,Hyderabad,Sales Rep A
S00593,O10593,2025-03-25,C0166,P0085,1,13254.32,0.2,10603.46,11375.81,-772.35,Online,Cash,Standard,Returned,South,Coimbatore,Sales Rep C
S00594,O10594,2025-01-27,C0030,P0404,6,567.39,0,3404.34,2121.3,1283.04,Store,Net Banking,Express,Delivered,South,Hyderabad,Sales Rep C
S00595,O10595,2025-09-25,C0386,P0150,2,18858.44,0,37716.88,23814.72,13902.16,Partner,Card,Same Day,Returned,South,Hyderabad,Sales Rep C
S00596,O10596,2025-03-20,C0252,P0268,2,18725.95,0,37451.9,25937.9,11514.0,Store,UPI,Express,Returned,East,Kolkata,Sales Rep D
S00597,O10597,2026-03-22,C0021,P0260,4,7458.39,0,29833.56,19635.0,10198.56,Online,UPI,Standard,Delivered,East,Bhubaneswar,Sales Rep B
S00598,O10598,2025-12-16,C0194,P0177,1,28929.81,0.05,27483.32,22543.13,4940.19,Partner,Net Banking,Same Day,Delivered,East,Bhubaneswar,Sales Rep D
S00599,O10599,2025-05-06,C0194,P0289,2,32835.07,0.1,59103.13,45701.4,13401.73,Online,Net Banking,Same Day,Delivered,East,Bhubaneswar,Sales Rep C
S00600,O10600,2025-02-20,C0190,P0339,3,23487.53,0.05,66939.46,54572.16,12367.3,Online,Cash,Same Day,Delivered,South,Bengaluru,Sales Rep A
S00601,O10601,2025-02-24,C0321,P0241,4,25693.89,0,102775.56,85279.04,17496.52,Online,Cash,Same Day,Returned,South,Hyderabad,Sales Rep C
S00602,O10602,2026-06-23,C0403,P0009,2,23097.29,0,46194.58,32549.3,13645.28,Online,UPI,Express,Delivered,West,Mumbai,Sales Rep A
S00603,O10603,2025-09-16,C0444,P0201,5,20197.89,0,100989.45,77609.35,23380.1,Partner,UPI,Express,Delivered,South,Coimbatore,Sales Rep B
S00604,O10604,2026-05-01,C0281,P0486,4,25212.2,0,100848.8,80928.44,19920.36,Partner,Card,Express,Delivered,North,Jaipur,Sales Rep A
S00605,O10605,2025-09-06,C0205,P0138,2,32475.72,0.2,51961.15,40027.2,11933.95,Online,Card,Same Day,Returned,South,Bengaluru,Sales Rep C
S00606,O10606,2026-06-19,C0372,P0088,5,27867.73,0.2,111470.92,92525.15,18945.77,Partner,Net Banking,Express,Delivered,North,Jaipur,Sales Rep B
S00607,O10607,2026-03-06,C0011,P0125,6,9252.78,0,55516.68,38066.58,17450.1,Store,Cash,Standard,Delivered,West,Pune,Sales Rep C
S00608,O10608,2025-09-15,C0492,P0399,1,22207.05,0.1,19986.35,14264.04,5722.31,Online,Cash,Express,Returned,East,Bhubaneswar,Sales Rep B
S00609,O10609,2026-01-18,C0182,P0485,3,3798.32,0,11394.96,8288.73,3106.23,Online,Cash,Standard,Delivered,North,Jaipur,Sales Rep C
S00610,O10610,2025-07-11,C0279,P0350,3,26929.93,0,80789.79,64240.92,16548.87,Partner,UPI,Same Day,Delivered,West,Pune,Sales Rep D
S00611,O10611,2026-02-26,C0194,P0158,3,27678.74,0.05,78884.41,68722.5,10161.91,Partner,UPI,Standard,Delivered,East,Bhubaneswar,Sales Rep C
S00612,O10612,2026-05-28,C0124,P0285,5,9400.28,0,47001.4,35517.9,11483.5,Store,Net Banking,Same Day,Delivered,South,Bengaluru,Sales Rep D
S00613,O10613,2025-03-05,C0313,P0426,6,16340.8,0.2,78435.84,76370.52,2065.32,Store,UPI,Express,Delivered,South,Hyderabad,Sales Rep C
S00614,O10614,2025-08-10,C0123,P0105,2,10816.93,0.05,20552.17,16854.78,3697.39,Online,Net Banking,Same Day,Delivered,East,Bhubaneswar,Sales Rep A
S00615,O10615,2025-08-16,C0203,P0373,2,5301.87,0,10603.74,9218.5,1385.24,Online,UPI,Same Day,Returned,South,Coimbatore,Sales Rep D
S00616,O10616,2025-05-07,C0370,P0450,5,25062.6,0,125313.0,82571.3,42741.7,Partner,Card,Standard,Delivered,West,Mumbai,Sales Rep B
S00617,O10617,2025-05-18,C0253,P0111,4,2777.29,0.2,8887.33,7338.72,1548.61,Store,Card,Standard,Returned,South,Coimbatore,Sales Rep A
S00618,O10618,2025-03-27,C0371,P0040,5,24530.17,0.15,104253.22,99195.85,5057.37,Store,Net Banking,Express,Delivered,East,Kolkata,Sales Rep D
S00619,O10619,2026-02-21,C0492,P0257,5,13815.5,0.2,55262.0,44383.15,10878.85,Partner,UPI,Standard,Delivered,East,Bhubaneswar,Sales Rep B
S00620,O10620,2025-01-31,C0421,P0014,5,19075.68,0,95378.4,78459.5,16918.9,Store,Cash,Standard,Delivered,South,Chennai,Sales Rep A
S00621,O10621,2026-01-22,C0126,P0353,3,19879.63,0.1,53675.0,39972.72,13702.28,Partner,Cash,Express,Delivered,East,Bhubaneswar,Sales Rep A
S00622,O10622,2026-03-02,C0492,P0372,1,18819.89,0.15,15996.91,12785.8,3211.11,Partner,Card,Express,Delivered,East,Bhubaneswar,Sales Rep C
S00623,O10623,2025-03-01,C0069,P0454,1,11194.17,0.05,10634.46,8912.32,1722.14,Partner,UPI,Standard,Delivered,South,Coimbatore,Sales Rep A
S00624,O10624,2025-08-20,C0277,P0150,2,18858.44,0.1,33945.19,23814.72,10130.47,Partner,Cash,Express,Delivered,South,Hyderabad,Sales Rep B
S00625,O10625,2025-07-19,C0388,P0209,2,26500.62,0.2,42400.99,37231.0,5169.99,Online,Card,Same Day,Delivered,North,Jaipur,Sales Rep A
S00626,O10626,2025-10-09,C0123,P0232,3,14674.37,0.05,41821.95,32691.24,9130.71,Store,UPI,Standard,Delivered,East,Bhubaneswar,Sales Rep A
S00627,O10627,2025-10-29,C0357,P0382,2,9629.32,0.15,16369.84,16339.82,30.02,Partner,Cash,Same Day,Delivered,North,Delhi,Sales Rep C
S00628,O10628,2025-12-12,C0323,P0011,2,10335.12,0.1,18603.22,15953.22,2650.0,Store,Cash,Express,Delivered,South,Bengaluru,Sales Rep A
S00629,O10629,2025-05-12,C0060,P0383,4,21518.51,0,86074.04,55231.48,30842.56,Online,Card,Standard,Delivered,South,Bengaluru,Sales Rep C
S00630,O10630,2025-04-01,C0200,P0204,1,1787.63,0.1,1608.87,1439.81,169.06,Online,Cash,Standard,Delivered,South,Chennai,Sales Rep B
S00631,O10631,2025-06-29,C0052,P0488,2,24862.92,0.05,47239.55,31333.46,15906.09,Store,Net Banking,Standard,Returned,South,Coimbatore,Sales Rep B
S00632,O10632,2025-04-22,C0224,P0293,4,28409.28,0.2,90909.7,87086.36,3823.34,Store,Cash,Same Day,Delivered,South,Hyderabad,Sales Rep B
S00633,O10633,2025-09-28,C0269,P0426,3,16340.8,0.2,39217.92,38185.26,1032.66,Online,UPI,Standard,Delivered,North,Delhi,Sales Rep A
S00634,O10634,2026-04-04,C0407,P0271,2,29300.87,0.05,55671.65,40988.12,14683.53,Store,Card,Express,Delivered,North,Delhi,Sales Rep D
S00635,O10635,2025-08-28,C0024,P0109,6,8256.54,0.05,47062.28,41940.0,5122.28,Partner,UPI,Standard,Delivered,North,Jaipur,Sales Rep C
S00636,O10636,2025-01-19,C0232,P0354,5,4133.53,0,20667.65,12604.2,8063.45,Partner,Net Banking,Same Day,Delivered,South,Chennai,Sales Rep C
S00637,O10637,2025-07-06,C0147,P0294,1,2259.44,0.2,1807.55,1674.13,133.42,Store,Net Banking,Same Day,Delivered,West,Pune,Sales Rep D
S00638,O10638,2026-08-10,C0388,P0307,5,36267.29,0.2,145069.16,122261.5,22807.66,Store,Cash,Same Day,Delivered,North,Jaipur,Sales Rep D
S00639,O10639,2026-06-19,C0046,P0456,3,4713.48,0,14140.44,8851.44,5289.0,Partner,Net Banking,Same Day,Returned,South,Hyderabad,Sales Rep B
S00640,O10640,2026-08-02,C0076,P0170,1,3014.15,0.05,2863.44,2562.12,301.32,Online,Net Banking,Same Day,Delivered,West,Mumbai,Sales Rep B
S00641,O10641,2025-04-21,C0456,P0098,2,9255.21,0,18510.42,15734.98,2775.44,Store,Card,Express,Returned,East,Kolkata,Sales Rep A
S00642,O10642,2025-01-24,C0209,P0319,5,17037.29,0.1,76667.81,57151.65,19516.16,Online,Cash,Same Day,Delivered,South,Chennai,Sales Rep D
S00643,O10643,2025-02-01,C0392,P0214,6,17370.7,0.1,93801.78,76832.64,16969.14,Online,Card,Express,Delivered,South,Chennai,Sales Rep B
S00644,O10644,2026-01-06,C0167,P0344,6,4590.83,0,27544.98,18729.12,8815.86,Partner,Card,Same Day,Delivered,North,Jaipur,Sales Rep C
S00645,O10645,2025-12-19,C0424,P0002,4,21706.3,0.2,69460.16,62188.12,7272.04,Online,Card,Same Day,Returned,South,Coimbatore,Sales Rep C
S00646,O10646,2025-05-31,C0016,P0282,4,6808.08,0.15,23147.47,23264.12,-116.65,Store,Card,Express,Delivered,South,Hyderabad,Sales Rep A
S00647,O10647,2026-01-27,C0402,P0282,5,6808.08,0.1,30636.36,29080.15,1556.21,Store,Cash,Same Day,Delivered,West,Mumbai,Sales Rep B
S00648,O10648,2026-05-09,C0008,P0288,4,28544.52,0,114178.08,76360.04,37818.04,Partner,Card,Standard,Delivered,East,Kolkata,Sales Rep C
S00649,O10649,2025-05-04,C0473,P0385,3,12437.12,0,37311.36,23427.57,13883.79,Store,Cash,Same Day,Delivered,North,Jaipur,Sales Rep B
S00650,O10650,2025-11-15,C0301,P0408,5,11344.12,0.05,53884.57,42642.0,11242.57,Partner,UPI,Standard,Delivered,South,Hyderabad,Sales Rep D
S00651,O10651,2025-01-02,C0386,P0115,1,22452.7,0.2,17962.16,18404.28,-442.12,Partner,Cash,Same Day,Returned,South,Hyderabad,Sales Rep D
S00652,O10652,2025-04-30,C0033,P0029,4,17591.42,0.15,59810.83,45114.6,14696.23,Online,UPI,Standard,Delivered,South,Coimbatore,Sales Rep C
S00653,O10653,2025-01-27,C0422,P0497,1,1549.38,0,1549.38,1169.49,379.89,Store,UPI,Same Day,Delivered,West,Mumbai,Sales Rep A
S00654,O10654,2025-03-16,C0151,P0323,6,17099.95,0.05,97469.72,73217.16,24252.56,Online,Cash,Express,Delivered,South,Coimbatore,Sales Rep B
S00655,O10655,2026-03-30,C0447,P0299,6,12547.73,0.1,67757.74,49389.54,18368.2,Partner,Card,Standard,Delivered,East,Bhubaneswar,Sales Rep B
S00656,O10656,2025-10-04,C0327,P0144,1,16197.81,0.1,14578.03,13378.38,1199.65,Store,Cash,Same Day,Delivered,East,Kolkata,Sales Rep D
S00657,O10657,2026-04-05,C0084,P0030,2,23399.49,0.2,37439.18,32969.14,4470.04,Store,Cash,Same Day,Delivered,West,Mumbai,Sales Rep B
S00658,O10658,2026-07-23,C0177,P0010,1,31930.27,0.2,25544.22,21716.98,3827.24,Store,Cash,Express,Delivered,South,Coimbatore,Sales Rep B
S00659,O10659,2025-03-10,C0290,P0359,3,36127.32,0,108381.96,69736.08,38645.88,Store,Net Banking,Standard,Delivered,West,Mumbai,Sales Rep B
S00660,O10660,2025-08-26,C0104,P0233,1,357.2,0,357.2,276.92,80.28,Store,Net Banking,Same Day,Delivered,South,Chennai,Sales Rep B
S00661,O10661,2026-02-15,C0177,P0469,1,35960.55,0.1,32364.5,22334.4,10030.1,Partner,UPI,Express,Delivered,South,Coimbatore,Sales Rep B
S00662,O10662,2025-06-18,C0435,P0461,6,17236.54,0,103419.24,68155.2,35264.04,Online,Card,Standard,Returned,South,Coimbatore,Sales Rep A
S00663,O10663,2026-03-09,C0113,P0385,2,12437.12,0.15,21143.1,15618.38,5524.72,Partner,Net Banking,Standard,Returned,West,Mumbai,Sales Rep D
S00664,O10664,2025-12-20,C0280,P0294,4,2259.44,0,9037.76,6696.52,2341.24,Online,Card,Express,Delivered,South,Coimbatore,Sales Rep C
S00665,O10665,2025-02-20,C0158,P0136,6,21598.15,0,129588.9,84324.54,45264.36,Partner,Net Banking,Standard,Delivered,South,Bengaluru,Sales Rep D
S00666,O10666,2025-02-14,C0151,P0262,1,23557.38,0.1,21201.64,17029.92,4171.72,Store,Net Banking,Standard,Delivered,South,Coimbatore,Sales Rep D
S00667,O10667,2025-09-14,C0105,P0350,1,26929.93,0.1,24236.94,21413.64,2823.3,Store,UPI,Standard,Returned,South,Bengaluru,Sales Rep D
S00668,O10668,2025-06-24,C0342,P0263,2,5870.72,0,11741.44,9859.26,1882.18,Online,Card,Same Day,Delivered,East,Bhubaneswar,Sales Rep D
S00669,O10669,2026-07-04,C0458,P0421,2,23213.61,0,46427.22,37326.06,9101.16,Partner,Card,Express,Returned,South,Hyderabad,Sales Rep B
S00670,O10670,2025-12-15,C0294,P0280,6,25196.42,0.1,136060.67,107011.02,29049.65,Partner,Cash,Standard,Returned,South,Coimbatore,Sales Rep B
S00671,O10671,2026-07-07,C0448,P0422,2,9912.28,0,19824.56,15208.92,4615.64,Partner,Card,Same Day,Delivered,South,Chennai,Sales Rep D
S00672,O10672,2025-08-23,C0015,P0174,5,20291.99,0.1,91313.96,62038.5,29275.46,Partner,UPI,Express,Returned,East,Kolkata,Sales Rep D
S00673,O10673,2025-05-02,C0349,P0475,4,29130.43,0.1,104869.55,72004.08,32865.47,Partner,UPI,Express,Returned,South,Chennai,Sales Rep B
S00674,O10674,2026-06-15,C0461,P0208,2,20218.8,0,40437.6,31477.3,8960.3,Store,UPI,Express,Delivered,South,Hyderabad,Sales Rep A
S00675,O10675,2025-06-25,C0338,P0431,2,17081.97,0,34163.94,26845.2,7318.74,Partner,Net Banking,Express,Delivered,West,Mumbai,Sales Rep A
S00676,O10676,2026-01-10,C0202,P0348,1,7138.1,0.05,6781.19,4356.35,2424.84,Partner,Cash,Standard,Delivered,West,Pune,Sales Rep D
S00677,O10677,2025-03-16,C0292,P0077,5,7112.41,0.2,28449.64,27331.05,1118.59,Online,UPI,Same Day,Delivered,South,Bengaluru,Sales Rep C
S00678,O10678,2026-04-13,C0291,P0204,5,1787.63,0,8938.15,7199.05,1739.1,Partner,Net Banking,Standard,Returned,East,Bhubaneswar,Sales Rep C
S00679,O10679,2025-01-17,C0402,P0280,2,25196.42,0,50392.84,35670.34,14722.5,Online,Net Banking,Standard,Delivered,West,Mumbai,Sales Rep D
S00680,O10680,2025-09-14,C0500,P0369,5,23432.63,0.05,111304.99,77354.6,33950.39,Partner,Card,Express,Delivered,East,Bhubaneswar,Sales Rep A
S00681,O10681,2025-10-18,C0332,P0044,3,20385.68,0.1,55041.34,49002.09,6039.25,Partner,Cash,Standard,Returned,West,Pune,Sales Rep A
S00682,O10682,2025-07-03,C0183,P0473,2,17785.54,0.15,30235.42,23226.34,7009.08,Store,Cash,Express,Returned,South,Chennai,Sales Rep B
S00683,O10683,2025-07-11,C0277,P0394,1,25474.3,0.15,21653.15,19206.98,2446.17,Store,Net Banking,Express,Delivered,South,Hyderabad,Sales Rep A
S00684,O10684,2026-04-18,C0369,P0322,4,141.41,0.15,480.79,477.36,3.43,Partner,Cash,Express,Delivered,South,Bengaluru,Sales Rep D
S00685,O10685,2025-06-07,C0259,P0255,2,36833.92,0.05,69984.45,48985.28,20999.17,Partner,Card,Express,Delivered,South,Bengaluru,Sales Rep C
S00686,O10686,2025-01-01,C0349,P0269,4,17636.78,0.2,56437.7,48305.88,8131.82,Online,Card,Express,Delivered,South,Chennai,Sales Rep C
S00687,O10687,2026-01-05,C0453,P0016,4,10512.61,0.1,37845.4,31008.32,6837.08,Partner,Net Banking,Same Day,Returned,South,Chennai,Sales Rep A
S00688,O10688,2025-05-08,C0016,P0345,2,9113.08,0.05,17314.85,15030.42,2284.43,Partner,Card,Same Day,Delivered,South,Hyderabad,Sales Rep C
S00689,O10689,2025-07-06,C0138,P0129,5,1908.41,0.1,8587.85,7832.6,755.25,Store,Cash,Standard,Delivered,West,Pune,Sales Rep C
S00690,O10690,2025-10-29,C0424,P0418,2,31275.92,0.2,50041.47,48174.14,1867.33,Online,Card,Same Day,Delivered,South,Coimbatore,Sales Rep D
S00691,O10691,2025-08-16,C0426,P0444,2,36048.53,0.15,61282.5,44808.14,16474.36,Partner,UPI,Express,Returned,South,Hyderabad,Sales Rep B
S00692,O10692,2025-12-02,C0134,P0041,2,27484.47,0.15,46723.6,43510.16,3213.44,Store,Cash,Standard,Delivered,South,Hyderabad,Sales Rep D
S00693,O10693,2026-08-13,C0086,P0496,2,8746.22,0.1,15743.2,11479.96,4263.24,Partner,Card,Same Day,Delivered,West,Mumbai,Sales Rep C
S00694,O10694,2026-01-14,C0272,P0312,1,21290.98,0,21290.98,13757.27,7533.71,Partner,UPI,Same Day,Returned,South,Bengaluru,Sales Rep C
S00695,O10695,2026-05-17,C0188,P0014,5,19075.68,0.05,90609.48,78459.5,12149.98,Store,Net Banking,Standard,Delivered,East,Bhubaneswar,Sales Rep D
S00696,O10696,2025-10-22,C0396,P0349,3,24559.92,0,73679.76,52205.79,21473.97,Online,Card,Express,Delivered,North,Jaipur,Sales Rep A
S00697,O10697,2025-04-26,C0475,P0427,4,29644.19,0.15,100790.25,84127.92,16662.33,Store,Card,Standard,Delivered,North,Jaipur,Sales Rep C
S00698,O10698,2025-10-03,C0298,P0121,1,11616.81,0,11616.81,9453.19,2163.62,Store,Card,Express,Delivered,East,Bhubaneswar,Sales Rep A
S00699,O10699,2026-04-10,C0167,P0151,1,16628.22,0.05,15796.81,11596.03,4200.78,Store,Card,Standard,Delivered,North,Jaipur,Sales Rep B
S00700,O10700,2025-08-08,C0188,P0318,4,26297.08,0.1,94669.49,65202.36,29467.13,Partner,UPI,Standard,Returned,East,Bhubaneswar,Sales Rep D
S00701,O10701,2025-02-16,C0436,P0163,1,19992.81,0.15,16993.89,13258.66,3735.23,Store,Card,Same Day,Delivered,South,Chennai,Sales Rep C
S00702,O10702,2025-03-31,C0487,P0395,1,17665.43,0.05,16782.16,12467.79,4314.37,Online,Cash,Express,Delivered,West,Mumbai,Sales Rep D
S00703,O10703,2025-05-15,C0288,P0031,4,3998.74,0,15994.96,11331.08,4663.88,Store,Net Banking,Standard,Delivered,East,Kolkata,Sales Rep C
S00704,O10704,2025-05-21,C0206,P0084,3,17061.01,0.15,43505.58,34299.48,9206.1,Store,Cash,Standard,Delivered,South,Bengaluru,Sales Rep D
S00705,O10705,2026-04-06,C0406,P0387,5,10930.27,0.1,49186.22,33750.0,15436.22,Store,Net Banking,Standard,Delivered,East,Kolkata,Sales Rep D
S00706,O10706,2026-06-07,C0362,P0173,3,5174.15,0.2,12417.96,10294.35,2123.61,Partner,Net Banking,Same Day,Delivered,East,Bhubaneswar,Sales Rep D
S00707,O10707,2025-11-21,C0494,P0187,6,7282.43,0.15,37140.39,36077.28,1063.11,Store,Card,Same Day,Delivered,East,Kolkata,Sales Rep C
S00708,O10708,2025-05-02,C0491,P0315,1,8970.41,0.2,7176.33,6491.71,684.62,Store,Net Banking,Standard,Delivered,North,Jaipur,Sales Rep A
S00709,O10709,2025-02-13,C0452,P0021,2,562.52,0.05,1068.79,893.88,174.91,Store,Card,Same Day,Delivered,East,Kolkata,Sales Rep A
S00710,O10710,2025-05-15,C0491,P0122,6,7669.29,0,46015.74,31305.06,14710.68,Store,Net Banking,Standard,Delivered,North,Jaipur,Sales Rep A
S00711,O10711,2026-05-08,C0166,P0175,1,28006.34,0.15,23805.39,19148.63,4656.76,Online,Cash,Same Day,Delivered,South,Coimbatore,Sales Rep A
S00712,O10712,2025-10-19,C0146,P0156,5,26781.37,0.15,113820.82,94177.5,19643.32,Partner,Cash,Express,Returned,South,Hyderabad,Sales Rep B
S00713,O10713,2025-08-16,C0256,P0494,4,20410.0,0.1,73476.0,60939.28,12536.72,Partner,Cash,Same Day,Delivered,East,Kolkata,Sales Rep D
S00714,O10714,2025-01-07,C0077,P0383,2,21518.51,0.05,40885.17,27615.74,13269.43,Partner,Card,Express,Delivered,East,Kolkata,Sales Rep B
S00715,O10715,2025-03-13,C0487,P0491,5,8669.17,0,43345.85,32905.8,10440.05,Online,UPI,Same Day,Delivered,West,Mumbai,Sales Rep B
S00716,O10716,2025-05-10,C0429,P0033,2,23655.89,0.15,40215.01,40082.84,132.17,Online,UPI,Same Day,Delivered,South,Hyderabad,Sales Rep A
S00717,O10717,2025-01-09,C0031,P0194,1,3622.78,0.15,3079.36,2841.84,237.52,Online,Cash,Express,Returned,South,Chennai,Sales Rep B
S00718,O10718,2026-07-21,C0105,P0368,4,626.93,0.05,2382.33,1680.52,701.81,Online,Card,Express,Returned,South,Bengaluru,Sales Rep A
S00719,O10719,2025-07-01,C0341,P0234,2,3093.2,0.05,5877.08,4360.56,1516.52,Store,Cash,Express,Delivered,South,Bengaluru,Sales Rep C
S00720,O10720,2025-09-30,C0288,P0322,4,141.41,0,565.64,477.36,88.28,Store,Card,Same Day,Delivered,East,Kolkata,Sales Rep C
S00721,O10721,2025-04-03,C0073,P0317,5,12006.36,0.2,48025.44,51334.95,-3309.51,Partner,Cash,Express,Delivered,West,Mumbai,Sales Rep A
S00722,O10722,2026-07-17,C0201,P0028,2,11125.44,0.2,17800.7,14848.58,2952.12,Store,UPI,Same Day,Returned,West,Mumbai,Sales Rep B
S00723,O10723,2025-08-09,C0033,P0235,2,31618.05,0.1,56912.49,44533.52,12378.97,Partner,Card,Same Day,Delivered,South,Coimbatore,Sales Rep A
S00724,O10724,2025-06-26,C0167,P0094,2,25158.02,0.15,42768.63,36111.54,6657.09,Partner,Card,Same Day,Returned,North,Jaipur,Sales Rep B
S00725,O10725,2026-03-14,C0490,P0052,3,33173.24,0.2,79615.78,67312.83,12302.95,Partner,UPI,Same Day,Delivered,South,Coimbatore,Sales Rep B
S00726,O10726,2025-05-28,C0284,P0282,2,6808.08,0,13616.16,11632.06,1984.1,Store,Net Banking,Same Day,Delivered,South,Coimbatore,Sales Rep B
S00727,O10727,2025-11-12,C0164,P0285,3,9400.28,0.1,25380.76,21310.74,4070.02,Online,Cash,Same Day,Returned,East,Kolkata,Sales Rep D
S00728,O10728,2026-02-07,C0113,P0083,3,14792.88,0,44378.64,29539.71,14838.93,Online,Net Banking,Express,Delivered,West,Mumbai,Sales Rep D
S00729,O10729,2025-04-30,C0313,P0367,2,15068.18,0.1,27122.72,21147.4,5975.32,Partner,Cash,Standard,Delivered,South,Hyderabad,Sales Rep B
S00730,O10730,2025-06-15,C0226,P0036,1,18716.65,0.05,17780.82,12656.94,5123.88,Online,Cash,Same Day,Returned,East,Kolkata,Sales Rep A
S00731,O10731,2025-12-01,C0110,P0252,2,8415.12,0.15,14305.7,10300.3,4005.4,Partner,Card,Standard,Delivered,South,Hyderabad,Sales Rep A
S00732,O10732,2025-04-11,C0416,P0346,2,29726.45,0.05,56480.25,41883.26,14596.99,Store,UPI,Same Day,Delivered,West,Mumbai,Sales Rep B
S00733,O10733,2025-02-15,C0020,P0453,3,23685.73,0.15,60398.61,55938.15,4460.46,Store,Cash,Same Day,Returned,South,Chennai,Sales Rep C
S00734,O10734,2026-01-17,C0351,P0108,6,33563.84,0.15,171175.58,134450.16,36725.42,Store,Card,Standard,Returned,East,Bhubaneswar,Sales Rep A
S00735,O10735,2025-02-11,C0409,P0429,2,30866.13,0,61732.26,42176.66,19555.6,Store,Net Banking,Standard,Returned,East,Kolkata,Sales Rep A
S00736,O10736,2026-08-11,C0418,P0294,3,2259.44,0,6778.32,5022.39,1755.93,Store,UPI,Express,Delivered,West,Pune,Sales Rep B
S00737,O10737,2026-08-08,C0447,P0373,1,5301.87,0,5301.87,4609.25,692.62,Online,Card,Same Day,Delivered,East,Bhubaneswar,Sales Rep A
S00738,O10738,2025-07-23,C0048,P0156,4,26781.37,0.05,101769.21,75342.0,26427.21,Partner,Card,Standard,Delivered,South,Hyderabad,Sales Rep A
S00739,O10739,2026-04-27,C0296,P0213,1,12423.75,0,12423.75,7565.8,4857.95,Partner,Cash,Standard,Delivered,East,Kolkata,Sales Rep B
S00740,O10740,2025-06-04,C0204,P0025,6,5475.01,0,32850.06,25503.72,7346.34,Online,Card,Standard,Delivered,West,Pune,Sales Rep D
S00741,O10741,2025-05-23,C0210,P0239,1,17532.4,0,17532.4,13012.11,4520.29,Partner,UPI,Standard,Delivered,South,Hyderabad,Sales Rep D
S00742,O10742,2025-05-13,C0207,P0054,2,20171.98,0,40343.96,26722.8,13621.16,Online,UPI,Express,Delivered,West,Pune,Sales Rep C
S00743,O10743,2026-06-26,C0339,P0381,4,15421.81,0,61687.24,53608.44,8078.8,Online,Card,Standard,Delivered,South,Bengaluru,Sales Rep B
S00744,O10744,2025-12-12,C0221,P0195,2,2911.98,0.15,4950.37,4366.44,583.93,Online,Card,Express,Delivered,West,Mumbai,Sales Rep A
S00745,O10745,2025-10-16,C0077,P0392,2,27084.59,0,54169.18,40907.32,13261.86,Online,Net Banking,Standard,Returned,East,Kolkata,Sales Rep B
S00746,O10746,2025-01-09,C0473,P0173,5,5174.15,0.2,20696.6,17157.25,3539.35,Store,Card,Standard,Delivered,North,Jaipur,Sales Rep D
S00747,O10747,2025-07-18,C0066,P0009,6,23097.29,0.05,131654.55,97647.9,34006.65,Store,Cash,Standard,Delivered,East,Bhubaneswar,Sales Rep B
S00748,O10748,2026-08-06,C0367,P0342,5,36151.24,0.05,171718.39,122542.5,49175.89,Online,Cash,Standard,Delivered,East,Bhubaneswar,Sales Rep B
S00749,O10749,2025-05-02,C0497,P0233,2,357.2,0.05,678.68,553.84,124.84,Online,Cash,Express,Delivered,North,Jaipur,Sales Rep C
S00750,O10750,2025-05-14,C0199,P0158,2,27678.74,0,55357.48,45815.0,9542.48,Store,UPI,Same Day,Delivered,East,Bhubaneswar,Sales Rep A
S00751,O10751,2025-02-25,C0073,P0247,4,19932.65,0,79730.6,49310.04,30420.56,Store,Card,Express,Delivered,West,Mumbai,Sales Rep D
S00752,O10752,2025-06-20,C0143,P0031,5,3998.74,0.15,16994.64,14163.85,2830.79,Online,Cash,Same Day,Delivered,North,Delhi,Sales Rep D
S00753,O10753,2025-01-23,C0219,P0442,4,23356.92,0,93427.68,68314.92,25112.76,Online,Card,Express,Delivered,South,Bengaluru,Sales Rep C
S00754,O10754,2025-06-12,C0164,P0134,6,14462.06,0.2,69417.89,58027.14,11390.75,Partner,UPI,Standard,Delivered,East,Kolkata,Sales Rep A
S00755,O10755,2025-05-08,C0128,P0031,1,3998.74,0.15,3398.93,2832.77,566.16,Store,Cash,Express,Returned,West,Mumbai,Sales Rep C
S00756,O10756,2025-11-12,C0217,P0458,5,33168.88,0,165844.4,113509.7,52334.7,Store,Cash,Same Day,Delivered,South,Coimbatore,Sales Rep C
S00757,O10757,2025-06-26,C0146,P0218,2,7532.53,0.05,14311.81,9669.58,4642.23,Store,UPI,Standard,Delivered,South,Hyderabad,Sales Rep D
S00758,O10758,2025-04-24,C0223,P0002,1,21706.3,0.15,18450.35,15547.03,2903.32,Online,UPI,Same Day,Delivered,East,Kolkata,Sales Rep A
S00759,O10759,2026-02-27,C0107,P0014,5,19075.68,0,95378.4,78459.5,16918.9,Online,Cash,Express,Delivered,South,Coimbatore,Sales Rep A
S00760,O10760,2026-03-10,C0251,P0083,5,14792.88,0,73964.4,49232.85,24731.55,Partner,UPI,Same Day,Delivered,North,Jaipur,Sales Rep C
S00761,O10761,2025-06-01,C0230,P0055,5,23460.45,0,117302.25,97476.85,19825.4,Partner,UPI,Express,Delivered,East,Bhubaneswar,Sales Rep D
S00762,O10762,2026-06-05,C0044,P0101,1,22033.8,0.1,19830.42,16506.16,3324.26,Store,UPI,Standard,Delivered,North,Delhi,Sales Rep D
S00763,O10763,2025-12-07,C0365,P0118,1,5137.54,0,5137.54,4372.45,765.09,Store,Net Banking,Same Day,Delivered,South,Hyderabad,Sales Rep D
S00764,O10764,2026-02-15,C0154,P0103,2,1919.44,0,3838.88,2777.76,1061.12,Partner,Card,Standard,Delivered,North,Delhi,Sales Rep D
S00765,O10765,2026-06-29,C0094,P0179,5,2084.01,0.2,8336.04,6322.4,2013.64,Store,Cash,Express,Returned,North,Jaipur,Sales Rep C
S00766,O10766,2025-07-29,C0255,P0016,1,10512.61,0.15,8935.72,7752.08,1183.64,Online,Net Banking,Standard,Delivered,East,Kolkata,Sales Rep D
S00767,O10767,2026-03-27,C0081,P0422,3,9912.28,0.1,26763.16,22813.38,3949.78,Store,Cash,Standard,Delivered,West,Mumbai,Sales Rep C
S00768,O10768,2026-06-22,C0300,P0033,2,23655.89,0,47311.78,40082.84,7228.94,Partner,Cash,Standard,Delivered,South,Bengaluru,Sales Rep A
S00769,O10769,2026-03-01,C0137,P0207,4,25422.32,0,101689.28,68233.2,33456.08,Store,Net Banking,Same Day,Delivered,South,Coimbatore,Sales Rep A
S00770,O10770,2025-02-21,C0408,P0060,4,14918.06,0.15,50721.4,38935.8,11785.6,Store,Cash,Standard,Delivered,West,Mumbai,Sales Rep A
S00771,O10771,2025-09-26,C0011,P0384,5,5247.45,0,26237.25,18882.45,7354.8,Partner,UPI,Same Day,Delivered,West,Pune,Sales Rep A
S00772,O10772,2025-03-09,C0162,P0128,3,15342.47,0,46027.41,34255.11,11772.3,Online,Net Banking,Same Day,Delivered,North,Delhi,Sales Rep C
S00773,O10773,2026-05-24,C0332,P0426,4,16340.8,0.15,55558.72,50913.68,4645.04,Partner,Cash,Same Day,Delivered,West,Pune,Sales Rep A
S00774,O10774,2026-03-26,C0102,P0238,6,24682.53,0,148095.18,124348.02,23747.16,Store,Cash,Same Day,Delivered,East,Kolkata,Sales Rep A
S00775,O10775,2026-01-27,C0211,P0465,1,37427.17,0,37427.17,24206.37,13220.8,Online,Cash,Express,Delivered,East,Kolkata,Sales Rep D
S00776,O10776,2025-09-30,C0246,P0293,2,28409.28,0,56818.56,43543.18,13275.38,Online,Net Banking,Express,Delivered,South,Coimbatore,Sales Rep B
S00777,O10777,2026-06-12,C0378,P0353,6,19879.63,0.15,101386.11,79945.44,21440.67,Partner,Net Banking,Same Day,Delivered,South,Chennai,Sales Rep D
S00778,O10778,2025-03-10,C0414,P0008,6,14873.14,0.05,84776.9,67742.28,17034.62,Online,Cash,Same Day,Delivered,South,Coimbatore,Sales Rep A
S00779,O10779,2025-02-22,C0110,P0240,5,4890.0,0.1,22005.0,16239.65,5765.35,Partner,Card,Standard,Delivered,South,Hyderabad,Sales Rep D
S00780,O10780,2025-06-12,C0029,P0431,6,17081.97,0.2,81993.46,80535.6,1457.86,Partner,UPI,Same Day,Delivered,East,Bhubaneswar,Sales Rep A
S00781,O10781,2026-07-13,C0436,P0477,1,31350.85,0,31350.85,21494.1,9856.75,Store,Cash,Standard,Delivered,South,Chennai,Sales Rep A
S00782,O10782,2025-01-23,C0500,P0228,6,34970.96,0.15,178351.9,130692.42,47659.48,Partner,Net Banking,Same Day,Delivered,East,Bhubaneswar,Sales Rep A
S00783,O10783,2026-02-13,C0497,P0280,3,25196.42,0.05,71809.8,53505.51,18304.29,Partner,Card,Standard,Delivered,North,Jaipur,Sales Rep D
S00784,O10784,2025-12-31,C0485,P0451,5,16149.16,0.15,68633.93,61160.65,7473.28,Partner,Card,Same Day,Returned,South,Coimbatore,Sales Rep C
S00785,O10785,2025-01-12,C0225,P0478,5,10842.93,0,54214.65,36538.5,17676.15,Online,UPI,Express,Delivered,West,Mumbai,Sales Rep D
S00786,O10786,2026-04-30,C0243,P0164,6,17977.02,0,107862.12,66218.82,41643.3,Online,Card,Express,Delivered,North,Delhi,Sales Rep C
S00787,O10787,2025-04-04,C0305,P0207,6,25422.32,0.2,122027.14,102349.8,19677.34,Online,Card,Same Day,Returned,East,Bhubaneswar,Sales Rep C
S00788,O10788,2026-03-10,C0406,P0085,5,13254.32,0.15,56330.86,56879.05,-548.19,Online,Cash,Same Day,Returned,East,Kolkata,Sales Rep D
S00789,O10789,2025-02-21,C0341,P0326,3,26504.24,0,79512.72,59433.96,20078.76,Partner,Net Banking,Standard,Delivered,South,Bengaluru,Sales Rep C
S00790,O10790,2025-04-01,C0464,P0405,5,12843.23,0.1,57794.53,39596.7,18197.83,Online,Net Banking,Express,Delivered,South,Bengaluru,Sales Rep D
S00791,O10791,2025-09-12,C0461,P0283,2,5770.43,0.1,10386.77,9109.56,1277.21,Store,Card,Express,Returned,South,Hyderabad,Sales Rep C
S00792,O10792,2026-04-17,C0055,P0399,5,22207.05,0.2,88828.2,71320.2,17508.0,Partner,Cash,Standard,Delivered,East,Kolkata,Sales Rep A
S00793,O10793,2026-03-08,C0454,P0310,6,27872.55,0.2,133788.24,127113.72,6674.52,Store,Cash,Express,Delivered,West,Pune,Sales Rep C
S00794,O10794,2026-03-16,C0480,P0314,1,16077.77,0.05,15273.88,11810.18,3463.7,Store,Net Banking,Standard,Delivered,South,Bengaluru,Sales Rep D
S00795,O10795,2026-07-29,C0006,P0079,3,3872.91,0,11618.73,8899.89,2718.84,Store,Card,Standard,Delivered,South,Coimbatore,Sales Rep B
S00796,O10796,2026-02-21,C0423,P0323,3,17099.95,0.15,43604.87,36608.58,6996.29,Partner,Card,Standard,Delivered,North,Jaipur,Sales Rep C
S00797,O10797,2026-06-30,C0274,P0205,6,13856.59,0.15,70668.61,68924.22,1744.39,Online,UPI,Express,Delivered,North,Delhi,Sales Rep C
S00798,O10798,2025-06-04,C0203,P0246,5,27143.31,0.1,122144.9,112149.3,9995.6,Partner,UPI,Express,Delivered,South,Coimbatore,Sales Rep A
S00799,O10799,2025-03-17,C0046,P0154,2,37978.37,0,75956.74,48717.06,27239.68,Partner,Card,Express,Delivered,South,Hyderabad,Sales Rep B
S00800,O10800,2025-04-21,C0366,P0209,2,26500.62,0,53001.24,37231.0,15770.24,Store,Cash,Standard,Delivered,East,Bhubaneswar,Sales Rep B
S00801,O10801,2025-09-18,C0128,P0023,3,21540.02,0.15,54927.05,55384.41,-457.36,Partner,UPI,Express,Delivered,West,Mumbai,Sales Rep A
S00802,O10802,2026-01-04,C0466,P0085,3,13254.32,0.05,37774.81,34127.43,3647.38,Store,Card,Express,Delivered,East,Kolkata,Sales Rep A
S00803,O10803,2025-02-02,C0220,P0163,2,19992.81,0.2,31988.5,26517.32,5471.18,Store,Net Banking,Standard,Returned,East,Bhubaneswar,Sales Rep D
S00804,O10804,2026-04-27,C0433,P0033,6,23655.89,0.1,127741.81,120248.52,7493.29,Partner,UPI,Same Day,Delivered,West,Mumbai,Sales Rep C
S00805,O10805,2026-08-10,C0305,P0276,5,14700.35,0.2,58801.4,47613.8,11187.6,Online,UPI,Express,Returned,East,Bhubaneswar,Sales Rep B
S00806,O10806,2025-03-23,C0050,P0140,4,8677.46,0.05,32974.35,29378.4,3595.95,Store,UPI,Standard,Delivered,North,Jaipur,Sales Rep B
S00807,O10807,2026-01-21,C0471,P0202,3,4406.82,0.15,11237.39,10102.29,1135.1,Store,Card,Same Day,Returned,West,Mumbai,Sales Rep D
S00808,O10808,2026-06-03,C0160,P0477,4,31350.85,0.15,106592.89,85976.4,20616.49,Store,UPI,Express,Delivered,South,Bengaluru,Sales Rep C
S00809,O10809,2025-02-20,C0161,P0412,1,10526.36,0,10526.36,6629.66,3896.7,Partner,Card,Same Day,Delivered,North,Jaipur,Sales Rep A
S00810,O10810,2026-05-05,C0433,P0352,3,25682.36,0,77047.08,49381.11,27665.97,Partner,Cash,Same Day,Delivered,West,Mumbai,Sales Rep C
S00811,O10811,2026-05-01,C0059,P0037,1,17740.25,0.1,15966.23,14113.57,1852.66,Partner,UPI,Standard,Returned,South,Bengaluru,Sales Rep B
S00812,O10812,2025-09-12,C0216,P0161,4,26620.32,0.2,85185.02,90882.2,-5697.18,Partner,Card,Standard,Delivered,South,Hyderabad,Sales Rep C
S00813,O10813,2025-02-27,C0191,P0307,4,36267.29,0.1,130562.24,97809.2,32753.04,Online,UPI,Standard,Delivered,West,Mumbai,Sales Rep B
S00814,O10814,2025-09-14,C0153,P0272,2,19767.9,0,39535.8,30052.16,9483.64,Store,Cash,Express,Delivered,South,Chennai,Sales Rep D
S00815,O10815,2026-02-25,C0221,P0255,1,36833.92,0.05,34992.22,24492.64,10499.58,Store,Net Banking,Standard,Delivered,West,Mumbai,Sales Rep C
S00816,O10816,2026-01-08,C0162,P0217,4,35482.97,0.1,127738.69,86920.04,40818.65,Store,UPI,Same Day,Returned,North,Delhi,Sales Rep C
S00817,O10817,2025-08-15,C0394,P0164,2,17977.02,0.15,30560.93,22072.94,8487.99,Partner,UPI,Express,Delivered,West,Mumbai,Sales Rep B
S00818,O10818,2026-01-14,C0439,P0401,3,9738.21,0.1,26293.17,23119.11,3174.06,Store,Card,Same Day,Delivered,South,Chennai,Sales Rep D
S00819,O10819,2025-10-24,C0173,P0359,1,36127.32,0,36127.32,23245.36,12881.96,Store,Net Banking,Same Day,Delivered,South,Bengaluru,Sales Rep B
S00820,O10820,2025-01-10,C0474,P0028,6,11125.44,0.2,53402.11,44545.74,8856.37,Store,Card,Standard,Delivered,South,Bengaluru,Sales Rep B
S00821,O10821,2025-07-05,C0078,P0151,4,16628.22,0.1,59861.59,46384.12,13477.47,Store,Cash,Express,Returned,North,Jaipur,Sales Rep B
S00822,O10822,2025-03-10,C0392,P0162,4,3684.15,0,14736.6,9368.88,5367.72,Online,UPI,Standard,Delivered,South,Chennai,Sales Rep A
S00823,O10823,2026-05-31,C0048,P0191,3,35783.11,0.15,91246.93,70239.45,21007.48,Partner,Cash,Standard,Delivered,South,Hyderabad,Sales Rep A
S00824,O10824,2026-06-13,C0056,P0243,4,15063.41,0.1,54228.28,41943.88,12284.4,Partner,Cash,Same Day,Delivered,North,Delhi,Sales Rep B
S00825,O10825,2025-06-27,C0448,P0041,5,27484.47,0.15,116809.0,108775.4,8033.6,Store,Cash,Standard,Delivered,South,Chennai,Sales Rep D
S00826,O10826,2026-02-23,C0070,P0368,3,626.93,0,1880.79,1260.39,620.4,Partner,Cash,Standard,Delivered,West,Pune,Sales Rep A
S00827,O10827,2025-02-24,C0471,P0085,2,13254.32,0.15,22532.34,22751.62,-219.28,Store,Card,Same Day,Returned,West,Mumbai,Sales Rep C
S00828,O10828,2025-12-21,C0117,P0221,6,17626.15,0.15,89893.37,73161.84,16731.53,Partner,Cash,Same Day,Delivered,South,Chennai,Sales Rep D
S00829,O10829,2025-06-22,C0284,P0180,3,27815.89,0.05,79275.29,60136.65,19138.64,Partner,Card,Express,Delivered,South,Coimbatore,Sales Rep A
S00830,O10830,2025-08-27,C0344,P0286,5,8522.98,0.05,40484.15,29521.9,10962.25,Store,Net Banking,Express,Delivered,North,Jaipur,Sales Rep A
S00831,O10831,2026-03-16,C0347,P0484,3,25724.77,0.05,73315.59,56744.64,16570.95,Partner,Net Banking,Express,Returned,East,Kolkata,Sales Rep C
S00832,O10832,2025-07-21,C0379,P0075,1,786.19,0,786.19,546.46,239.73,Online,Card,Standard,Returned,West,Pune,Sales Rep C
S00833,O10833,2026-05-19,C0395,P0276,6,14700.35,0.15,74971.79,57136.56,17835.23,Partner,UPI,Express,Returned,West,Mumbai,Sales Rep D
S00834,O10834,2025-09-06,C0392,P0106,6,20403.08,0.05,116297.56,82359.0,33938.56,Partner,Card,Express,Delivered,South,Chennai,Sales Rep A
S00835,O10835,2026-07-23,C0099,P0445,5,14363.06,0.1,64633.77,50282.9,14350.87,Partner,Card,Standard,Returned,North,Delhi,Sales Rep C
S00836,O10836,2026-07-10,C0366,P0007,1,17508.17,0,17508.17,13386.85,4121.32,Partner,Cash,Standard,Delivered,East,Bhubaneswar,Sales Rep C
S00837,O10837,2025-07-19,C0169,P0366,1,3667.7,0.1,3300.93,2837.79,463.14,Partner,Card,Express,Delivered,East,Bhubaneswar,Sales Rep C
S00838,O10838,2025-08-23,C0320,P0458,3,33168.88,0,99506.64,68105.82,31400.82,Store,UPI,Standard,Delivered,South,Coimbatore,Sales Rep A
S00839,O10839,2026-02-10,C0367,P0447,4,28969.2,0.1,104289.12,81673.6,22615.52,Partner,Net Banking,Same Day,Delivered,East,Bhubaneswar,Sales Rep D
S00840,O10840,2025-10-13,C0177,P0089,3,22374.33,0.05,63766.84,44965.86,18800.98,Partner,Net Banking,Express,Delivered,South,Coimbatore,Sales Rep D
S00841,O10841,2026-06-29,C0028,P0423,2,15389.0,0.15,26161.3,23027.76,3133.54,Store,UPI,Express,Delivered,South,Bengaluru,Sales Rep D
S00842,O10842,2026-07-20,C0361,P0402,1,33704.7,0,33704.7,20576.82,13127.88,Partner,Net Banking,Standard,Delivered,North,Delhi,Sales Rep B
S00843,O10843,2026-05-30,C0275,P0234,5,3093.2,0.2,12372.8,10901.4,1471.4,Store,Cash,Same Day,Returned,North,Delhi,Sales Rep B
S00844,O10844,2025-03-04,C0454,P0455,3,6115.06,0.05,17427.92,14738.34,2689.58,Store,Card,Express,Delivered,West,Pune,Sales Rep C
S00845,O10845,2025-05-21,C0430,P0231,3,26460.19,0.1,71442.51,59644.86,11797.65,Online,UPI,Standard,Returned,South,Chennai,Sales Rep C
S00846,O10846,2025-05-16,C0090,P0138,2,32475.72,0.15,55208.72,40027.2,15181.52,Partner,Card,Same Day,Returned,West,Mumbai,Sales Rep B
S00847,O10847,2025-09-01,C0267,P0121,5,11616.81,0,58084.05,47265.95,10818.1,Online,UPI,Same Day,Returned,South,Coimbatore,Sales Rep A
S00848,O10848,2025-06-10,C0201,P0472,5,27571.96,0,137859.8,94579.7,43280.1,Online,UPI,Same Day,Delivered,West,Mumbai,Sales Rep B
S00849,O10849,2025-02-15,C0075,P0063,1,18940.62,0,18940.62,15881.08,3059.54,Online,Card,Standard,Delivered,East,Kolkata,Sales Rep A
S00850,O10850,2026-06-19,C0033,P0355,4,27753.18,0.1,99911.45,70141.4,29770.05,Store,Cash,Standard,Delivered,South,Coimbatore,Sales Rep A
S00851,O10851,2026-07-26,C0261,P0431,6,17081.97,0.1,92242.64,80535.6,11707.04,Partner,Cash,Standard,Delivered,South,Chennai,Sales Rep A
S00852,O10852,2025-07-13,C0419,P0152,3,23373.54,0.1,63108.56,55551.63,7556.93,Online,Net Banking,Standard,Delivered,West,Mumbai,Sales Rep C
S00853,O10853,2025-09-07,C0476,P0164,6,17977.02,0,107862.12,66218.82,41643.3,Partner,UPI,Express,Delivered,South,Bengaluru,Sales Rep D
S00854,O10854,2026-07-18,C0401,P0385,6,12437.12,0,74622.72,46855.14,27767.58,Online,Net Banking,Express,Returned,South,Chennai,Sales Rep C
S00855,O10855,2025-04-11,C0427,P0347,1,4122.86,0,4122.86,3290.09,832.77,Online,UPI,Express,Returned,South,Coimbatore,Sales Rep B
S00856,O10856,2025-10-13,C0002,P0190,3,18074.38,0.2,43378.51,41561.94,1816.57,Partner,Cash,Express,Delivered,South,Chennai,Sales Rep C
S00857,O10857,2025-02-17,C0011,P0463,4,13755.57,0.1,49520.05,36146.96,13373.09,Partner,Cash,Express,Delivered,West,Pune,Sales Rep A
S00858,O10858,2026-02-07,C0038,P0007,3,17508.17,0.05,49898.28,40160.55,9737.73,Online,UPI,Same Day,Delivered,West,Pune,Sales Rep C
S00859,O10859,2026-04-03,C0001,P0414,5,29465.36,0.05,139960.46,91579.55,48380.91,Online,Cash,Same Day,Delivered,South,Coimbatore,Sales Rep D
S00860,O10860,2025-01-16,C0022,P0268,3,18725.95,0.15,47751.17,38906.85,8844.32,Online,Cash,Express,Delivered,West,Pune,Sales Rep C
S00861,O10861,2026-01-22,C0284,P0073,5,9400.0,0.2,37600.0,40760.9,-3160.9,Partner,Cash,Standard,Returned,South,Coimbatore,Sales Rep D
S00862,O10862,2026-06-25,C0402,P0008,2,14873.14,0.15,25284.34,22580.76,2703.58,Store,UPI,Express,Returned,West,Mumbai,Sales Rep A
S00863,O10863,2026-01-15,C0187,P0016,5,10512.61,0.1,47306.75,38760.4,8546.35,Online,Net Banking,Express,Delivered,South,Hyderabad,Sales Rep D
S00864,O10864,2025-01-24,C0460,P0194,6,3622.78,0.15,18476.18,17051.04,1425.14,Online,Card,Standard,Delivered,South,Hyderabad,Sales Rep B
S00865,O10865,2026-01-03,C0221,P0452,4,30535.99,0.2,97715.17,86828.16,10887.01,Partner,Card,Express,Delivered,West,Mumbai,Sales Rep C
S00866,O10866,2025-01-06,C0041,P0284,5,12888.37,0.05,61219.76,45285.5,15934.26,Online,UPI,Express,Delivered,South,Hyderabad,Sales Rep C
S00867,O10867,2025-05-01,C0262,P0161,4,26620.32,0.1,95833.15,90882.2,4950.95,Store,Net Banking,Same Day,Delivered,East,Kolkata,Sales Rep B
S00868,O10868,2026-01-30,C0250,P0152,5,23373.54,0,116867.7,92586.05,24281.65,Online,UPI,Same Day,Delivered,West,Pune,Sales Rep C
S00869,O10869,2026-02-17,C0048,P0312,2,21290.98,0.1,38323.76,27514.54,10809.22,Store,Card,Standard,Delivered,South,Hyderabad,Sales Rep D
S00870,O10870,2025-03-18,C0172,P0263,4,5870.72,0,23482.88,19718.52,3764.36,Partner,Net Banking,Same Day,Delivered,West,Pune,Sales Rep C
S00871,O10871,2025-04-18,C0470,P0068,5,10576.57,0.05,50238.71,45279.5,4959.21,Partner,Net Banking,Express,Returned,East,Kolkata,Sales Rep A
S00872,O10872,2026-06-02,C0164,P0223,2,7387.78,0,14775.56,11728.02,3047.54,Partner,Card,Standard,Delivered,East,Kolkata,Sales Rep D
S00873,O10873,2026-08-12,C0426,P0001,1,9078.55,0.2,7262.84,5791.85,1470.99,Online,UPI,Same Day,Returned,South,Hyderabad,Sales Rep B
S00874,O10874,2025-12-17,C0474,P0361,4,10442.76,0.05,39682.49,35536.12,4146.37,Online,Cash,Standard,Delivered,South,Bengaluru,Sales Rep B
S00875,O10875,2026-04-27,C0143,P0434,2,412.33,0.15,700.96,665.4,35.56,Online,Net Banking,Same Day,Delivered,North,Delhi,Sales Rep A
S00876,O10876,2026-05-13,C0030,P0046,5,6759.63,0.2,27038.52,25280.8,1757.72,Partner,Card,Standard,Delivered,South,Hyderabad,Sales Rep D
S00877,O10877,2025-05-20,C0124,P0047,4,13118.34,0,52473.36,45182.12,7291.24,Store,Net Banking,Standard,Returned,South,Bengaluru,Sales Rep A
S00878,O10878,2025-12-26,C0031,P0403,5,5939.95,0.2,23759.8,24663.45,-903.65,Partner,UPI,Standard,Delivered,South,Chennai,Sales Rep C
S00879,O10879,2025-07-02,C0500,P0001,4,9078.55,0,36314.2,23167.4,13146.8,Partner,UPI,Express,Delivered,East,Bhubaneswar,Sales Rep D
S00880,O10880,2025-02-14,C0042,P0383,6,21518.51,0.05,122655.51,82847.22,39808.29,Online,Cash,Standard,Delivered,East,Kolkata,Sales Rep B
S00881,O10881,2026-04-19,C0023,P0017,1,24037.46,0.1,21633.71,17219.23,4414.48,Partner,Net Banking,Same Day,Delivered,South,Coimbatore,Sales Rep A
S00882,O10882,2025-09-20,C0490,P0248,6,17556.01,0.2,84268.85,81486.84,2782.01,Online,Net Banking,Same Day,Delivered,South,Coimbatore,Sales Rep C
S00883,O10883,2025-05-25,C0117,P0416,5,30746.35,0.15,130671.99,122328.7,8343.29,Store,Cash,Same Day,Delivered,South,Chennai,Sales Rep D
S00884,O10884,2025-09-21,C0177,P0068,3,10576.57,0.1,28556.74,27167.7,1389.04,Online,Cash,Same Day,Delivered,South,Coimbatore,Sales Rep B
S00885,O10885,2025-11-15,C0243,P0104,5,606.12,0,3030.6,1878.15,1152.45,Online,UPI,Standard,Delivered,North,Delhi,Sales Rep C
S00886,O10886,2025-12-27,C0024,P0079,5,3872.91,0.2,15491.64,14833.15,658.49,Partner,Cash,Standard,Delivered,North,Jaipur,Sales Rep A
S00887,O10887,2025-10-31,C0240,P0457,2,15344.7,0.2,24551.52,24839.36,-287.84,Store,Cash,Express,Delivered,East,Kolkata,Sales Rep C
S00888,O10888,2025-06-05,C0447,P0471,4,24362.07,0.15,82831.04,69511.2,13319.84,Online,Cash,Express,Returned,East,Bhubaneswar,Sales Rep A
S00889,O10889,2026-04-04,C0382,P0220,2,27926.61,0.15,47475.24,41499.82,5975.42,Partner,Card,Same Day,Delivered,South,Bengaluru,Sales Rep C
S00890,O10890,2026-05-31,C0477,P0278,2,23210.59,0.15,39458.0,29432.32,10025.68,Store,Card,Express,Delivered,East,Bhubaneswar,Sales Rep D
S00891,O10891,2025-11-02,C0472,P0409,4,25021.11,0,100084.44,76706.52,23377.92,Partner,UPI,Express,Delivered,North,Delhi,Sales Rep A
S00892,O10892,2026-03-31,C0229,P0418,3,31275.92,0.2,75062.21,72261.21,2801.0,Online,Cash,Express,Returned,East,Bhubaneswar,Sales Rep C
S00893,O10893,2026-01-08,C0181,P0041,4,27484.47,0,109937.88,87020.32,22917.56,Online,Card,Same Day,Delivered,South,Hyderabad,Sales Rep A
S00894,O10894,2025-12-08,C0277,P0480,3,11454.06,0,34362.18,20941.35,13420.83,Online,Cash,Same Day,Delivered,South,Hyderabad,Sales Rep A
S00895,O10895,2025-04-15,C0342,P0308,2,23019.82,0,46039.64,37985.62,8054.02,Online,UPI,Express,Returned,East,Bhubaneswar,Sales Rep A
S00896,O10896,2025-01-20,C0308,P0352,2,25682.36,0.05,48796.48,32920.74,15875.74,Store,Cash,Same Day,Returned,South,Hyderabad,Sales Rep A
S00897,O10897,2025-07-01,C0352,P0360,2,26819.68,0.2,42911.49,35177.18,7734.31,Online,Cash,Same Day,Delivered,North,Jaipur,Sales Rep B
S00898,O10898,2025-10-02,C0162,P0419,6,29452.41,0,176714.46,123537.3,53177.16,Partner,Card,Standard,Delivered,North,Delhi,Sales Rep B
S00899,O10899,2025-11-18,C0094,P0225,5,6218.59,0.05,29538.3,26495.35,3042.95,Online,UPI,Standard,Returned,North,Jaipur,Sales Rep A
S00900,O10900,2025-04-24,C0041,P0164,3,17977.02,0,53931.06,33109.41,20821.65,Partner,Card,Express,Delivered,South,Hyderabad,Sales Rep D
S00901,O10901,2025-12-14,C0325,P0456,1,4713.48,0.1,4242.13,2950.48,1291.65,Store,UPI,Express,Delivered,South,Chennai,Sales Rep D
S00902,O10902,2025-05-13,C0361,P0098,4,9255.21,0.15,31467.71,31469.96,-2.25,Partner,UPI,Express,Delivered,North,Delhi,Sales Rep A
S00903,O10903,2025-03-09,C0468,P0119,1,8656.26,0,8656.26,5576.67,3079.59,Store,Net Banking,Same Day,Delivered,East,Kolkata,Sales Rep C
S00904,O10904,2025-01-13,C0396,P0370,2,24594.03,0.2,39350.45,35105.06,4245.39,Partner,UPI,Standard,Delivered,North,Jaipur,Sales Rep C
S00905,O10905,2025-02-02,C0065,P0481,2,18210.16,0.1,32778.29,23060.58,9717.71,Online,Net Banking,Standard,Delivered,North,Delhi,Sales Rep C
S00906,O10906,2025-04-07,C0321,P0315,2,8970.41,0.2,14352.66,12983.42,1369.24,Store,Card,Same Day,Delivered,South,Hyderabad,Sales Rep C
S00907,O10907,2025-09-07,C0390,P0385,3,12437.12,0.2,29849.09,23427.57,6421.52,Partner,Net Banking,Standard,Delivered,West,Mumbai,Sales Rep C
S00908,O10908,2025-02-04,C0199,P0037,1,17740.25,0.1,15966.23,14113.57,1852.66,Store,UPI,Same Day,Delivered,East,Bhubaneswar,Sales Rep D
S00909,O10909,2026-07-15,C0293,P0220,1,27926.61,0,27926.61,20749.91,7176.7,Partner,Cash,Same Day,Returned,South,Hyderabad,Sales Rep D
S00910,O10910,2025-09-05,C0135,P0023,4,21540.02,0.15,73236.07,73845.88,-609.81,Store,Card,Same Day,Delivered,East,Kolkata,Sales Rep B
S00911,O10911,2025-10-23,C0292,P0435,3,21530.96,0.15,54903.95,45552.84,9351.11,Partner,Net Banking,Standard,Delivered,South,Bengaluru,Sales Rep A
S00912,O10912,2026-04-15,C0202,P0252,4,8415.12,0,33660.48,20600.6,13059.88,Store,Net Banking,Standard,Delivered,West,Pune,Sales Rep B
S00913,O10913,2025-01-12,C0325,P0179,1,2084.01,0.1,1875.61,1264.48,611.13,Online,Cash,Express,Delivered,South,Chennai,Sales Rep B
S00914,O10914,2025-07-08,C0461,P0201,3,20197.89,0,60593.67,46565.61,14028.06,Store,Net Banking,Standard,Delivered,South,Hyderabad,Sales Rep B
S00915,O10915,2026-08-10,C0339,P0485,6,3798.32,0,22789.92,16577.46,6212.46,Online,Card,Express,Delivered,South,Bengaluru,Sales Rep A
S00916,O10916,2025-02-02,C0036,P0008,5,14873.14,0,74365.7,56451.9,17913.8,Partner,Cash,Same Day,Delivered,East,Kolkata,Sales Rep C
S00917,O10917,2026-07-08,C0126,P0003,5,1179.98,0.1,5309.91,4457.3,852.61,Partner,Net Banking,Standard,Delivered,East,Bhubaneswar,Sales Rep B
S00918,O10918,2025-04-30,C0454,P0463,1,13755.57,0.1,12380.01,9036.74,3343.27,Store,Cash,Standard,Delivered,West,Pune,Sales Rep A
S00919,O10919,2025-12-09,C0145,P0459,4,22747.46,0.05,86440.35,66710.0,19730.35,Partner,Cash,Express,Delivered,South,Coimbatore,Sales Rep A
S00920,O10920,2026-03-10,C0088,P0304,3,31482.98,0,94448.94,70090.32,24358.62,Store,UPI,Standard,Delivered,South,Bengaluru,Sales Rep D
S00921,O10921,2025-07-03,C0344,P0412,1,10526.36,0.2,8421.09,6629.66,1791.43,Online,Cash,Express,Delivered,North,Jaipur,Sales Rep B
S00922,O10922,2026-04-19,C0040,P0131,4,13748.98,0,54995.92,43605.92,11390.0,Partner,Card,Standard,Returned,South,Coimbatore,Sales Rep A
S00923,O10923,2025-12-19,C0047,P0411,2,1684.78,0,3369.56,2133.3,1236.26,Partner,UPI,Standard,Delivered,West,Mumbai,Sales Rep D
S00924,O10924,2025-06-22,C0359,P0491,1,8669.17,0.2,6935.34,6581.16,354.18,Partner,Card,Standard,Delivered,South,Hyderabad,Sales Rep A
S00925,O10925,2026-05-16,C0268,P0294,6,2259.44,0,13556.64,10044.78,3511.86,Partner,Net Banking,Same Day,Delivered,West,Pune,Sales Rep D
S00926,O10926,2025-04-25,C0055,P0396,5,8106.06,0.1,36477.27,25728.65,10748.62,Online,Net Banking,Express,Delivered,East,Kolkata,Sales Rep C
S00927,O10927,2026-04-20,C0292,P0384,6,5247.45,0.1,28336.23,22658.94,5677.29,Online,UPI,Express,Delivered,South,Bengaluru,Sales Rep A
S00928,O10928,2025-12-14,C0385,P0396,2,8106.06,0.1,14590.91,10291.46,4299.45,Partner,Card,Standard,Returned,West,Mumbai,Sales Rep B
S00929,O10929,2026-05-07,C0261,P0466,2,21655.64,0.15,36814.59,33269.72,3544.87,Store,Net Banking,Express,Delivered,South,Chennai,Sales Rep A
S00930,O10930,2025-06-22,C0264,P0071,6,27987.71,0.1,151133.63,132605.4,18528.23,Online,UPI,Standard,Delivered,North,Jaipur,Sales Rep B
S00931,O10931,2026-07-04,C0315,P0151,2,16628.22,0.2,26605.15,23192.06,3413.09,Online,Card,Same Day,Delivered,South,Hyderabad,Sales Rep A
S00932,O10932,2025-10-12,C0130,P0046,3,6759.63,0.1,18251.0,15168.48,3082.52,Store,Card,Same Day,Delivered,North,Delhi,Sales Rep A
S00933,O10933,2026-01-04,C0034,P0216,5,7148.91,0.15,30382.87,23461.9,6920.97,Partner,Card,Same Day,Delivered,West,Pune,Sales Rep B
S00934,O10934,2025-01-14,C0377,P0322,2,141.41,0,282.82,238.68,44.14,Partner,Card,Standard,Delivered,North,Delhi,Sales Rep B
S00935,O10935,2025-05-15,C0113,P0437,2,6556.82,0.2,10490.91,8780.3,1710.61,Store,Cash,Express,Delivered,West,Mumbai,Sales Rep A
S00936,O10936,2025-07-18,C0125,P0191,1,35783.11,0,35783.11,23413.15,12369.96,Partner,UPI,Express,Delivered,South,Bengaluru,Sales Rep A
S00937,O10937,2026-02-10,C0209,P0130,2,25519.41,0,51038.82,42773.4,8265.42,Partner,UPI,Express,Delivered,South,Chennai,Sales Rep D
S00938,O10938,2025-12-31,C0234,P0236,4,30684.94,0.15,104328.8,75733.88,28594.92,Online,Card,Standard,Delivered,North,Delhi,Sales Rep A
S00939,O10939,2025-04-02,C0334,P0083,4,14792.88,0.2,47337.22,39386.28,7950.94,Partner,UPI,Express,Delivered,East,Bhubaneswar,Sales Rep D
S00940,O10940,2025-02-11,C0443,P0312,2,21290.98,0.15,36194.67,27514.54,8680.13,Partner,Card,Standard,Delivered,South,Bengaluru,Sales Rep C
S00941,O10941,2026-07-09,C0127,P0432,3,28085.94,0,84257.82,69557.4,14700.42,Partner,Cash,Express,Delivered,North,Delhi,Sales Rep B
S00942,O10942,2025-07-27,C0291,P0042,1,5795.14,0.1,5215.63,3897.68,1317.95,Store,UPI,Same Day,Delivered,East,Bhubaneswar,Sales Rep C
S00943,O10943,2026-01-13,C0208,P0286,4,8522.98,0.1,30682.73,23617.52,7065.21,Store,UPI,Express,Delivered,South,Chennai,Sales Rep D
S00944,O10944,2025-03-28,C0477,P0079,5,3872.91,0.15,16459.87,14833.15,1626.72,Store,Net Banking,Express,Delivered,East,Bhubaneswar,Sales Rep C
S00945,O10945,2025-09-18,C0298,P0147,3,911.0,0.2,2186.4,1925.73,260.67,Online,Cash,Express,Returned,East,Bhubaneswar,Sales Rep B
S00946,O10946,2025-07-13,C0351,P0157,6,13054.92,0,78329.52,56253.06,22076.46,Partner,Cash,Express,Delivered,East,Bhubaneswar,Sales Rep C
S00947,O10947,2026-01-21,C0332,P0310,2,27872.55,0.1,50170.59,42371.24,7799.35,Online,Card,Standard,Returned,West,Pune,Sales Rep B
S00948,O10948,2025-05-01,C0223,P0452,1,30535.99,0.05,29009.19,21707.04,7302.15,Online,Net Banking,Standard,Returned,East,Kolkata,Sales Rep B
S00949,O10949,2025-12-18,C0471,P0425,6,27717.23,0.15,141357.87,116639.16,24718.71,Partner,Net Banking,Express,Delivered,West,Mumbai,Sales Rep A
S00950,O10950,2026-06-10,C0348,P0264,6,18790.08,0,112740.48,94078.74,18661.74,Partner,Cash,Same Day,Delivered,North,Delhi,Sales Rep D
S00951,O10951,2025-09-03,C0076,P0328,6,28033.15,0.05,159788.96,130413.66,29375.3,Partner,UPI,Same Day,Returned,West,Mumbai,Sales Rep C
S00952,O10952,2026-07-28,C0113,P0103,3,1919.44,0,5758.32,4166.64,1591.68,Online,Net Banking,Express,Delivered,West,Mumbai,Sales Rep C
S00953,O10953,2026-01-09,C0342,P0030,5,23399.49,0,116997.45,82422.85,34574.6,Online,Card,Express,Delivered,East,Bhubaneswar,Sales Rep A
S00954,O10954,2025-09-04,C0415,P0354,1,4133.53,0,4133.53,2520.84,1612.69,Partner,Net Banking,Same Day,Returned,East,Bhubaneswar,Sales Rep D
S00955,O10955,2025-10-01,C0015,P0192,3,29755.71,0.1,80340.42,55333.77,25006.65,Partner,Cash,Same Day,Delivered,East,Kolkata,Sales Rep D
S00956,O10956,2026-04-10,C0170,P0408,4,11344.12,0.15,38570.01,34113.6,4456.41,Partner,Net Banking,Same Day,Delivered,South,Chennai,Sales Rep B
S00957,O10957,2025-09-03,C0185,P0496,4,8746.22,0.05,33235.64,22959.92,10275.72,Partner,Cash,Express,Returned,North,Jaipur,Sales Rep D
S00958,O10958,2026-05-30,C0477,P0373,4,5301.87,0,21207.48,18437.0,2770.48,Store,Card,Express,Delivered,East,Bhubaneswar,Sales Rep A
S00959,O10959,2025-10-20,C0091,P0176,3,23830.54,0,71491.62,44537.67,26953.95,Partner,UPI,Same Day,Delivered,East,Kolkata,Sales Rep C
S00960,O10960,2025-12-16,C0261,P0045,2,11434.42,0.1,20581.96,18364.94,2217.02,Partner,Card,Express,Delivered,South,Chennai,Sales Rep D
S00961,O10961,2026-04-03,C0204,P0155,2,1860.13,0,3720.26,2795.96,924.3,Online,UPI,Express,Delivered,West,Pune,Sales Rep B
S00962,O10962,2025-05-02,C0123,P0189,3,15167.77,0,45503.31,35740.08,9763.23,Store,UPI,Express,Delivered,East,Bhubaneswar,Sales Rep C
S00963,O10963,2025-07-20,C0334,P0279,2,30344.1,0,60688.2,39267.72,21420.48,Store,UPI,Express,Delivered,East,Bhubaneswar,Sales Rep C
S00964,O10964,2025-02-27,C0110,P0368,4,626.93,0.15,2131.56,1680.52,451.04,Store,Card,Same Day,Returned,South,Hyderabad,Sales Rep B
S00965,O10965,2025-01-19,C0054,P0493,1,3737.95,0.15,3177.26,2673.21,504.05,Partner,UPI,Express,Delivered,South,Hyderabad,Sales Rep B
S00966,O10966,2025-05-04,C0073,P0478,1,10842.93,0.05,10300.78,7307.7,2993.08,Partner,Cash,Standard,Delivered,West,Mumbai,Sales Rep C
S00967,O10967,2026-01-07,C0081,P0108,6,33563.84,0.05,191313.89,134450.16,56863.73,Partner,Card,Express,Returned,West,Mumbai,Sales Rep C
S00968,O10968,2026-05-26,C0137,P0433,1,27005.02,0,27005.02,19902.4,7102.62,Store,Card,Same Day,Delivered,South,Coimbatore,Sales Rep A
S00969,O10969,2026-02-25,C0355,P0271,3,29300.87,0.2,70322.09,61482.18,8839.91,Online,Card,Express,Returned,South,Coimbatore,Sales Rep D
S00970,O10970,2026-03-17,C0068,P0296,4,20945.56,0.2,67025.79,69948.68,-2922.89,Store,Cash,Standard,Delivered,East,Kolkata,Sales Rep D
S00971,O10971,2025-10-13,C0002,P0058,1,16129.17,0.2,12903.34,12289.38,613.96,Online,Net Banking,Standard,Returned,South,Chennai,Sales Rep A
S00972,O10972,2026-01-12,C0013,P0475,3,29130.43,0.2,69913.03,54003.06,15909.97,Partner,UPI,Standard,Delivered,East,Kolkata,Sales Rep B
S00973,O10973,2025-07-02,C0248,P0439,6,30580.33,0,183481.98,143734.74,39747.24,Online,Net Banking,Standard,Delivered,North,Jaipur,Sales Rep D
S00974,O10974,2025-07-19,C0340,P0434,1,412.33,0.1,371.1,332.7,38.4,Online,Net Banking,Standard,Delivered,South,Chennai,Sales Rep B
S00975,O10975,2026-06-26,C0391,P0204,6,1787.63,0.2,8580.62,8638.86,-58.24,Online,Cash,Standard,Delivered,West,Pune,Sales Rep B
S00976,O10976,2026-01-23,C0063,P0102,5,31982.79,0.05,151918.25,104766.75,47151.5,Store,Card,Same Day,Returned,East,Bhubaneswar,Sales Rep B
S00977,O10977,2025-01-28,C0465,P0370,5,24594.03,0.2,98376.12,87762.65,10613.47,Online,Cash,Standard,Delivered,South,Chennai,Sales Rep B
S00978,O10978,2025-12-27,C0369,P0192,6,29755.71,0.2,142827.41,110667.54,32159.87,Online,Card,Standard,Delivered,South,Bengaluru,Sales Rep B
S00979,O10979,2026-03-30,C0328,P0355,2,27753.18,0.2,44405.09,35070.7,9334.39,Partner,Card,Same Day,Delivered,East,Bhubaneswar,Sales Rep A
S00980,O10980,2026-05-01,C0148,P0187,6,7282.43,0.2,34955.66,36077.28,-1121.62,Online,Net Banking,Standard,Delivered,South,Coimbatore,Sales Rep B
S00981,O10981,2025-03-31,C0217,P0219,5,5133.86,0.05,24385.83,18861.45,5524.38,Online,Cash,Express,Delivered,South,Coimbatore,Sales Rep A
S00982,O10982,2026-04-16,C0283,P0500,1,4747.42,0.15,4035.31,3138.88,896.43,Online,Cash,Same Day,Returned,South,Coimbatore,Sales Rep A
S00983,O10983,2025-06-12,C0392,P0259,2,18567.3,0.1,33421.14,24723.04,8698.1,Online,UPI,Standard,Returned,South,Chennai,Sales Rep A
S00984,O10984,2025-04-13,C0080,P0203,3,28935.62,0.2,69445.49,67732.77,1712.72,Partner,Card,Same Day,Delivered,East,Kolkata,Sales Rep A
S00985,O10985,2026-05-20,C0494,P0440,6,7788.68,0.2,37385.66,37159.98,225.68,Store,Net Banking,Same Day,Delivered,East,Kolkata,Sales Rep D
S00986,O10986,2025-11-29,C0245,P0103,4,1919.44,0.05,7293.87,5555.52,1738.35,Online,Card,Standard,Delivered,South,Coimbatore,Sales Rep B
S00987,O10987,2025-06-15,C0073,P0488,6,24862.92,0.15,126800.89,94000.38,32800.51,Online,UPI,Same Day,Delivered,West,Mumbai,Sales Rep C
S00988,O10988,2026-07-28,C0079,P0178,6,11844.93,0.2,56855.66,50713.86,6141.8,Partner,Card,Same Day,Delivered,South,Coimbatore,Sales Rep B
S00989,O10989,2025-12-29,C0376,P0491,4,8669.17,0,34676.68,26324.64,8352.04,Store,Card,Same Day,Delivered,South,Bengaluru,Sales Rep B
S00990,O10990,2025-02-20,C0191,P0336,4,20833.86,0,83335.44,68100.48,15234.96,Partner,Cash,Standard,Delivered,West,Mumbai,Sales Rep A
S00991,O10991,2025-10-06,C0273,P0029,4,17591.42,0.2,56292.54,45114.6,11177.94,Store,Net Banking,Standard,Delivered,North,Delhi,Sales Rep A
S00992,O10992,2025-11-19,C0249,P0343,2,35237.97,0.15,59904.55,47735.04,12169.51,Store,UPI,Same Day,Delivered,South,Bengaluru,Sales Rep B
S00993,O10993,2025-03-15,C0007,P0455,2,6115.06,0.1,11007.11,9825.56,1181.55,Online,Cash,Same Day,Delivered,West,Pune,Sales Rep C
S00994,O10994,2025-08-23,C0340,P0205,5,13856.59,0.2,55426.36,57436.85,-2010.49,Store,Net Banking,Express,Delivered,South,Chennai,Sales Rep C
S00995,O10995,2026-05-03,C0375,P0142,1,34890.55,0.05,33146.02,23908.85,9237.17,Store,Net Banking,Same Day,Delivered,East,Kolkata,Sales Rep B
S00996,O10996,2025-03-10,C0480,P0321,3,24511.4,0,73534.2,47800.83,25733.37,Store,Net Banking,Standard,Delivered,South,Bengaluru,Sales Rep C
S00997,O10997,2025-10-06,C0169,P0220,1,27926.61,0.15,23737.62,20749.91,2987.71,Partner,UPI,Same Day,Returned,East,Bhubaneswar,Sales Rep B
S00998,O10998,2026-04-07,C0303,P0165,5,3445.7,0.1,15505.65,14145.4,1360.25,Store,Card,Standard,Returned,East,Bhubaneswar,Sales Rep A
S00999,O10999,2025-01-19,C0416,P0071,3,27987.71,0,83963.13,66302.7,17660.43,Store,Card,Same Day,Delivered,West,Mumbai,Sales Rep A
S01000,O11000,2026-05-24,C0319,P0444,1,36048.53,0,36048.53,22404.07,13644.46,Partner,UPI,Standard,Delivered,East,Kolkata,Sales Rep A
S01001,O11001,2026-08-09,C0482,P0104,2,606.12,0.2,969.79,751.26,218.53,Store,Cash,Express,Returned,South,Hyderabad,Sales Rep D
S01002,O11002,2026-06-20,C0019,P0290,4,35343.72,0,141374.88,96206.0,45168.88,Online,Card,Express,Returned,West,Pune,Sales Rep D
S01003,O11003,2025-07-09,C0119,P0041,2,27484.47,0.1,49472.05,43510.16,5961.89,Partner,Cash,Same Day,Delivered,North,Jaipur,Sales Rep D
S01004,O11004,2026-08-14,C0492,P0174,5,20291.99,0.15,86240.96,62038.5,24202.46,Partner,Cash,Same Day,Returned,East,Bhubaneswar,Sales Rep C
S01005,O11005,2025-08-01,C0122,P0431,6,17081.97,0.2,81993.46,80535.6,1457.86,Partner,Net Banking,Standard,Delivered,South,Hyderabad,Sales Rep A
S01006,O11006,2026-01-27,C0323,P0395,3,17665.43,0.05,50346.48,37403.37,12943.11,Online,UPI,Same Day,Delivered,South,Bengaluru,Sales Rep B
S01007,O11007,2025-05-29,C0120,P0064,1,22628.3,0,22628.3,19247.39,3380.91,Online,UPI,Express,Delivered,West,Pune,Sales Rep C
S01008,O11008,2026-01-23,C0249,P0414,3,29465.36,0.05,83976.28,54947.73,29028.55,Partner,Cash,Express,Returned,South,Bengaluru,Sales Rep A
S01009,O11009,2025-01-02,C0365,P0026,2,4794.58,0.1,8630.24,8019.7,610.54,Partner,Cash,Express,Delivered,South,Hyderabad,Sales Rep C
S01010,O11010,2026-03-22,C0279,P0341,4,27925.28,0.1,100531.01,67934.72,32596.29,Store,Cash,Same Day,Returned,West,Pune,Sales Rep C
S01011,O11011,2025-04-02,C0454,P0482,4,23729.59,0,94918.36,66006.32,28912.04,Store,Net Banking,Express,Delivered,West,Pune,Sales Rep C
S01012,O11012,2025-02-03,C0440,P0170,1,3014.15,0.1,2712.74,2562.12,150.62,Online,Net Banking,Express,Delivered,South,Hyderabad,Sales Rep D
S01013,O11013,2026-01-31,C0102,P0020,3,6329.45,0.15,16140.1,11614.68,4525.42,Store,Card,Express,Returned,East,Kolkata,Sales Rep A
S01014,O11014,2026-08-03,C0057,P0452,6,30535.99,0.05,174055.14,130242.24,43812.9,Online,Cash,Standard,Delivered,East,Bhubaneswar,Sales Rep B
S01015,O11015,2026-01-15,C0026,P0356,5,3763.44,0.1,16935.48,16295.5,639.98,Partner,UPI,Standard,Delivered,North,Delhi,Sales Rep C
S01016,O11016,2026-06-26,C0057,P0083,2,14792.88,0.1,26627.18,19693.14,6934.04,Store,Card,Express,Delivered,East,Bhubaneswar,Sales Rep B
S01017,O11017,2025-11-18,C0041,P0437,5,6556.82,0.05,31144.89,21950.75,9194.14,Partner,Net Banking,Same Day,Returned,South,Hyderabad,Sales Rep C
S01018,O11018,2026-02-28,C0473,P0145,6,36632.27,0.1,197814.26,134446.56,63367.7,Online,Net Banking,Express,Delivered,North,Jaipur,Sales Rep C
S01019,O11019,2025-11-11,C0382,P0114,6,20089.08,0.05,114507.76,97337.94,17169.82,Online,Net Banking,Same Day,Delivered,South,Bengaluru,Sales Rep D
S01020,O11020,2025-09-08,C0292,P0476,5,18617.26,0,93086.3,59428.3,33658.0,Partner,Net Banking,Express,Returned,South,Bengaluru,Sales Rep C
S01021,O11021,2025-10-04,C0116,P0295,4,26399.94,0.05,100319.77,70127.56,30192.21,Online,Card,Standard,Delivered,East,Bhubaneswar,Sales Rep A
S01022,O11022,2026-05-28,C0304,P0169,4,27128.24,0,108512.96,66774.36,41738.6,Partner,Cash,Same Day,Delivered,South,Hyderabad,Sales Rep C
S01023,O11023,2025-06-11,C0052,P0128,1,15342.47,0,15342.47,11418.37,3924.1,Partner,Cash,Standard,Delivered,South,Coimbatore,Sales Rep B
S01024,O11024,2026-05-06,C0059,P0441,1,18641.04,0.1,16776.94,14221.33,2555.61,Store,Net Banking,Same Day,Delivered,South,Bengaluru,Sales Rep B
S01025,O11025,2026-02-27,C0147,P0323,3,17099.95,0.05,48734.86,36608.58,12126.28,Store,Card,Standard,Delivered,West,Pune,Sales Rep B
S01026,O11026,2025-11-06,C0006,P0022,3,23013.42,0.15,58684.22,58227.81,456.41,Store,Net Banking,Express,Delivered,South,Coimbatore,Sales Rep B
S01027,O11027,2025-08-17,C0371,P0313,5,5705.57,0,28527.85,22383.85,6144.0,Online,Card,Same Day,Delivered,East,Kolkata,Sales Rep A
S01028,O11028,2025-04-28,C0070,P0399,2,22207.05,0.2,35531.28,28528.08,7003.2,Store,Net Banking,Express,Delivered,West,Pune,Sales Rep D
S01029,O11029,2025-12-12,C0098,P0170,6,3014.15,0.2,14467.92,15372.72,-904.8,Store,UPI,Same Day,Returned,South,Hyderabad,Sales Rep A
S01030,O11030,2025-08-12,C0473,P0294,1,2259.44,0.05,2146.47,1674.13,472.34,Partner,Net Banking,Same Day,Delivered,North,Jaipur,Sales Rep B
S01031,O11031,2025-12-02,C0133,P0357,4,21966.95,0.1,79081.02,70772.52,8308.5,Online,UPI,Standard,Delivered,West,Mumbai,Sales Rep C
S01032,O11032,2025-07-29,C0025,P0454,3,11194.17,0,33582.51,26736.96,6845.55,Online,Cash,Standard,Delivered,South,Bengaluru,Sales Rep A
S01033,O11033,2025-07-19,C0440,P0128,3,15342.47,0.1,41424.67,34255.11,7169.56,Store,Card,Express,Returned,South,Hyderabad,Sales Rep B
S01034,O11034,2025-01-20,C0336,P0056,3,3173.04,0,9519.12,6181.59,3337.53,Partner,Cash,Same Day,Returned,South,Hyderabad,Sales Rep D
S01035,O11035,2026-07-08,C0401,P0421,1,23213.61,0,23213.61,18663.03,4550.58,Partner,Net Banking,Same Day,Delivered,South,Chennai,Sales Rep C
S01036,O11036,2025-02-21,C0196,P0386,2,28268.7,0.2,45229.92,36381.94,8847.98,Online,Cash,Express,Delivered,South,Hyderabad,Sales Rep A
S01037,O11037,2025-07-12,C0239,P0135,1,35156.58,0.05,33398.75,23637.43,9761.32,Online,Net Banking,Standard,Delivered,South,Hyderabad,Sales Rep B
S01038,O11038,2026-01-11,C0275,P0407,1,26492.87,0,26492.87,22139.28,4353.59,Online,Net Banking,Express,Returned,North,Delhi,Sales Rep C
S01039,O11039,2025-12-11,C0093,P0230,6,14298.37,0,85790.22,56166.66,29623.56,Online,Card,Standard,Delivered,East,Bhubaneswar,Sales Rep B
S01040,O11040,2025-01-17,C0005,P0070,2,38371.54,0.05,72905.93,46705.16,26200.77,Store,UPI,Standard,Delivered,South,Chennai,Sales Rep A
S01041,O11041,2025-08-13,C0118,P0012,2,5415.66,0.05,10289.75,9324.88,964.87,Store,Cash,Express,Delivered,West,Pune,Sales Rep A
S01042,O11042,2026-03-15,C0344,P0462,4,25996.84,0.05,98787.99,68678.96,30109.03,Online,Cash,Express,Delivered,North,Jaipur,Sales Rep D
S01043,O11043,2025-12-22,C0313,P0313,3,5705.57,0,17116.71,13430.31,3686.4,Partner,UPI,Standard,Delivered,South,Hyderabad,Sales Rep C
S01044,O11044,2025-03-22,C0108,P0029,2,17591.42,0,35182.84,22557.3,12625.54,Partner,Net Banking,Express,Delivered,South,Hyderabad,Sales Rep B
S01045,O11045,2025-10-05,C0015,P0111,6,2777.29,0,16663.74,11008.08,5655.66,Online,Card,Same Day,Delivered,East,Kolkata,Sales Rep D
S01046,O11046,2025-01-17,C0035,P0485,1,3798.32,0.1,3418.49,2762.91,655.58,Partner,Card,Standard,Delivered,West,Mumbai,Sales Rep C
S01047,O11047,2026-01-18,C0027,P0452,1,30535.99,0.1,27482.39,21707.04,5775.35,Partner,Cash,Express,Returned,South,Hyderabad,Sales Rep A
S01048,O11048,2026-05-03,C0426,P0470,6,13065.63,0.2,62715.02,62727.0,-11.98,Partner,Cash,Express,Delivered,South,Hyderabad,Sales Rep D
S01049,O11049,2025-07-07,C0055,P0319,3,17037.29,0,51111.87,34290.99,16820.88,Store,Net Banking,Same Day,Delivered,East,Kolkata,Sales Rep D
S01050,O11050,2026-04-26,C0079,P0404,6,567.39,0,3404.34,2121.3,1283.04,Store,UPI,Standard,Delivered,South,Coimbatore,Sales Rep C
S01051,O11051,2025-12-18,C0307,P0021,4,562.52,0.1,2025.07,1787.76,237.31,Partner,Net Banking,Same Day,Delivered,South,Coimbatore,Sales Rep B
S01052,O11052,2026-05-13,C0485,P0127,2,8122.85,0.2,12996.56,11977.98,1018.58,Online,Cash,Same Day,Delivered,South,Coimbatore,Sales Rep B
S01053,O11053,2025-03-28,C0052,P0067,1,1569.17,0,1569.17,995.09,574.08,Online,Cash,Same Day,Delivered,South,Coimbatore,Sales Rep B
S01054,O11054,2026-07-21,C0357,P0178,4,11844.93,0.2,37903.78,33809.24,4094.54,Partner,UPI,Same Day,Delivered,North,Delhi,Sales Rep D
S01055,O11055,2026-05-12,C0438,P0026,3,4794.58,0.2,11506.99,12029.55,-522.56,Online,Card,Same Day,Delivered,West,Pune,Sales Rep C
S01056,O11056,2025-09-15,C0054,P0301,6,13704.5,0.05,78115.65,66367.2,11748.45,Online,Net Banking,Same Day,Delivered,South,Hyderabad,Sales Rep D
S01057,O11057,2025-06-29,C0053,P0089,2,22374.33,0.1,40273.79,29977.24,10296.55,Store,Net Banking,Standard,Delivered,East,Kolkata,Sales Rep D
S01058,O11058,2025-01-22,C0094,P0084,3,17061.01,0.05,48623.88,34299.48,14324.4,Online,Card,Standard,Returned,North,Jaipur,Sales Rep B
S01059,O11059,2025-11-25,C0193,P0348,6,7138.1,0.05,40687.17,26138.1,14549.07,Partner,Cash,Standard,Delivered,South,Bengaluru,Sales Rep A
S01060,O11060,2025-07-20,C0355,P0277,2,5931.24,0.05,11269.36,7358.5,3910.86,Store,Net Banking,Express,Delivered,South,Coimbatore,Sales Rep C
S01061,O11061,2026-06-16,C0258,P0431,4,17081.97,0.15,58078.7,53690.4,4388.3,Partner,Net Banking,Standard,Delivered,South,Chennai,Sales Rep D
S01062,O11062,2025-06-20,C0011,P0412,1,10526.36,0.05,10000.04,6629.66,3370.38,Partner,Cash,Same Day,Delivered,West,Pune,Sales Rep A
S01063,O11063,2025-11-17,C0314,P0393,2,14825.34,0.2,23720.54,19627.48,4093.06,Store,Cash,Express,Delivered,South,Bengaluru,Sales Rep D
S01064,O11064,2025-08-03,C0219,P0325,2,8259.1,0.15,14040.47,11861.44,2179.03,Partner,Net Banking,Express,Delivered,South,Bengaluru,Sales Rep C
S01065,O11065,2026-05-25,C0095,P0232,4,14674.37,0.05,55762.61,43588.32,12174.29,Online,Card,Express,Delivered,North,Jaipur,Sales Rep A
S01066,O11066,2026-02-13,C0215,P0042,3,5795.14,0.15,14777.61,11693.04,3084.57,Online,Card,Same Day,Delivered,North,Jaipur,Sales Rep A
S01067,O11067,2026-08-10,C0335,P0189,6,15167.77,0,91006.62,71480.16,19526.46,Online,Net Banking,Standard,Delivered,South,Hyderabad,Sales Rep C
S01068,O11068,2026-02-25,C0474,P0443,2,16485.06,0,32970.12,22726.8,10243.32,Online,Net Banking,Express,Returned,South,Bengaluru,Sales Rep B
S01069,O11069,2026-04-20,C0224,P0126,6,2339.85,0.2,11231.28,11074.92,156.36,Online,Cash,Standard,Delivered,South,Hyderabad,Sales Rep B
S01070,O11070,2026-01-22,C0022,P0221,1,17626.15,0.05,16744.84,12193.64,4551.2,Partner,Net Banking,Same Day,Delivered,West,Pune,Sales Rep C
S01071,O11071,2025-07-29,C0050,P0100,6,2996.59,0,17979.54,12816.9,5162.64,Online,UPI,Standard,Delivered,North,Jaipur,Sales Rep B
S01072,O11072,2025-06-10,C0361,P0439,1,30580.33,0.2,24464.26,23955.79,508.47,Online,Card,Standard,Delivered,North,Delhi,Sales Rep B
S01073,O11073,2026-01-17,C0401,P0040,6,24530.17,0.05,139821.97,119035.02,20786.95,Partner,UPI,Same Day,Delivered,South,Chennai,Sales Rep B
S01074,O11074,2026-07-11,C0446,P0223,4,7387.78,0.15,25118.45,23456.04,1662.41,Store,Cash,Express,Delivered,East,Bhubaneswar,Sales Rep A
S01075,O11075,2025-04-23,C0391,P0299,5,12547.73,0.05,59601.72,41157.95,18443.77,Store,UPI,Express,Delivered,West,Pune,Sales Rep C
S01076,O11076,2025-01-01,C0385,P0069,1,4929.97,0.1,4436.97,3120.82,1316.15,Online,Cash,Express,Returned,West,Mumbai,Sales Rep B
S01077,O11077,2026-06-18,C0426,P0161,3,26620.32,0.2,63888.77,68161.65,-4272.88,Store,Cash,Express,Returned,South,Hyderabad,Sales Rep C
S01078,O11078,2025-05-02,C0397,P0382,5,9629.32,0.1,43331.94,40849.55,2482.39,Partner,Card,Standard,Delivered,North,Delhi,Sales Rep B
S01079,O11079,2025-05-25,C0058,P0313,6,5705.57,0.1,30810.08,26860.62,3949.46,Online,Card,Standard,Delivered,North,Jaipur,Sales Rep B
S01080,O11080,2025-03-07,C0009,P0157,1,13054.92,0.05,12402.17,9375.51,3026.66,Online,Net Banking,Same Day,Delivered,South,Hyderabad,Sales Rep A
S01081,O11081,2026-05-13,C0145,P0376,5,20168.91,0.15,85717.87,77528.7,8189.17,Partner,UPI,Standard,Returned,South,Coimbatore,Sales Rep D
S01082,O11082,2026-02-21,C0079,P0423,5,15389.0,0.15,65403.25,57569.4,7833.85,Partner,Net Banking,Same Day,Delivered,South,Coimbatore,Sales Rep B
S01083,O11083,2025-07-23,C0264,P0358,1,13338.48,0.2,10670.78,10210.35,460.43,Partner,UPI,Standard,Delivered,North,Jaipur,Sales Rep D
S01084,O11084,2025-01-22,C0217,P0210,6,25209.52,0.2,121005.7,117029.7,3976.0,Partner,Card,Same Day,Delivered,South,Coimbatore,Sales Rep A
S01085,O11085,2025-07-21,C0003,P0179,6,2084.01,0,12504.06,7586.88,4917.18,Partner,Net Banking,Standard,Returned,South,Hyderabad,Sales Rep B
S01086,O11086,2025-01-04,C0447,P0050,3,34574.9,0.2,82979.76,72517.32,10462.44,Online,Net Banking,Standard,Delivered,East,Bhubaneswar,Sales Rep B
S01087,O11087,2025-08-29,C0454,P0272,5,19767.9,0.2,79071.6,75130.4,3941.2,Online,Net Banking,Same Day,Delivered,West,Pune,Sales Rep D
S01088,O11088,2025-06-25,C0432,P0415,6,8203.99,0.15,41840.35,42102.66,-262.31,Partner,UPI,Standard,Returned,East,Bhubaneswar,Sales Rep D
S01089,O11089,2026-03-19,C0274,P0358,2,13338.48,0.1,24009.26,20420.7,3588.56,Store,Card,Standard,Delivered,North,Delhi,Sales Rep B
S01090,O11090,2026-05-29,C0452,P0447,5,28969.2,0.1,130361.4,102092.0,28269.4,Partner,Card,Standard,Returned,East,Kolkata,Sales Rep D
S01091,O11091,2025-03-27,C0461,P0383,5,21518.51,0.05,102212.92,69039.35,33173.57,Partner,UPI,Same Day,Returned,South,Hyderabad,Sales Rep B
S01092,O11092,2025-04-18,C0204,P0233,2,357.2,0.1,642.96,553.84,89.12,Partner,Net Banking,Standard,Delivered,West,Pune,Sales Rep A
S01093,O11093,2026-06-02,C0098,P0080,2,20078.97,0,40157.94,32000.32,8157.62,Online,Card,Standard,Delivered,South,Hyderabad,Sales Rep C
S01094,O11094,2026-04-18,C0460,P0096,6,14683.49,0.15,74885.8,61908.48,12977.32,Partner,UPI,Same Day,Returned,South,Hyderabad,Sales Rep C
S01095,O11095,2025-01-21,C0363,P0481,4,18210.16,0.1,65556.58,46121.16,19435.42,Store,Cash,Standard,Delivered,South,Coimbatore,Sales Rep D
S01096,O11096,2026-01-15,C0387,P0323,5,17099.95,0,85499.75,61014.3,24485.45,Online,UPI,Same Day,Delivered,South,Bengaluru,Sales Rep B
S01097,O11097,2025-05-11,C0395,P0039,4,14186.99,0.15,48235.77,46209.68,2026.09,Store,Cash,Standard,Returned,West,Mumbai,Sales Rep A
S01098,O11098,2026-03-06,C0181,P0497,5,1549.38,0.15,6584.87,5847.45,737.42,Partner,Card,Same Day,Delivered,South,Hyderabad,Sales Rep C
S01099,O11099,2025-07-02,C0339,P0255,6,36833.92,0.2,176802.82,146955.84,29846.98,Online,Card,Same Day,Returned,South,Bengaluru,Sales Rep D
S01100,O11100,2026-02-13,C0189,P0357,5,21966.95,0.1,98851.28,88465.65,10385.63,Online,Net Banking,Same Day,Delivered,East,Bhubaneswar,Sales Rep B
S01101,O11101,2025-07-29,C0166,P0230,3,14298.37,0.15,36460.84,28083.33,8377.51,Partner,Card,Express,Delivered,South,Coimbatore,Sales Rep B
S01102,O11102,2026-03-22,C0309,P0140,6,8677.46,0.2,41651.81,44067.6,-2415.79,Online,Cash,Same Day,Delivered,East,Kolkata,Sales Rep B
S01103,O11103,2025-01-24,C0297,P0442,4,23356.92,0.05,88756.3,68314.92,20441.38,Partner,Cash,Standard,Returned,North,Jaipur,Sales Rep D
S01104,O11104,2025-03-06,C0303,P0156,4,26781.37,0.15,91056.66,75342.0,15714.66,Partner,Cash,Express,Delivered,East,Bhubaneswar,Sales Rep A
S01105,O11105,2026-04-14,C0284,P0401,3,9738.21,0.2,23371.7,23119.11,252.59,Partner,Cash,Express,Delivered,South,Coimbatore,Sales Rep C
S01106,O11106,2025-03-19,C0208,P0142,5,34890.55,0,174452.75,119544.25,54908.5,Partner,Net Banking,Standard,Returned,South,Chennai,Sales Rep D
S01107,O11107,2026-04-15,C0125,P0148,5,5939.89,0.2,23759.56,18834.05,4925.51,Store,Card,Express,Delivered,South,Bengaluru,Sales Rep D
S01108,O11108,2026-07-01,C0150,P0398,1,14020.1,0.05,13319.09,9342.37,3976.72,Store,Net Banking,Standard,Delivered,West,Pune,Sales Rep D
S01109,O11109,2025-12-01,C0449,P0006,2,21966.44,0,43932.88,27838.14,16094.74,Online,Card,Express,Delivered,West,Pune,Sales Rep D
S01110,O11110,2026-02-14,C0021,P0204,3,1787.63,0.15,4558.46,4319.43,239.03,Partner,UPI,Standard,Delivered,East,Bhubaneswar,Sales Rep C
S01111,O11111,2025-09-16,C0274,P0427,3,29644.19,0.15,75592.68,63095.94,12496.74,Online,Card,Standard,Delivered,North,Delhi,Sales Rep A
S01112,O11112,2025-11-09,C0169,P0248,6,17556.01,0.15,89535.65,81486.84,8048.81,Partner,Card,Same Day,Returned,East,Bhubaneswar,Sales Rep C
S01113,O11113,2025-04-19,C0427,P0438,5,19211.1,0.05,91252.72,74702.7,16550.02,Store,Card,Standard,Delivered,South,Coimbatore,Sales Rep D
S01114,O11114,2025-01-14,C0404,P0190,1,18074.38,0,18074.38,13853.98,4220.4,Online,UPI,Same Day,Delivered,West,Pune,Sales Rep D
S01115,O11115,2026-02-17,C0390,P0348,1,7138.1,0.15,6067.39,4356.35,1711.04,Partner,Net Banking,Same Day,Delivered,West,Mumbai,Sales Rep A
S01116,O11116,2026-01-02,C0467,P0496,4,8746.22,0.05,33235.64,22959.92,10275.72,Online,Net Banking,Same Day,Delivered,South,Bengaluru,Sales Rep D
S01117,O11117,2025-10-29,C0278,P0341,4,27925.28,0.1,100531.01,67934.72,32596.29,Partner,UPI,Same Day,Returned,East,Kolkata,Sales Rep A
S01118,O11118,2026-06-28,C0335,P0061,4,18082.11,0,72328.44,61437.24,10891.2,Store,UPI,Standard,Delivered,South,Hyderabad,Sales Rep B
S01119,O11119,2025-05-06,C0219,P0191,1,35783.11,0,35783.11,23413.15,12369.96,Store,Net Banking,Express,Delivered,South,Bengaluru,Sales Rep B
S01120,O11120,2025-02-14,C0308,P0305,4,13488.39,0.1,48558.2,39114.12,9444.08,Store,Net Banking,Express,Returned,South,Hyderabad,Sales Rep C
S01121,O11121,2025-02-09,C0085,P0155,4,1860.13,0,7440.52,5591.92,1848.6,Online,UPI,Express,Delivered,South,Coimbatore,Sales Rep D
S01122,O11122,2025-05-21,C0447,P0245,3,32567.41,0.1,87932.01,64978.68,22953.33,Online,Card,Standard,Delivered,East,Bhubaneswar,Sales Rep A
S01123,O11123,2025-08-09,C0170,P0121,6,11616.81,0.2,55760.69,56719.14,-958.45,Partner,Net Banking,Express,Delivered,South,Chennai,Sales Rep C
S01124,O11124,2026-05-07,C0256,P0158,4,27678.74,0.05,105179.21,91630.0,13549.21,Partner,Net Banking,Same Day,Delivered,East,Kolkata,Sales Rep C
S01125,O11125,2026-03-24,C0306,P0115,3,22452.7,0,67358.1,55212.84,12145.26,Online,Card,Same Day,Delivered,South,Bengaluru,Sales Rep C
S01126,O11126,2025-03-25,C0004,P0251,2,1992.64,0.05,3786.02,3422.44,363.58,Store,Net Banking,Standard,Delivered,South,Hyderabad,Sales Rep B
S01127,O11127,2025-02-27,C0360,P0425,1,27717.23,0.2,22173.78,19439.86,2733.92,Online,Cash,Standard,Delivered,South,Hyderabad,Sales Rep A
S01128,O11128,2025-03-11,C0477,P0445,6,14363.06,0.1,77560.52,60339.48,17221.04,Online,Card,Same Day,Returned,East,Bhubaneswar,Sales Rep D
S01129,O11129,2025-10-05,C0081,P0218,5,7532.53,0.2,30130.12,24173.95,5956.17,Partner,Card,Same Day,Delivered,West,Mumbai,Sales Rep C
S01130,O11130,2025-11-25,C0365,P0346,5,29726.45,0.05,141200.64,104708.15,36492.49,Online,Card,Same Day,Delivered,South,Hyderabad,Sales Rep B
S01131,O11131,2025-12-21,C0349,P0431,2,17081.97,0.2,27331.15,26845.2,485.95,Store,UPI,Express,Delivered,South,Chennai,Sales Rep C
S01132,O11132,2025-03-28,C0251,P0189,4,15167.77,0,60671.08,47653.44,13017.64,Online,Net Banking,Standard,Delivered,North,Jaipur,Sales Rep C
S01133,O11133,2025-04-05,C0158,P0307,3,36267.29,0.1,97921.68,73356.9,24564.78,Store,Net Banking,Express,Returned,South,Bengaluru,Sales Rep B
S01134,O11134,2025-08-08,C0392,P0188,3,6971.35,0,20914.05,16246.77,4667.28,Store,Cash,Same Day,Delivered,South,Chennai,Sales Rep A
S01135,O11135,2026-04-18,C0427,P0405,1,12843.23,0.05,12201.07,7919.34,4281.73,Partner,Net Banking,Same Day,Returned,South,Coimbatore,Sales Rep B
S01136,O11136,2025-07-28,C0134,P0149,1,25199.32,0.05,23939.35,18558.87,5380.48,Online,Cash,Same Day,Delivered,South,Hyderabad,Sales Rep B
S01137,O11137,2026-06-27,C0100,P0064,2,22628.3,0.1,40730.94,38494.78,2236.16,Online,UPI,Same Day,Delivered,South,Coimbatore,Sales Rep B
S01138,O11138,2026-06-18,C0423,P0330,5,9235.61,0,46178.05,37015.35,9162.7,Store,UPI,Same Day,Returned,North,Jaipur,Sales Rep B
S01139,O11139,2026-07-25,C0416,P0468,1,31081.98,0.05,29527.88,24898.18,4629.7,Online,Cash,Same Day,Returned,West,Mumbai,Sales Rep B
S01140,O11140,2026-07-23,C0005,P0147,4,911.0,0,3644.0,2567.64,1076.36,Store,UPI,Express,Delivered,South,Chennai,Sales Rep A
S01141,O11141,2025-11-10,C0228,P0355,4,27753.18,0.05,105462.08,70141.4,35320.68,Partner,Card,Express,Delivered,East,Bhubaneswar,Sales Rep D
S01142,O11142,2026-06-09,C0416,P0413,1,22530.53,0,22530.53,14287.73,8242.8,Partner,UPI,Express,Returned,West,Mumbai,Sales Rep D
S01143,O11143,2025-10-13,C0097,P0150,4,18858.44,0.1,67890.38,47629.44,20260.94,Online,Cash,Express,Returned,East,Kolkata,Sales Rep B
S01144,O11144,2026-02-12,C0304,P0415,5,8203.99,0,41019.95,35085.55,5934.4,Store,Card,Standard,Returned,South,Hyderabad,Sales Rep B
S01145,O11145,2026-08-13,C0301,P0310,3,27872.55,0.1,75255.88,63556.86,11699.02,Partner,Cash,Express,Delivered,South,Hyderabad,Sales Rep A
S01146,O11146,2026-08-12,C0313,P0301,5,13704.5,0,68522.5,55306.0,13216.5,Partner,UPI,Standard,Delivered,South,Hyderabad,Sales Rep C
S01147,O11147,2025-01-18,C0246,P0117,5,23489.64,0,117448.2,92735.0,24713.2,Partner,Net Banking,Standard,Delivered,South,Coimbatore,Sales Rep A
S01148,O11148,2026-02-24,C0277,P0305,6,13488.39,0.15,68790.79,58671.18,10119.61,Store,Net Banking,Standard,Delivered,South,Hyderabad,Sales Rep D
S01149,O11149,2026-06-11,C0142,P0377,5,19068.96,0.05,90577.56,78881.15,11696.41,Partner,Cash,Same Day,Delivered,South,Bengaluru,Sales Rep D
S01150,O11150,2026-01-15,C0088,P0288,4,28544.52,0.05,108469.18,76360.04,32109.14,Partner,Net Banking,Same Day,Delivered,South,Bengaluru,Sales Rep A
S01151,O11151,2025-02-22,C0432,P0304,2,31482.98,0,62965.96,46726.88,16239.08,Online,Cash,Same Day,Returned,East,Bhubaneswar,Sales Rep A
S01152,O11152,2025-11-03,C0420,P0071,5,27987.71,0.15,118947.77,110504.5,8443.27,Online,Cash,Standard,Returned,North,Delhi,Sales Rep A
S01153,O11153,2026-06-26,C0475,P0169,3,27128.24,0.05,77315.48,50080.77,27234.71,Store,UPI,Express,Delivered,North,Jaipur,Sales Rep D
S01154,O11154,2025-06-13,C0255,P0390,5,34393.23,0.1,154769.54,115242.7,39526.84,Partner,UPI,Standard,Delivered,East,Kolkata,Sales Rep B
S01155,O11155,2025-08-03,C0327,P0016,5,10512.61,0.15,44678.59,38760.4,5918.19,Store,Cash,Same Day,Delivered,East,Kolkata,Sales Rep A
S01156,O11156,2026-05-19,C0296,P0126,5,2339.85,0,11699.25,9229.1,2470.15,Store,Net Banking,Same Day,Delivered,East,Kolkata,Sales Rep A
S01157,O11157,2026-08-10,C0378,P0408,6,11344.12,0,68064.72,51170.4,16894.32,Online,Cash,Express,Delivered,South,Chennai,Sales Rep C
S01158,O11158,2026-07-28,C0162,P0076,4,14169.05,0.1,51008.58,39151.96,11856.62,Partner,Card,Standard,Delivered,North,Delhi,Sales Rep A
S01159,O11159,2025-11-17,C0322,P0425,6,27717.23,0.15,141357.87,116639.16,24718.71,Partner,UPI,Same Day,Returned,South,Coimbatore,Sales Rep A
S01160,O11160,2025-11-23,C0394,P0429,2,30866.13,0,61732.26,42176.66,19555.6,Partner,Cash,Standard,Delivered,West,Mumbai,Sales Rep A
S01161,O11161,2025-03-23,C0295,P0124,1,8688.8,0,8688.8,6968.55,1720.25,Partner,Card,Same Day,Returned,South,Bengaluru,Sales Rep C
S01162,O11162,2025-11-19,C0069,P0331,3,17179.85,0,51539.55,36286.92,15252.63,Online,Cash,Standard,Delivered,South,Coimbatore,Sales Rep C
S01163,O11163,2025-04-14,C0424,P0274,5,433.91,0.2,1735.64,1632.55,103.09,Online,UPI,Express,Delivered,South,Coimbatore,Sales Rep A
S01164,O11164,2025-11-03,C0451,P0070,2,38371.54,0.2,61394.46,46705.16,14689.3,Store,Card,Express,Delivered,South,Chennai,Sales Rep C
S01165,O11165,2026-06-28,C0478,P0357,4,21966.95,0,87867.8,70772.52,17095.28,Store,Cash,Standard,Returned,North,Jaipur,Sales Rep A
S01166,O11166,2025-12-24,C0112,P0354,5,4133.53,0.2,16534.12,12604.2,3929.92,Partner,Cash,Same Day,Delivered,North,Delhi,Sales Rep B
S01167,O11167,2025-03-03,C0181,P0124,6,8688.8,0,52132.8,41811.3,10321.5,Partner,Net Banking,Same Day,Delivered,South,Hyderabad,Sales Rep D
S01168,O11168,2025-10-26,C0047,P0188,4,6971.35,0.2,22308.32,21662.36,645.96,Online,UPI,Same Day,Delivered,West,Mumbai,Sales Rep D
S01169,O11169,2025-09-03,C0421,P0193,5,28043.68,0.1,126196.56,95342.15,30854.41,Partner,Card,Express,Delivered,South,Chennai,Sales Rep A
S01170,O11170,2025-10-25,C0052,P0195,2,2911.98,0.1,5241.56,4366.44,875.12,Partner,UPI,Same Day,Delivered,South,Coimbatore,Sales Rep B
S01171,O11171,2025-07-06,C0242,P0249,4,6933.5,0,27734.0,18407.72,9326.28,Online,Cash,Same Day,Returned,North,Delhi,Sales Rep D
S01172,O11172,2025-09-13,C0003,P0176,3,23830.54,0,71491.62,44537.67,26953.95,Partner,UPI,Express,Delivered,South,Hyderabad,Sales Rep C
S01173,O11173,2026-02-27,C0036,P0419,1,29452.41,0,29452.41,20589.55,8862.86,Online,Cash,Express,Delivered,East,Kolkata,Sales Rep C
S01174,O11174,2025-11-03,C0275,P0447,4,28969.2,0.05,110082.96,81673.6,28409.36,Online,Net Banking,Standard,Delivered,North,Delhi,Sales Rep B
S01175,O11175,2026-07-14,C0343,P0287,1,24856.82,0,24856.82,21335.37,3521.45,Store,Card,Standard,Delivered,South,Coimbatore,Sales Rep B
S01176,O11176,2025-08-02,C0250,P0215,4,1640.41,0,6561.64,4831.4,1730.24,Partner,UPI,Express,Delivered,West,Pune,Sales Rep C
S01177,O11177,2026-06-26,C0233,P0060,5,14918.06,0,74590.3,48669.75,25920.55,Partner,Net Banking,Standard,Delivered,South,Chennai,Sales Rep D
S01178,O11178,2025-02-15,C0295,P0409,4,25021.11,0.1,90076.0,76706.52,13369.48,Store,Net Banking,Same Day,Delivered,South,Bengaluru,Sales Rep B
S01179,O11179,2026-07-04,C0089,P0259,3,18567.3,0.15,47346.61,37084.56,10262.05,Partner,Cash,Express,Delivered,West,Pune,Sales Rep C
S01180,O11180,2025-08-31,C0058,P0439,3,30580.33,0.15,77979.84,71867.37,6112.47,Partner,Cash,Standard,Returned,North,Jaipur,Sales Rep A
S01181,O11181,2025-07-21,C0233,P0137,1,17193.75,0.2,13755.0,12628.86,1126.14,Store,UPI,Standard,Returned,South,Chennai,Sales Rep C
S01182,O11182,2025-02-05,C0398,P0370,2,24594.03,0.05,46728.66,35105.06,11623.6,Online,UPI,Same Day,Returned,South,Bengaluru,Sales Rep B
S01183,O11183,2026-03-30,C0281,P0241,6,25693.89,0.2,123330.67,127918.56,-4587.89,Store,Card,Same Day,Delivered,North,Jaipur,Sales Rep B
S01184,O11184,2026-05-02,C0208,P0146,4,19493.32,0,77973.28,61874.6,16098.68,Store,UPI,Standard,Delivered,South,Chennai,Sales Rep A
S01185,O11185,2025-04-26,C0319,P0468,3,31081.98,0,93245.94,74694.54,18551.4,Partner,Cash,Standard,Delivered,East,Kolkata,Sales Rep B
S01186,O11186,2025-12-24,C0203,P0069,3,4929.97,0,14789.91,9362.46,5427.45,Online,Net Banking,Standard,Delivered,South,Coimbatore,Sales Rep B
S01187,O11187,2025-02-05,C0458,P0044,6,20385.68,0.2,97851.26,98004.18,-152.92,Store,Cash,Express,Delivered,South,Hyderabad,Sales Rep A
S01188,O11188,2025-10-14,C0138,P0389,1,16400.49,0,16400.49,13652.48,2748.01,Online,Cash,Same Day,Delivered,West,Pune,Sales Rep A
S01189,O11189,2025-06-13,C0290,P0111,3,2777.29,0.05,7915.28,5504.04,2411.24,Online,UPI,Standard,Returned,West,Mumbai,Sales Rep C
S01190,O11190,2025-05-28,C0051,P0489,2,26607.94,0.05,50555.09,41094.98,9460.11,Partner,Cash,Standard,Returned,South,Coimbatore,Sales Rep B
S01191,O11191,2025-09-19,C0382,P0200,5,23547.58,0.1,105964.11,92118.55,13845.56,Online,Card,Standard,Delivered,South,Bengaluru,Sales Rep A
S01192,O11192,2025-11-02,C0254,P0432,2,28085.94,0,56171.88,46371.6,9800.28,Store,UPI,Express,Delivered,North,Jaipur,Sales Rep B
S01193,O11193,2025-04-21,C0215,P0052,5,33173.24,0.15,140986.27,112188.05,28798.22,Online,UPI,Standard,Delivered,North,Jaipur,Sales Rep D
S01194,O11194,2025-04-12,C0270,P0221,6,17626.15,0.1,95181.21,73161.84,22019.37,Online,UPI,Express,Delivered,West,Mumbai,Sales Rep B
S01195,O11195,2026-04-05,C0280,P0205,6,13856.59,0.2,66511.63,68924.22,-2412.59,Online,UPI,Standard,Delivered,South,Coimbatore,Sales Rep A
S01196,O11196,2025-08-31,C0305,P0172,4,26625.87,0.1,95853.13,88050.92,7802.21,Partner,Card,Standard,Delivered,East,Bhubaneswar,Sales Rep B
S01197,O11197,2026-07-11,C0210,P0491,5,8669.17,0,43345.85,32905.8,10440.05,Online,Net Banking,Express,Returned,South,Hyderabad,Sales Rep C
S01198,O11198,2025-04-09,C0016,P0031,4,3998.74,0,15994.96,11331.08,4663.88,Online,Net Banking,Same Day,Delivered,South,Hyderabad,Sales Rep A
S01199,O11199,2025-08-10,C0409,P0237,5,26010.46,0.1,117047.07,83498.55,33548.52,Online,Card,Standard,Returned,East,Kolkata,Sales Rep B
S01200,O11200,2025-04-22,C0083,P0048,2,1437.19,0.15,2443.22,2327.14,116.08,Store,UPI,Same Day,Returned,West,Mumbai,Sales Rep A
S01201,O11201,2026-05-23,C0336,P0200,2,23547.58,0,47095.16,36847.42,10247.74,Online,UPI,Express,Delivered,South,Hyderabad,Sales Rep C
S01202,O11202,2025-04-25,C0381,P0209,4,26500.62,0,106002.48,74462.0,31540.48,Partner,Card,Same Day,Delivered,North,Delhi,Sales Rep D
S01203,O11203,2026-04-11,C0428,P0004,3,11927.64,0.05,33993.77,24569.61,9424.16,Online,Cash,Standard,Delivered,South,Chennai,Sales Rep B
S01204,O11204,2025-10-28,C0389,P0155,2,1860.13,0,3720.26,2795.96,924.3,Store,Card,Standard,Returned,East,Kolkata,Sales Rep A
S01205,O11205,2025-07-05,C0074,P0176,2,23830.54,0.15,40511.92,29691.78,10820.14,Store,UPI,Standard,Delivered,West,Pune,Sales Rep C
S01206,O11206,2026-04-02,C0157,P0380,4,3846.54,0,15386.16,12192.24,3193.92,Store,UPI,Standard,Delivered,West,Pune,Sales Rep D
S01207,O11207,2025-12-28,C0329,P0321,3,24511.4,0,73534.2,47800.83,25733.37,Online,Card,Express,Returned,North,Delhi,Sales Rep A
S01208,O11208,2025-11-04,C0334,P0239,6,17532.4,0.15,89415.24,78072.66,11342.58,Online,Card,Express,Delivered,East,Bhubaneswar,Sales Rep C
S01209,O11209,2025-12-26,C0300,P0277,1,5931.24,0.1,5338.12,3679.25,1658.87,Online,Card,Standard,Delivered,South,Bengaluru,Sales Rep A
S01210,O11210,2026-07-04,C0164,P0490,5,16925.69,0,84628.45,62705.85,21922.6,Online,Cash,Same Day,Returned,East,Kolkata,Sales Rep C
S01211,O11211,2026-07-03,C0376,P0311,4,6817.53,0.05,25906.61,18615.8,7290.81,Store,Cash,Same Day,Returned,South,Bengaluru,Sales Rep B
S01212,O11212,2026-01-24,C0110,P0238,1,24682.53,0,24682.53,20724.67,3957.86,Partner,Net Banking,Express,Returned,South,Hyderabad,Sales Rep C
S01213,O11213,2025-08-25,C0013,P0262,4,23557.38,0.2,75383.62,68119.68,7263.94,Partner,UPI,Same Day,Delivered,East,Kolkata,Sales Rep A
S01214,O11214,2026-08-04,C0252,P0150,2,18858.44,0,37716.88,23814.72,13902.16,Store,Net Banking,Standard,Delivered,East,Kolkata,Sales Rep D
S01215,O11215,2026-06-26,C0293,P0378,2,28209.84,0.1,50777.71,47797.22,2980.49,Partner,Card,Standard,Delivered,South,Hyderabad,Sales Rep B
S01216,O11216,2025-10-03,C0143,P0277,5,5931.24,0.1,26690.58,18396.25,8294.33,Store,Cash,Standard,Delivered,North,Delhi,Sales Rep A
S01217,O11217,2026-06-25,C0115,P0294,4,2259.44,0.05,8585.87,6696.52,1889.35,Store,Cash,Standard,Delivered,East,Bhubaneswar,Sales Rep A
S01218,O11218,2025-06-20,C0087,P0034,2,38506.75,0.2,61610.8,47239.04,14371.76,Partner,Cash,Same Day,Delivered,North,Delhi,Sales Rep A
S01219,O11219,2025-12-03,C0184,P0463,1,13755.57,0,13755.57,9036.74,4718.83,Online,UPI,Standard,Delivered,North,Jaipur,Sales Rep A
S01220,O11220,2026-01-21,C0281,P0266,2,15128.48,0.05,28744.11,18969.38,9774.73,Partner,Cash,Express,Delivered,North,Jaipur,Sales Rep A
S01221,O11221,2025-01-04,C0314,P0003,5,1179.98,0.15,5014.91,4457.3,557.61,Partner,UPI,Standard,Delivered,South,Bengaluru,Sales Rep A
S01222,O11222,2025-01-03,C0208,P0409,1,25021.11,0.15,21267.94,19176.63,2091.31,Online,Cash,Same Day,Delivered,South,Chennai,Sales Rep B
S01223,O11223,2026-05-22,C0072,P0351,2,11975.23,0.1,21555.41,20098.96,1456.45,Partner,Cash,Same Day,Delivered,North,Jaipur,Sales Rep D
S01224,O11224,2025-12-11,C0005,P0278,3,23210.59,0.15,59187.0,44148.48,15038.52,Online,Cash,Express,Delivered,South,Chennai,Sales Rep D
S01225,O11225,2025-02-21,C0126,P0021,1,562.52,0.15,478.14,446.94,31.2,Partner,Net Banking,Same Day,Delivered,East,Bhubaneswar,Sales Rep B
S01226,O11226,2025-04-10,C0223,P0061,6,18082.11,0,108492.66,92155.86,16336.8,Store,UPI,Standard,Delivered,East,Kolkata,Sales Rep C
S01227,O11227,2026-07-23,C0048,P0340,6,5254.94,0.05,29953.16,21048.12,8905.04,Partner,Net Banking,Express,Delivered,South,Hyderabad,Sales Rep C
S01228,O11228,2025-01-19,C0077,P0499,2,14860.62,0.2,23776.99,25251.72,-1474.73,Store,UPI,Standard,Delivered,East,Kolkata,Sales Rep B
S01229,O11229,2025-09-02,C0166,P0391,3,37172.02,0.1,100364.45,69267.36,31097.09,Store,UPI,Express,Delivered,South,Coimbatore,Sales Rep D
S01230,O11230,2025-09-14,C0484,P0295,3,26399.94,0.15,67319.85,52595.67,14724.18,Partner,Net Banking,Express,Returned,South,Chennai,Sales Rep D
S01231,O11231,2025-02-24,C0076,P0367,1,15068.18,0,15068.18,10573.7,4494.48,Partner,Card,Express,Delivered,West,Mumbai,Sales Rep B
S01232,O11232,2026-07-07,C0362,P0395,1,17665.43,0.2,14132.34,12467.79,1664.55,Partner,Card,Standard,Delivered,East,Bhubaneswar,Sales Rep D
S01233,O11233,2025-10-23,C0306,P0473,1,17785.54,0,17785.54,11613.17,6172.37,Store,Card,Standard,Delivered,South,Bengaluru,Sales Rep A
S01234,O11234,2025-11-29,C0255,P0135,2,35156.58,0.1,63281.84,47274.86,16006.98,Online,Net Banking,Same Day,Delivered,East,Kolkata,Sales Rep D
S01235,O11235,2025-08-16,C0160,P0082,3,12512.84,0.1,33784.67,23518.59,10266.08,Online,UPI,Express,Delivered,South,Bengaluru,Sales Rep B
S01236,O11236,2026-07-28,C0318,P0049,2,879.64,0.15,1495.39,1110.86,384.53,Partner,Net Banking,Standard,Delivered,South,Chennai,Sales Rep D
S01237,O11237,2025-06-30,C0481,P0036,6,18716.65,0.05,106684.9,75941.64,30743.26,Store,UPI,Express,Returned,South,Bengaluru,Sales Rep A
S01238,O11238,2025-03-04,C0453,P0017,4,24037.46,0.15,81727.36,68876.92,12850.44,Online,Card,Standard,Delivered,South,Chennai,Sales Rep D
S01239,O11239,2025-02-25,C0210,P0013,1,2182.41,0,2182.41,1421.33,761.08,Partner,Card,Same Day,Delivered,South,Hyderabad,Sales Rep D
S01240,O11240,2025-04-02,C0045,P0016,6,10512.61,0.2,50460.53,46512.48,3948.05,Online,Card,Standard,Returned,West,Mumbai,Sales Rep A
S01241,O11241,2025-05-09,C0180,P0046,1,6759.63,0.2,5407.7,5056.16,351.54,Store,Net Banking,Standard,Returned,West,Pune,Sales Rep D
S01242,O11242,2025-11-29,C0223,P0385,2,12437.12,0.2,19899.39,15618.38,4281.01,Store,Net Banking,Express,Delivered,East,Kolkata,Sales Rep C
S01243,O11243,2025-05-28,C0336,P0091,4,21525.53,0.1,77491.91,61273.4,16218.51,Online,Net Banking,Express,Delivered,South,Hyderabad,Sales Rep A
S01244,O11244,2025-12-07,C0319,P0046,2,6759.63,0,13519.26,10112.32,3406.94,Store,Cash,Same Day,Delivered,East,Kolkata,Sales Rep C
S01245,O11245,2025-06-02,C0252,P0433,3,27005.02,0,81015.06,59707.2,21307.86,Store,Cash,Standard,Returned,East,Kolkata,Sales Rep D
S01246,O11246,2025-06-17,C0274,P0087,3,22483.27,0,67449.81,41204.67,26245.14,Partner,Card,Express,Delivered,North,Delhi,Sales Rep D
S01247,O11247,2026-06-06,C0232,P0002,4,21706.3,0.1,78142.68,62188.12,15954.56,Partner,Cash,Express,Returned,South,Chennai,Sales Rep B
S01248,O11248,2025-10-10,C0439,P0067,1,1569.17,0.15,1333.79,995.09,338.7,Store,Cash,Same Day,Returned,South,Chennai,Sales Rep C
S01249,O11249,2025-10-28,C0405,P0320,4,16179.77,0.1,58247.17,52007.76,6239.41,Online,Card,Same Day,Delivered,South,Hyderabad,Sales Rep B
S01250,O11250,2025-02-07,C0186,P0008,4,14873.14,0,59492.56,45161.52,14331.04,Partner,Net Banking,Same Day,Returned,West,Mumbai,Sales Rep C
S01251,O11251,2025-05-09,C0499,P0075,2,786.19,0.05,1493.76,1092.92,400.84,Store,Card,Express,Delivered,South,Coimbatore,Sales Rep C
S01252,O11252,2026-01-23,C0372,P0215,5,1640.41,0,8202.05,6039.25,2162.8,Online,Card,Standard,Delivered,North,Jaipur,Sales Rep D
S01253,O11253,2025-12-31,C0432,P0130,2,25519.41,0.05,48486.88,42773.4,5713.48,Store,Card,Standard,Returned,East,Bhubaneswar,Sales Rep C
S01254,O11254,2025-04-01,C0411,P0145,1,36632.27,0,36632.27,22407.76,14224.51,Partner,Cash,Standard,Delivered,West,Pune,Sales Rep B
S01255,O11255,2025-01-03,C0238,P0128,6,15342.47,0.1,82849.34,68510.22,14339.12,Online,Net Banking,Standard,Delivered,South,Hyderabad,Sales Rep C
S01256,O11256,2026-05-30,C0257,P0448,2,8406.82,0.2,13450.91,13612.42,-161.51,Online,Net Banking,Same Day,Returned,South,Coimbatore,Sales Rep A
S01257,O11257,2025-09-23,C0208,P0208,1,20218.8,0.05,19207.86,15738.65,3469.21,Online,UPI,Standard,Delivered,South,Chennai,Sales Rep A
S01258,O11258,2026-01-15,C0083,P0418,3,31275.92,0,93827.76,72261.21,21566.55,Partner,Net Banking,Standard,Delivered,West,Mumbai,Sales Rep B
S01259,O11259,2025-05-02,C0442,P0016,6,10512.61,0.1,56768.09,46512.48,10255.61,Online,Net Banking,Same Day,Returned,North,Delhi,Sales Rep A
S01260,O11260,2025-09-03,C0422,P0485,4,3798.32,0,15193.28,11051.64,4141.64,Online,Cash,Standard,Delivered,West,Mumbai,Sales Rep B
S01261,O11261,2025-07-26,C0084,P0032,1,22439.63,0.15,19073.69,14309.62,4764.07,Store,UPI,Standard,Delivered,West,Mumbai,Sales Rep C
S01262,O11262,2025-01-14,C0017,P0481,2,18210.16,0.05,34599.3,23060.58,11538.72,Store,UPI,Standard,Delivered,South,Bengaluru,Sales Rep D
S01263,O11263,2026-04-23,C0383,P0051,6,11627.22,0.15,59298.82,53616.12,5682.7,Store,UPI,Same Day,Delivered,South,Chennai,Sales Rep D
S01264,O11264,2025-06-09,C0453,P0475,3,29130.43,0.2,69913.03,54003.06,15909.97,Partner,UPI,Same Day,Delivered,South,Chennai,Sales Rep A
S01265,O11265,2025-10-19,C0298,P0332,6,26696.12,0.1,144159.05,108011.04,36148.01,Partner,Net Banking,Express,Delivered,East,Bhubaneswar,Sales Rep A
S01266,O11266,2026-03-25,C0040,P0106,3,20403.08,0,61209.24,41179.5,20029.74,Store,Card,Same Day,Delivered,South,Coimbatore,Sales Rep A
S01267,O11267,2025-06-20,C0242,P0473,5,17785.54,0.15,75588.55,58065.85,17522.7,Partner,Cash,Same Day,Delivered,North,Delhi,Sales Rep D
S01268,O11268,2026-04-25,C0071,P0400,5,8873.48,0,44367.4,36131.45,8235.95,Partner,Card,Express,Delivered,East,Kolkata,Sales Rep D
S01269,O11269,2025-01-29,C0055,P0219,5,5133.86,0.2,20535.44,18861.45,1673.99,Partner,UPI,Same Day,Returned,East,Kolkata,Sales Rep B
S01270,O11270,2025-07-27,C0067,P0458,6,33168.88,0.15,169161.29,136211.64,32949.65,Partner,Cash,Express,Returned,South,Chennai,Sales Rep D
S01271,O11271,2026-07-03,C0397,P0062,2,14025.59,0.1,25246.06,22632.16,2613.9,Store,Card,Standard,Returned,North,Delhi,Sales Rep D
S01272,O11272,2025-04-19,C0287,P0443,1,16485.06,0,16485.06,11363.4,5121.66,Store,UPI,Same Day,Delivered,East,Bhubaneswar,Sales Rep C
S01273,O11273,2026-05-28,C0239,P0444,1,36048.53,0,36048.53,22404.07,13644.46,Online,Net Banking,Same Day,Delivered,South,Hyderabad,Sales Rep B
S01274,O11274,2025-05-19,C0409,P0394,2,25474.3,0.1,45853.74,38413.96,7439.78,Online,Card,Standard,Returned,East,Kolkata,Sales Rep A
S01275,O11275,2026-01-27,C0405,P0197,5,610.01,0.05,2897.55,2158.7,738.85,Store,Net Banking,Express,Returned,South,Hyderabad,Sales Rep A
S01276,O11276,2026-03-30,C0200,P0411,6,1684.78,0.2,8086.94,6399.9,1687.04,Store,UPI,Express,Delivered,South,Chennai,Sales Rep B
S01277,O11277,2026-01-09,C0296,P0436,6,9385.53,0.2,45050.54,40490.16,4560.38,Online,UPI,Express,Delivered,East,Kolkata,Sales Rep A
S01278,O11278,2025-11-02,C0430,P0209,2,26500.62,0.1,47701.12,37231.0,10470.12,Online,UPI,Express,Delivered,South,Chennai,Sales Rep B
S01279,O11279,2025-02-17,C0102,P0187,6,7282.43,0.15,37140.39,36077.28,1063.11,Store,Card,Express,Delivered,East,Kolkata,Sales Rep A
S01280,O11280,2025-08-16,C0318,P0276,5,14700.35,0,73501.75,47613.8,25887.95,Store,Net Banking,Same Day,Delivered,South,Chennai,Sales Rep B
S01281,O11281,2025-11-05,C0013,P0006,1,21966.44,0.2,17573.15,13919.07,3654.08,Store,UPI,Standard,Delivered,East,Kolkata,Sales Rep B
S01282,O11282,2025-04-14,C0024,P0076,3,14169.05,0,42507.15,29363.97,13143.18,Store,Cash,Same Day,Delivered,North,Jaipur,Sales Rep D
S01283,O11283,2026-02-18,C0358,P0149,6,25199.32,0,151195.92,111353.22,39842.7,Online,Net Banking,Standard,Delivered,South,Bengaluru,Sales Rep A
S01284,O11284,2025-11-30,C0048,P0002,1,21706.3,0,21706.3,15547.03,6159.27,Store,Cash,Express,Delivered,South,Hyderabad,Sales Rep B
S01285,O11285,2026-03-11,C0252,P0259,1,18567.3,0.05,17638.93,12361.52,5277.41,Store,Card,Same Day,Delivered,East,Kolkata,Sales Rep C
S01286,O11286,2025-04-24,C0382,P0392,2,27084.59,0.15,46043.8,40907.32,5136.48,Online,Cash,Express,Delivered,South,Bengaluru,Sales Rep A
S01287,O11287,2026-01-17,C0069,P0120,5,10216.45,0.1,45974.03,42203.75,3770.28,Partner,UPI,Express,Delivered,South,Coimbatore,Sales Rep C
S01288,O11288,2025-02-16,C0080,P0193,6,28043.68,0.15,143022.77,114410.58,28612.19,Store,Card,Standard,Returned,East,Kolkata,Sales Rep A
S01289,O11289,2025-10-27,C0079,P0152,4,23373.54,0.2,74795.33,74068.84,726.49,Store,Net Banking,Express,Returned,South,Coimbatore,Sales Rep D
S01290,O11290,2026-01-02,C0073,P0019,1,16350.11,0.1,14715.1,10369.56,4345.54,Online,UPI,Express,Delivered,West,Mumbai,Sales Rep A
S01291,O11291,2026-04-20,C0424,P0257,1,13815.5,0.05,13124.72,8876.63,4248.09,Store,Net Banking,Same Day,Returned,South,Coimbatore,Sales Rep B
S01292,O11292,2025-03-04,C0247,P0341,2,27925.28,0,55850.56,33967.36,21883.2,Store,Net Banking,Express,Delivered,West,Mumbai,Sales Rep A
S01293,O11293,2026-03-29,C0398,P0096,3,14683.49,0,44050.47,30954.24,13096.23,Store,Net Banking,Same Day,Returned,South,Bengaluru,Sales Rep B
S01294,O11294,2025-06-15,C0197,P0026,5,4794.58,0,23972.9,20049.25,3923.65,Store,Net Banking,Express,Returned,East,Kolkata,Sales Rep B
S01295,O11295,2025-07-10,C0458,P0231,5,26460.19,0.15,112455.81,99408.1,13047.71,Store,UPI,Express,Returned,South,Hyderabad,Sales Rep D
S01296,O11296,2025-01-11,C0129,P0070,4,38371.54,0.2,122788.93,93410.32,29378.61,Store,Card,Standard,Returned,South,Coimbatore,Sales Rep A
S01297,O11297,2025-07-31,C0441,P0428,3,4832.3,0,14496.9,9874.35,4622.55,Partner,Cash,Express,Returned,West,Mumbai,Sales Rep B
S01298,O11298,2025-05-09,C0184,P0310,2,27872.55,0.15,47383.33,42371.24,5012.09,Store,Cash,Same Day,Delivered,North,Jaipur,Sales Rep D
S01299,O11299,2025-01-31,C0459,P0344,3,4590.83,0.15,11706.62,9364.56,2342.06,Partner,Cash,Same Day,Delivered,East,Bhubaneswar,Sales Rep B
S01300,O11300,2025-12-09,C0030,P0356,3,3763.44,0,11290.32,9777.3,1513.02,Store,UPI,Express,Delivered,South,Hyderabad,Sales Rep B
S01301,O11301,2026-03-05,C0243,P0103,6,1919.44,0,11516.64,8333.28,3183.36,Store,Cash,Express,Delivered,North,Delhi,Sales Rep A
S01302,O11302,2025-11-26,C0161,P0099,4,8508.84,0.1,30631.82,29148.28,1483.54,Online,Cash,Same Day,Returned,North,Jaipur,Sales Rep D
S01303,O11303,2025-12-19,C0364,P0174,3,20291.99,0,60875.97,37223.1,23652.87,Store,UPI,Same Day,Delivered,South,Chennai,Sales Rep B
S01304,O11304,2026-06-24,C0426,P0401,3,9738.21,0,29214.63,23119.11,6095.52,Online,Cash,Standard,Returned,South,Hyderabad,Sales Rep B
S01305,O11305,2025-07-31,C0234,P0374,2,10140.85,0,20281.7,16820.62,3461.08,Partner,Card,Standard,Delivered,North,Delhi,Sales Rep D
S01306,O11306,2025-03-18,C0053,P0055,4,23460.45,0.05,89149.71,77981.48,11168.23,Partner,Cash,Express,Delivered,East,Kolkata,Sales Rep D
S01307,O11307,2025-06-18,C0055,P0217,1,35482.97,0.05,33708.82,21730.01,11978.81,Online,Net Banking,Standard,Delivered,East,Kolkata,Sales Rep C
S01308,O11308,2026-02-18,C0429,P0283,5,5770.43,0.15,24524.33,22773.9,1750.43,Online,UPI,Express,Delivered,South,Hyderabad,Sales Rep A
S01309,O11309,2025-01-09,C0428,P0218,2,7532.53,0.15,12805.3,9669.58,3135.72,Online,Card,Standard,Delivered,South,Chennai,Sales Rep D
S01310,O11310,2026-07-17,C0493,P0292,1,6891.16,0,6891.16,4361.9,2529.26,Store,Card,Same Day,Returned,North,Delhi,Sales Rep C
S01311,O11311,2025-03-21,C0254,P0425,1,27717.23,0.1,24945.51,19439.86,5505.65,Partner,UPI,Standard,Returned,North,Jaipur,Sales Rep D
S01312,O11312,2025-01-20,C0453,P0455,2,6115.06,0,12230.12,9825.56,2404.56,Store,Card,Express,Delivered,South,Chennai,Sales Rep C
S01313,O11313,2025-02-03,C0351,P0006,3,21966.44,0.15,56014.42,41757.21,14257.21,Online,Card,Standard,Returned,East,Bhubaneswar,Sales Rep D
S01314,O11314,2025-10-14,C0094,P0130,4,25519.41,0.15,86765.99,85546.8,1219.19,Online,UPI,Express,Delivered,North,Jaipur,Sales Rep C
S01315,O11315,2026-03-20,C0401,P0228,2,34970.96,0.15,59450.63,43564.14,15886.49,Online,Card,Same Day,Delivered,South,Chennai,Sales Rep D
S01316,O11316,2025-11-29,C0388,P0476,3,18617.26,0,55851.78,35656.98,20194.8,Online,Net Banking,Same Day,Delivered,North,Jaipur,Sales Rep A
S01317,O11317,2025-08-13,C0358,P0310,6,27872.55,0.15,142150.0,127113.72,15036.28,Online,Card,Express,Delivered,South,Bengaluru,Sales Rep D
S01318,O11318,2025-03-31,C0093,P0277,2,5931.24,0.15,10083.11,7358.5,2724.61,Online,Cash,Standard,Delivered,East,Bhubaneswar,Sales Rep A
S01319,O11319,2026-07-31,C0153,P0500,4,4747.42,0,18989.68,12555.52,6434.16,Online,Cash,Same Day,Returned,South,Chennai,Sales Rep D
S01320,O11320,2025-12-06,C0203,P0331,2,17179.85,0.1,30923.73,24191.28,6732.45,Online,Net Banking,Express,Delivered,South,Coimbatore,Sales Rep D
S01321,O11321,2026-01-18,C0136,P0320,1,16179.77,0.1,14561.79,13001.94,1559.85,Partner,UPI,Same Day,Returned,West,Mumbai,Sales Rep C
S01322,O11322,2026-03-05,C0418,P0002,6,21706.3,0.1,117214.02,93282.18,23931.84,Store,Cash,Standard,Delivered,West,Pune,Sales Rep A
S01323,O11323,2025-04-16,C0280,P0006,5,21966.44,0,109832.2,69595.35,40236.85,Partner,UPI,Standard,Delivered,South,Coimbatore,Sales Rep A
S01324,O11324,2025-11-03,C0463,P0191,2,35783.11,0.15,60831.29,46826.3,14004.99,Online,Net Banking,Express,Delivered,South,Bengaluru,Sales Rep B
S01325,O11325,2025-06-10,C0089,P0461,3,17236.54,0,51709.62,34077.6,17632.02,Online,Card,Standard,Delivered,West,Pune,Sales Rep B
S01326,O11326,2025-03-10,C0126,P0184,1,4442.49,0,4442.49,3817.06,625.43,Store,Net Banking,Express,Delivered,East,Bhubaneswar,Sales Rep A
S01327,O11327,2025-08-20,C0317,P0453,3,23685.73,0.05,67504.33,55938.15,11566.18,Store,UPI,Standard,Returned,North,Delhi,Sales Rep C
S01328,O11328,2025-08-02,C0356,P0402,5,33704.7,0,168523.5,102884.1,65639.4,Online,Card,Standard,Delivered,North,Delhi,Sales Rep B
S01329,O11329,2025-06-17,C0202,P0471,5,24362.07,0.1,109629.32,86889.0,22740.32,Online,UPI,Same Day,Delivered,West,Pune,Sales Rep C
S01330,O11330,2026-07-06,C0289,P0383,6,21518.51,0,129111.06,82847.22,46263.84,Online,Card,Express,Delivered,East,Bhubaneswar,Sales Rep A
S01331,O11331,2025-02-28,C0083,P0451,4,16149.16,0.05,61366.81,48928.52,12438.29,Partner,Cash,Express,Delivered,West,Mumbai,Sales Rep A
S01332,O11332,2025-09-06,C0061,P0074,4,22487.9,0.1,80956.44,64678.6,16277.84,Online,UPI,Express,Returned,West,Pune,Sales Rep C
S01333,O11333,2025-10-12,C0302,P0191,2,35783.11,0,71566.22,46826.3,24739.92,Online,Cash,Standard,Delivered,South,Coimbatore,Sales Rep A
S01334,O11334,2026-04-04,C0290,P0105,3,10816.93,0.15,27583.17,25282.17,2301.0,Online,Card,Standard,Returned,West,Mumbai,Sales Rep D
S01335,O11335,2025-08-23,C0039,P0360,1,26819.68,0.1,24137.71,17588.59,6549.12,Store,Card,Same Day,Returned,South,Bengaluru,Sales Rep B
S01336,O11336,2025-10-08,C0484,P0217,4,35482.97,0.05,134835.29,86920.04,47915.25,Online,Cash,Express,Returned,South,Chennai,Sales Rep A
S01337,O11337,2025-05-26,C0460,P0464,6,13347.85,0,80087.1,58946.22,21140.88,Partner,Cash,Standard,Returned,South,Hyderabad,Sales Rep B
S01338,O11338,2026-08-08,C0014,P0003,5,1179.98,0,5899.9,4457.3,1442.6,Partner,Net Banking,Express,Delivered,East,Kolkata,Sales Rep C
S01339,O11339,2025-06-20,C0032,P0098,6,9255.21,0,55531.26,47204.94,8326.32,Online,Net Banking,Same Day,Delivered,South,Hyderabad,Sales Rep C
S01340,O11340,2025-11-22,C0182,P0006,1,21966.44,0.05,20868.12,13919.07,6949.05,Online,Card,Standard,Delivered,North,Jaipur,Sales Rep C
S01341,O11341,2025-02-20,C0122,P0342,5,36151.24,0.1,162680.58,122542.5,40138.08,Store,Cash,Same Day,Delivered,South,Hyderabad,Sales Rep C
S01342,O11342,2025-05-10,C0239,P0310,3,27872.55,0.2,66894.12,63556.86,3337.26,Partner,Net Banking,Standard,Delivered,South,Hyderabad,Sales Rep A
S01343,O11343,2025-08-30,C0257,P0280,6,25196.42,0.05,143619.59,107011.02,36608.57,Partner,Net Banking,Same Day,Delivered,South,Coimbatore,Sales Rep B
S01344,O11344,2025-01-08,C0377,P0475,3,29130.43,0.15,74282.6,54003.06,20279.54,Store,Cash,Standard,Returned,North,Delhi,Sales Rep D
S01345,O11345,2026-08-12,C0325,P0196,2,10406.78,0,20813.56,13207.28,7606.28,Online,Card,Same Day,Returned,South,Chennai,Sales Rep C
S01346,O11346,2025-02-28,C0049,P0184,2,4442.49,0.05,8440.73,7634.12,806.61,Store,Net Banking,Express,Delivered,West,Mumbai,Sales Rep A
S01347,O11347,2025-12-08,C0453,P0267,6,9960.71,0.15,50799.62,44575.98,6223.64,Store,Card,Same Day,Delivered,South,Chennai,Sales Rep C
S01348,O11348,2026-05-05,C0359,P0224,2,7841.07,0.1,14113.93,10487.28,3626.65,Online,UPI,Same Day,Delivered,South,Hyderabad,Sales Rep D
S01349,O11349,2025-06-22,C0247,P0065,3,22143.62,0.05,63109.32,57460.98,5648.34,Online,Net Banking,Same Day,Delivered,West,Mumbai,Sales Rep A
S01350,O11350,2026-02-06,C0403,P0300,2,26005.1,0.15,44208.67,42103.48,2105.19,Online,Card,Standard,Delivered,West,Mumbai,Sales Rep A
S01351,O11351,2026-07-01,C0387,P0055,2,23460.45,0.05,44574.85,38990.74,5584.11,Partner,Cash,Standard,Delivered,South,Bengaluru,Sales Rep D
S01352,O11352,2026-02-26,C0089,P0283,2,5770.43,0.15,9809.73,9109.56,700.17,Store,Card,Same Day,Delivered,West,Pune,Sales Rep A
S01353,O11353,2025-06-23,C0436,P0485,2,3798.32,0,7596.64,5525.82,2070.82,Store,UPI,Express,Delivered,South,Chennai,Sales Rep A
S01354,O11354,2026-03-04,C0404,P0007,4,17508.17,0,70032.68,53547.4,16485.28,Partner,Cash,Standard,Delivered,West,Pune,Sales Rep D
S01355,O11355,2025-09-26,C0205,P0001,3,9078.55,0,27235.65,17375.55,9860.1,Partner,Net Banking,Express,Delivered,South,Bengaluru,Sales Rep B
S01356,O11356,2025-10-19,C0035,P0245,6,32567.41,0,195404.46,129957.36,65447.1,Online,Card,Same Day,Delivered,West,Mumbai,Sales Rep A
S01357,O11357,2025-03-28,C0378,P0390,5,34393.23,0,171966.15,115242.7,56723.45,Online,Net Banking,Standard,Delivered,South,Chennai,Sales Rep B
S01358,O11358,2026-04-20,C0083,P0153,1,33389.88,0,33389.88,22677.29,10712.59,Partner,Card,Express,Delivered,West,Mumbai,Sales Rep A
S01359,O11359,2025-01-22,C0215,P0495,5,4403.18,0,22015.9,15101.85,6914.05,Store,Cash,Same Day,Delivered,North,Jaipur,Sales Rep C
S01360,O11360,2026-02-14,C0205,P0144,1,16197.81,0.2,12958.25,13378.38,-420.13,Partner,Cash,Standard,Returned,South,Bengaluru,Sales Rep D
S01361,O11361,2026-02-05,C0446,P0067,3,1569.17,0,4707.51,2985.27,1722.24,Partner,Net Banking,Standard,Delivered,East,Bhubaneswar,Sales Rep C
S01362,O11362,2025-06-27,C0117,P0238,2,24682.53,0.05,46896.81,41449.34,5447.47,Store,UPI,Express,Returned,South,Chennai,Sales Rep B
S01363,O11363,2025-04-24,C0439,P0115,2,22452.7,0,44905.4,36808.56,8096.84,Store,UPI,Standard,Delivered,South,Chennai,Sales Rep C
S01364,O11364,2026-03-22,C0365,P0048,3,1437.19,0,4311.57,3490.71,820.86,Online,UPI,Express,Delivered,South,Hyderabad,Sales Rep C
S01365,O11365,2025-10-22,C0461,P0419,1,29452.41,0.2,23561.93,20589.55,2972.38,Online,Cash,Standard,Returned,South,Hyderabad,Sales Rep D
S01366,O11366,2026-02-02,C0338,P0459,5,22747.46,0.05,108050.43,83387.5,24662.93,Store,Cash,Standard,Returned,West,Mumbai,Sales Rep B
S01367,O11367,2025-10-27,C0405,P0129,2,1908.41,0.15,3244.3,3133.04,111.26,Online,Net Banking,Express,Delivered,South,Hyderabad,Sales Rep D
S01368,O11368,2025-12-15,C0168,P0440,1,7788.68,0.15,6620.38,6193.33,427.05,Partner,Cash,Standard,Delivered,South,Hyderabad,Sales Rep D
S01369,O11369,2026-08-02,C0318,P0316,2,291.16,0,582.32,368.36,213.96,Store,Card,Standard,Delivered,South,Chennai,Sales Rep C
S01370,O11370,2026-04-01,C0287,P0113,3,4395.27,0.05,12526.52,9301.17,3225.35,Store,UPI,Express,Delivered,East,Bhubaneswar,Sales Rep B
S01371,O11371,2026-03-15,C0138,P0177,3,28929.81,0,86789.43,67629.39,19160.04,Partner,Cash,Same Day,Delivered,West,Pune,Sales Rep D
S01372,O11372,2025-01-12,C0292,P0390,2,34393.23,0.05,65347.14,46097.08,19250.06,Store,Net Banking,Same Day,Delivered,South,Bengaluru,Sales Rep D
S01373,O11373,2025-05-21,C0432,P0390,4,34393.23,0.15,116936.98,92194.16,24742.82,Partner,UPI,Express,Returned,East,Bhubaneswar,Sales Rep B
S01374,O11374,2026-03-21,C0102,P0265,6,28979.37,0.2,139100.98,123330.66,15770.32,Store,UPI,Same Day,Delivered,East,Kolkata,Sales Rep A
S01375,O11375,2025-08-21,C0305,P0174,5,20291.99,0.05,96386.95,62038.5,34348.45,Partner,Net Banking,Express,Delivered,East,Bhubaneswar,Sales Rep B
S01376,O11376,2025-10-13,C0047,P0201,2,20197.89,0.05,38375.99,31043.74,7332.25,Partner,UPI,Standard,Delivered,West,Mumbai,Sales Rep D
S01377,O11377,2025-09-26,C0274,P0040,6,24530.17,0.1,132462.92,119035.02,13427.9,Online,Net Banking,Express,Returned,North,Delhi,Sales Rep A
S01378,O11378,2026-04-12,C0151,P0114,5,20089.08,0.15,85378.59,81114.95,4263.64,Store,Net Banking,Standard,Returned,South,Coimbatore,Sales Rep A
S01379,O11379,2026-01-20,C0203,P0373,1,5301.87,0.15,4506.59,4609.25,-102.66,Store,Net Banking,Express,Delivered,South,Coimbatore,Sales Rep D
S01380,O11380,2025-05-15,C0435,P0240,6,4890.0,0.1,26406.0,19487.58,6918.42,Online,Cash,Same Day,Delivered,South,Coimbatore,Sales Rep C
S01381,O11381,2025-03-31,C0338,P0153,5,33389.88,0.05,158601.93,113386.45,45215.48,Partner,UPI,Standard,Delivered,West,Mumbai,Sales Rep D
S01382,O11382,2025-06-20,C0244,P0474,5,27354.83,0,136774.15,86447.9,50326.25,Online,Net Banking,Express,Delivered,North,Jaipur,Sales Rep D
S01383,O11383,2026-07-30,C0333,P0431,4,17081.97,0,68327.88,53690.4,14637.48,Store,Card,Express,Returned,South,Bengaluru,Sales Rep D
S01384,O11384,2025-02-07,C0018,P0173,2,5174.15,0.2,8278.64,6862.9,1415.74,Online,Cash,Express,Returned,West,Mumbai,Sales Rep B
S01385,O11385,2026-02-10,C0109,P0014,4,19075.68,0.2,61042.18,62767.6,-1725.42,Store,Card,Standard,Returned,South,Chennai,Sales Rep D
S01386,O11386,2025-05-04,C0359,P0406,5,15556.38,0,77781.9,51147.9,26634.0,Online,Card,Express,Returned,South,Hyderabad,Sales Rep D
S01387,O11387,2025-10-15,C0467,P0295,1,26399.94,0.15,22439.95,17531.89,4908.06,Online,Cash,Same Day,Returned,South,Bengaluru,Sales Rep C
S01388,O11388,2025-12-04,C0112,P0258,6,28285.24,0.15,144254.72,113879.1,30375.62,Online,Cash,Express,Delivered,North,Delhi,Sales Rep D
S01389,O11389,2025-06-23,C0105,P0156,6,26781.37,0.15,136584.99,113013.0,23571.99,Partner,Cash,Express,Delivered,South,Bengaluru,Sales Rep C
S01390,O11390,2025-11-27,C0409,P0327,1,22303.0,0.2,17842.4,16653.75,1188.65,Partner,Net Banking,Same Day,Delivered,East,Kolkata,Sales Rep B
S01391,O11391,2026-04-12,C0425,P0061,1,18082.11,0.05,17178.0,15359.31,1818.69,Partner,Cash,Same Day,Delivered,East,Kolkata,Sales Rep D
S01392,O11392,2026-03-30,C0350,P0371,1,15608.16,0.1,14047.34,10703.47,3343.87,Store,Card,Standard,Delivered,West,Mumbai,Sales Rep A
S01393,O11393,2025-06-16,C0206,P0391,5,37172.02,0.2,148688.08,115445.6,33242.48,Online,Cash,Standard,Delivered,South,Bengaluru,Sales Rep A
S01394,O11394,2026-07-04,C0345,P0291,2,2955.82,0.1,5320.48,3623.44,1697.04,Online,Card,Express,Delivered,West,Mumbai,Sales Rep B
S01395,O11395,2025-08-27,C0396,P0412,4,10526.36,0,42105.44,26518.64,15586.8,Store,UPI,Same Day,Returned,North,Jaipur,Sales Rep C
S01396,O11396,2025-06-25,C0313,P0135,4,35156.58,0.15,119532.37,94549.72,24982.65,Store,Card,Standard,Delivered,South,Hyderabad,Sales Rep B
S01397,O11397,2025-03-31,C0498,P0453,6,23685.73,0,142114.38,111876.3,30238.08,Store,Net Banking,Same Day,Delivered,South,Hyderabad,Sales Rep A
S01398,O11398,2026-08-03,C0145,P0184,5,4442.49,0.1,19991.2,19085.3,905.9,Store,UPI,Express,Delivered,South,Coimbatore,Sales Rep A
S01399,O11399,2026-07-06,C0316,P0175,4,28006.34,0,112025.36,76594.52,35430.84,Online,Net Banking,Express,Delivered,South,Coimbatore,Sales Rep C
S01400,O11400,2026-06-09,C0119,P0288,6,28544.52,0.05,162703.76,114540.06,48163.7,Partner,Card,Standard,Delivered,North,Jaipur,Sales Rep A
S01401,O11401,2026-07-06,C0239,P0372,1,18819.89,0.1,16937.9,12785.8,4152.1,Store,UPI,Express,Returned,South,Hyderabad,Sales Rep C
S01402,O11402,2025-04-27,C0340,P0114,3,20089.08,0.2,48213.79,48668.97,-455.18,Partner,UPI,Standard,Returned,South,Chennai,Sales Rep C
S01403,O11403,2025-05-26,C0452,P0396,6,8106.06,0.15,41340.91,30874.38,10466.53,Online,Net Banking,Standard,Delivered,East,Kolkata,Sales Rep D
S01404,O11404,2025-04-28,C0397,P0024,4,4343.96,0,17375.84,12495.08,4880.76,Partner,Card,Express,Delivered,North,Delhi,Sales Rep A
S01405,O11405,2025-02-19,C0229,P0451,2,16149.16,0,32298.32,24464.26,7834.06,Partner,UPI,Same Day,Delivered,East,Bhubaneswar,Sales Rep D
S01406,O11406,2025-06-03,C0082,P0206,5,8859.94,0,44299.7,26864.55,17435.15,Partner,Cash,Same Day,Delivered,South,Bengaluru,Sales Rep C
S01407,O11407,2026-06-24,C0427,P0154,3,37978.37,0,113935.11,73075.59,40859.52,Partner,UPI,Express,Delivered,South,Coimbatore,Sales Rep C
S01408,O11408,2025-07-08,C0488,P0290,6,35343.72,0.2,169649.86,144309.0,25340.86,Store,Net Banking,Standard,Delivered,South,Coimbatore,Sales Rep D
S01409,O11409,2026-03-10,C0277,P0002,5,21706.3,0.2,86825.2,77735.15,9090.05,Online,Cash,Standard,Delivered,South,Hyderabad,Sales Rep D
S01410,O11410,2025-05-16,C0208,P0201,1,20197.89,0.15,17168.21,15521.87,1646.34,Online,Card,Standard,Delivered,South,Chennai,Sales Rep A
S01411,O11411,2025-06-29,C0234,P0030,4,23399.49,0,93597.96,65938.28,27659.68,Partner,Net Banking,Express,Delivered,North,Delhi,Sales Rep B
S01412,O11412,2026-01-26,C0167,P0412,6,10526.36,0.2,50526.53,39777.96,10748.57,Online,Net Banking,Express,Returned,North,Jaipur,Sales Rep A
S01413,O11413,2025-01-12,C0042,P0092,6,8919.92,0.2,42815.62,35653.26,7162.36,Store,Card,Express,Delivered,East,Kolkata,Sales Rep C
S01414,O11414,2025-01-20,C0111,P0209,5,26500.62,0,132503.1,93077.5,39425.6,Online,Card,Express,Delivered,South,Chennai,Sales Rep B
S01415,O11415,2026-07-19,C0005,P0094,3,25158.02,0.15,64152.95,54167.31,9985.64,Store,Cash,Same Day,Delivered,South,Chennai,Sales Rep B
S01416,O11416,2026-04-05,C0313,P0193,1,28043.68,0,28043.68,19068.43,8975.25,Store,Card,Express,Delivered,South,Hyderabad,Sales Rep B
S01417,O11417,2025-11-12,C0433,P0392,1,27084.59,0.05,25730.36,20453.66,5276.7,Store,Card,Same Day,Returned,West,Mumbai,Sales Rep C
S01418,O11418,2025-03-23,C0257,P0386,6,28268.7,0.15,144170.37,109145.82,35024.55,Store,Net Banking,Express,Delivered,South,Coimbatore,Sales Rep B
S01419,O11419,2025-10-06,C0448,P0205,5,13856.59,0.15,58890.51,57436.85,1453.66,Online,UPI,Express,Returned,South,Chennai,Sales Rep D
S01420,O11420,2026-01-14,C0128,P0266,3,15128.48,0.2,36308.35,28454.07,7854.28,Store,Cash,Standard,Delivered,West,Mumbai,Sales Rep B
S01421,O11421,2025-02-09,C0119,P0220,4,27926.61,0.1,100535.8,82999.64,17536.16,Store,Cash,Express,Delivered,North,Jaipur,Sales Rep B
S01422,O11422,2025-11-14,C0191,P0298,5,2850.8,0.1,12828.6,9520.15,3308.45,Partner,Card,Standard,Delivered,West,Mumbai,Sales Rep C
S01423,O11423,2026-06-22,C0096,P0310,4,27872.55,0,111490.2,84742.48,26747.72,Online,Cash,Same Day,Delivered,North,Delhi,Sales Rep A
S01424,O11424,2026-02-12,C0197,P0214,1,17370.7,0.1,15633.63,12805.44,2828.19,Partner,Cash,Standard,Delivered,East,Kolkata,Sales Rep C
S01425,O11425,2025-06-08,C0194,P0313,5,5705.57,0.2,22822.28,22383.85,438.43,Partner,Card,Standard,Delivered,East,Bhubaneswar,Sales Rep D
S01426,O11426,2026-02-14,C0443,P0498,5,7828.78,0.15,33272.32,26050.3,7222.02,Store,Cash,Express,Delivered,South,Bengaluru,Sales Rep C
S01427,O11427,2026-03-21,C0470,P0400,1,8873.48,0.05,8429.81,7226.29,1203.52,Online,Card,Express,Delivered,East,Kolkata,Sales Rep A
S01428,O11428,2025-09-15,C0268,P0486,5,25212.2,0,126061.0,101160.55,24900.45,Online,Net Banking,Standard,Delivered,West,Pune,Sales Rep A
S01429,O11429,2026-02-17,C0080,P0065,1,22143.62,0,22143.62,19153.66,2989.96,Online,UPI,Express,Delivered,East,Kolkata,Sales Rep A
S01430,O11430,2026-04-23,C0335,P0338,4,23660.52,0,94642.08,72826.76,21815.32,Partner,UPI,Express,Delivered,South,Hyderabad,Sales Rep A
S01431,O11431,2026-08-01,C0446,P0146,1,19493.32,0,19493.32,15468.65,4024.67,Store,UPI,Standard,Delivered,East,Bhubaneswar,Sales Rep D
S01432,O11432,2026-07-11,C0165,P0078,4,7769.09,0,31076.36,19280.32,11796.04,Online,Cash,Same Day,Delivered,North,Delhi,Sales Rep D
S01433,O11433,2025-05-19,C0153,P0082,3,12512.84,0,37538.52,23518.59,14019.93,Store,Card,Standard,Delivered,South,Chennai,Sales Rep B
S01434,O11434,2025-08-26,C0173,P0426,1,16340.8,0.15,13889.68,12728.42,1161.26,Store,Cash,Express,Delivered,South,Bengaluru,Sales Rep C
S01435,O11435,2026-02-15,C0287,P0464,2,13347.85,0.15,22691.35,19648.74,3042.61,Partner,UPI,Same Day,Delivered,East,Bhubaneswar,Sales Rep D
S01436,O11436,2025-01-05,C0274,P0068,1,10576.57,0.1,9518.91,9055.9,463.01,Partner,Net Banking,Standard,Delivered,North,Delhi,Sales Rep D
S01437,O11437,2026-02-23,C0316,P0210,1,25209.52,0.15,21428.09,19504.95,1923.14,Store,Net Banking,Express,Delivered,South,Coimbatore,Sales Rep C
S01438,O11438,2025-01-07,C0435,P0434,3,412.33,0,1236.99,998.1,238.89,Store,Cash,Express,Delivered,South,Coimbatore,Sales Rep B
S01439,O11439,2025-03-16,C0163,P0116,6,27990.48,0,167942.88,145002.18,22940.7,Store,Net Banking,Express,Delivered,West,Pune,Sales Rep A
S01440,O11440,2026-05-17,C0027,P0255,4,36833.92,0,147335.68,97970.56,49365.12,Partner,Card,Standard,Returned,South,Hyderabad,Sales Rep C
S01441,O11441,2026-03-06,C0032,P0116,1,27990.48,0.15,23791.91,24167.03,-375.12,Partner,Card,Standard,Delivered,South,Hyderabad,Sales Rep C
S01442,O11442,2025-03-14,C0427,P0319,5,17037.29,0,85186.45,57151.65,28034.8,Partner,Cash,Standard,Delivered,South,Coimbatore,Sales Rep D
S01443,O11443,2025-11-02,C0021,P0098,6,9255.21,0,55531.26,47204.94,8326.32,Store,Net Banking,Express,Returned,East,Bhubaneswar,Sales Rep C
S01444,O11444,2025-01-01,C0282,P0312,3,21290.98,0.1,57485.65,41271.81,16213.84,Store,UPI,Express,Returned,South,Coimbatore,Sales Rep B
S01445,O11445,2025-11-19,C0397,P0116,1,27990.48,0,27990.48,24167.03,3823.45,Partner,Cash,Express,Delivered,North,Delhi,Sales Rep A
S01446,O11446,2025-03-15,C0399,P0388,4,26597.14,0.2,85110.85,81605.56,3505.29,Online,Net Banking,Standard,Returned,West,Mumbai,Sales Rep B
S01447,O11447,2025-06-20,C0493,P0337,5,19882.17,0.15,84499.22,79032.2,5467.02,Store,UPI,Express,Delivered,North,Delhi,Sales Rep D
S01448,O11448,2025-09-19,C0099,P0498,1,7828.78,0.15,6654.46,5210.06,1444.4,Online,Net Banking,Same Day,Delivered,North,Delhi,Sales Rep C
S01449,O11449,2025-03-22,C0178,P0279,6,30344.1,0.2,145651.68,117803.16,27848.52,Online,Net Banking,Express,Delivered,West,Pune,Sales Rep C
S01450,O11450,2026-02-06,C0368,P0410,6,10534.88,0.05,60048.82,53315.64,6733.18,Online,UPI,Express,Delivered,South,Coimbatore,Sales Rep D
S01451,O11451,2025-01-03,C0421,P0243,1,15063.41,0.05,14310.24,10485.97,3824.27,Online,Card,Standard,Delivered,South,Chennai,Sales Rep C
S01452,O11452,2025-05-01,C0458,P0160,5,26669.44,0.05,126679.84,86475.95,40203.89,Online,Card,Same Day,Delivered,South,Hyderabad,Sales Rep B
S01453,O11453,2026-07-07,C0042,P0412,1,10526.36,0.2,8421.09,6629.66,1791.43,Online,Cash,Express,Delivered,East,Kolkata,Sales Rep A
S01454,O11454,2026-01-16,C0123,P0264,5,18790.08,0.15,79857.84,78398.95,1458.89,Store,Net Banking,Same Day,Delivered,East,Bhubaneswar,Sales Rep D
S01455,O11455,2025-01-13,C0274,P0277,2,5931.24,0.1,10676.23,7358.5,3317.73,Store,Card,Same Day,Delivered,North,Delhi,Sales Rep A
S01456,O11456,2026-01-27,C0498,P0462,3,25996.84,0.2,62392.42,51509.22,10883.2,Store,Card,Standard,Delivered,South,Hyderabad,Sales Rep C
S01457,O11457,2025-05-16,C0370,P0214,2,17370.7,0,34741.4,25610.88,9130.52,Online,Cash,Express,Delivered,West,Mumbai,Sales Rep A
S01458,O11458,2026-06-04,C0258,P0465,1,37427.17,0.1,33684.45,24206.37,9478.08,Store,UPI,Same Day,Returned,South,Chennai,Sales Rep A
S01459,O11459,2025-02-12,C0306,P0087,6,22483.27,0.2,107919.7,82409.34,25510.36,Online,UPI,Same Day,Delivered,South,Bengaluru,Sales Rep B
S01460,O11460,2025-07-24,C0041,P0048,6,1437.19,0,8623.14,6981.42,1641.72,Store,Cash,Standard,Delivered,South,Hyderabad,Sales Rep C
S01461,O11461,2026-07-21,C0276,P0142,3,34890.55,0.15,88970.9,71726.55,17244.35,Online,Net Banking,Standard,Returned,South,Hyderabad,Sales Rep B
S01462,O11462,2025-05-03,C0096,P0337,1,19882.17,0.15,16899.84,15806.44,1093.4,Partner,Cash,Standard,Delivered,North,Delhi,Sales Rep D
S01463,O11463,2025-06-12,C0409,P0351,2,11975.23,0,23950.46,20098.96,3851.5,Store,Card,Same Day,Returned,East,Kolkata,Sales Rep A
S01464,O11464,2025-10-07,C0244,P0245,3,32567.41,0.2,78161.78,64978.68,13183.1,Store,Net Banking,Express,Delivered,North,Jaipur,Sales Rep B
S01465,O11465,2025-07-21,C0471,P0328,1,28033.15,0.1,25229.84,21735.61,3494.23,Online,Net Banking,Express,Delivered,West,Mumbai,Sales Rep C
S01466,O11466,2026-08-14,C0374,P0125,3,9252.78,0.1,24982.51,19033.29,5949.22,Store,Cash,Express,Delivered,South,Hyderabad,Sales Rep D
S01467,O11467,2025-12-01,C0093,P0128,6,15342.47,0.15,78246.6,68510.22,9736.38,Store,UPI,Express,Delivered,East,Bhubaneswar,Sales Rep A
S01468,O11468,2026-01-29,C0071,P0384,1,5247.45,0.2,4197.96,3776.49,421.47,Partner,Net Banking,Standard,Delivered,East,Kolkata,Sales Rep C
S01469,O11469,2026-07-23,C0249,P0417,4,3358.16,0,13432.64,8464.76,4967.88,Online,Cash,Same Day,Returned,South,Bengaluru,Sales Rep A
S01470,O11470,2025-02-23,C0170,P0476,4,18617.26,0,74469.04,47542.64,26926.4,Online,Cash,Express,Delivered,South,Chennai,Sales Rep D
S01471,O11471,2026-01-15,C0425,P0005,1,14471.91,0,14471.91,10644.66,3827.25,Partner,UPI,Same Day,Returned,East,Kolkata,Sales Rep C
S01472,O11472,2026-07-13,C0429,P0005,5,14471.91,0,72359.55,53223.3,19136.25,Online,Card,Same Day,Delivered,South,Hyderabad,Sales Rep A
S01473,O11473,2025-08-31,C0085,P0031,6,3998.74,0,23992.44,16996.62,6995.82,Online,Net Banking,Standard,Delivered,South,Coimbatore,Sales Rep C
S01474,O11474,2025-07-24,C0174,P0081,4,7986.51,0.05,30348.74,27596.12,2752.62,Partner,Cash,Same Day,Delivered,South,Hyderabad,Sales Rep B
S01475,O11475,2026-08-12,C0440,P0058,6,16129.17,0,96775.02,73736.28,23038.74,Store,UPI,Standard,Returned,South,Hyderabad,Sales Rep A
S01476,O11476,2026-04-20,C0069,P0442,3,23356.92,0.1,63063.68,51236.19,11827.49,Store,Net Banking,Express,Delivered,South,Coimbatore,Sales Rep B
S01477,O11477,2025-10-20,C0023,P0164,6,17977.02,0.15,91682.8,66218.82,25463.98,Partner,Net Banking,Same Day,Delivered,South,Coimbatore,Sales Rep C
S01478,O11478,2025-04-03,C0116,P0264,1,18790.08,0.15,15971.57,15679.79,291.78,Online,UPI,Same Day,Returned,East,Bhubaneswar,Sales Rep C
S01479,O11479,2026-06-27,C0323,P0180,2,27815.89,0.05,52850.19,40091.1,12759.09,Store,Net Banking,Express,Returned,South,Bengaluru,Sales Rep B
S01480,O11480,2026-01-15,C0444,P0086,2,15357.25,0,30714.5,20379.38,10335.12,Store,Cash,Standard,Delivered,South,Coimbatore,Sales Rep D
S01481,O11481,2025-08-29,C0195,P0007,4,17508.17,0,70032.68,53547.4,16485.28,Store,Card,Express,Returned,West,Mumbai,Sales Rep A
S01482,O11482,2025-10-31,C0230,P0006,4,21966.44,0.2,70292.61,55676.28,14616.33,Online,Cash,Express,Delivered,East,Bhubaneswar,Sales Rep B
S01483,O11483,2025-03-06,C0101,P0181,3,8926.86,0.15,22763.49,19024.56,3738.93,Store,UPI,Standard,Delivered,West,Mumbai,Sales Rep B
S01484,O11484,2025-03-11,C0349,P0003,4,1179.98,0,4719.92,3565.84,1154.08,Partner,UPI,Express,Returned,South,Chennai,Sales Rep A
S01485,O11485,2025-02-25,C0162,P0217,3,35482.97,0.15,90481.57,65190.03,25291.54,Store,UPI,Express,Delivered,North,Delhi,Sales Rep B
S01486,O11486,2025-03-18,C0131,P0155,2,1860.13,0,3720.26,2795.96,924.3,Partner,Net Banking,Express,Returned,South,Coimbatore,Sales Rep C
S01487,O11487,2026-01-20,C0029,P0364,3,21214.26,0.2,50914.22,39795.27,11118.95,Partner,Net Banking,Standard,Delivered,East,Bhubaneswar,Sales Rep C
S01488,O11488,2026-04-24,C0356,P0481,5,18210.16,0,91050.8,57651.45,33399.35,Store,Cash,Standard,Delivered,North,Delhi,Sales Rep D
S01489,O11489,2025-11-04,C0223,P0494,6,20410.0,0.1,110214.0,91408.92,18805.08,Partner,Card,Express,Delivered,East,Kolkata,Sales Rep D
S01490,O11490,2026-07-22,C0454,P0064,2,22628.3,0,45256.6,38494.78,6761.82,Store,Cash,Express,Returned,West,Pune,Sales Rep D
S01491,O11491,2025-01-08,C0281,P0489,3,26607.94,0.2,63859.06,61642.47,2216.59,Store,UPI,Standard,Delivered,North,Jaipur,Sales Rep D
S01492,O11492,2025-04-01,C0434,P0243,5,15063.41,0.05,71551.2,52429.85,19121.35,Online,UPI,Same Day,Delivered,South,Hyderabad,Sales Rep B
S01493,O11493,2026-01-04,C0084,P0014,4,19075.68,0.1,68672.45,62767.6,5904.85,Online,Card,Standard,Delivered,West,Mumbai,Sales Rep D
S01494,O11494,2025-05-17,C0109,P0403,2,5939.95,0.15,10097.91,9865.38,232.53,Store,Net Banking,Express,Delivered,South,Chennai,Sales Rep B
S01495,O11495,2025-05-17,C0445,P0288,3,28544.52,0,85633.56,57270.03,28363.53,Online,Cash,Express,Returned,South,Coimbatore,Sales Rep B
S01496,O11496,2026-03-26,C0133,P0085,4,13254.32,0,53017.28,45503.24,7514.04,Partner,Card,Standard,Delivered,West,Mumbai,Sales Rep B
S01497,O11497,2025-09-02,C0024,P0070,6,38371.54,0,230229.24,140115.48,90113.76,Online,UPI,Express,Delivered,North,Jaipur,Sales Rep A
S01498,O11498,2025-07-13,C0217,P0316,2,291.16,0,582.32,368.36,213.96,Partner,Net Banking,Express,Delivered,South,Coimbatore,Sales Rep B
S01499,O11499,2026-05-22,C0493,P0153,6,33389.88,0,200339.28,136063.74,64275.54,Partner,Card,Same Day,Delivered,North,Delhi,Sales Rep D
S01500,O11500,2025-11-25,C0170,P0420,1,26089.15,0.05,24784.69,21618.39,3166.3,Store,Net Banking,Standard,Returned,South,Chennai,Sales Rep A
